// === inlined brotli-bundle ===
(function(global){
var mods={};
function def(name,fn){var m=mods[name]={exports:{}};var module={exports:m.exports};fn(function(r){var key=r.replace(/^\.\//,"");if(!mods[key])throw new Error("mod not found: "+key);return mods[key].exports;},m.exports,module);if(module.exports!==m.exports)m.exports=module.exports;}
def("streams",function(require,exports,module){
function BrotliInput(buffer) {
  this.buffer = buffer;
  this.pos = 0;
}

BrotliInput.prototype.read = function(buf, i, count) {
  if (this.pos + count > this.buffer.length) {
    count = this.buffer.length - this.pos;
  }
  
  for (var p = 0; p < count; p++)
    buf[i + p] = this.buffer[this.pos + p];
  
  this.pos += count;
  return count;
}

exports.BrotliInput = BrotliInput;

function BrotliOutput(buf) {
  this.buffer = buf;
  this.pos = 0;
}

BrotliOutput.prototype.write = function(buf, count) {
  if (this.pos + count > this.buffer.length)
    throw new Error('Output buffer is not large enough');
  
  this.buffer.set(buf.subarray(0, count), this.pos);
  this.pos += count;
  return count;
};

exports.BrotliOutput = BrotliOutput;

});
def("bit_reader",function(require,exports,module){
/* Copyright 2013 Google Inc. All Rights Reserved.

   Licensed under the Apache License, Version 2.0 (the "License");
   you may not use this file except in compliance with the License.
   You may obtain a copy of the License at

   http://www.apache.org/licenses/LICENSE-2.0

   Unless required by applicable law or agreed to in writing, software
   distributed under the License is distributed on an "AS IS" BASIS,
   WITHOUT WARRANTIES OR CONDITIONS OF ANY KIND, either express or implied.
   See the License for the specific language governing permissions and
   limitations under the License.

   Bit reading helpers
*/

var BROTLI_READ_SIZE = 4096;
var BROTLI_IBUF_SIZE =  (2 * BROTLI_READ_SIZE + 32);
var BROTLI_IBUF_MASK =  (2 * BROTLI_READ_SIZE - 1);

var kBitMask = new Uint32Array([
  0, 1, 3, 7, 15, 31, 63, 127, 255, 511, 1023, 2047, 4095, 8191, 16383, 32767,
  65535, 131071, 262143, 524287, 1048575, 2097151, 4194303, 8388607, 16777215
]);

/* Input byte buffer, consist of a ringbuffer and a "slack" region where */
/* bytes from the start of the ringbuffer are copied. */
function BrotliBitReader(input) {
  this.buf_ = new Uint8Array(BROTLI_IBUF_SIZE);
  this.input_ = input;    /* input callback */
  
  this.reset();
}

BrotliBitReader.READ_SIZE = BROTLI_READ_SIZE;
BrotliBitReader.IBUF_MASK = BROTLI_IBUF_MASK;

BrotliBitReader.prototype.reset = function() {
  this.buf_ptr_ = 0;      /* next input will write here */
  this.val_ = 0;          /* pre-fetched bits */
  this.pos_ = 0;          /* byte position in stream */
  this.bit_pos_ = 0;      /* current bit-reading position in val_ */
  this.bit_end_pos_ = 0;  /* bit-reading end position from LSB of val_ */
  this.eos_ = 0;          /* input stream is finished */
  
  this.readMoreInput();
  for (var i = 0; i < 4; i++) {
    this.val_ |= this.buf_[this.pos_] << (8 * i);
    ++this.pos_;
  }
  
  return this.bit_end_pos_ > 0;
};

/* Fills up the input ringbuffer by calling the input callback.

   Does nothing if there are at least 32 bytes present after current position.

   Returns 0 if either:
    - the input callback returned an error, or
    - there is no more input and the position is past the end of the stream.

   After encountering the end of the input stream, 32 additional zero bytes are
   copied to the ringbuffer, therefore it is safe to call this function after
   every 32 bytes of input is read.
*/
BrotliBitReader.prototype.readMoreInput = function() {
  if (this.bit_end_pos_ > 256) {
    return;
  } else if (this.eos_) {
    if (this.bit_pos_ > this.bit_end_pos_)
      throw new Error('Unexpected end of input ' + this.bit_pos_ + ' ' + this.bit_end_pos_);
  } else {
    var dst = this.buf_ptr_;
    var bytes_read = this.input_.read(this.buf_, dst, BROTLI_READ_SIZE);
    if (bytes_read < 0) {
      throw new Error('Unexpected end of input');
    }
    
    if (bytes_read < BROTLI_READ_SIZE) {
      this.eos_ = 1;
      /* Store 32 bytes of zero after the stream end. */
      for (var p = 0; p < 32; p++)
        this.buf_[dst + bytes_read + p] = 0;
    }
    
    if (dst === 0) {
      /* Copy the head of the ringbuffer to the slack region. */
      for (var p = 0; p < 32; p++)
        this.buf_[(BROTLI_READ_SIZE << 1) + p] = this.buf_[p];

      this.buf_ptr_ = BROTLI_READ_SIZE;
    } else {
      this.buf_ptr_ = 0;
    }
    
    this.bit_end_pos_ += bytes_read << 3;
  }
};

/* Guarantees that there are at least 24 bits in the buffer. */
BrotliBitReader.prototype.fillBitWindow = function() {    
  while (this.bit_pos_ >= 8) {
    this.val_ >>>= 8;
    this.val_ |= this.buf_[this.pos_ & BROTLI_IBUF_MASK] << 24;
    ++this.pos_;
    this.bit_pos_ = this.bit_pos_ - 8 >>> 0;
    this.bit_end_pos_ = this.bit_end_pos_ - 8 >>> 0;
  }
};

/* Reads the specified number of bits from Read Buffer. */
BrotliBitReader.prototype.readBits = function(n_bits) {
  if (32 - this.bit_pos_ < n_bits) {
    this.fillBitWindow();
  }
  
  var val = ((this.val_ >>> this.bit_pos_) & kBitMask[n_bits]);
  this.bit_pos_ += n_bits;
  return val;
};

module.exports = BrotliBitReader;

});
def("dictionary-data",function(require,exports,module){
/* Copyright 2013 Google Inc. All Rights Reserved.

   Licensed under the Apache License, Version 2.0 (the "License");
   you may not use this file except in compliance with the License.
   You may obtain a copy of the License at

   http://www.apache.org/licenses/LICENSE-2.0

   Unless required by applicable law or agreed to in writing, software
   distributed under the License is distributed on an "AS IS" BASIS,
   WITHOUT WARRANTIES OR CONDITIONS OF ANY KIND, either express or implied.
   See the License for the specific language governing permissions and
   limitations under the License.

   Collection of static dictionary words.
*/

exports.dictionary = new Uint8Array([
  0x74, 0x69, 0x6d, 0x65, 0x64, 0x6f, 0x77, 0x6e, 0x6c, 0x69, 0x66, 0x65, 0x6c,
  0x65, 0x66, 0x74, 0x62, 0x61, 0x63, 0x6b, 0x63, 0x6f, 0x64, 0x65, 0x64, 0x61,
  0x74, 0x61, 0x73, 0x68, 0x6f, 0x77, 0x6f, 0x6e, 0x6c, 0x79, 0x73, 0x69, 0x74,
  0x65, 0x63, 0x69, 0x74, 0x79, 0x6f, 0x70, 0x65, 0x6e, 0x6a, 0x75, 0x73, 0x74,
  0x6c, 0x69, 0x6b, 0x65, 0x66, 0x72, 0x65, 0x65, 0x77, 0x6f, 0x72, 0x6b, 0x74,
  0x65, 0x78, 0x74, 0x79, 0x65, 0x61, 0x72, 0x6f, 0x76, 0x65, 0x72, 0x62, 0x6f,
  0x64, 0x79, 0x6c, 0x6f, 0x76, 0x65, 0x66, 0x6f, 0x72, 0x6d, 0x62, 0x6f, 0x6f,
  0x6b, 0x70, 0x6c, 0x61, 0x79, 0x6c, 0x69, 0x76, 0x65, 0x6c, 0x69, 0x6e, 0x65,
  0x68, 0x65, 0x6c, 0x70, 0x68, 0x6f, 0x6d, 0x65, 0x73, 0x69, 0x64, 0x65, 0x6d,
  0x6f, 0x72, 0x65, 0x77, 0x6f, 0x72, 0x64, 0x6c, 0x6f, 0x6e, 0x67, 0x74, 0x68,
  0x65, 0x6d, 0x76, 0x69, 0x65, 0x77, 0x66, 0x69, 0x6e, 0x64, 0x70, 0x61, 0x67,
  0x65, 0x64, 0x61, 0x79, 0x73, 0x66, 0x75, 0x6c, 0x6c, 0x68, 0x65, 0x61, 0x64,
  0x74, 0x65, 0x72, 0x6d, 0x65, 0x61, 0x63, 0x68, 0x61, 0x72, 0x65, 0x61, 0x66,
  0x72, 0x6f, 0x6d, 0x74, 0x72, 0x75, 0x65, 0x6d, 0x61, 0x72, 0x6b, 0x61, 0x62,
  0x6c, 0x65, 0x75, 0x70, 0x6f, 0x6e, 0x68, 0x69, 0x67, 0x68, 0x64, 0x61, 0x74,
  0x65, 0x6c, 0x61, 0x6e, 0x64, 0x6e, 0x65, 0x77, 0x73, 0x65, 0x76, 0x65, 0x6e,
  0x6e, 0x65, 0x78, 0x74, 0x63, 0x61, 0x73, 0x65, 0x62, 0x6f, 0x74, 0x68, 0x70,
  0x6f, 0x73, 0x74, 0x75, 0x73, 0x65, 0x64, 0x6d, 0x61, 0x64, 0x65, 0x68, 0x61,
  0x6e, 0x64, 0x68, 0x65, 0x72, 0x65, 0x77, 0x68, 0x61, 0x74, 0x6e, 0x61, 0x6d,
  0x65, 0x4c, 0x69, 0x6e, 0x6b, 0x62, 0x6c, 0x6f, 0x67, 0x73, 0x69, 0x7a, 0x65,
  0x62, 0x61, 0x73, 0x65, 0x68, 0x65, 0x6c, 0x64, 0x6d, 0x61, 0x6b, 0x65, 0x6d,
  0x61, 0x69, 0x6e, 0x75, 0x73, 0x65, 0x72, 0x27, 0x29, 0x20, 0x2b, 0x68, 0x6f,
  0x6c, 0x64, 0x65, 0x6e, 0x64, 0x73, 0x77, 0x69, 0x74, 0x68, 0x4e, 0x65, 0x77,
  0x73, 0x72, 0x65, 0x61, 0x64, 0x77, 0x65, 0x72, 0x65, 0x73, 0x69, 0x67, 0x6e,
  0x74, 0x61, 0x6b, 0x65, 0x68, 0x61, 0x76, 0x65, 0x67, 0x61, 0x6d, 0x65, 0x73,
  0x65, 0x65, 0x6e, 0x63, 0x61, 0x6c, 0x6c, 0x70, 0x61, 0x74, 0x68, 0x77, 0x65,
  0x6c, 0x6c, 0x70, 0x6c, 0x75, 0x73, 0x6d, 0x65, 0x6e, 0x75, 0x66, 0x69, 0x6c,
  0x6d, 0x70, 0x61, 0x72, 0x74, 0x6a, 0x6f, 0x69, 0x6e, 0x74, 0x68, 0x69, 0x73,
  0x6c, 0x69, 0x73, 0x74, 0x67, 0x6f, 0x6f, 0x64, 0x6e, 0x65, 0x65, 0x64, 0x77,
  0x61, 0x79, 0x73, 0x77, 0x65, 0x73, 0x74, 0x6a, 0x6f, 0x62, 0x73, 0x6d, 0x69,
  0x6e, 0x64, 0x61, 0x6c, 0x73, 0x6f, 0x6c, 0x6f, 0x67, 0x6f, 0x72, 0x69, 0x63,
  0x68, 0x75, 0x73, 0x65, 0x73, 0x6c, 0x61, 0x73, 0x74, 0x74, 0x65, 0x61, 0x6d,
  0x61, 0x72, 0x6d, 0x79, 0x66, 0x6f, 0x6f, 0x64, 0x6b, 0x69, 0x6e, 0x67, 0x77,
  0x69, 0x6c, 0x6c, 0x65, 0x61, 0x73, 0x74, 0x77, 0x61, 0x72, 0x64, 0x62, 0x65,
  0x73, 0x74, 0x66, 0x69, 0x72, 0x65, 0x50, 0x61, 0x67, 0x65, 0x6b, 0x6e, 0x6f,
  0x77, 0x61, 0x77, 0x61, 0x79, 0x2e, 0x70, 0x6e, 0x67, 0x6d, 0x6f, 0x76, 0x65,
  0x74, 0x68, 0x61, 0x6e, 0x6c, 0x6f, 0x61, 0x64, 0x67, 0x69, 0x76, 0x65, 0x73,
  0x65, 0x6c, 0x66, 0x6e, 0x6f, 0x74, 0x65, 0x6d, 0x75, 0x63, 0x68, 0x66, 0x65,
  0x65, 0x64, 0x6d, 0x61, 0x6e, 0x79, 0x72, 0x6f, 0x63, 0x6b, 0x69, 0x63, 0x6f,
  0x6e, 0x6f, 0x6e, 0x63, 0x65, 0x6c, 0x6f, 0x6f, 0x6b, 0x68, 0x69, 0x64, 0x65,
  0x64, 0x69, 0x65, 0x64, 0x48, 0x6f, 0x6d, 0x65, 0x72, 0x75, 0x6c, 0x65, 0x68,
  0x6f, 0x73, 0x74, 0x61, 0x6a, 0x61, 0x78, 0x69, 0x6e, 0x66, 0x6f, 0x63, 0x6c,
  0x75, 0x62, 0x6c, 0x61, 0x77, 0x73, 0x6c, 0x65, 0x73, 0x73, 0x68, 0x61, 0x6c,
  0x66, 0x73, 0x6f, 0x6d, 0x65, 0x73, 0x75, 0x63, 0x68, 0x7a, 0x6f, 0x6e, 0x65,
  0x31, 0x30, 0x30, 0x25, 0x6f, 0x6e, 0x65, 0x73, 0x63, 0x61, 0x72, 0x65, 0x54,
  0x69, 0x6d, 0x65, 0x72, 0x61, 0x63, 0x65, 0x62, 0x6c, 0x75, 0x65, 0x66, 0x6f,
  0x75, 0x72, 0x77, 0x65, 0x65, 0x6b, 0x66, 0x61, 0x63, 0x65, 0x68, 0x6f, 0x70,
  0x65, 0x67, 0x61, 0x76, 0x65, 0x68, 0x61, 0x72, 0x64, 0x6c, 0x6f, 0x73, 0x74,
  0x77, 0x68, 0x65, 0x6e, 0x70, 0x61, 0x72, 0x6b, 0x6b, 0x65, 0x70, 0x74, 0x70,
  0x61, 0x73, 0x73, 0x73, 0x68, 0x69, 0x70, 0x72, 0x6f, 0x6f, 0x6d, 0x48, 0x54,
  0x4d, 0x4c, 0x70, 0x6c, 0x61, 0x6e, 0x54, 0x79, 0x70, 0x65, 0x64, 0x6f, 0x6e,
  0x65, 0x73, 0x61, 0x76, 0x65, 0x6b, 0x65, 0x65, 0x70, 0x66, 0x6c, 0x61, 0x67,
  0x6c, 0x69, 0x6e, 0x6b, 0x73, 0x6f, 0x6c, 0x64, 0x66, 0x69, 0x76, 0x65, 0x74,
  0x6f, 0x6f, 0x6b, 0x72, 0x61, 0x74, 0x65, 0x74, 0x6f, 0x77, 0x6e, 0x6a, 0x75,
  0x6d, 0x70, 0x74, 0x68, 0x75, 0x73, 0x64, 0x61, 0x72, 0x6b, 0x63, 0x61, 0x72,
  0x64, 0x66, 0x69, 0x6c, 0x65, 0x66, 0x65, 0x61, 0x72, 0x73, 0x74, 0x61, 0x79,
  0x6b, 0x69, 0x6c, 0x6c, 0x74, 0x68, 0x61, 0x74, 0x66, 0x61, 0x6c, 0x6c, 0x61,
  0x75, 0x74, 0x6f, 0x65, 0x76, 0x65, 0x72, 0x2e, 0x63, 0x6f, 0x6d, 0x74, 0x61,
  0x6c, 0x6b, 0x73, 0x68, 0x6f, 0x70, 0x76, 0x6f, 0x74, 0x65, 0x64, 0x65, 0x65,
  0x70, 0x6d, 0x6f, 0x64, 0x65, 0x72, 0x65, 0x73, 0x74, 0x74, 0x75, 0x72, 0x6e,
  0x62, 0x6f, 0x72, 0x6e, 0x62, 0x61, 0x6e, 0x64, 0x66, 0x65, 0x6c, 0x6c, 0x72,
  0x6f, 0x73, 0x65, 0x75, 0x72, 0x6c, 0x28, 0x73, 0x6b, 0x69, 0x6e, 0x72, 0x6f,
  0x6c, 0x65, 0x63, 0x6f, 0x6d, 0x65, 0x61, 0x63, 0x74, 0x73, 0x61, 0x67, 0x65,
  0x73, 0x6d, 0x65, 0x65, 0x74, 0x67, 0x6f, 0x6c, 0x64, 0x2e, 0x6a, 0x70, 0x67,
  0x69, 0x74, 0x65, 0x6d, 0x76, 0x61, 0x72, 0x79, 0x66, 0x65, 0x6c, 0x74, 0x74,
  0x68, 0x65, 0x6e, 0x73, 0x65, 0x6e, 0x64, 0x64, 0x72, 0x6f, 0x70, 0x56, 0x69,
  0x65, 0x77, 0x63, 0x6f, 0x70, 0x79, 0x31, 0x2e, 0x30, 0x22, 0x3c, 0x2f, 0x61,
  0x3e, 0x73, 0x74, 0x6f, 0x70, 0x65, 0x6c, 0x73, 0x65, 0x6c, 0x69, 0x65, 0x73,
  0x74, 0x6f, 0x75, 0x72, 0x70, 0x61, 0x63, 0x6b, 0x2e, 0x67, 0x69, 0x66, 0x70,
  0x61, 0x73, 0x74, 0x63, 0x73, 0x73, 0x3f, 0x67, 0x72, 0x61, 0x79, 0x6d, 0x65,
  0x61, 0x6e, 0x26, 0x67, 0x74, 0x3b, 0x72, 0x69, 0x64, 0x65, 0x73, 0x68, 0x6f,
  0x74, 0x6c, 0x61, 0x74, 0x65, 0x73, 0x61, 0x69, 0x64, 0x72, 0x6f, 0x61, 0x64,
  0x76, 0x61, 0x72, 0x20, 0x66, 0x65, 0x65, 0x6c, 0x6a, 0x6f, 0x68, 0x6e, 0x72,
  0x69, 0x63, 0x6b, 0x70, 0x6f, 0x72, 0x74, 0x66, 0x61, 0x73, 0x74, 0x27, 0x55,
  0x41, 0x2d, 0x64, 0x65, 0x61, 0x64, 0x3c, 0x2f, 0x62, 0x3e, 0x70, 0x6f, 0x6f,
  0x72, 0x62, 0x69, 0x6c, 0x6c, 0x74, 0x79, 0x70, 0x65, 0x55, 0x2e, 0x53, 0x2e,
  0x77, 0x6f, 0x6f, 0x64, 0x6d, 0x75, 0x73, 0x74, 0x32, 0x70, 0x78, 0x3b, 0x49,
  0x6e, 0x66, 0x6f, 0x72, 0x61, 0x6e, 0x6b, 0x77, 0x69, 0x64, 0x65, 0x77, 0x61,
  0x6e, 0x74, 0x77, 0x61, 0x6c, 0x6c, 0x6c, 0x65, 0x61, 0x64, 0x5b, 0x30, 0x5d,
  0x3b, 0x70, 0x61, 0x75, 0x6c, 0x77, 0x61, 0x76, 0x65, 0x73, 0x75, 0x72, 0x65,
  0x24, 0x28, 0x27, 0x23, 0x77, 0x61, 0x69, 0x74, 0x6d, 0x61, 0x73, 0x73, 0x61,
  0x72, 0x6d, 0x73, 0x67, 0x6f, 0x65, 0x73, 0x67, 0x61, 0x69, 0x6e, 0x6c, 0x61,
  0x6e, 0x67, 0x70, 0x61, 0x69, 0x64, 0x21, 0x2d, 0x2d, 0x20, 0x6c, 0x6f, 0x63,
  0x6b, 0x75, 0x6e, 0x69, 0x74, 0x72, 0x6f, 0x6f, 0x74, 0x77, 0x61, 0x6c, 0x6b,
  0x66, 0x69, 0x72, 0x6d, 0x77, 0x69, 0x66, 0x65, 0x78, 0x6d, 0x6c, 0x22, 0x73,
  0x6f, 0x6e, 0x67, 0x74, 0x65, 0x73, 0x74, 0x32, 0x30, 0x70, 0x78, 0x6b, 0x69,
  0x6e, 0x64, 0x72, 0x6f, 0x77, 0x73, 0x74, 0x6f, 0x6f, 0x6c, 0x66, 0x6f, 0x6e,
  0x74, 0x6d, 0x61, 0x69, 0x6c, 0x73, 0x61, 0x66, 0x65, 0x73, 0x74, 0x61, 0x72,
  0x6d, 0x61, 0x70, 0x73, 0x63, 0x6f, 0x72, 0x65, 0x72, 0x61, 0x69, 0x6e, 0x66,
  0x6c, 0x6f, 0x77, 0x62, 0x61, 0x62, 0x79, 0x73, 0x70, 0x61, 0x6e, 0x73, 0x61,
  0x79, 0x73, 0x34, 0x70, 0x78, 0x3b, 0x36, 0x70, 0x78, 0x3b, 0x61, 0x72, 0x74,
  0x73, 0x66, 0x6f, 0x6f, 0x74, 0x72, 0x65, 0x61, 0x6c, 0x77, 0x69, 0x6b, 0x69,
  0x68, 0x65, 0x61, 0x74, 0x73, 0x74, 0x65, 0x70, 0x74, 0x72, 0x69, 0x70, 0x6f,
  0x72, 0x67, 0x2f, 0x6c, 0x61, 0x6b, 0x65, 0x77, 0x65, 0x61, 0x6b, 0x74, 0x6f,
  0x6c, 0x64, 0x46, 0x6f, 0x72, 0x6d, 0x63, 0x61, 0x73, 0x74, 0x66, 0x61, 0x6e,
  0x73, 0x62, 0x61, 0x6e, 0x6b, 0x76, 0x65, 0x72, 0x79, 0x72, 0x75, 0x6e, 0x73,
  0x6a, 0x75, 0x6c, 0x79, 0x74, 0x61, 0x73, 0x6b, 0x31, 0x70, 0x78, 0x3b, 0x67,
  0x6f, 0x61, 0x6c, 0x67, 0x72, 0x65, 0x77, 0x73, 0x6c, 0x6f, 0x77, 0x65, 0x64,
  0x67, 0x65, 0x69, 0x64, 0x3d, 0x22, 0x73, 0x65, 0x74, 0x73, 0x35, 0x70, 0x78,
  0x3b, 0x2e, 0x6a, 0x73, 0x3f, 0x34, 0x30, 0x70, 0x78, 0x69, 0x66, 0x20, 0x28,
  0x73, 0x6f, 0x6f, 0x6e, 0x73, 0x65, 0x61, 0x74, 0x6e, 0x6f, 0x6e, 0x65, 0x74,
  0x75, 0x62, 0x65, 0x7a, 0x65, 0x72, 0x6f, 0x73, 0x65, 0x6e, 0x74, 0x72, 0x65,
  0x65, 0x64, 0x66, 0x61, 0x63, 0x74, 0x69, 0x6e, 0x74, 0x6f, 0x67, 0x69, 0x66,
  0x74, 0x68, 0x61, 0x72, 0x6d, 0x31, 0x38, 0x70, 0x78, 0x63, 0x61, 0x6d, 0x65,
  0x68, 0x69, 0x6c, 0x6c, 0x62, 0x6f, 0x6c, 0x64, 0x7a, 0x6f, 0x6f, 0x6d, 0x76,
  0x6f, 0x69, 0x64, 0x65, 0x61, 0x73, 0x79, 0x72, 0x69, 0x6e, 0x67, 0x66, 0x69,
  0x6c, 0x6c, 0x70, 0x65, 0x61, 0x6b, 0x69, 0x6e, 0x69, 0x74, 0x63, 0x6f, 0x73,
  0x74, 0x33, 0x70, 0x78, 0x3b, 0x6a, 0x61, 0x63, 0x6b, 0x74, 0x61, 0x67, 0x73,
  0x62, 0x69, 0x74, 0x73, 0x72, 0x6f, 0x6c, 0x6c, 0x65, 0x64, 0x69, 0x74, 0x6b,
  0x6e, 0x65, 0x77, 0x6e, 0x65, 0x61, 0x72, 0x3c, 0x21, 0x2d, 0x2d, 0x67, 0x72,
  0x6f, 0x77, 0x4a, 0x53, 0x4f, 0x4e, 0x64, 0x75, 0x74, 0x79, 0x4e, 0x61, 0x6d,
  0x65, 0x73, 0x61, 0x6c, 0x65, 0x79, 0x6f, 0x75, 0x20, 0x6c, 0x6f, 0x74, 0x73,
  0x70, 0x61, 0x69, 0x6e, 0x6a, 0x61, 0x7a, 0x7a, 0x63, 0x6f, 0x6c, 0x64, 0x65,
  0x79, 0x65, 0x73, 0x66, 0x69, 0x73, 0x68, 0x77, 0x77, 0x77, 0x2e, 0x72, 0x69,
  0x73, 0x6b, 0x74, 0x61, 0x62, 0x73, 0x70, 0x72, 0x65, 0x76, 0x31, 0x30, 0x70,
  0x78, 0x72, 0x69, 0x73, 0x65, 0x32, 0x35, 0x70, 0x78, 0x42, 0x6c, 0x75, 0x65,
  0x64, 0x69, 0x6e, 0x67, 0x33, 0x30, 0x30, 0x2c, 0x62, 0x61, 0x6c, 0x6c, 0x66,
  0x6f, 0x72, 0x64, 0x65, 0x61, 0x72, 0x6e, 0x77, 0x69, 0x6c, 0x64, 0x62, 0x6f,
  0x78, 0x2e, 0x66, 0x61, 0x69, 0x72, 0x6c, 0x61, 0x63, 0x6b, 0x76, 0x65, 0x72,
  0x73, 0x70, 0x61, 0x69, 0x72, 0x6a, 0x75, 0x6e, 0x65, 0x74, 0x65, 0x63, 0x68,
  0x69, 0x66, 0x28, 0x21, 0x70, 0x69, 0x63, 0x6b, 0x65, 0x76, 0x69, 0x6c, 0x24,
  0x28, 0x22, 0x23, 0x77, 0x61, 0x72, 0x6d, 0x6c, 0x6f, 0x72, 0x64, 0x64, 0x6f,
  0x65, 0x73, 0x70, 0x75, 0x6c, 0x6c, 0x2c, 0x30, 0x30, 0x30, 0x69, 0x64, 0x65,
  0x61, 0x64, 0x72, 0x61, 0x77, 0x68, 0x75, 0x67, 0x65, 0x73, 0x70, 0x6f, 0x74,
  0x66, 0x75, 0x6e, 0x64, 0x62, 0x75, 0x72, 0x6e, 0x68, 0x72, 0x65, 0x66, 0x63,
  0x65, 0x6c, 0x6c, 0x6b, 0x65, 0x79, 0x73, 0x74, 0x69, 0x63, 0x6b, 0x68, 0x6f,
  0x75, 0x72, 0x6c, 0x6f, 0x73, 0x73, 0x66, 0x75, 0x65, 0x6c, 0x31, 0x32, 0x70,
  0x78, 0x73, 0x75, 0x69, 0x74, 0x64, 0x65, 0x61, 0x6c, 0x52, 0x53, 0x53, 0x22,
  0x61, 0x67, 0x65, 0x64, 0x67, 0x72, 0x65, 0x79, 0x47, 0x45, 0x54, 0x22, 0x65,
  0x61, 0x73, 0x65, 0x61, 0x69, 0x6d, 0x73, 0x67, 0x69, 0x72, 0x6c, 0x61, 0x69,
  0x64, 0x73, 0x38, 0x70, 0x78, 0x3b, 0x6e, 0x61, 0x76, 0x79, 0x67, 0x72, 0x69,
  0x64, 0x74, 0x69, 0x70, 0x73, 0x23, 0x39, 0x39, 0x39, 0x77, 0x61, 0x72, 0x73,
  0x6c, 0x61, 0x64, 0x79, 0x63, 0x61, 0x72, 0x73, 0x29, 0x3b, 0x20, 0x7d, 0x70,
  0x68, 0x70, 0x3f, 0x68, 0x65, 0x6c, 0x6c, 0x74, 0x61, 0x6c, 0x6c, 0x77, 0x68,
  0x6f, 0x6d, 0x7a, 0x68, 0x3a, 0xe5, 0x2a, 0x2f, 0x0d, 0x0a, 0x20, 0x31, 0x30,
  0x30, 0x68, 0x61, 0x6c, 0x6c, 0x2e, 0x0a, 0x0a, 0x41, 0x37, 0x70, 0x78, 0x3b,
  0x70, 0x75, 0x73, 0x68, 0x63, 0x68, 0x61, 0x74, 0x30, 0x70, 0x78, 0x3b, 0x63,
  0x72, 0x65, 0x77, 0x2a, 0x2f, 0x3c, 0x2f, 0x68, 0x61, 0x73, 0x68, 0x37, 0x35,
  0x70, 0x78, 0x66, 0x6c, 0x61, 0x74, 0x72, 0x61, 0x72, 0x65, 0x20, 0x26, 0x26,
  0x20, 0x74, 0x65, 0x6c, 0x6c, 0x63, 0x61, 0x6d, 0x70, 0x6f, 0x6e, 0x74, 0x6f,
  0x6c, 0x61, 0x69, 0x64, 0x6d, 0x69, 0x73, 0x73, 0x73, 0x6b, 0x69, 0x70, 0x74,
  0x65, 0x6e, 0x74, 0x66, 0x69, 0x6e, 0x65, 0x6d, 0x61, 0x6c, 0x65, 0x67, 0x65,
  0x74, 0x73, 0x70, 0x6c, 0x6f, 0x74, 0x34, 0x30, 0x30, 0x2c, 0x0d, 0x0a, 0x0d,
  0x0a, 0x63, 0x6f, 0x6f, 0x6c, 0x66, 0x65, 0x65, 0x74, 0x2e, 0x70, 0x68, 0x70,
  0x3c, 0x62, 0x72, 0x3e, 0x65, 0x72, 0x69, 0x63, 0x6d, 0x6f, 0x73, 0x74, 0x67,
  0x75, 0x69, 0x64, 0x62, 0x65, 0x6c, 0x6c, 0x64, 0x65, 0x73, 0x63, 0x68, 0x61,
  0x69, 0x72, 0x6d, 0x61, 0x74, 0x68, 0x61, 0x74, 0x6f, 0x6d, 0x2f, 0x69, 0x6d,
  0x67, 0x26, 0x23, 0x38, 0x32, 0x6c, 0x75, 0x63, 0x6b, 0x63, 0x65, 0x6e, 0x74,
  0x30, 0x30, 0x30, 0x3b, 0x74, 0x69, 0x6e, 0x79, 0x67, 0x6f, 0x6e, 0x65, 0x68,
  0x74, 0x6d, 0x6c, 0x73, 0x65, 0x6c, 0x6c, 0x64, 0x72, 0x75, 0x67, 0x46, 0x52,
  0x45, 0x45, 0x6e, 0x6f, 0x64, 0x65, 0x6e, 0x69, 0x63, 0x6b, 0x3f, 0x69, 0x64,
  0x3d, 0x6c, 0x6f, 0x73, 0x65, 0x6e, 0x75, 0x6c, 0x6c, 0x76, 0x61, 0x73, 0x74,
  0x77, 0x69, 0x6e, 0x64, 0x52, 0x53, 0x53, 0x20, 0x77, 0x65, 0x61, 0x72, 0x72,
  0x65, 0x6c, 0x79, 0x62, 0x65, 0x65, 0x6e, 0x73, 0x61, 0x6d, 0x65, 0x64, 0x75,
  0x6b, 0x65, 0x6e, 0x61, 0x73, 0x61, 0x63, 0x61, 0x70, 0x65, 0x77, 0x69, 0x73,
  0x68, 0x67, 0x75, 0x6c, 0x66, 0x54, 0x32, 0x33, 0x3a, 0x68, 0x69, 0x74, 0x73,
  0x73, 0x6c, 0x6f, 0x74, 0x67, 0x61, 0x74, 0x65, 0x6b, 0x69, 0x63, 0x6b, 0x62,
  0x6c, 0x75, 0x72, 0x74, 0x68, 0x65, 0x79, 0x31, 0x35, 0x70, 0x78, 0x27, 0x27,
  0x29, 0x3b, 0x29, 0x3b, 0x22, 0x3e, 0x6d, 0x73, 0x69, 0x65, 0x77, 0x69, 0x6e,
  0x73, 0x62, 0x69, 0x72, 0x64, 0x73, 0x6f, 0x72, 0x74, 0x62, 0x65, 0x74, 0x61,
  0x73, 0x65, 0x65, 0x6b, 0x54, 0x31, 0x38, 0x3a, 0x6f, 0x72, 0x64, 0x73, 0x74,
  0x72, 0x65, 0x65, 0x6d, 0x61, 0x6c, 0x6c, 0x36, 0x30, 0x70, 0x78, 0x66, 0x61,
  0x72, 0x6d, 0xe2, 0x80, 0x99, 0x73, 0x62, 0x6f, 0x79, 0x73, 0x5b, 0x30, 0x5d,
  0x2e, 0x27, 0x29, 0x3b, 0x22, 0x50, 0x4f, 0x53, 0x54, 0x62, 0x65, 0x61, 0x72,
  0x6b, 0x69, 0x64, 0x73, 0x29, 0x3b, 0x7d, 0x7d, 0x6d, 0x61, 0x72, 0x79, 0x74,
  0x65, 0x6e, 0x64, 0x28, 0x55, 0x4b, 0x29, 0x71, 0x75, 0x61, 0x64, 0x7a, 0x68,
  0x3a, 0xe6, 0x2d, 0x73, 0x69, 0x7a, 0x2d, 0x2d, 0x2d, 0x2d, 0x70, 0x72, 0x6f,
  0x70, 0x27, 0x29, 0x3b, 0x0d, 0x6c, 0x69, 0x66, 0x74, 0x54, 0x31, 0x39, 0x3a,
  0x76, 0x69, 0x63, 0x65, 0x61, 0x6e, 0x64, 0x79, 0x64, 0x65, 0x62, 0x74, 0x3e,
  0x52, 0x53, 0x53, 0x70, 0x6f, 0x6f, 0x6c, 0x6e, 0x65, 0x63, 0x6b, 0x62, 0x6c,
  0x6f, 0x77, 0x54, 0x31, 0x36, 0x3a, 0x64, 0x6f, 0x6f, 0x72, 0x65, 0x76, 0x61,
  0x6c, 0x54, 0x31, 0x37, 0x3a, 0x6c, 0x65, 0x74, 0x73, 0x66, 0x61, 0x69, 0x6c,
  0x6f, 0x72, 0x61, 0x6c, 0x70, 0x6f, 0x6c, 0x6c, 0x6e, 0x6f, 0x76, 0x61, 0x63,
  0x6f, 0x6c, 0x73, 0x67, 0x65, 0x6e, 0x65, 0x20, 0xe2, 0x80, 0x94, 0x73, 0x6f,
  0x66, 0x74, 0x72, 0x6f, 0x6d, 0x65, 0x74, 0x69, 0x6c, 0x6c, 0x72, 0x6f, 0x73,
  0x73, 0x3c, 0x68, 0x33, 0x3e, 0x70, 0x6f, 0x75, 0x72, 0x66, 0x61, 0x64, 0x65,
  0x70, 0x69, 0x6e, 0x6b, 0x3c, 0x74, 0x72, 0x3e, 0x6d, 0x69, 0x6e, 0x69, 0x29,
  0x7c, 0x21, 0x28, 0x6d, 0x69, 0x6e, 0x65, 0x7a, 0x68, 0x3a, 0xe8, 0x62, 0x61,
  0x72, 0x73, 0x68, 0x65, 0x61, 0x72, 0x30, 0x30, 0x29, 0x3b, 0x6d, 0x69, 0x6c,
  0x6b, 0x20, 0x2d, 0x2d, 0x3e, 0x69, 0x72, 0x6f, 0x6e, 0x66, 0x72, 0x65, 0x64,
  0x64, 0x69, 0x73, 0x6b, 0x77, 0x65, 0x6e, 0x74, 0x73, 0x6f, 0x69, 0x6c, 0x70,
  0x75, 0x74, 0x73, 0x2f, 0x6a, 0x73, 0x2f, 0x68, 0x6f, 0x6c, 0x79, 0x54, 0x32,
  0x32, 0x3a, 0x49, 0x53, 0x42, 0x4e, 0x54, 0x32, 0x30, 0x3a, 0x61, 0x64, 0x61,
  0x6d, 0x73, 0x65, 0x65, 0x73, 0x3c, 0x68, 0x32, 0x3e, 0x6a, 0x73, 0x6f, 0x6e,
  0x27, 0x2c, 0x20, 0x27, 0x63, 0x6f, 0x6e, 0x74, 0x54, 0x32, 0x31, 0x3a, 0x20,
  0x52, 0x53, 0x53, 0x6c, 0x6f, 0x6f, 0x70, 0x61, 0x73, 0x69, 0x61, 0x6d, 0x6f,
  0x6f, 0x6e, 0x3c, 0x2f, 0x70, 0x3e, 0x73, 0x6f, 0x75, 0x6c, 0x4c, 0x49, 0x4e,
  0x45, 0x66, 0x6f, 0x72, 0x74, 0x63, 0x61, 0x72, 0x74, 0x54, 0x31, 0x34, 0x3a,
  0x3c, 0x68, 0x31, 0x3e, 0x38, 0x30, 0x70, 0x78, 0x21, 0x2d, 0x2d, 0x3c, 0x39,
  0x70, 0x78, 0x3b, 0x54, 0x30, 0x34, 0x3a, 0x6d, 0x69, 0x6b, 0x65, 0x3a, 0x34,
  0x36, 0x5a, 0x6e, 0x69, 0x63, 0x65, 0x69, 0x6e, 0x63, 0x68, 0x59, 0x6f, 0x72,
  0x6b, 0x72, 0x69, 0x63, 0x65, 0x7a, 0x68, 0x3a, 0xe4, 0x27, 0x29, 0x29, 0x3b,
  0x70, 0x75, 0x72, 0x65, 0x6d, 0x61, 0x67, 0x65, 0x70, 0x61, 0x72, 0x61, 0x74,
  0x6f, 0x6e, 0x65, 0x62, 0x6f, 0x6e, 0x64, 0x3a, 0x33, 0x37, 0x5a, 0x5f, 0x6f,
  0x66, 0x5f, 0x27, 0x5d, 0x29, 0x3b, 0x30, 0x30, 0x30, 0x2c, 0x7a, 0x68, 0x3a,
  0xe7, 0x74, 0x61, 0x6e, 0x6b, 0x79, 0x61, 0x72, 0x64, 0x62, 0x6f, 0x77, 0x6c,
  0x62, 0x75, 0x73, 0x68, 0x3a, 0x35, 0x36, 0x5a, 0x4a, 0x61, 0x76, 0x61, 0x33,
  0x30, 0x70, 0x78, 0x0a, 0x7c, 0x7d, 0x0a, 0x25, 0x43, 0x33, 0x25, 0x3a, 0x33,
  0x34, 0x5a, 0x6a, 0x65, 0x66, 0x66, 0x45, 0x58, 0x50, 0x49, 0x63, 0x61, 0x73,
  0x68, 0x76, 0x69, 0x73, 0x61, 0x67, 0x6f, 0x6c, 0x66, 0x73, 0x6e, 0x6f, 0x77,
  0x7a, 0x68, 0x3a, 0xe9, 0x71, 0x75, 0x65, 0x72, 0x2e, 0x63, 0x73, 0x73, 0x73,
  0x69, 0x63, 0x6b, 0x6d, 0x65, 0x61, 0x74, 0x6d, 0x69, 0x6e, 0x2e, 0x62, 0x69,
  0x6e, 0x64, 0x64, 0x65, 0x6c, 0x6c, 0x68, 0x69, 0x72, 0x65, 0x70, 0x69, 0x63,
  0x73, 0x72, 0x65, 0x6e, 0x74, 0x3a, 0x33, 0x36, 0x5a, 0x48, 0x54, 0x54, 0x50,
  0x2d, 0x32, 0x30, 0x31, 0x66, 0x6f, 0x74, 0x6f, 0x77, 0x6f, 0x6c, 0x66, 0x45,
  0x4e, 0x44, 0x20, 0x78, 0x62, 0x6f, 0x78, 0x3a, 0x35, 0x34, 0x5a, 0x42, 0x4f,
  0x44, 0x59, 0x64, 0x69, 0x63, 0x6b, 0x3b, 0x0a, 0x7d, 0x0a, 0x65, 0x78, 0x69,
  0x74, 0x3a, 0x33, 0x35, 0x5a, 0x76, 0x61, 0x72, 0x73, 0x62, 0x65, 0x61, 0x74,
  0x27, 0x7d, 0x29, 0x3b, 0x64, 0x69, 0x65, 0x74, 0x39, 0x39, 0x39, 0x3b, 0x61,
  0x6e, 0x6e, 0x65, 0x7d, 0x7d, 0x3c, 0x2f, 0x5b, 0x69, 0x5d, 0x2e, 0x4c, 0x61,
  0x6e, 0x67, 0x6b, 0x6d, 0xc2, 0xb2, 0x77, 0x69, 0x72, 0x65, 0x74, 0x6f, 0x79,
  0x73, 0x61, 0x64, 0x64, 0x73, 0x73, 0x65, 0x61, 0x6c, 0x61, 0x6c, 0x65, 0x78,
  0x3b, 0x0a, 0x09, 0x7d, 0x65, 0x63, 0x68, 0x6f, 0x6e, 0x69, 0x6e, 0x65, 0x2e,
  0x6f, 0x72, 0x67, 0x30, 0x30, 0x35, 0x29, 0x74, 0x6f, 0x6e, 0x79, 0x6a, 0x65,
  0x77, 0x73, 0x73, 0x61, 0x6e, 0x64, 0x6c, 0x65, 0x67, 0x73, 0x72, 0x6f, 0x6f,
  0x66, 0x30, 0x30, 0x30, 0x29, 0x20, 0x32, 0x30, 0x30, 0x77, 0x69, 0x6e, 0x65,
  0x67, 0x65, 0x61, 0x72, 0x64, 0x6f, 0x67, 0x73, 0x62, 0x6f, 0x6f, 0x74, 0x67,
  0x61, 0x72, 0x79, 0x63, 0x75, 0x74, 0x73, 0x74, 0x79, 0x6c, 0x65, 0x74, 0x65,
  0x6d, 0x70, 0x74, 0x69, 0x6f, 0x6e, 0x2e, 0x78, 0x6d, 0x6c, 0x63, 0x6f, 0x63,
  0x6b, 0x67, 0x61, 0x6e, 0x67, 0x24, 0x28, 0x27, 0x2e, 0x35, 0x30, 0x70, 0x78,
  0x50, 0x68, 0x2e, 0x44, 0x6d, 0x69, 0x73, 0x63, 0x61, 0x6c, 0x61, 0x6e, 0x6c,
  0x6f, 0x61, 0x6e, 0x64, 0x65, 0x73, 0x6b, 0x6d, 0x69, 0x6c, 0x65, 0x72, 0x79,
  0x61, 0x6e, 0x75, 0x6e, 0x69, 0x78, 0x64, 0x69, 0x73, 0x63, 0x29, 0x3b, 0x7d,
  0x0a, 0x64, 0x75, 0x73, 0x74, 0x63, 0x6c, 0x69, 0x70, 0x29, 0x2e, 0x0a, 0x0a,
  0x37, 0x30, 0x70, 0x78, 0x2d, 0x32, 0x30, 0x30, 0x44, 0x56, 0x44, 0x73, 0x37,
  0x5d, 0x3e, 0x3c, 0x74, 0x61, 0x70, 0x65, 0x64, 0x65, 0x6d, 0x6f, 0x69, 0x2b,
  0x2b, 0x29, 0x77, 0x61, 0x67, 0x65, 0x65, 0x75, 0x72, 0x6f, 0x70, 0x68, 0x69,
  0x6c, 0x6f, 0x70, 0x74, 0x73, 0x68, 0x6f, 0x6c, 0x65, 0x46, 0x41, 0x51, 0x73,
  0x61, 0x73, 0x69, 0x6e, 0x2d, 0x32, 0x36, 0x54, 0x6c, 0x61, 0x62, 0x73, 0x70,
  0x65, 0x74, 0x73, 0x55, 0x52, 0x4c, 0x20, 0x62, 0x75, 0x6c, 0x6b, 0x63, 0x6f,
  0x6f, 0x6b, 0x3b, 0x7d, 0x0d, 0x0a, 0x48, 0x45, 0x41, 0x44, 0x5b, 0x30, 0x5d,
  0x29, 0x61, 0x62, 0x62, 0x72, 0x6a, 0x75, 0x61, 0x6e, 0x28, 0x31, 0x39, 0x38,
  0x6c, 0x65, 0x73, 0x68, 0x74, 0x77, 0x69, 0x6e, 0x3c, 0x2f, 0x69, 0x3e, 0x73,
  0x6f, 0x6e, 0x79, 0x67, 0x75, 0x79, 0x73, 0x66, 0x75, 0x63, 0x6b, 0x70, 0x69,
  0x70, 0x65, 0x7c, 0x2d, 0x0a, 0x21, 0x30, 0x30, 0x32, 0x29, 0x6e, 0x64, 0x6f,
  0x77, 0x5b, 0x31, 0x5d, 0x3b, 0x5b, 0x5d, 0x3b, 0x0a, 0x4c, 0x6f, 0x67, 0x20,
  0x73, 0x61, 0x6c, 0x74, 0x0d, 0x0a, 0x09, 0x09, 0x62, 0x61, 0x6e, 0x67, 0x74,
  0x72, 0x69, 0x6d, 0x62, 0x61, 0x74, 0x68, 0x29, 0x7b, 0x0d, 0x0a, 0x30, 0x30,
  0x70, 0x78, 0x0a, 0x7d, 0x29, 0x3b, 0x6b, 0x6f, 0x3a, 0xec, 0x66, 0x65, 0x65,
  0x73, 0x61, 0x64, 0x3e, 0x0d, 0x73, 0x3a, 0x2f, 0x2f, 0x20, 0x5b, 0x5d, 0x3b,
  0x74, 0x6f, 0x6c, 0x6c, 0x70, 0x6c, 0x75, 0x67, 0x28, 0x29, 0x7b, 0x0a, 0x7b,
  0x0d, 0x0a, 0x20, 0x2e, 0x6a, 0x73, 0x27, 0x32, 0x30, 0x30, 0x70, 0x64, 0x75,
  0x61, 0x6c, 0x62, 0x6f, 0x61, 0x74, 0x2e, 0x4a, 0x50, 0x47, 0x29, 0x3b, 0x0a,
  0x7d, 0x71, 0x75, 0x6f, 0x74, 0x29, 0x3b, 0x0a, 0x0a, 0x27, 0x29, 0x3b, 0x0a,
  0x0d, 0x0a, 0x7d, 0x0d, 0x32, 0x30, 0x31, 0x34, 0x32, 0x30, 0x31, 0x35, 0x32,
  0x30, 0x31, 0x36, 0x32, 0x30, 0x31, 0x37, 0x32, 0x30, 0x31, 0x38, 0x32, 0x30,
  0x31, 0x39, 0x32, 0x30, 0x32, 0x30, 0x32, 0x30, 0x32, 0x31, 0x32, 0x30, 0x32,
  0x32, 0x32, 0x30, 0x32, 0x33, 0x32, 0x30, 0x32, 0x34, 0x32, 0x30, 0x32, 0x35,
  0x32, 0x30, 0x32, 0x36, 0x32, 0x30, 0x32, 0x37, 0x32, 0x30, 0x32, 0x38, 0x32,
  0x30, 0x32, 0x39, 0x32, 0x30, 0x33, 0x30, 0x32, 0x30, 0x33, 0x31, 0x32, 0x30,
  0x33, 0x32, 0x32, 0x30, 0x33, 0x33, 0x32, 0x30, 0x33, 0x34, 0x32, 0x30, 0x33,
  0x35, 0x32, 0x30, 0x33, 0x36, 0x32, 0x30, 0x33, 0x37, 0x32, 0x30, 0x31, 0x33,
  0x32, 0x30, 0x31, 0x32, 0x32, 0x30, 0x31, 0x31, 0x32, 0x30, 0x31, 0x30, 0x32,
  0x30, 0x30, 0x39, 0x32, 0x30, 0x30, 0x38, 0x32, 0x30, 0x30, 0x37, 0x32, 0x30,
  0x30, 0x36, 0x32, 0x30, 0x30, 0x35, 0x32, 0x30, 0x30, 0x34, 0x32, 0x30, 0x30,
  0x33, 0x32, 0x30, 0x30, 0x32, 0x32, 0x30, 0x30, 0x31, 0x32, 0x30, 0x30, 0x30,
  0x31, 0x39, 0x39, 0x39, 0x31, 0x39, 0x39, 0x38, 0x31, 0x39, 0x39, 0x37, 0x31,
  0x39, 0x39, 0x36, 0x31, 0x39, 0x39, 0x35, 0x31, 0x39, 0x39, 0x34, 0x31, 0x39,
  0x39, 0x33, 0x31, 0x39, 0x39, 0x32, 0x31, 0x39, 0x39, 0x31, 0x31, 0x39, 0x39,
  0x30, 0x31, 0x39, 0x38, 0x39, 0x31, 0x39, 0x38, 0x38, 0x31, 0x39, 0x38, 0x37,
  0x31, 0x39, 0x38, 0x36, 0x31, 0x39, 0x38, 0x35, 0x31, 0x39, 0x38, 0x34, 0x31,
  0x39, 0x38, 0x33, 0x31, 0x39, 0x38, 0x32, 0x31, 0x39, 0x38, 0x31, 0x31, 0x39,
  0x38, 0x30, 0x31, 0x39, 0x37, 0x39, 0x31, 0x39, 0x37, 0x38, 0x31, 0x39, 0x37,
  0x37, 0x31, 0x39, 0x37, 0x36, 0x31, 0x39, 0x37, 0x35, 0x31, 0x39, 0x37, 0x34,
  0x31, 0x39, 0x37, 0x33, 0x31, 0x39, 0x37, 0x32, 0x31, 0x39, 0x37, 0x31, 0x31,
  0x39, 0x37, 0x30, 0x31, 0x39, 0x36, 0x39, 0x31, 0x39, 0x36, 0x38, 0x31, 0x39,
  0x36, 0x37, 0x31, 0x39, 0x36, 0x36, 0x31, 0x39, 0x36, 0x35, 0x31, 0x39, 0x36,
  0x34, 0x31, 0x39, 0x36, 0x33, 0x31, 0x39, 0x36, 0x32, 0x31, 0x39, 0x36, 0x31,
  0x31, 0x39, 0x36, 0x30, 0x31, 0x39, 0x35, 0x39, 0x31, 0x39, 0x35, 0x38, 0x31,
  0x39, 0x35, 0x37, 0x31, 0x39, 0x35, 0x36, 0x31, 0x39, 0x35, 0x35, 0x31, 0x39,
  0x35, 0x34, 0x31, 0x39, 0x35, 0x33, 0x31, 0x39, 0x35, 0x32, 0x31, 0x39, 0x35,
  0x31, 0x31, 0x39, 0x35, 0x30, 0x31, 0x30, 0x30, 0x30, 0x31, 0x30, 0x32, 0x34,
  0x31, 0x33, 0x39, 0x34, 0x30, 0x30, 0x30, 0x30, 0x39, 0x39, 0x39, 0x39, 0x63,
  0x6f, 0x6d, 0x6f, 0x6d, 0xc3, 0xa1, 0x73, 0x65, 0x73, 0x74, 0x65, 0x65, 0x73,
  0x74, 0x61, 0x70, 0x65, 0x72, 0x6f, 0x74, 0x6f, 0x64, 0x6f, 0x68, 0x61, 0x63,
  0x65, 0x63, 0x61, 0x64, 0x61, 0x61, 0xc3, 0xb1, 0x6f, 0x62, 0x69, 0x65, 0x6e,
  0x64, 0xc3, 0xad, 0x61, 0x61, 0x73, 0xc3, 0xad, 0x76, 0x69, 0x64, 0x61, 0x63,
  0x61, 0x73, 0x6f, 0x6f, 0x74, 0x72, 0x6f, 0x66, 0x6f, 0x72, 0x6f, 0x73, 0x6f,
  0x6c, 0x6f, 0x6f, 0x74, 0x72, 0x61, 0x63, 0x75, 0x61, 0x6c, 0x64, 0x69, 0x6a,
  0x6f, 0x73, 0x69, 0x64, 0x6f, 0x67, 0x72, 0x61, 0x6e, 0x74, 0x69, 0x70, 0x6f,
  0x74, 0x65, 0x6d, 0x61, 0x64, 0x65, 0x62, 0x65, 0x61, 0x6c, 0x67, 0x6f, 0x71,
  0x75, 0xc3, 0xa9, 0x65, 0x73, 0x74, 0x6f, 0x6e, 0x61, 0x64, 0x61, 0x74, 0x72,
  0x65, 0x73, 0x70, 0x6f, 0x63, 0x6f, 0x63, 0x61, 0x73, 0x61, 0x62, 0x61, 0x6a,
  0x6f, 0x74, 0x6f, 0x64, 0x61, 0x73, 0x69, 0x6e, 0x6f, 0x61, 0x67, 0x75, 0x61,
  0x70, 0x75, 0x65, 0x73, 0x75, 0x6e, 0x6f, 0x73, 0x61, 0x6e, 0x74, 0x65, 0x64,
  0x69, 0x63, 0x65, 0x6c, 0x75, 0x69, 0x73, 0x65, 0x6c, 0x6c, 0x61, 0x6d, 0x61,
  0x79, 0x6f, 0x7a, 0x6f, 0x6e, 0x61, 0x61, 0x6d, 0x6f, 0x72, 0x70, 0x69, 0x73,
  0x6f, 0x6f, 0x62, 0x72, 0x61, 0x63, 0x6c, 0x69, 0x63, 0x65, 0x6c, 0x6c, 0x6f,
  0x64, 0x69, 0x6f, 0x73, 0x68, 0x6f, 0x72, 0x61, 0x63, 0x61, 0x73, 0x69, 0xd0,
  0xb7, 0xd0, 0xb0, 0xd0, 0xbd, 0xd0, 0xb0, 0xd0, 0xbe, 0xd0, 0xbc, 0xd1, 0x80,
  0xd0, 0xb0, 0xd1, 0x80, 0xd1, 0x83, 0xd1, 0x82, 0xd0, 0xb0, 0xd0, 0xbd, 0xd0,
  0xb5, 0xd0, 0xbf, 0xd0, 0xbe, 0xd0, 0xbe, 0xd1, 0x82, 0xd0, 0xb8, 0xd0, 0xb7,
  0xd0, 0xbd, 0xd0, 0xbe, 0xd0, 0xb4, 0xd0, 0xbe, 0xd1, 0x82, 0xd0, 0xbe, 0xd0,
  0xb6, 0xd0, 0xb5, 0xd0, 0xbe, 0xd0, 0xbd, 0xd0, 0xb8, 0xd1, 0x85, 0xd0, 0x9d,
  0xd0, 0xb0, 0xd0, 0xb5, 0xd0, 0xb5, 0xd0, 0xb1, 0xd1, 0x8b, 0xd0, 0xbc, 0xd1,
  0x8b, 0xd0, 0x92, 0xd1, 0x8b, 0xd1, 0x81, 0xd0, 0xbe, 0xd0, 0xb2, 0xd1, 0x8b,
  0xd0, 0xb2, 0xd0, 0xbe, 0xd0, 0x9d, 0xd0, 0xbe, 0xd0, 0xbe, 0xd0, 0xb1, 0xd0,
  0x9f, 0xd0, 0xbe, 0xd0, 0xbb, 0xd0, 0xb8, 0xd0, 0xbd, 0xd0, 0xb8, 0xd0, 0xa0,
  0xd0, 0xa4, 0xd0, 0x9d, 0xd0, 0xb5, 0xd0, 0x9c, 0xd1, 0x8b, 0xd1, 0x82, 0xd1,
  0x8b, 0xd0, 0x9e, 0xd0, 0xbd, 0xd0, 0xb8, 0xd0, 0xbc, 0xd0, 0xb4, 0xd0, 0xb0,
  0xd0, 0x97, 0xd0, 0xb0, 0xd0, 0x94, 0xd0, 0xb0, 0xd0, 0x9d, 0xd1, 0x83, 0xd0,
  0x9e, 0xd0, 0xb1, 0xd1, 0x82, 0xd0, 0xb5, 0xd0, 0x98, 0xd0, 0xb7, 0xd0, 0xb5,
  0xd0, 0xb9, 0xd0, 0xbd, 0xd1, 0x83, 0xd0, 0xbc, 0xd0, 0xbc, 0xd0, 0xa2, 0xd1,
  0x8b, 0xd1, 0x83, 0xd0, 0xb6, 0xd9, 0x81, 0xd9, 0x8a, 0xd8, 0xa3, 0xd9, 0x86,
  0xd9, 0x85, 0xd8, 0xa7, 0xd9, 0x85, 0xd8, 0xb9, 0xd9, 0x83, 0xd9, 0x84, 0xd8,
  0xa3, 0xd9, 0x88, 0xd8, 0xb1, 0xd8, 0xaf, 0xd9, 0x8a, 0xd8, 0xa7, 0xd9, 0x81,
  0xd9, 0x89, 0xd9, 0x87, 0xd9, 0x88, 0xd9, 0x84, 0xd9, 0x85, 0xd9, 0x84, 0xd9,
  0x83, 0xd8, 0xa7, 0xd9, 0x88, 0xd9, 0x84, 0xd9, 0x87, 0xd8, 0xa8, 0xd8, 0xb3,
  0xd8, 0xa7, 0xd9, 0x84, 0xd8, 0xa5, 0xd9, 0x86, 0xd9, 0x87, 0xd9, 0x8a, 0xd8,
  0xa3, 0xd9, 0x8a, 0xd9, 0x82, 0xd8, 0xaf, 0xd9, 0x87, 0xd9, 0x84, 0xd8, 0xab,
  0xd9, 0x85, 0xd8, 0xa8, 0xd9, 0x87, 0xd9, 0x84, 0xd9, 0x88, 0xd9, 0x84, 0xd9,
  0x8a, 0xd8, 0xa8, 0xd9, 0x84, 0xd8, 0xa7, 0xd9, 0x8a, 0xd8, 0xa8, 0xd9, 0x83,
  0xd8, 0xb4, 0xd9, 0x8a, 0xd8, 0xa7, 0xd9, 0x85, 0xd8, 0xa3, 0xd9, 0x85, 0xd9,
  0x86, 0xd8, 0xaa, 0xd8, 0xa8, 0xd9, 0x8a, 0xd9, 0x84, 0xd9, 0x86, 0xd8, 0xad,
  0xd8, 0xa8, 0xd9, 0x87, 0xd9, 0x85, 0xd9, 0x85, 0xd8, 0xb4, 0xd9, 0x88, 0xd8,
  0xb4, 0x66, 0x69, 0x72, 0x73, 0x74, 0x76, 0x69, 0x64, 0x65, 0x6f, 0x6c, 0x69,
  0x67, 0x68, 0x74, 0x77, 0x6f, 0x72, 0x6c, 0x64, 0x6d, 0x65, 0x64, 0x69, 0x61,
  0x77, 0x68, 0x69, 0x74, 0x65, 0x63, 0x6c, 0x6f, 0x73, 0x65, 0x62, 0x6c, 0x61,
  0x63, 0x6b, 0x72, 0x69, 0x67, 0x68, 0x74, 0x73, 0x6d, 0x61, 0x6c, 0x6c, 0x62,
  0x6f, 0x6f, 0x6b, 0x73, 0x70, 0x6c, 0x61, 0x63, 0x65, 0x6d, 0x75, 0x73, 0x69,
  0x63, 0x66, 0x69, 0x65, 0x6c, 0x64, 0x6f, 0x72, 0x64, 0x65, 0x72, 0x70, 0x6f,
  0x69, 0x6e, 0x74, 0x76, 0x61, 0x6c, 0x75, 0x65, 0x6c, 0x65, 0x76, 0x65, 0x6c,
  0x74, 0x61, 0x62, 0x6c, 0x65, 0x62, 0x6f, 0x61, 0x72, 0x64, 0x68, 0x6f, 0x75,
  0x73, 0x65, 0x67, 0x72, 0x6f, 0x75, 0x70, 0x77, 0x6f, 0x72, 0x6b, 0x73, 0x79,
  0x65, 0x61, 0x72, 0x73, 0x73, 0x74, 0x61, 0x74, 0x65, 0x74, 0x6f, 0x64, 0x61,
  0x79, 0x77, 0x61, 0x74, 0x65, 0x72, 0x73, 0x74, 0x61, 0x72, 0x74, 0x73, 0x74,
  0x79, 0x6c, 0x65, 0x64, 0x65, 0x61, 0x74, 0x68, 0x70, 0x6f, 0x77, 0x65, 0x72,
  0x70, 0x68, 0x6f, 0x6e, 0x65, 0x6e, 0x69, 0x67, 0x68, 0x74, 0x65, 0x72, 0x72,
  0x6f, 0x72, 0x69, 0x6e, 0x70, 0x75, 0x74, 0x61, 0x62, 0x6f, 0x75, 0x74, 0x74,
  0x65, 0x72, 0x6d, 0x73, 0x74, 0x69, 0x74, 0x6c, 0x65, 0x74, 0x6f, 0x6f, 0x6c,
  0x73, 0x65, 0x76, 0x65, 0x6e, 0x74, 0x6c, 0x6f, 0x63, 0x61, 0x6c, 0x74, 0x69,
  0x6d, 0x65, 0x73, 0x6c, 0x61, 0x72, 0x67, 0x65, 0x77, 0x6f, 0x72, 0x64, 0x73,
  0x67, 0x61, 0x6d, 0x65, 0x73, 0x73, 0x68, 0x6f, 0x72, 0x74, 0x73, 0x70, 0x61,
  0x63, 0x65, 0x66, 0x6f, 0x63, 0x75, 0x73, 0x63, 0x6c, 0x65, 0x61, 0x72, 0x6d,
  0x6f, 0x64, 0x65, 0x6c, 0x62, 0x6c, 0x6f, 0x63, 0x6b, 0x67, 0x75, 0x69, 0x64,
  0x65, 0x72, 0x61, 0x64, 0x69, 0x6f, 0x73, 0x68, 0x61, 0x72, 0x65, 0x77, 0x6f,
  0x6d, 0x65, 0x6e, 0x61, 0x67, 0x61, 0x69, 0x6e, 0x6d, 0x6f, 0x6e, 0x65, 0x79,
  0x69, 0x6d, 0x61, 0x67, 0x65, 0x6e, 0x61, 0x6d, 0x65, 0x73, 0x79, 0x6f, 0x75,
  0x6e, 0x67, 0x6c, 0x69, 0x6e, 0x65, 0x73, 0x6c, 0x61, 0x74, 0x65, 0x72, 0x63,
  0x6f, 0x6c, 0x6f, 0x72, 0x67, 0x72, 0x65, 0x65, 0x6e, 0x66, 0x72, 0x6f, 0x6e,
  0x74, 0x26, 0x61, 0x6d, 0x70, 0x3b, 0x77, 0x61, 0x74, 0x63, 0x68, 0x66, 0x6f,
  0x72, 0x63, 0x65, 0x70, 0x72, 0x69, 0x63, 0x65, 0x72, 0x75, 0x6c, 0x65, 0x73,
  0x62, 0x65, 0x67, 0x69, 0x6e, 0x61, 0x66, 0x74, 0x65, 0x72, 0x76, 0x69, 0x73,
  0x69, 0x74, 0x69, 0x73, 0x73, 0x75, 0x65, 0x61, 0x72, 0x65, 0x61, 0x73, 0x62,
  0x65, 0x6c, 0x6f, 0x77, 0x69, 0x6e, 0x64, 0x65, 0x78, 0x74, 0x6f, 0x74, 0x61,
  0x6c, 0x68, 0x6f, 0x75, 0x72, 0x73, 0x6c, 0x61, 0x62, 0x65, 0x6c, 0x70, 0x72,
  0x69, 0x6e, 0x74, 0x70, 0x72, 0x65, 0x73, 0x73, 0x62, 0x75, 0x69, 0x6c, 0x74,
  0x6c, 0x69, 0x6e, 0x6b, 0x73, 0x73, 0x70, 0x65, 0x65, 0x64, 0x73, 0x74, 0x75,
  0x64, 0x79, 0x74, 0x72, 0x61, 0x64, 0x65, 0x66, 0x6f, 0x75, 0x6e, 0x64, 0x73,
  0x65, 0x6e, 0x73, 0x65, 0x75, 0x6e, 0x64, 0x65, 0x72, 0x73, 0x68, 0x6f, 0x77,
  0x6e, 0x66, 0x6f, 0x72, 0x6d, 0x73, 0x72, 0x61, 0x6e, 0x67, 0x65, 0x61, 0x64,
  0x64, 0x65, 0x64, 0x73, 0x74, 0x69, 0x6c, 0x6c, 0x6d, 0x6f, 0x76, 0x65, 0x64,
  0x74, 0x61, 0x6b, 0x65, 0x6e, 0x61, 0x62, 0x6f, 0x76, 0x65, 0x66, 0x6c, 0x61,
  0x73, 0x68, 0x66, 0x69, 0x78, 0x65, 0x64, 0x6f, 0x66, 0x74, 0x65, 0x6e, 0x6f,
  0x74, 0x68, 0x65, 0x72, 0x76, 0x69, 0x65, 0x77, 0x73, 0x63, 0x68, 0x65, 0x63,
  0x6b, 0x6c, 0x65, 0x67, 0x61, 0x6c, 0x72, 0x69, 0x76, 0x65, 0x72, 0x69, 0x74,
  0x65, 0x6d, 0x73, 0x71, 0x75, 0x69, 0x63, 0x6b, 0x73, 0x68, 0x61, 0x70, 0x65,
  0x68, 0x75, 0x6d, 0x61, 0x6e, 0x65, 0x78, 0x69, 0x73, 0x74, 0x67, 0x6f, 0x69,
  0x6e, 0x67, 0x6d, 0x6f, 0x76, 0x69, 0x65, 0x74, 0x68, 0x69, 0x72, 0x64, 0x62,
  0x61, 0x73, 0x69, 0x63, 0x70, 0x65, 0x61, 0x63, 0x65, 0x73, 0x74, 0x61, 0x67,
  0x65, 0x77, 0x69, 0x64, 0x74, 0x68, 0x6c, 0x6f, 0x67, 0x69, 0x6e, 0x69, 0x64,
  0x65, 0x61, 0x73, 0x77, 0x72, 0x6f, 0x74, 0x65, 0x70, 0x61, 0x67, 0x65, 0x73,
  0x75, 0x73, 0x65, 0x72, 0x73, 0x64, 0x72, 0x69, 0x76, 0x65, 0x73, 0x74, 0x6f,
  0x72, 0x65, 0x62, 0x72, 0x65, 0x61, 0x6b, 0x73, 0x6f, 0x75, 0x74, 0x68, 0x76,
  0x6f, 0x69, 0x63, 0x65, 0x73, 0x69, 0x74, 0x65, 0x73, 0x6d, 0x6f, 0x6e, 0x74,
  0x68, 0x77, 0x68, 0x65, 0x72, 0x65, 0x62, 0x75, 0x69, 0x6c, 0x64, 0x77, 0x68,
  0x69, 0x63, 0x68, 0x65, 0x61, 0x72, 0x74, 0x68, 0x66, 0x6f, 0x72, 0x75, 0x6d,
  0x74, 0x68, 0x72, 0x65, 0x65, 0x73, 0x70, 0x6f, 0x72, 0x74, 0x70, 0x61, 0x72,
  0x74, 0x79, 0x43, 0x6c, 0x69, 0x63, 0x6b, 0x6c, 0x6f, 0x77, 0x65, 0x72, 0x6c,
  0x69, 0x76, 0x65, 0x73, 0x63, 0x6c, 0x61, 0x73, 0x73, 0x6c, 0x61, 0x79, 0x65,
  0x72, 0x65, 0x6e, 0x74, 0x72, 0x79, 0x73, 0x74, 0x6f, 0x72, 0x79, 0x75, 0x73,
  0x61, 0x67, 0x65, 0x73, 0x6f, 0x75, 0x6e, 0x64, 0x63, 0x6f, 0x75, 0x72, 0x74,
  0x79, 0x6f, 0x75, 0x72, 0x20, 0x62, 0x69, 0x72, 0x74, 0x68, 0x70, 0x6f, 0x70,
  0x75, 0x70, 0x74, 0x79, 0x70, 0x65, 0x73, 0x61, 0x70, 0x70, 0x6c, 0x79, 0x49,
  0x6d, 0x61, 0x67, 0x65, 0x62, 0x65, 0x69, 0x6e, 0x67, 0x75, 0x70, 0x70, 0x65,
  0x72, 0x6e, 0x6f, 0x74, 0x65, 0x73, 0x65, 0x76, 0x65, 0x72, 0x79, 0x73, 0x68,
  0x6f, 0x77, 0x73, 0x6d, 0x65, 0x61, 0x6e, 0x73, 0x65, 0x78, 0x74, 0x72, 0x61,
  0x6d, 0x61, 0x74, 0x63, 0x68, 0x74, 0x72, 0x61, 0x63, 0x6b, 0x6b, 0x6e, 0x6f,
  0x77, 0x6e, 0x65, 0x61, 0x72, 0x6c, 0x79, 0x62, 0x65, 0x67, 0x61, 0x6e, 0x73,
  0x75, 0x70, 0x65, 0x72, 0x70, 0x61, 0x70, 0x65, 0x72, 0x6e, 0x6f, 0x72, 0x74,
  0x68, 0x6c, 0x65, 0x61, 0x72, 0x6e, 0x67, 0x69, 0x76, 0x65, 0x6e, 0x6e, 0x61,
  0x6d, 0x65, 0x64, 0x65, 0x6e, 0x64, 0x65, 0x64, 0x54, 0x65, 0x72, 0x6d, 0x73,
  0x70, 0x61, 0x72, 0x74, 0x73, 0x47, 0x72, 0x6f, 0x75, 0x70, 0x62, 0x72, 0x61,
  0x6e, 0x64, 0x75, 0x73, 0x69, 0x6e, 0x67, 0x77, 0x6f, 0x6d, 0x61, 0x6e, 0x66,
  0x61, 0x6c, 0x73, 0x65, 0x72, 0x65, 0x61, 0x64, 0x79, 0x61, 0x75, 0x64, 0x69,
  0x6f, 0x74, 0x61, 0x6b, 0x65, 0x73, 0x77, 0x68, 0x69, 0x6c, 0x65, 0x2e, 0x63,
  0x6f, 0x6d, 0x2f, 0x6c, 0x69, 0x76, 0x65, 0x64, 0x63, 0x61, 0x73, 0x65, 0x73,
  0x64, 0x61, 0x69, 0x6c, 0x79, 0x63, 0x68, 0x69, 0x6c, 0x64, 0x67, 0x72, 0x65,
  0x61, 0x74, 0x6a, 0x75, 0x64, 0x67, 0x65, 0x74, 0x68, 0x6f, 0x73, 0x65, 0x75,
  0x6e, 0x69, 0x74, 0x73, 0x6e, 0x65, 0x76, 0x65, 0x72, 0x62, 0x72, 0x6f, 0x61,
  0x64, 0x63, 0x6f, 0x61, 0x73, 0x74, 0x63, 0x6f, 0x76, 0x65, 0x72, 0x61, 0x70,
  0x70, 0x6c, 0x65, 0x66, 0x69, 0x6c, 0x65, 0x73, 0x63, 0x79, 0x63, 0x6c, 0x65,
  0x73, 0x63, 0x65, 0x6e, 0x65, 0x70, 0x6c, 0x61, 0x6e, 0x73, 0x63, 0x6c, 0x69,
  0x63, 0x6b, 0x77, 0x72, 0x69, 0x74, 0x65, 0x71, 0x75, 0x65, 0x65, 0x6e, 0x70,
  0x69, 0x65, 0x63, 0x65, 0x65, 0x6d, 0x61, 0x69, 0x6c, 0x66, 0x72, 0x61, 0x6d,
  0x65, 0x6f, 0x6c, 0x64, 0x65, 0x72, 0x70, 0x68, 0x6f, 0x74, 0x6f, 0x6c, 0x69,
  0x6d, 0x69, 0x74, 0x63, 0x61, 0x63, 0x68, 0x65, 0x63, 0x69, 0x76, 0x69, 0x6c,
  0x73, 0x63, 0x61, 0x6c, 0x65, 0x65, 0x6e, 0x74, 0x65, 0x72, 0x74, 0x68, 0x65,
  0x6d, 0x65, 0x74, 0x68, 0x65, 0x72, 0x65, 0x74, 0x6f, 0x75, 0x63, 0x68, 0x62,
  0x6f, 0x75, 0x6e, 0x64, 0x72, 0x6f, 0x79, 0x61, 0x6c, 0x61, 0x73, 0x6b, 0x65,
  0x64, 0x77, 0x68, 0x6f, 0x6c, 0x65, 0x73, 0x69, 0x6e, 0x63, 0x65, 0x73, 0x74,
  0x6f, 0x63, 0x6b, 0x20, 0x6e, 0x61, 0x6d, 0x65, 0x66, 0x61, 0x69, 0x74, 0x68,
  0x68, 0x65, 0x61, 0x72, 0x74, 0x65, 0x6d, 0x70, 0x74, 0x79, 0x6f, 0x66, 0x66,
  0x65, 0x72, 0x73, 0x63, 0x6f, 0x70, 0x65, 0x6f, 0x77, 0x6e, 0x65, 0x64, 0x6d,
  0x69, 0x67, 0x68, 0x74, 0x61, 0x6c, 0x62, 0x75, 0x6d, 0x74, 0x68, 0x69, 0x6e,
  0x6b, 0x62, 0x6c, 0x6f, 0x6f, 0x64, 0x61, 0x72, 0x72, 0x61, 0x79, 0x6d, 0x61,
  0x6a, 0x6f, 0x72, 0x74, 0x72, 0x75, 0x73, 0x74, 0x63, 0x61, 0x6e, 0x6f, 0x6e,
  0x75, 0x6e, 0x69, 0x6f, 0x6e, 0x63, 0x6f, 0x75, 0x6e, 0x74, 0x76, 0x61, 0x6c,
  0x69, 0x64, 0x73, 0x74, 0x6f, 0x6e, 0x65, 0x53, 0x74, 0x79, 0x6c, 0x65, 0x4c,
  0x6f, 0x67, 0x69, 0x6e, 0x68, 0x61, 0x70, 0x70, 0x79, 0x6f, 0x63, 0x63, 0x75,
  0x72, 0x6c, 0x65, 0x66, 0x74, 0x3a, 0x66, 0x72, 0x65, 0x73, 0x68, 0x71, 0x75,
  0x69, 0x74, 0x65, 0x66, 0x69, 0x6c, 0x6d, 0x73, 0x67, 0x72, 0x61, 0x64, 0x65,
  0x6e, 0x65, 0x65, 0x64, 0x73, 0x75, 0x72, 0x62, 0x61, 0x6e, 0x66, 0x69, 0x67,
  0x68, 0x74, 0x62, 0x61, 0x73, 0x69, 0x73, 0x68, 0x6f, 0x76, 0x65, 0x72, 0x61,
  0x75, 0x74, 0x6f, 0x3b, 0x72, 0x6f, 0x75, 0x74, 0x65, 0x2e, 0x68, 0x74, 0x6d,
  0x6c, 0x6d, 0x69, 0x78, 0x65, 0x64, 0x66, 0x69, 0x6e, 0x61, 0x6c, 0x59, 0x6f,
  0x75, 0x72, 0x20, 0x73, 0x6c, 0x69, 0x64, 0x65, 0x74, 0x6f, 0x70, 0x69, 0x63,
  0x62, 0x72, 0x6f, 0x77, 0x6e, 0x61, 0x6c, 0x6f, 0x6e, 0x65, 0x64, 0x72, 0x61,
  0x77, 0x6e, 0x73, 0x70, 0x6c, 0x69, 0x74, 0x72, 0x65, 0x61, 0x63, 0x68, 0x52,
  0x69, 0x67, 0x68, 0x74, 0x64, 0x61, 0x74, 0x65, 0x73, 0x6d, 0x61, 0x72, 0x63,
  0x68, 0x71, 0x75, 0x6f, 0x74, 0x65, 0x67, 0x6f, 0x6f, 0x64, 0x73, 0x4c, 0x69,
  0x6e, 0x6b, 0x73, 0x64, 0x6f, 0x75, 0x62, 0x74, 0x61, 0x73, 0x79, 0x6e, 0x63,
  0x74, 0x68, 0x75, 0x6d, 0x62, 0x61, 0x6c, 0x6c, 0x6f, 0x77, 0x63, 0x68, 0x69,
  0x65, 0x66, 0x79, 0x6f, 0x75, 0x74, 0x68, 0x6e, 0x6f, 0x76, 0x65, 0x6c, 0x31,
  0x30, 0x70, 0x78, 0x3b, 0x73, 0x65, 0x72, 0x76, 0x65, 0x75, 0x6e, 0x74, 0x69,
  0x6c, 0x68, 0x61, 0x6e, 0x64, 0x73, 0x43, 0x68, 0x65, 0x63, 0x6b, 0x53, 0x70,
  0x61, 0x63, 0x65, 0x71, 0x75, 0x65, 0x72, 0x79, 0x6a, 0x61, 0x6d, 0x65, 0x73,
  0x65, 0x71, 0x75, 0x61, 0x6c, 0x74, 0x77, 0x69, 0x63, 0x65, 0x30, 0x2c, 0x30,
  0x30, 0x30, 0x53, 0x74, 0x61, 0x72, 0x74, 0x70, 0x61, 0x6e, 0x65, 0x6c, 0x73,
  0x6f, 0x6e, 0x67, 0x73, 0x72, 0x6f, 0x75, 0x6e, 0x64, 0x65, 0x69, 0x67, 0x68,
  0x74, 0x73, 0x68, 0x69, 0x66, 0x74, 0x77, 0x6f, 0x72, 0x74, 0x68, 0x70, 0x6f,
  0x73, 0x74, 0x73, 0x6c, 0x65, 0x61, 0x64, 0x73, 0x77, 0x65, 0x65, 0x6b, 0x73,
  0x61, 0x76, 0x6f, 0x69, 0x64, 0x74, 0x68, 0x65, 0x73, 0x65, 0x6d, 0x69, 0x6c,
  0x65, 0x73, 0x70, 0x6c, 0x61, 0x6e, 0x65, 0x73, 0x6d, 0x61, 0x72, 0x74, 0x61,
  0x6c, 0x70, 0x68, 0x61, 0x70, 0x6c, 0x61, 0x6e, 0x74, 0x6d, 0x61, 0x72, 0x6b,
  0x73, 0x72, 0x61, 0x74, 0x65, 0x73, 0x70, 0x6c, 0x61, 0x79, 0x73, 0x63, 0x6c,
  0x61, 0x69, 0x6d, 0x73, 0x61, 0x6c, 0x65, 0x73, 0x74, 0x65, 0x78, 0x74, 0x73,
  0x73, 0x74, 0x61, 0x72, 0x73, 0x77, 0x72, 0x6f, 0x6e, 0x67, 0x3c, 0x2f, 0x68,
  0x33, 0x3e, 0x74, 0x68, 0x69, 0x6e, 0x67, 0x2e, 0x6f, 0x72, 0x67, 0x2f, 0x6d,
  0x75, 0x6c, 0x74, 0x69, 0x68, 0x65, 0x61, 0x72, 0x64, 0x50, 0x6f, 0x77, 0x65,
  0x72, 0x73, 0x74, 0x61, 0x6e, 0x64, 0x74, 0x6f, 0x6b, 0x65, 0x6e, 0x73, 0x6f,
  0x6c, 0x69, 0x64, 0x28, 0x74, 0x68, 0x69, 0x73, 0x62, 0x72, 0x69, 0x6e, 0x67,
  0x73, 0x68, 0x69, 0x70, 0x73, 0x73, 0x74, 0x61, 0x66, 0x66, 0x74, 0x72, 0x69,
  0x65, 0x64, 0x63, 0x61, 0x6c, 0x6c, 0x73, 0x66, 0x75, 0x6c, 0x6c, 0x79, 0x66,
  0x61, 0x63, 0x74, 0x73, 0x61, 0x67, 0x65, 0x6e, 0x74, 0x54, 0x68, 0x69, 0x73,
  0x20, 0x2f, 0x2f, 0x2d, 0x2d, 0x3e, 0x61, 0x64, 0x6d, 0x69, 0x6e, 0x65, 0x67,
  0x79, 0x70, 0x74, 0x45, 0x76, 0x65, 0x6e, 0x74, 0x31, 0x35, 0x70, 0x78, 0x3b,
  0x45, 0x6d, 0x61, 0x69, 0x6c, 0x74, 0x72, 0x75, 0x65, 0x22, 0x63, 0x72, 0x6f,
  0x73, 0x73, 0x73, 0x70, 0x65, 0x6e, 0x74, 0x62, 0x6c, 0x6f, 0x67, 0x73, 0x62,
  0x6f, 0x78, 0x22, 0x3e, 0x6e, 0x6f, 0x74, 0x65, 0x64, 0x6c, 0x65, 0x61, 0x76,
  0x65, 0x63, 0x68, 0x69, 0x6e, 0x61, 0x73, 0x69, 0x7a, 0x65, 0x73, 0x67, 0x75,
  0x65, 0x73, 0x74, 0x3c, 0x2f, 0x68, 0x34, 0x3e, 0x72, 0x6f, 0x62, 0x6f, 0x74,
  0x68, 0x65, 0x61, 0x76, 0x79, 0x74, 0x72, 0x75, 0x65, 0x2c, 0x73, 0x65, 0x76,
  0x65, 0x6e, 0x67, 0x72, 0x61, 0x6e, 0x64, 0x63, 0x72, 0x69, 0x6d, 0x65, 0x73,
  0x69, 0x67, 0x6e, 0x73, 0x61, 0x77, 0x61, 0x72, 0x65, 0x64, 0x61, 0x6e, 0x63,
  0x65, 0x70, 0x68, 0x61, 0x73, 0x65, 0x3e, 0x3c, 0x21, 0x2d, 0x2d, 0x65, 0x6e,
  0x5f, 0x55, 0x53, 0x26, 0x23, 0x33, 0x39, 0x3b, 0x32, 0x30, 0x30, 0x70, 0x78,
  0x5f, 0x6e, 0x61, 0x6d, 0x65, 0x6c, 0x61, 0x74, 0x69, 0x6e, 0x65, 0x6e, 0x6a,
  0x6f, 0x79, 0x61, 0x6a, 0x61, 0x78, 0x2e, 0x61, 0x74, 0x69, 0x6f, 0x6e, 0x73,
  0x6d, 0x69, 0x74, 0x68, 0x55, 0x2e, 0x53, 0x2e, 0x20, 0x68, 0x6f, 0x6c, 0x64,
  0x73, 0x70, 0x65, 0x74, 0x65, 0x72, 0x69, 0x6e, 0x64, 0x69, 0x61, 0x6e, 0x61,
  0x76, 0x22, 0x3e, 0x63, 0x68, 0x61, 0x69, 0x6e, 0x73, 0x63, 0x6f, 0x72, 0x65,
  0x63, 0x6f, 0x6d, 0x65, 0x73, 0x64, 0x6f, 0x69, 0x6e, 0x67, 0x70, 0x72, 0x69,
  0x6f, 0x72, 0x53, 0x68, 0x61, 0x72, 0x65, 0x31, 0x39, 0x39, 0x30, 0x73, 0x72,
  0x6f, 0x6d, 0x61, 0x6e, 0x6c, 0x69, 0x73, 0x74, 0x73, 0x6a, 0x61, 0x70, 0x61,
  0x6e, 0x66, 0x61, 0x6c, 0x6c, 0x73, 0x74, 0x72, 0x69, 0x61, 0x6c, 0x6f, 0x77,
  0x6e, 0x65, 0x72, 0x61, 0x67, 0x72, 0x65, 0x65, 0x3c, 0x2f, 0x68, 0x32, 0x3e,
  0x61, 0x62, 0x75, 0x73, 0x65, 0x61, 0x6c, 0x65, 0x72, 0x74, 0x6f, 0x70, 0x65,
  0x72, 0x61, 0x22, 0x2d, 0x2f, 0x2f, 0x57, 0x63, 0x61, 0x72, 0x64, 0x73, 0x68,
  0x69, 0x6c, 0x6c, 0x73, 0x74, 0x65, 0x61, 0x6d, 0x73, 0x50, 0x68, 0x6f, 0x74,
  0x6f, 0x74, 0x72, 0x75, 0x74, 0x68, 0x63, 0x6c, 0x65, 0x61, 0x6e, 0x2e, 0x70,
  0x68, 0x70, 0x3f, 0x73, 0x61, 0x69, 0x6e, 0x74, 0x6d, 0x65, 0x74, 0x61, 0x6c,
  0x6c, 0x6f, 0x75, 0x69, 0x73, 0x6d, 0x65, 0x61, 0x6e, 0x74, 0x70, 0x72, 0x6f,
  0x6f, 0x66, 0x62, 0x72, 0x69, 0x65, 0x66, 0x72, 0x6f, 0x77, 0x22, 0x3e, 0x67,
  0x65, 0x6e, 0x72, 0x65, 0x74, 0x72, 0x75, 0x63, 0x6b, 0x6c, 0x6f, 0x6f, 0x6b,
  0x73, 0x56, 0x61, 0x6c, 0x75, 0x65, 0x46, 0x72, 0x61, 0x6d, 0x65, 0x2e, 0x6e,
  0x65, 0x74, 0x2f, 0x2d, 0x2d, 0x3e, 0x0a, 0x3c, 0x74, 0x72, 0x79, 0x20, 0x7b,
  0x0a, 0x76, 0x61, 0x72, 0x20, 0x6d, 0x61, 0x6b, 0x65, 0x73, 0x63, 0x6f, 0x73,
  0x74, 0x73, 0x70, 0x6c, 0x61, 0x69, 0x6e, 0x61, 0x64, 0x75, 0x6c, 0x74, 0x71,
  0x75, 0x65, 0x73, 0x74, 0x74, 0x72, 0x61, 0x69, 0x6e, 0x6c, 0x61, 0x62, 0x6f,
  0x72, 0x68, 0x65, 0x6c, 0x70, 0x73, 0x63, 0x61, 0x75, 0x73, 0x65, 0x6d, 0x61,
  0x67, 0x69, 0x63, 0x6d, 0x6f, 0x74, 0x6f, 0x72, 0x74, 0x68, 0x65, 0x69, 0x72,
  0x32, 0x35, 0x30, 0x70, 0x78, 0x6c, 0x65, 0x61, 0x73, 0x74, 0x73, 0x74, 0x65,
  0x70, 0x73, 0x43, 0x6f, 0x75, 0x6e, 0x74, 0x63, 0x6f, 0x75, 0x6c, 0x64, 0x67,
  0x6c, 0x61, 0x73, 0x73, 0x73, 0x69, 0x64, 0x65, 0x73, 0x66, 0x75, 0x6e, 0x64,
  0x73, 0x68, 0x6f, 0x74, 0x65, 0x6c, 0x61, 0x77, 0x61, 0x72, 0x64, 0x6d, 0x6f,
  0x75, 0x74, 0x68, 0x6d, 0x6f, 0x76, 0x65, 0x73, 0x70, 0x61, 0x72, 0x69, 0x73,
  0x67, 0x69, 0x76, 0x65, 0x73, 0x64, 0x75, 0x74, 0x63, 0x68, 0x74, 0x65, 0x78,
  0x61, 0x73, 0x66, 0x72, 0x75, 0x69, 0x74, 0x6e, 0x75, 0x6c, 0x6c, 0x2c, 0x7c,
  0x7c, 0x5b, 0x5d, 0x3b, 0x74, 0x6f, 0x70, 0x22, 0x3e, 0x0a, 0x3c, 0x21, 0x2d,
  0x2d, 0x50, 0x4f, 0x53, 0x54, 0x22, 0x6f, 0x63, 0x65, 0x61, 0x6e, 0x3c, 0x62,
  0x72, 0x2f, 0x3e, 0x66, 0x6c, 0x6f, 0x6f, 0x72, 0x73, 0x70, 0x65, 0x61, 0x6b,
  0x64, 0x65, 0x70, 0x74, 0x68, 0x20, 0x73, 0x69, 0x7a, 0x65, 0x62, 0x61, 0x6e,
  0x6b, 0x73, 0x63, 0x61, 0x74, 0x63, 0x68, 0x63, 0x68, 0x61, 0x72, 0x74, 0x32,
  0x30, 0x70, 0x78, 0x3b, 0x61, 0x6c, 0x69, 0x67, 0x6e, 0x64, 0x65, 0x61, 0x6c,
  0x73, 0x77, 0x6f, 0x75, 0x6c, 0x64, 0x35, 0x30, 0x70, 0x78, 0x3b, 0x75, 0x72,
  0x6c, 0x3d, 0x22, 0x70, 0x61, 0x72, 0x6b, 0x73, 0x6d, 0x6f, 0x75, 0x73, 0x65,
  0x4d, 0x6f, 0x73, 0x74, 0x20, 0x2e, 0x2e, 0x2e, 0x3c, 0x2f, 0x61, 0x6d, 0x6f,
  0x6e, 0x67, 0x62, 0x72, 0x61, 0x69, 0x6e, 0x62, 0x6f, 0x64, 0x79, 0x20, 0x6e,
  0x6f, 0x6e, 0x65, 0x3b, 0x62, 0x61, 0x73, 0x65, 0x64, 0x63, 0x61, 0x72, 0x72,
  0x79, 0x64, 0x72, 0x61, 0x66, 0x74, 0x72, 0x65, 0x66, 0x65, 0x72, 0x70, 0x61,
  0x67, 0x65, 0x5f, 0x68, 0x6f, 0x6d, 0x65, 0x2e, 0x6d, 0x65, 0x74, 0x65, 0x72,
  0x64, 0x65, 0x6c, 0x61, 0x79, 0x64, 0x72, 0x65, 0x61, 0x6d, 0x70, 0x72, 0x6f,
  0x76, 0x65, 0x6a, 0x6f, 0x69, 0x6e, 0x74, 0x3c, 0x2f, 0x74, 0x72, 0x3e, 0x64,
  0x72, 0x75, 0x67, 0x73, 0x3c, 0x21, 0x2d, 0x2d, 0x20, 0x61, 0x70, 0x72, 0x69,
  0x6c, 0x69, 0x64, 0x65, 0x61, 0x6c, 0x61, 0x6c, 0x6c, 0x65, 0x6e, 0x65, 0x78,
  0x61, 0x63, 0x74, 0x66, 0x6f, 0x72, 0x74, 0x68, 0x63, 0x6f, 0x64, 0x65, 0x73,
  0x6c, 0x6f, 0x67, 0x69, 0x63, 0x56, 0x69, 0x65, 0x77, 0x20, 0x73, 0x65, 0x65,
  0x6d, 0x73, 0x62, 0x6c, 0x61, 0x6e, 0x6b, 0x70, 0x6f, 0x72, 0x74, 0x73, 0x20,
  0x28, 0x32, 0x30, 0x30, 0x73, 0x61, 0x76, 0x65, 0x64, 0x5f, 0x6c, 0x69, 0x6e,
  0x6b, 0x67, 0x6f, 0x61, 0x6c, 0x73, 0x67, 0x72, 0x61, 0x6e, 0x74, 0x67, 0x72,
  0x65, 0x65, 0x6b, 0x68, 0x6f, 0x6d, 0x65, 0x73, 0x72, 0x69, 0x6e, 0x67, 0x73,
  0x72, 0x61, 0x74, 0x65, 0x64, 0x33, 0x30, 0x70, 0x78, 0x3b, 0x77, 0x68, 0x6f,
  0x73, 0x65, 0x70, 0x61, 0x72, 0x73, 0x65, 0x28, 0x29, 0x3b, 0x22, 0x20, 0x42,
  0x6c, 0x6f, 0x63, 0x6b, 0x6c, 0x69, 0x6e, 0x75, 0x78, 0x6a, 0x6f, 0x6e, 0x65,
  0x73, 0x70, 0x69, 0x78, 0x65, 0x6c, 0x27, 0x29, 0x3b, 0x22, 0x3e, 0x29, 0x3b,
  0x69, 0x66, 0x28, 0x2d, 0x6c, 0x65, 0x66, 0x74, 0x64, 0x61, 0x76, 0x69, 0x64,
  0x68, 0x6f, 0x72, 0x73, 0x65, 0x46, 0x6f, 0x63, 0x75, 0x73, 0x72, 0x61, 0x69,
  0x73, 0x65, 0x62, 0x6f, 0x78, 0x65, 0x73, 0x54, 0x72, 0x61, 0x63, 0x6b, 0x65,
  0x6d, 0x65, 0x6e, 0x74, 0x3c, 0x2f, 0x65, 0x6d, 0x3e, 0x62, 0x61, 0x72, 0x22,
  0x3e, 0x2e, 0x73, 0x72, 0x63, 0x3d, 0x74, 0x6f, 0x77, 0x65, 0x72, 0x61, 0x6c,
  0x74, 0x3d, 0x22, 0x63, 0x61, 0x62, 0x6c, 0x65, 0x68, 0x65, 0x6e, 0x72, 0x79,
  0x32, 0x34, 0x70, 0x78, 0x3b, 0x73, 0x65, 0x74, 0x75, 0x70, 0x69, 0x74, 0x61,
  0x6c, 0x79, 0x73, 0x68, 0x61, 0x72, 0x70, 0x6d, 0x69, 0x6e, 0x6f, 0x72, 0x74,
  0x61, 0x73, 0x74, 0x65, 0x77, 0x61, 0x6e, 0x74, 0x73, 0x74, 0x68, 0x69, 0x73,
  0x2e, 0x72, 0x65, 0x73, 0x65, 0x74, 0x77, 0x68, 0x65, 0x65, 0x6c, 0x67, 0x69,
  0x72, 0x6c, 0x73, 0x2f, 0x63, 0x73, 0x73, 0x2f, 0x31, 0x30, 0x30, 0x25, 0x3b,
  0x63, 0x6c, 0x75, 0x62, 0x73, 0x73, 0x74, 0x75, 0x66, 0x66, 0x62, 0x69, 0x62,
  0x6c, 0x65, 0x76, 0x6f, 0x74, 0x65, 0x73, 0x20, 0x31, 0x30, 0x30, 0x30, 0x6b,
  0x6f, 0x72, 0x65, 0x61, 0x7d, 0x29, 0x3b, 0x0d, 0x0a, 0x62, 0x61, 0x6e, 0x64,
  0x73, 0x71, 0x75, 0x65, 0x75, 0x65, 0x3d, 0x20, 0x7b, 0x7d, 0x3b, 0x38, 0x30,
  0x70, 0x78, 0x3b, 0x63, 0x6b, 0x69, 0x6e, 0x67, 0x7b, 0x0d, 0x0a, 0x09, 0x09,
  0x61, 0x68, 0x65, 0x61, 0x64, 0x63, 0x6c, 0x6f, 0x63, 0x6b, 0x69, 0x72, 0x69,
  0x73, 0x68, 0x6c, 0x69, 0x6b, 0x65, 0x20, 0x72, 0x61, 0x74, 0x69, 0x6f, 0x73,
  0x74, 0x61, 0x74, 0x73, 0x46, 0x6f, 0x72, 0x6d, 0x22, 0x79, 0x61, 0x68, 0x6f,
  0x6f, 0x29, 0x5b, 0x30, 0x5d, 0x3b, 0x41, 0x62, 0x6f, 0x75, 0x74, 0x66, 0x69,
  0x6e, 0x64, 0x73, 0x3c, 0x2f, 0x68, 0x31, 0x3e, 0x64, 0x65, 0x62, 0x75, 0x67,
  0x74, 0x61, 0x73, 0x6b, 0x73, 0x55, 0x52, 0x4c, 0x20, 0x3d, 0x63, 0x65, 0x6c,
  0x6c, 0x73, 0x7d, 0x29, 0x28, 0x29, 0x3b, 0x31, 0x32, 0x70, 0x78, 0x3b, 0x70,
  0x72, 0x69, 0x6d, 0x65, 0x74, 0x65, 0x6c, 0x6c, 0x73, 0x74, 0x75, 0x72, 0x6e,
  0x73, 0x30, 0x78, 0x36, 0x30, 0x30, 0x2e, 0x6a, 0x70, 0x67, 0x22, 0x73, 0x70,
  0x61, 0x69, 0x6e, 0x62, 0x65, 0x61, 0x63, 0x68, 0x74, 0x61, 0x78, 0x65, 0x73,
  0x6d, 0x69, 0x63, 0x72, 0x6f, 0x61, 0x6e, 0x67, 0x65, 0x6c, 0x2d, 0x2d, 0x3e,
  0x3c, 0x2f, 0x67, 0x69, 0x66, 0x74, 0x73, 0x73, 0x74, 0x65, 0x76, 0x65, 0x2d,
  0x6c, 0x69, 0x6e, 0x6b, 0x62, 0x6f, 0x64, 0x79, 0x2e, 0x7d, 0x29, 0x3b, 0x0a,
  0x09, 0x6d, 0x6f, 0x75, 0x6e, 0x74, 0x20, 0x28, 0x31, 0x39, 0x39, 0x46, 0x41,
  0x51, 0x3c, 0x2f, 0x72, 0x6f, 0x67, 0x65, 0x72, 0x66, 0x72, 0x61, 0x6e, 0x6b,
  0x43, 0x6c, 0x61, 0x73, 0x73, 0x32, 0x38, 0x70, 0x78, 0x3b, 0x66, 0x65, 0x65,
  0x64, 0x73, 0x3c, 0x68, 0x31, 0x3e, 0x3c, 0x73, 0x63, 0x6f, 0x74, 0x74, 0x74,
  0x65, 0x73, 0x74, 0x73, 0x32, 0x32, 0x70, 0x78, 0x3b, 0x64, 0x72, 0x69, 0x6e,
  0x6b, 0x29, 0x20, 0x7c, 0x7c, 0x20, 0x6c, 0x65, 0x77, 0x69, 0x73, 0x73, 0x68,
  0x61, 0x6c, 0x6c, 0x23, 0x30, 0x33, 0x39, 0x3b, 0x20, 0x66, 0x6f, 0x72, 0x20,
  0x6c, 0x6f, 0x76, 0x65, 0x64, 0x77, 0x61, 0x73, 0x74, 0x65, 0x30, 0x30, 0x70,
  0x78, 0x3b, 0x6a, 0x61, 0x3a, 0xe3, 0x82, 0x73, 0x69, 0x6d, 0x6f, 0x6e, 0x3c,
  0x66, 0x6f, 0x6e, 0x74, 0x72, 0x65, 0x70, 0x6c, 0x79, 0x6d, 0x65, 0x65, 0x74,
  0x73, 0x75, 0x6e, 0x74, 0x65, 0x72, 0x63, 0x68, 0x65, 0x61, 0x70, 0x74, 0x69,
  0x67, 0x68, 0x74, 0x42, 0x72, 0x61, 0x6e, 0x64, 0x29, 0x20, 0x21, 0x3d, 0x20,
  0x64, 0x72, 0x65, 0x73, 0x73, 0x63, 0x6c, 0x69, 0x70, 0x73, 0x72, 0x6f, 0x6f,
  0x6d, 0x73, 0x6f, 0x6e, 0x6b, 0x65, 0x79, 0x6d, 0x6f, 0x62, 0x69, 0x6c, 0x6d,
  0x61, 0x69, 0x6e, 0x2e, 0x4e, 0x61, 0x6d, 0x65, 0x20, 0x70, 0x6c, 0x61, 0x74,
  0x65, 0x66, 0x75, 0x6e, 0x6e, 0x79, 0x74, 0x72, 0x65, 0x65, 0x73, 0x63, 0x6f,
  0x6d, 0x2f, 0x22, 0x31, 0x2e, 0x6a, 0x70, 0x67, 0x77, 0x6d, 0x6f, 0x64, 0x65,
  0x70, 0x61, 0x72, 0x61, 0x6d, 0x53, 0x54, 0x41, 0x52, 0x54, 0x6c, 0x65, 0x66,
  0x74, 0x20, 0x69, 0x64, 0x64, 0x65, 0x6e, 0x2c, 0x20, 0x32, 0x30, 0x31, 0x29,
  0x3b, 0x0a, 0x7d, 0x0a, 0x66, 0x6f, 0x72, 0x6d, 0x2e, 0x76, 0x69, 0x72, 0x75,
  0x73, 0x63, 0x68, 0x61, 0x69, 0x72, 0x74, 0x72, 0x61, 0x6e, 0x73, 0x77, 0x6f,
  0x72, 0x73, 0x74, 0x50, 0x61, 0x67, 0x65, 0x73, 0x69, 0x74, 0x69, 0x6f, 0x6e,
  0x70, 0x61, 0x74, 0x63, 0x68, 0x3c, 0x21, 0x2d, 0x2d, 0x0a, 0x6f, 0x2d, 0x63,
  0x61, 0x63, 0x66, 0x69, 0x72, 0x6d, 0x73, 0x74, 0x6f, 0x75, 0x72, 0x73, 0x2c,
  0x30, 0x30, 0x30, 0x20, 0x61, 0x73, 0x69, 0x61, 0x6e, 0x69, 0x2b, 0x2b, 0x29,
  0x7b, 0x61, 0x64, 0x6f, 0x62, 0x65, 0x27, 0x29, 0x5b, 0x30, 0x5d, 0x69, 0x64,
  0x3d, 0x31, 0x30, 0x62, 0x6f, 0x74, 0x68, 0x3b, 0x6d, 0x65, 0x6e, 0x75, 0x20,
  0x2e, 0x32, 0x2e, 0x6d, 0x69, 0x2e, 0x70, 0x6e, 0x67, 0x22, 0x6b, 0x65, 0x76,
  0x69, 0x6e, 0x63, 0x6f, 0x61, 0x63, 0x68, 0x43, 0x68, 0x69, 0x6c, 0x64, 0x62,
  0x72, 0x75, 0x63, 0x65, 0x32, 0x2e, 0x6a, 0x70, 0x67, 0x55, 0x52, 0x4c, 0x29,
  0x2b, 0x2e, 0x6a, 0x70, 0x67, 0x7c, 0x73, 0x75, 0x69, 0x74, 0x65, 0x73, 0x6c,
  0x69, 0x63, 0x65, 0x68, 0x61, 0x72, 0x72, 0x79, 0x31, 0x32, 0x30, 0x22, 0x20,
  0x73, 0x77, 0x65, 0x65, 0x74, 0x74, 0x72, 0x3e, 0x0d, 0x0a, 0x6e, 0x61, 0x6d,
  0x65, 0x3d, 0x64, 0x69, 0x65, 0x67, 0x6f, 0x70, 0x61, 0x67, 0x65, 0x20, 0x73,
  0x77, 0x69, 0x73, 0x73, 0x2d, 0x2d, 0x3e, 0x0a, 0x0a, 0x23, 0x66, 0x66, 0x66,
  0x3b, 0x22, 0x3e, 0x4c, 0x6f, 0x67, 0x2e, 0x63, 0x6f, 0x6d, 0x22, 0x74, 0x72,
  0x65, 0x61, 0x74, 0x73, 0x68, 0x65, 0x65, 0x74, 0x29, 0x20, 0x26, 0x26, 0x20,
  0x31, 0x34, 0x70, 0x78, 0x3b, 0x73, 0x6c, 0x65, 0x65, 0x70, 0x6e, 0x74, 0x65,
  0x6e, 0x74, 0x66, 0x69, 0x6c, 0x65, 0x64, 0x6a, 0x61, 0x3a, 0xe3, 0x83, 0x69,
  0x64, 0x3d, 0x22, 0x63, 0x4e, 0x61, 0x6d, 0x65, 0x22, 0x77, 0x6f, 0x72, 0x73,
  0x65, 0x73, 0x68, 0x6f, 0x74, 0x73, 0x2d, 0x62, 0x6f, 0x78, 0x2d, 0x64, 0x65,
  0x6c, 0x74, 0x61, 0x0a, 0x26, 0x6c, 0x74, 0x3b, 0x62, 0x65, 0x61, 0x72, 0x73,
  0x3a, 0x34, 0x38, 0x5a, 0x3c, 0x64, 0x61, 0x74, 0x61, 0x2d, 0x72, 0x75, 0x72,
  0x61, 0x6c, 0x3c, 0x2f, 0x61, 0x3e, 0x20, 0x73, 0x70, 0x65, 0x6e, 0x64, 0x62,
  0x61, 0x6b, 0x65, 0x72, 0x73, 0x68, 0x6f, 0x70, 0x73, 0x3d, 0x20, 0x22, 0x22,
  0x3b, 0x70, 0x68, 0x70, 0x22, 0x3e, 0x63, 0x74, 0x69, 0x6f, 0x6e, 0x31, 0x33,
  0x70, 0x78, 0x3b, 0x62, 0x72, 0x69, 0x61, 0x6e, 0x68, 0x65, 0x6c, 0x6c, 0x6f,
  0x73, 0x69, 0x7a, 0x65, 0x3d, 0x6f, 0x3d, 0x25, 0x32, 0x46, 0x20, 0x6a, 0x6f,
  0x69, 0x6e, 0x6d, 0x61, 0x79, 0x62, 0x65, 0x3c, 0x69, 0x6d, 0x67, 0x20, 0x69,
  0x6d, 0x67, 0x22, 0x3e, 0x2c, 0x20, 0x66, 0x6a, 0x73, 0x69, 0x6d, 0x67, 0x22,
  0x20, 0x22, 0x29, 0x5b, 0x30, 0x5d, 0x4d, 0x54, 0x6f, 0x70, 0x42, 0x54, 0x79,
  0x70, 0x65, 0x22, 0x6e, 0x65, 0x77, 0x6c, 0x79, 0x44, 0x61, 0x6e, 0x73, 0x6b,
  0x63, 0x7a, 0x65, 0x63, 0x68, 0x74, 0x72, 0x61, 0x69, 0x6c, 0x6b, 0x6e, 0x6f,
  0x77, 0x73, 0x3c, 0x2f, 0x68, 0x35, 0x3e, 0x66, 0x61, 0x71, 0x22, 0x3e, 0x7a,
  0x68, 0x2d, 0x63, 0x6e, 0x31, 0x30, 0x29, 0x3b, 0x0a, 0x2d, 0x31, 0x22, 0x29,
  0x3b, 0x74, 0x79, 0x70, 0x65, 0x3d, 0x62, 0x6c, 0x75, 0x65, 0x73, 0x74, 0x72,
  0x75, 0x6c, 0x79, 0x64, 0x61, 0x76, 0x69, 0x73, 0x2e, 0x6a, 0x73, 0x27, 0x3b,
  0x3e, 0x0d, 0x0a, 0x3c, 0x21, 0x73, 0x74, 0x65, 0x65, 0x6c, 0x20, 0x79, 0x6f,
  0x75, 0x20, 0x68, 0x32, 0x3e, 0x0d, 0x0a, 0x66, 0x6f, 0x72, 0x6d, 0x20, 0x6a,
  0x65, 0x73, 0x75, 0x73, 0x31, 0x30, 0x30, 0x25, 0x20, 0x6d, 0x65, 0x6e, 0x75,
  0x2e, 0x0d, 0x0a, 0x09, 0x0d, 0x0a, 0x77, 0x61, 0x6c, 0x65, 0x73, 0x72, 0x69,
  0x73, 0x6b, 0x73, 0x75, 0x6d, 0x65, 0x6e, 0x74, 0x64, 0x64, 0x69, 0x6e, 0x67,
  0x62, 0x2d, 0x6c, 0x69, 0x6b, 0x74, 0x65, 0x61, 0x63, 0x68, 0x67, 0x69, 0x66,
  0x22, 0x20, 0x76, 0x65, 0x67, 0x61, 0x73, 0x64, 0x61, 0x6e, 0x73, 0x6b, 0x65,
  0x65, 0x73, 0x74, 0x69, 0x73, 0x68, 0x71, 0x69, 0x70, 0x73, 0x75, 0x6f, 0x6d,
  0x69, 0x73, 0x6f, 0x62, 0x72, 0x65, 0x64, 0x65, 0x73, 0x64, 0x65, 0x65, 0x6e,
  0x74, 0x72, 0x65, 0x74, 0x6f, 0x64, 0x6f, 0x73, 0x70, 0x75, 0x65, 0x64, 0x65,
  0x61, 0xc3, 0xb1, 0x6f, 0x73, 0x65, 0x73, 0x74, 0xc3, 0xa1, 0x74, 0x69, 0x65,
  0x6e, 0x65, 0x68, 0x61, 0x73, 0x74, 0x61, 0x6f, 0x74, 0x72, 0x6f, 0x73, 0x70,
  0x61, 0x72, 0x74, 0x65, 0x64, 0x6f, 0x6e, 0x64, 0x65, 0x6e, 0x75, 0x65, 0x76,
  0x6f, 0x68, 0x61, 0x63, 0x65, 0x72, 0x66, 0x6f, 0x72, 0x6d, 0x61, 0x6d, 0x69,
  0x73, 0x6d, 0x6f, 0x6d, 0x65, 0x6a, 0x6f, 0x72, 0x6d, 0x75, 0x6e, 0x64, 0x6f,
  0x61, 0x71, 0x75, 0xc3, 0xad, 0x64, 0xc3, 0xad, 0x61, 0x73, 0x73, 0xc3, 0xb3,
  0x6c, 0x6f, 0x61, 0x79, 0x75, 0x64, 0x61, 0x66, 0x65, 0x63, 0x68, 0x61, 0x74,
  0x6f, 0x64, 0x61, 0x73, 0x74, 0x61, 0x6e, 0x74, 0x6f, 0x6d, 0x65, 0x6e, 0x6f,
  0x73, 0x64, 0x61, 0x74, 0x6f, 0x73, 0x6f, 0x74, 0x72, 0x61, 0x73, 0x73, 0x69,
  0x74, 0x69, 0x6f, 0x6d, 0x75, 0x63, 0x68, 0x6f, 0x61, 0x68, 0x6f, 0x72, 0x61,
  0x6c, 0x75, 0x67, 0x61, 0x72, 0x6d, 0x61, 0x79, 0x6f, 0x72, 0x65, 0x73, 0x74,
  0x6f, 0x73, 0x68, 0x6f, 0x72, 0x61, 0x73, 0x74, 0x65, 0x6e, 0x65, 0x72, 0x61,
  0x6e, 0x74, 0x65, 0x73, 0x66, 0x6f, 0x74, 0x6f, 0x73, 0x65, 0x73, 0x74, 0x61,
  0x73, 0x70, 0x61, 0xc3, 0xad, 0x73, 0x6e, 0x75, 0x65, 0x76, 0x61, 0x73, 0x61,
  0x6c, 0x75, 0x64, 0x66, 0x6f, 0x72, 0x6f, 0x73, 0x6d, 0x65, 0x64, 0x69, 0x6f,
  0x71, 0x75, 0x69, 0x65, 0x6e, 0x6d, 0x65, 0x73, 0x65, 0x73, 0x70, 0x6f, 0x64,
  0x65, 0x72, 0x63, 0x68, 0x69, 0x6c, 0x65, 0x73, 0x65, 0x72, 0xc3, 0xa1, 0x76,
  0x65, 0x63, 0x65, 0x73, 0x64, 0x65, 0x63, 0x69, 0x72, 0x6a, 0x6f, 0x73, 0xc3,
  0xa9, 0x65, 0x73, 0x74, 0x61, 0x72, 0x76, 0x65, 0x6e, 0x74, 0x61, 0x67, 0x72,
  0x75, 0x70, 0x6f, 0x68, 0x65, 0x63, 0x68, 0x6f, 0x65, 0x6c, 0x6c, 0x6f, 0x73,
  0x74, 0x65, 0x6e, 0x67, 0x6f, 0x61, 0x6d, 0x69, 0x67, 0x6f, 0x63, 0x6f, 0x73,
  0x61, 0x73, 0x6e, 0x69, 0x76, 0x65, 0x6c, 0x67, 0x65, 0x6e, 0x74, 0x65, 0x6d,
  0x69, 0x73, 0x6d, 0x61, 0x61, 0x69, 0x72, 0x65, 0x73, 0x6a, 0x75, 0x6c, 0x69,
  0x6f, 0x74, 0x65, 0x6d, 0x61, 0x73, 0x68, 0x61, 0x63, 0x69, 0x61, 0x66, 0x61,
  0x76, 0x6f, 0x72, 0x6a, 0x75, 0x6e, 0x69, 0x6f, 0x6c, 0x69, 0x62, 0x72, 0x65,
  0x70, 0x75, 0x6e, 0x74, 0x6f, 0x62, 0x75, 0x65, 0x6e, 0x6f, 0x61, 0x75, 0x74,
  0x6f, 0x72, 0x61, 0x62, 0x72, 0x69, 0x6c, 0x62, 0x75, 0x65, 0x6e, 0x61, 0x74,
  0x65, 0x78, 0x74, 0x6f, 0x6d, 0x61, 0x72, 0x7a, 0x6f, 0x73, 0x61, 0x62, 0x65,
  0x72, 0x6c, 0x69, 0x73, 0x74, 0x61, 0x6c, 0x75, 0x65, 0x67, 0x6f, 0x63, 0xc3,
  0xb3, 0x6d, 0x6f, 0x65, 0x6e, 0x65, 0x72, 0x6f, 0x6a, 0x75, 0x65, 0x67, 0x6f,
  0x70, 0x65, 0x72, 0xc3, 0xba, 0x68, 0x61, 0x62, 0x65, 0x72, 0x65, 0x73, 0x74,
  0x6f, 0x79, 0x6e, 0x75, 0x6e, 0x63, 0x61, 0x6d, 0x75, 0x6a, 0x65, 0x72, 0x76,
  0x61, 0x6c, 0x6f, 0x72, 0x66, 0x75, 0x65, 0x72, 0x61, 0x6c, 0x69, 0x62, 0x72,
  0x6f, 0x67, 0x75, 0x73, 0x74, 0x61, 0x69, 0x67, 0x75, 0x61, 0x6c, 0x76, 0x6f,
  0x74, 0x6f, 0x73, 0x63, 0x61, 0x73, 0x6f, 0x73, 0x67, 0x75, 0xc3, 0xad, 0x61,
  0x70, 0x75, 0x65, 0x64, 0x6f, 0x73, 0x6f, 0x6d, 0x6f, 0x73, 0x61, 0x76, 0x69,
  0x73, 0x6f, 0x75, 0x73, 0x74, 0x65, 0x64, 0x64, 0x65, 0x62, 0x65, 0x6e, 0x6e,
  0x6f, 0x63, 0x68, 0x65, 0x62, 0x75, 0x73, 0x63, 0x61, 0x66, 0x61, 0x6c, 0x74,
  0x61, 0x65, 0x75, 0x72, 0x6f, 0x73, 0x73, 0x65, 0x72, 0x69, 0x65, 0x64, 0x69,
  0x63, 0x68, 0x6f, 0x63, 0x75, 0x72, 0x73, 0x6f, 0x63, 0x6c, 0x61, 0x76, 0x65,
  0x63, 0x61, 0x73, 0x61, 0x73, 0x6c, 0x65, 0xc3, 0xb3, 0x6e, 0x70, 0x6c, 0x61,
  0x7a, 0x6f, 0x6c, 0x61, 0x72, 0x67, 0x6f, 0x6f, 0x62, 0x72, 0x61, 0x73, 0x76,
  0x69, 0x73, 0x74, 0x61, 0x61, 0x70, 0x6f, 0x79, 0x6f, 0x6a, 0x75, 0x6e, 0x74,
  0x6f, 0x74, 0x72, 0x61, 0x74, 0x61, 0x76, 0x69, 0x73, 0x74, 0x6f, 0x63, 0x72,
  0x65, 0x61, 0x72, 0x63, 0x61, 0x6d, 0x70, 0x6f, 0x68, 0x65, 0x6d, 0x6f, 0x73,
  0x63, 0x69, 0x6e, 0x63, 0x6f, 0x63, 0x61, 0x72, 0x67, 0x6f, 0x70, 0x69, 0x73,
  0x6f, 0x73, 0x6f, 0x72, 0x64, 0x65, 0x6e, 0x68, 0x61, 0x63, 0x65, 0x6e, 0xc3,
  0xa1, 0x72, 0x65, 0x61, 0x64, 0x69, 0x73, 0x63, 0x6f, 0x70, 0x65, 0x64, 0x72,
  0x6f, 0x63, 0x65, 0x72, 0x63, 0x61, 0x70, 0x75, 0x65, 0x64, 0x61, 0x70, 0x61,
  0x70, 0x65, 0x6c, 0x6d, 0x65, 0x6e, 0x6f, 0x72, 0xc3, 0xba, 0x74, 0x69, 0x6c,
  0x63, 0x6c, 0x61, 0x72, 0x6f, 0x6a, 0x6f, 0x72, 0x67, 0x65, 0x63, 0x61, 0x6c,
  0x6c, 0x65, 0x70, 0x6f, 0x6e, 0x65, 0x72, 0x74, 0x61, 0x72, 0x64, 0x65, 0x6e,
  0x61, 0x64, 0x69, 0x65, 0x6d, 0x61, 0x72, 0x63, 0x61, 0x73, 0x69, 0x67, 0x75,
  0x65, 0x65, 0x6c, 0x6c, 0x61, 0x73, 0x73, 0x69, 0x67, 0x6c, 0x6f, 0x63, 0x6f,
  0x63, 0x68, 0x65, 0x6d, 0x6f, 0x74, 0x6f, 0x73, 0x6d, 0x61, 0x64, 0x72, 0x65,
  0x63, 0x6c, 0x61, 0x73, 0x65, 0x72, 0x65, 0x73, 0x74, 0x6f, 0x6e, 0x69, 0xc3,
  0xb1, 0x6f, 0x71, 0x75, 0x65, 0x64, 0x61, 0x70, 0x61, 0x73, 0x61, 0x72, 0x62,
  0x61, 0x6e, 0x63, 0x6f, 0x68, 0x69, 0x6a, 0x6f, 0x73, 0x76, 0x69, 0x61, 0x6a,
  0x65, 0x70, 0x61, 0x62, 0x6c, 0x6f, 0xc3, 0xa9, 0x73, 0x74, 0x65, 0x76, 0x69,
  0x65, 0x6e, 0x65, 0x72, 0x65, 0x69, 0x6e, 0x6f, 0x64, 0x65, 0x6a, 0x61, 0x72,
  0x66, 0x6f, 0x6e, 0x64, 0x6f, 0x63, 0x61, 0x6e, 0x61, 0x6c, 0x6e, 0x6f, 0x72,
  0x74, 0x65, 0x6c, 0x65, 0x74, 0x72, 0x61, 0x63, 0x61, 0x75, 0x73, 0x61, 0x74,
  0x6f, 0x6d, 0x61, 0x72, 0x6d, 0x61, 0x6e, 0x6f, 0x73, 0x6c, 0x75, 0x6e, 0x65,
  0x73, 0x61, 0x75, 0x74, 0x6f, 0x73, 0x76, 0x69, 0x6c, 0x6c, 0x61, 0x76, 0x65,
  0x6e, 0x64, 0x6f, 0x70, 0x65, 0x73, 0x61, 0x72, 0x74, 0x69, 0x70, 0x6f, 0x73,
  0x74, 0x65, 0x6e, 0x67, 0x61, 0x6d, 0x61, 0x72, 0x63, 0x6f, 0x6c, 0x6c, 0x65,
  0x76, 0x61, 0x70, 0x61, 0x64, 0x72, 0x65, 0x75, 0x6e, 0x69, 0x64, 0x6f, 0x76,
  0x61, 0x6d, 0x6f, 0x73, 0x7a, 0x6f, 0x6e, 0x61, 0x73, 0x61, 0x6d, 0x62, 0x6f,
  0x73, 0x62, 0x61, 0x6e, 0x64, 0x61, 0x6d, 0x61, 0x72, 0x69, 0x61, 0x61, 0x62,
  0x75, 0x73, 0x6f, 0x6d, 0x75, 0x63, 0x68, 0x61, 0x73, 0x75, 0x62, 0x69, 0x72,
  0x72, 0x69, 0x6f, 0x6a, 0x61, 0x76, 0x69, 0x76, 0x69, 0x72, 0x67, 0x72, 0x61,
  0x64, 0x6f, 0x63, 0x68, 0x69, 0x63, 0x61, 0x61, 0x6c, 0x6c, 0xc3, 0xad, 0x6a,
  0x6f, 0x76, 0x65, 0x6e, 0x64, 0x69, 0x63, 0x68, 0x61, 0x65, 0x73, 0x74, 0x61,
  0x6e, 0x74, 0x61, 0x6c, 0x65, 0x73, 0x73, 0x61, 0x6c, 0x69, 0x72, 0x73, 0x75,
  0x65, 0x6c, 0x6f, 0x70, 0x65, 0x73, 0x6f, 0x73, 0x66, 0x69, 0x6e, 0x65, 0x73,
  0x6c, 0x6c, 0x61, 0x6d, 0x61, 0x62, 0x75, 0x73, 0x63, 0x6f, 0xc3, 0xa9, 0x73,
  0x74, 0x61, 0x6c, 0x6c, 0x65, 0x67, 0x61, 0x6e, 0x65, 0x67, 0x72, 0x6f, 0x70,
  0x6c, 0x61, 0x7a, 0x61, 0x68, 0x75, 0x6d, 0x6f, 0x72, 0x70, 0x61, 0x67, 0x61,
  0x72, 0x6a, 0x75, 0x6e, 0x74, 0x61, 0x64, 0x6f, 0x62, 0x6c, 0x65, 0x69, 0x73,
  0x6c, 0x61, 0x73, 0x62, 0x6f, 0x6c, 0x73, 0x61, 0x62, 0x61, 0xc3, 0xb1, 0x6f,
  0x68, 0x61, 0x62, 0x6c, 0x61, 0x6c, 0x75, 0x63, 0x68, 0x61, 0xc3, 0x81, 0x72,
  0x65, 0x61, 0x64, 0x69, 0x63, 0x65, 0x6e, 0x6a, 0x75, 0x67, 0x61, 0x72, 0x6e,
  0x6f, 0x74, 0x61, 0x73, 0x76, 0x61, 0x6c, 0x6c, 0x65, 0x61, 0x6c, 0x6c, 0xc3,
  0xa1, 0x63, 0x61, 0x72, 0x67, 0x61, 0x64, 0x6f, 0x6c, 0x6f, 0x72, 0x61, 0x62,
  0x61, 0x6a, 0x6f, 0x65, 0x73, 0x74, 0xc3, 0xa9, 0x67, 0x75, 0x73, 0x74, 0x6f,
  0x6d, 0x65, 0x6e, 0x74, 0x65, 0x6d, 0x61, 0x72, 0x69, 0x6f, 0x66, 0x69, 0x72,
  0x6d, 0x61, 0x63, 0x6f, 0x73, 0x74, 0x6f, 0x66, 0x69, 0x63, 0x68, 0x61, 0x70,
  0x6c, 0x61, 0x74, 0x61, 0x68, 0x6f, 0x67, 0x61, 0x72, 0x61, 0x72, 0x74, 0x65,
  0x73, 0x6c, 0x65, 0x79, 0x65, 0x73, 0x61, 0x71, 0x75, 0x65, 0x6c, 0x6d, 0x75,
  0x73, 0x65, 0x6f, 0x62, 0x61, 0x73, 0x65, 0x73, 0x70, 0x6f, 0x63, 0x6f, 0x73,
  0x6d, 0x69, 0x74, 0x61, 0x64, 0x63, 0x69, 0x65, 0x6c, 0x6f, 0x63, 0x68, 0x69,
  0x63, 0x6f, 0x6d, 0x69, 0x65, 0x64, 0x6f, 0x67, 0x61, 0x6e, 0x61, 0x72, 0x73,
  0x61, 0x6e, 0x74, 0x6f, 0x65, 0x74, 0x61, 0x70, 0x61, 0x64, 0x65, 0x62, 0x65,
  0x73, 0x70, 0x6c, 0x61, 0x79, 0x61, 0x72, 0x65, 0x64, 0x65, 0x73, 0x73, 0x69,
  0x65, 0x74, 0x65, 0x63, 0x6f, 0x72, 0x74, 0x65, 0x63, 0x6f, 0x72, 0x65, 0x61,
  0x64, 0x75, 0x64, 0x61, 0x73, 0x64, 0x65, 0x73, 0x65, 0x6f, 0x76, 0x69, 0x65,
  0x6a, 0x6f, 0x64, 0x65, 0x73, 0x65, 0x61, 0x61, 0x67, 0x75, 0x61, 0x73, 0x26,
  0x71, 0x75, 0x6f, 0x74, 0x3b, 0x64, 0x6f, 0x6d, 0x61, 0x69, 0x6e, 0x63, 0x6f,
  0x6d, 0x6d, 0x6f, 0x6e, 0x73, 0x74, 0x61, 0x74, 0x75, 0x73, 0x65, 0x76, 0x65,
  0x6e, 0x74, 0x73, 0x6d, 0x61, 0x73, 0x74, 0x65, 0x72, 0x73, 0x79, 0x73, 0x74,
  0x65, 0x6d, 0x61, 0x63, 0x74, 0x69, 0x6f, 0x6e, 0x62, 0x61, 0x6e, 0x6e, 0x65,
  0x72, 0x72, 0x65, 0x6d, 0x6f, 0x76, 0x65, 0x73, 0x63, 0x72, 0x6f, 0x6c, 0x6c,
  0x75, 0x70, 0x64, 0x61, 0x74, 0x65, 0x67, 0x6c, 0x6f, 0x62, 0x61, 0x6c, 0x6d,
  0x65, 0x64, 0x69, 0x75, 0x6d, 0x66, 0x69, 0x6c, 0x74, 0x65, 0x72, 0x6e, 0x75,
  0x6d, 0x62, 0x65, 0x72, 0x63, 0x68, 0x61, 0x6e, 0x67, 0x65, 0x72, 0x65, 0x73,
  0x75, 0x6c, 0x74, 0x70, 0x75, 0x62, 0x6c, 0x69, 0x63, 0x73, 0x63, 0x72, 0x65,
  0x65, 0x6e, 0x63, 0x68, 0x6f, 0x6f, 0x73, 0x65, 0x6e, 0x6f, 0x72, 0x6d, 0x61,
  0x6c, 0x74, 0x72, 0x61, 0x76, 0x65, 0x6c, 0x69, 0x73, 0x73, 0x75, 0x65, 0x73,
  0x73, 0x6f, 0x75, 0x72, 0x63, 0x65, 0x74, 0x61, 0x72, 0x67, 0x65, 0x74, 0x73,
  0x70, 0x72, 0x69, 0x6e, 0x67, 0x6d, 0x6f, 0x64, 0x75, 0x6c, 0x65, 0x6d, 0x6f,
  0x62, 0x69, 0x6c, 0x65, 0x73, 0x77, 0x69, 0x74, 0x63, 0x68, 0x70, 0x68, 0x6f,
  0x74, 0x6f, 0x73, 0x62, 0x6f, 0x72, 0x64, 0x65, 0x72, 0x72, 0x65, 0x67, 0x69,
  0x6f, 0x6e, 0x69, 0x74, 0x73, 0x65, 0x6c, 0x66, 0x73, 0x6f, 0x63, 0x69, 0x61,
  0x6c, 0x61, 0x63, 0x74, 0x69, 0x76, 0x65, 0x63, 0x6f, 0x6c, 0x75, 0x6d, 0x6e,
  0x72, 0x65, 0x63, 0x6f, 0x72, 0x64, 0x66, 0x6f, 0x6c, 0x6c, 0x6f, 0x77, 0x74,
  0x69, 0x74, 0x6c, 0x65, 0x3e, 0x65, 0x69, 0x74, 0x68, 0x65, 0x72, 0x6c, 0x65,
  0x6e, 0x67, 0x74, 0x68, 0x66, 0x61, 0x6d, 0x69, 0x6c, 0x79, 0x66, 0x72, 0x69,
  0x65, 0x6e, 0x64, 0x6c, 0x61, 0x79, 0x6f, 0x75, 0x74, 0x61, 0x75, 0x74, 0x68,
  0x6f, 0x72, 0x63, 0x72, 0x65, 0x61, 0x74, 0x65, 0x72, 0x65, 0x76, 0x69, 0x65,
  0x77, 0x73, 0x75, 0x6d, 0x6d, 0x65, 0x72, 0x73, 0x65, 0x72, 0x76, 0x65, 0x72,
  0x70, 0x6c, 0x61, 0x79, 0x65, 0x64, 0x70, 0x6c, 0x61, 0x79, 0x65, 0x72, 0x65,
  0x78, 0x70, 0x61, 0x6e, 0x64, 0x70, 0x6f, 0x6c, 0x69, 0x63, 0x79, 0x66, 0x6f,
  0x72, 0x6d, 0x61, 0x74, 0x64, 0x6f, 0x75, 0x62, 0x6c, 0x65, 0x70, 0x6f, 0x69,
  0x6e, 0x74, 0x73, 0x73, 0x65, 0x72, 0x69, 0x65, 0x73, 0x70, 0x65, 0x72, 0x73,
  0x6f, 0x6e, 0x6c, 0x69, 0x76, 0x69, 0x6e, 0x67, 0x64, 0x65, 0x73, 0x69, 0x67,
  0x6e, 0x6d, 0x6f, 0x6e, 0x74, 0x68, 0x73, 0x66, 0x6f, 0x72, 0x63, 0x65, 0x73,
  0x75, 0x6e, 0x69, 0x71, 0x75, 0x65, 0x77, 0x65, 0x69, 0x67, 0x68, 0x74, 0x70,
  0x65, 0x6f, 0x70, 0x6c, 0x65, 0x65, 0x6e, 0x65, 0x72, 0x67, 0x79, 0x6e, 0x61,
  0x74, 0x75, 0x72, 0x65, 0x73, 0x65, 0x61, 0x72, 0x63, 0x68, 0x66, 0x69, 0x67,
  0x75, 0x72, 0x65, 0x68, 0x61, 0x76, 0x69, 0x6e, 0x67, 0x63, 0x75, 0x73, 0x74,
  0x6f, 0x6d, 0x6f, 0x66, 0x66, 0x73, 0x65, 0x74, 0x6c, 0x65, 0x74, 0x74, 0x65,
  0x72, 0x77, 0x69, 0x6e, 0x64, 0x6f, 0x77, 0x73, 0x75, 0x62, 0x6d, 0x69, 0x74,
  0x72, 0x65, 0x6e, 0x64, 0x65, 0x72, 0x67, 0x72, 0x6f, 0x75, 0x70, 0x73, 0x75,
  0x70, 0x6c, 0x6f, 0x61, 0x64, 0x68, 0x65, 0x61, 0x6c, 0x74, 0x68, 0x6d, 0x65,
  0x74, 0x68, 0x6f, 0x64, 0x76, 0x69, 0x64, 0x65, 0x6f, 0x73, 0x73, 0x63, 0x68,
  0x6f, 0x6f, 0x6c, 0x66, 0x75, 0x74, 0x75, 0x72, 0x65, 0x73, 0x68, 0x61, 0x64,
  0x6f, 0x77, 0x64, 0x65, 0x62, 0x61, 0x74, 0x65, 0x76, 0x61, 0x6c, 0x75, 0x65,
  0x73, 0x4f, 0x62, 0x6a, 0x65, 0x63, 0x74, 0x6f, 0x74, 0x68, 0x65, 0x72, 0x73,
  0x72, 0x69, 0x67, 0x68, 0x74, 0x73, 0x6c, 0x65, 0x61, 0x67, 0x75, 0x65, 0x63,
  0x68, 0x72, 0x6f, 0x6d, 0x65, 0x73, 0x69, 0x6d, 0x70, 0x6c, 0x65, 0x6e, 0x6f,
  0x74, 0x69, 0x63, 0x65, 0x73, 0x68, 0x61, 0x72, 0x65, 0x64, 0x65, 0x6e, 0x64,
  0x69, 0x6e, 0x67, 0x73, 0x65, 0x61, 0x73, 0x6f, 0x6e, 0x72, 0x65, 0x70, 0x6f,
  0x72, 0x74, 0x6f, 0x6e, 0x6c, 0x69, 0x6e, 0x65, 0x73, 0x71, 0x75, 0x61, 0x72,
  0x65, 0x62, 0x75, 0x74, 0x74, 0x6f, 0x6e, 0x69, 0x6d, 0x61, 0x67, 0x65, 0x73,
  0x65, 0x6e, 0x61, 0x62, 0x6c, 0x65, 0x6d, 0x6f, 0x76, 0x69, 0x6e, 0x67, 0x6c,
  0x61, 0x74, 0x65, 0x73, 0x74, 0x77, 0x69, 0x6e, 0x74, 0x65, 0x72, 0x46, 0x72,
  0x61, 0x6e, 0x63, 0x65, 0x70, 0x65, 0x72, 0x69, 0x6f, 0x64, 0x73, 0x74, 0x72,
  0x6f, 0x6e, 0x67, 0x72, 0x65, 0x70, 0x65, 0x61, 0x74, 0x4c, 0x6f, 0x6e, 0x64,
  0x6f, 0x6e, 0x64, 0x65, 0x74, 0x61, 0x69, 0x6c, 0x66, 0x6f, 0x72, 0x6d, 0x65,
  0x64, 0x64, 0x65, 0x6d, 0x61, 0x6e, 0x64, 0x73, 0x65, 0x63, 0x75, 0x72, 0x65,
  0x70, 0x61, 0x73, 0x73, 0x65, 0x64, 0x74, 0x6f, 0x67, 0x67, 0x6c, 0x65, 0x70,
  0x6c, 0x61, 0x63, 0x65, 0x73, 0x64, 0x65, 0x76, 0x69, 0x63, 0x65, 0x73, 0x74,
  0x61, 0x74, 0x69, 0x63, 0x63, 0x69, 0x74, 0x69, 0x65, 0x73, 0x73, 0x74, 0x72,
  0x65, 0x61, 0x6d, 0x79, 0x65, 0x6c, 0x6c, 0x6f, 0x77, 0x61, 0x74, 0x74, 0x61,
  0x63, 0x6b, 0x73, 0x74, 0x72, 0x65, 0x65, 0x74, 0x66, 0x6c, 0x69, 0x67, 0x68,
  0x74, 0x68, 0x69, 0x64, 0x64, 0x65, 0x6e, 0x69, 0x6e, 0x66, 0x6f, 0x22, 0x3e,
  0x6f, 0x70, 0x65, 0x6e, 0x65, 0x64, 0x75, 0x73, 0x65, 0x66, 0x75, 0x6c, 0x76,
  0x61, 0x6c, 0x6c, 0x65, 0x79, 0x63, 0x61, 0x75, 0x73, 0x65, 0x73, 0x6c, 0x65,
  0x61, 0x64, 0x65, 0x72, 0x73, 0x65, 0x63, 0x72, 0x65, 0x74, 0x73, 0x65, 0x63,
  0x6f, 0x6e, 0x64, 0x64, 0x61, 0x6d, 0x61, 0x67, 0x65, 0x73, 0x70, 0x6f, 0x72,
  0x74, 0x73, 0x65, 0x78, 0x63, 0x65, 0x70, 0x74, 0x72, 0x61, 0x74, 0x69, 0x6e,
  0x67, 0x73, 0x69, 0x67, 0x6e, 0x65, 0x64, 0x74, 0x68, 0x69, 0x6e, 0x67, 0x73,
  0x65, 0x66, 0x66, 0x65, 0x63, 0x74, 0x66, 0x69, 0x65, 0x6c, 0x64, 0x73, 0x73,
  0x74, 0x61, 0x74, 0x65, 0x73, 0x6f, 0x66, 0x66, 0x69, 0x63, 0x65, 0x76, 0x69,
  0x73, 0x75, 0x61, 0x6c, 0x65, 0x64, 0x69, 0x74, 0x6f, 0x72, 0x76, 0x6f, 0x6c,
  0x75, 0x6d, 0x65, 0x52, 0x65, 0x70, 0x6f, 0x72, 0x74, 0x6d, 0x75, 0x73, 0x65,
  0x75, 0x6d, 0x6d, 0x6f, 0x76, 0x69, 0x65, 0x73, 0x70, 0x61, 0x72, 0x65, 0x6e,
  0x74, 0x61, 0x63, 0x63, 0x65, 0x73, 0x73, 0x6d, 0x6f, 0x73, 0x74, 0x6c, 0x79,
  0x6d, 0x6f, 0x74, 0x68, 0x65, 0x72, 0x22, 0x20, 0x69, 0x64, 0x3d, 0x22, 0x6d,
  0x61, 0x72, 0x6b, 0x65, 0x74, 0x67, 0x72, 0x6f, 0x75, 0x6e, 0x64, 0x63, 0x68,
  0x61, 0x6e, 0x63, 0x65, 0x73, 0x75, 0x72, 0x76, 0x65, 0x79, 0x62, 0x65, 0x66,
  0x6f, 0x72, 0x65, 0x73, 0x79, 0x6d, 0x62, 0x6f, 0x6c, 0x6d, 0x6f, 0x6d, 0x65,
  0x6e, 0x74, 0x73, 0x70, 0x65, 0x65, 0x63, 0x68, 0x6d, 0x6f, 0x74, 0x69, 0x6f,
  0x6e, 0x69, 0x6e, 0x73, 0x69, 0x64, 0x65, 0x6d, 0x61, 0x74, 0x74, 0x65, 0x72,
  0x43, 0x65, 0x6e, 0x74, 0x65, 0x72, 0x6f, 0x62, 0x6a, 0x65, 0x63, 0x74, 0x65,
  0x78, 0x69, 0x73, 0x74, 0x73, 0x6d, 0x69, 0x64, 0x64, 0x6c, 0x65, 0x45, 0x75,
  0x72, 0x6f, 0x70, 0x65, 0x67, 0x72, 0x6f, 0x77, 0x74, 0x68, 0x6c, 0x65, 0x67,
  0x61, 0x63, 0x79, 0x6d, 0x61, 0x6e, 0x6e, 0x65, 0x72, 0x65, 0x6e, 0x6f, 0x75,
  0x67, 0x68, 0x63, 0x61, 0x72, 0x65, 0x65, 0x72, 0x61, 0x6e, 0x73, 0x77, 0x65,
  0x72, 0x6f, 0x72, 0x69, 0x67, 0x69, 0x6e, 0x70, 0x6f, 0x72, 0x74, 0x61, 0x6c,
  0x63, 0x6c, 0x69, 0x65, 0x6e, 0x74, 0x73, 0x65, 0x6c, 0x65, 0x63, 0x74, 0x72,
  0x61, 0x6e, 0x64, 0x6f, 0x6d, 0x63, 0x6c, 0x6f, 0x73, 0x65, 0x64, 0x74, 0x6f,
  0x70, 0x69, 0x63, 0x73, 0x63, 0x6f, 0x6d, 0x69, 0x6e, 0x67, 0x66, 0x61, 0x74,
  0x68, 0x65, 0x72, 0x6f, 0x70, 0x74, 0x69, 0x6f, 0x6e, 0x73, 0x69, 0x6d, 0x70,
  0x6c, 0x79, 0x72, 0x61, 0x69, 0x73, 0x65, 0x64, 0x65, 0x73, 0x63, 0x61, 0x70,
  0x65, 0x63, 0x68, 0x6f, 0x73, 0x65, 0x6e, 0x63, 0x68, 0x75, 0x72, 0x63, 0x68,
  0x64, 0x65, 0x66, 0x69, 0x6e, 0x65, 0x72, 0x65, 0x61, 0x73, 0x6f, 0x6e, 0x63,
  0x6f, 0x72, 0x6e, 0x65, 0x72, 0x6f, 0x75, 0x74, 0x70, 0x75, 0x74, 0x6d, 0x65,
  0x6d, 0x6f, 0x72, 0x79, 0x69, 0x66, 0x72, 0x61, 0x6d, 0x65, 0x70, 0x6f, 0x6c,
  0x69, 0x63, 0x65, 0x6d, 0x6f, 0x64, 0x65, 0x6c, 0x73, 0x4e, 0x75, 0x6d, 0x62,
  0x65, 0x72, 0x64, 0x75, 0x72, 0x69, 0x6e, 0x67, 0x6f, 0x66, 0x66, 0x65, 0x72,
  0x73, 0x73, 0x74, 0x79, 0x6c, 0x65, 0x73, 0x6b, 0x69, 0x6c, 0x6c, 0x65, 0x64,
  0x6c, 0x69, 0x73, 0x74, 0x65, 0x64, 0x63, 0x61, 0x6c, 0x6c, 0x65, 0x64, 0x73,
  0x69, 0x6c, 0x76, 0x65, 0x72, 0x6d, 0x61, 0x72, 0x67, 0x69, 0x6e, 0x64, 0x65,
  0x6c, 0x65, 0x74, 0x65, 0x62, 0x65, 0x74, 0x74, 0x65, 0x72, 0x62, 0x72, 0x6f,
  0x77, 0x73, 0x65, 0x6c, 0x69, 0x6d, 0x69, 0x74, 0x73, 0x47, 0x6c, 0x6f, 0x62,
  0x61, 0x6c, 0x73, 0x69, 0x6e, 0x67, 0x6c, 0x65, 0x77, 0x69, 0x64, 0x67, 0x65,
  0x74, 0x63, 0x65, 0x6e, 0x74, 0x65, 0x72, 0x62, 0x75, 0x64, 0x67, 0x65, 0x74,
  0x6e, 0x6f, 0x77, 0x72, 0x61, 0x70, 0x63, 0x72, 0x65, 0x64, 0x69, 0x74, 0x63,
  0x6c, 0x61, 0x69, 0x6d, 0x73, 0x65, 0x6e, 0x67, 0x69, 0x6e, 0x65, 0x73, 0x61,
  0x66, 0x65, 0x74, 0x79, 0x63, 0x68, 0x6f, 0x69, 0x63, 0x65, 0x73, 0x70, 0x69,
  0x72, 0x69, 0x74, 0x2d, 0x73, 0x74, 0x79, 0x6c, 0x65, 0x73, 0x70, 0x72, 0x65,
  0x61, 0x64, 0x6d, 0x61, 0x6b, 0x69, 0x6e, 0x67, 0x6e, 0x65, 0x65, 0x64, 0x65,
  0x64, 0x72, 0x75, 0x73, 0x73, 0x69, 0x61, 0x70, 0x6c, 0x65, 0x61, 0x73, 0x65,
  0x65, 0x78, 0x74, 0x65, 0x6e, 0x74, 0x53, 0x63, 0x72, 0x69, 0x70, 0x74, 0x62,
  0x72, 0x6f, 0x6b, 0x65, 0x6e, 0x61, 0x6c, 0x6c, 0x6f, 0x77, 0x73, 0x63, 0x68,
  0x61, 0x72, 0x67, 0x65, 0x64, 0x69, 0x76, 0x69, 0x64, 0x65, 0x66, 0x61, 0x63,
  0x74, 0x6f, 0x72, 0x6d, 0x65, 0x6d, 0x62, 0x65, 0x72, 0x2d, 0x62, 0x61, 0x73,
  0x65, 0x64, 0x74, 0x68, 0x65, 0x6f, 0x72, 0x79, 0x63, 0x6f, 0x6e, 0x66, 0x69,
  0x67, 0x61, 0x72, 0x6f, 0x75, 0x6e, 0x64, 0x77, 0x6f, 0x72, 0x6b, 0x65, 0x64,
  0x68, 0x65, 0x6c, 0x70, 0x65, 0x64, 0x43, 0x68, 0x75, 0x72, 0x63, 0x68, 0x69,
  0x6d, 0x70, 0x61, 0x63, 0x74, 0x73, 0x68, 0x6f, 0x75, 0x6c, 0x64, 0x61, 0x6c,
  0x77, 0x61, 0x79, 0x73, 0x6c, 0x6f, 0x67, 0x6f, 0x22, 0x20, 0x62, 0x6f, 0x74,
  0x74, 0x6f, 0x6d, 0x6c, 0x69, 0x73, 0x74, 0x22, 0x3e, 0x29, 0x7b, 0x76, 0x61,
  0x72, 0x20, 0x70, 0x72, 0x65, 0x66, 0x69, 0x78, 0x6f, 0x72, 0x61, 0x6e, 0x67,
  0x65, 0x48, 0x65, 0x61, 0x64, 0x65, 0x72, 0x2e, 0x70, 0x75, 0x73, 0x68, 0x28,
  0x63, 0x6f, 0x75, 0x70, 0x6c, 0x65, 0x67, 0x61, 0x72, 0x64, 0x65, 0x6e, 0x62,
  0x72, 0x69, 0x64, 0x67, 0x65, 0x6c, 0x61, 0x75, 0x6e, 0x63, 0x68, 0x52, 0x65,
  0x76, 0x69, 0x65, 0x77, 0x74, 0x61, 0x6b, 0x69, 0x6e, 0x67, 0x76, 0x69, 0x73,
  0x69, 0x6f, 0x6e, 0x6c, 0x69, 0x74, 0x74, 0x6c, 0x65, 0x64, 0x61, 0x74, 0x69,
  0x6e, 0x67, 0x42, 0x75, 0x74, 0x74, 0x6f, 0x6e, 0x62, 0x65, 0x61, 0x75, 0x74,
  0x79, 0x74, 0x68, 0x65, 0x6d, 0x65, 0x73, 0x66, 0x6f, 0x72, 0x67, 0x6f, 0x74,
  0x53, 0x65, 0x61, 0x72, 0x63, 0x68, 0x61, 0x6e, 0x63, 0x68, 0x6f, 0x72, 0x61,
  0x6c, 0x6d, 0x6f, 0x73, 0x74, 0x6c, 0x6f, 0x61, 0x64, 0x65, 0x64, 0x43, 0x68,
  0x61, 0x6e, 0x67, 0x65, 0x72, 0x65, 0x74, 0x75, 0x72, 0x6e, 0x73, 0x74, 0x72,
  0x69, 0x6e, 0x67, 0x72, 0x65, 0x6c, 0x6f, 0x61, 0x64, 0x4d, 0x6f, 0x62, 0x69,
  0x6c, 0x65, 0x69, 0x6e, 0x63, 0x6f, 0x6d, 0x65, 0x73, 0x75, 0x70, 0x70, 0x6c,
  0x79, 0x53, 0x6f, 0x75, 0x72, 0x63, 0x65, 0x6f, 0x72, 0x64, 0x65, 0x72, 0x73,
  0x76, 0x69, 0x65, 0x77, 0x65, 0x64, 0x26, 0x6e, 0x62, 0x73, 0x70, 0x3b, 0x63,
  0x6f, 0x75, 0x72, 0x73, 0x65, 0x41, 0x62, 0x6f, 0x75, 0x74, 0x20, 0x69, 0x73,
  0x6c, 0x61, 0x6e, 0x64, 0x3c, 0x68, 0x74, 0x6d, 0x6c, 0x20, 0x63, 0x6f, 0x6f,
  0x6b, 0x69, 0x65, 0x6e, 0x61, 0x6d, 0x65, 0x3d, 0x22, 0x61, 0x6d, 0x61, 0x7a,
  0x6f, 0x6e, 0x6d, 0x6f, 0x64, 0x65, 0x72, 0x6e, 0x61, 0x64, 0x76, 0x69, 0x63,
  0x65, 0x69, 0x6e, 0x3c, 0x2f, 0x61, 0x3e, 0x3a, 0x20, 0x54, 0x68, 0x65, 0x20,
  0x64, 0x69, 0x61, 0x6c, 0x6f, 0x67, 0x68, 0x6f, 0x75, 0x73, 0x65, 0x73, 0x42,
  0x45, 0x47, 0x49, 0x4e, 0x20, 0x4d, 0x65, 0x78, 0x69, 0x63, 0x6f, 0x73, 0x74,
  0x61, 0x72, 0x74, 0x73, 0x63, 0x65, 0x6e, 0x74, 0x72, 0x65, 0x68, 0x65, 0x69,
  0x67, 0x68, 0x74, 0x61, 0x64, 0x64, 0x69, 0x6e, 0x67, 0x49, 0x73, 0x6c, 0x61,
  0x6e, 0x64, 0x61, 0x73, 0x73, 0x65, 0x74, 0x73, 0x45, 0x6d, 0x70, 0x69, 0x72,
  0x65, 0x53, 0x63, 0x68, 0x6f, 0x6f, 0x6c, 0x65, 0x66, 0x66, 0x6f, 0x72, 0x74,
  0x64, 0x69, 0x72, 0x65, 0x63, 0x74, 0x6e, 0x65, 0x61, 0x72, 0x6c, 0x79, 0x6d,
  0x61, 0x6e, 0x75, 0x61, 0x6c, 0x53, 0x65, 0x6c, 0x65, 0x63, 0x74, 0x2e, 0x0a,
  0x0a, 0x4f, 0x6e, 0x65, 0x6a, 0x6f, 0x69, 0x6e, 0x65, 0x64, 0x6d, 0x65, 0x6e,
  0x75, 0x22, 0x3e, 0x50, 0x68, 0x69, 0x6c, 0x69, 0x70, 0x61, 0x77, 0x61, 0x72,
  0x64, 0x73, 0x68, 0x61, 0x6e, 0x64, 0x6c, 0x65, 0x69, 0x6d, 0x70, 0x6f, 0x72,
  0x74, 0x4f, 0x66, 0x66, 0x69, 0x63, 0x65, 0x72, 0x65, 0x67, 0x61, 0x72, 0x64,
  0x73, 0x6b, 0x69, 0x6c, 0x6c, 0x73, 0x6e, 0x61, 0x74, 0x69, 0x6f, 0x6e, 0x53,
  0x70, 0x6f, 0x72, 0x74, 0x73, 0x64, 0x65, 0x67, 0x72, 0x65, 0x65, 0x77, 0x65,
  0x65, 0x6b, 0x6c, 0x79, 0x20, 0x28, 0x65, 0x2e, 0x67, 0x2e, 0x62, 0x65, 0x68,
  0x69, 0x6e, 0x64, 0x64, 0x6f, 0x63, 0x74, 0x6f, 0x72, 0x6c, 0x6f, 0x67, 0x67,
  0x65, 0x64, 0x75, 0x6e, 0x69, 0x74, 0x65, 0x64, 0x3c, 0x2f, 0x62, 0x3e, 0x3c,
  0x2f, 0x62, 0x65, 0x67, 0x69, 0x6e, 0x73, 0x70, 0x6c, 0x61, 0x6e, 0x74, 0x73,
  0x61, 0x73, 0x73, 0x69, 0x73, 0x74, 0x61, 0x72, 0x74, 0x69, 0x73, 0x74, 0x69,
  0x73, 0x73, 0x75, 0x65, 0x64, 0x33, 0x30, 0x30, 0x70, 0x78, 0x7c, 0x63, 0x61,
  0x6e, 0x61, 0x64, 0x61, 0x61, 0x67, 0x65, 0x6e, 0x63, 0x79, 0x73, 0x63, 0x68,
  0x65, 0x6d, 0x65, 0x72, 0x65, 0x6d, 0x61, 0x69, 0x6e, 0x42, 0x72, 0x61, 0x7a,
  0x69, 0x6c, 0x73, 0x61, 0x6d, 0x70, 0x6c, 0x65, 0x6c, 0x6f, 0x67, 0x6f, 0x22,
  0x3e, 0x62, 0x65, 0x79, 0x6f, 0x6e, 0x64, 0x2d, 0x73, 0x63, 0x61, 0x6c, 0x65,
  0x61, 0x63, 0x63, 0x65, 0x70, 0x74, 0x73, 0x65, 0x72, 0x76, 0x65, 0x64, 0x6d,
  0x61, 0x72, 0x69, 0x6e, 0x65, 0x46, 0x6f, 0x6f, 0x74, 0x65, 0x72, 0x63, 0x61,
  0x6d, 0x65, 0x72, 0x61, 0x3c, 0x2f, 0x68, 0x31, 0x3e, 0x0a, 0x5f, 0x66, 0x6f,
  0x72, 0x6d, 0x22, 0x6c, 0x65, 0x61, 0x76, 0x65, 0x73, 0x73, 0x74, 0x72, 0x65,
  0x73, 0x73, 0x22, 0x20, 0x2f, 0x3e, 0x0d, 0x0a, 0x2e, 0x67, 0x69, 0x66, 0x22,
  0x20, 0x6f, 0x6e, 0x6c, 0x6f, 0x61, 0x64, 0x6c, 0x6f, 0x61, 0x64, 0x65, 0x72,
  0x4f, 0x78, 0x66, 0x6f, 0x72, 0x64, 0x73, 0x69, 0x73, 0x74, 0x65, 0x72, 0x73,
  0x75, 0x72, 0x76, 0x69, 0x76, 0x6c, 0x69, 0x73, 0x74, 0x65, 0x6e, 0x66, 0x65,
  0x6d, 0x61, 0x6c, 0x65, 0x44, 0x65, 0x73, 0x69, 0x67, 0x6e, 0x73, 0x69, 0x7a,
  0x65, 0x3d, 0x22, 0x61, 0x70, 0x70, 0x65, 0x61, 0x6c, 0x74, 0x65, 0x78, 0x74,
  0x22, 0x3e, 0x6c, 0x65, 0x76, 0x65, 0x6c, 0x73, 0x74, 0x68, 0x61, 0x6e, 0x6b,
  0x73, 0x68, 0x69, 0x67, 0x68, 0x65, 0x72, 0x66, 0x6f, 0x72, 0x63, 0x65, 0x64,
  0x61, 0x6e, 0x69, 0x6d, 0x61, 0x6c, 0x61, 0x6e, 0x79, 0x6f, 0x6e, 0x65, 0x41,
  0x66, 0x72, 0x69, 0x63, 0x61, 0x61, 0x67, 0x72, 0x65, 0x65, 0x64, 0x72, 0x65,
  0x63, 0x65, 0x6e, 0x74, 0x50, 0x65, 0x6f, 0x70, 0x6c, 0x65, 0x3c, 0x62, 0x72,
  0x20, 0x2f, 0x3e, 0x77, 0x6f, 0x6e, 0x64, 0x65, 0x72, 0x70, 0x72, 0x69, 0x63,
  0x65, 0x73, 0x74, 0x75, 0x72, 0x6e, 0x65, 0x64, 0x7c, 0x7c, 0x20, 0x7b, 0x7d,
  0x3b, 0x6d, 0x61, 0x69, 0x6e, 0x22, 0x3e, 0x69, 0x6e, 0x6c, 0x69, 0x6e, 0x65,
  0x73, 0x75, 0x6e, 0x64, 0x61, 0x79, 0x77, 0x72, 0x61, 0x70, 0x22, 0x3e, 0x66,
  0x61, 0x69, 0x6c, 0x65, 0x64, 0x63, 0x65, 0x6e, 0x73, 0x75, 0x73, 0x6d, 0x69,
  0x6e, 0x75, 0x74, 0x65, 0x62, 0x65, 0x61, 0x63, 0x6f, 0x6e, 0x71, 0x75, 0x6f,
  0x74, 0x65, 0x73, 0x31, 0x35, 0x30, 0x70, 0x78, 0x7c, 0x65, 0x73, 0x74, 0x61,
  0x74, 0x65, 0x72, 0x65, 0x6d, 0x6f, 0x74, 0x65, 0x65, 0x6d, 0x61, 0x69, 0x6c,
  0x22, 0x6c, 0x69, 0x6e, 0x6b, 0x65, 0x64, 0x72, 0x69, 0x67, 0x68, 0x74, 0x3b,
  0x73, 0x69, 0x67, 0x6e, 0x61, 0x6c, 0x66, 0x6f, 0x72, 0x6d, 0x61, 0x6c, 0x31,
  0x2e, 0x68, 0x74, 0x6d, 0x6c, 0x73, 0x69, 0x67, 0x6e, 0x75, 0x70, 0x70, 0x72,
  0x69, 0x6e, 0x63, 0x65, 0x66, 0x6c, 0x6f, 0x61, 0x74, 0x3a, 0x2e, 0x70, 0x6e,
  0x67, 0x22, 0x20, 0x66, 0x6f, 0x72, 0x75, 0x6d, 0x2e, 0x41, 0x63, 0x63, 0x65,
  0x73, 0x73, 0x70, 0x61, 0x70, 0x65, 0x72, 0x73, 0x73, 0x6f, 0x75, 0x6e, 0x64,
  0x73, 0x65, 0x78, 0x74, 0x65, 0x6e, 0x64, 0x48, 0x65, 0x69, 0x67, 0x68, 0x74,
  0x73, 0x6c, 0x69, 0x64, 0x65, 0x72, 0x55, 0x54, 0x46, 0x2d, 0x38, 0x22, 0x26,
  0x61, 0x6d, 0x70, 0x3b, 0x20, 0x42, 0x65, 0x66, 0x6f, 0x72, 0x65, 0x2e, 0x20,
  0x57, 0x69, 0x74, 0x68, 0x73, 0x74, 0x75, 0x64, 0x69, 0x6f, 0x6f, 0x77, 0x6e,
  0x65, 0x72, 0x73, 0x6d, 0x61, 0x6e, 0x61, 0x67, 0x65, 0x70, 0x72, 0x6f, 0x66,
  0x69, 0x74, 0x6a, 0x51, 0x75, 0x65, 0x72, 0x79, 0x61, 0x6e, 0x6e, 0x75, 0x61,
  0x6c, 0x70, 0x61, 0x72, 0x61, 0x6d, 0x73, 0x62, 0x6f, 0x75, 0x67, 0x68, 0x74,
  0x66, 0x61, 0x6d, 0x6f, 0x75, 0x73, 0x67, 0x6f, 0x6f, 0x67, 0x6c, 0x65, 0x6c,
  0x6f, 0x6e, 0x67, 0x65, 0x72, 0x69, 0x2b, 0x2b, 0x29, 0x20, 0x7b, 0x69, 0x73,
  0x72, 0x61, 0x65, 0x6c, 0x73, 0x61, 0x79, 0x69, 0x6e, 0x67, 0x64, 0x65, 0x63,
  0x69, 0x64, 0x65, 0x68, 0x6f, 0x6d, 0x65, 0x22, 0x3e, 0x68, 0x65, 0x61, 0x64,
  0x65, 0x72, 0x65, 0x6e, 0x73, 0x75, 0x72, 0x65, 0x62, 0x72, 0x61, 0x6e, 0x63,
  0x68, 0x70, 0x69, 0x65, 0x63, 0x65, 0x73, 0x62, 0x6c, 0x6f, 0x63, 0x6b, 0x3b,
  0x73, 0x74, 0x61, 0x74, 0x65, 0x64, 0x74, 0x6f, 0x70, 0x22, 0x3e, 0x3c, 0x72,
  0x61, 0x63, 0x69, 0x6e, 0x67, 0x72, 0x65, 0x73, 0x69, 0x7a, 0x65, 0x2d, 0x2d,
  0x26, 0x67, 0x74, 0x3b, 0x70, 0x61, 0x63, 0x69, 0x74, 0x79, 0x73, 0x65, 0x78,
  0x75, 0x61, 0x6c, 0x62, 0x75, 0x72, 0x65, 0x61, 0x75, 0x2e, 0x6a, 0x70, 0x67,
  0x22, 0x20, 0x31, 0x30, 0x2c, 0x30, 0x30, 0x30, 0x6f, 0x62, 0x74, 0x61, 0x69,
  0x6e, 0x74, 0x69, 0x74, 0x6c, 0x65, 0x73, 0x61, 0x6d, 0x6f, 0x75, 0x6e, 0x74,
  0x2c, 0x20, 0x49, 0x6e, 0x63, 0x2e, 0x63, 0x6f, 0x6d, 0x65, 0x64, 0x79, 0x6d,
  0x65, 0x6e, 0x75, 0x22, 0x20, 0x6c, 0x79, 0x72, 0x69, 0x63, 0x73, 0x74, 0x6f,
  0x64, 0x61, 0x79, 0x2e, 0x69, 0x6e, 0x64, 0x65, 0x65, 0x64, 0x63, 0x6f, 0x75,
  0x6e, 0x74, 0x79, 0x5f, 0x6c, 0x6f, 0x67, 0x6f, 0x2e, 0x46, 0x61, 0x6d, 0x69,
  0x6c, 0x79, 0x6c, 0x6f, 0x6f, 0x6b, 0x65, 0x64, 0x4d, 0x61, 0x72, 0x6b, 0x65,
  0x74, 0x6c, 0x73, 0x65, 0x20, 0x69, 0x66, 0x50, 0x6c, 0x61, 0x79, 0x65, 0x72,
  0x74, 0x75, 0x72, 0x6b, 0x65, 0x79, 0x29, 0x3b, 0x76, 0x61, 0x72, 0x20, 0x66,
  0x6f, 0x72, 0x65, 0x73, 0x74, 0x67, 0x69, 0x76, 0x69, 0x6e, 0x67, 0x65, 0x72,
  0x72, 0x6f, 0x72, 0x73, 0x44, 0x6f, 0x6d, 0x61, 0x69, 0x6e, 0x7d, 0x65, 0x6c,
  0x73, 0x65, 0x7b, 0x69, 0x6e, 0x73, 0x65, 0x72, 0x74, 0x42, 0x6c, 0x6f, 0x67,
  0x3c, 0x2f, 0x66, 0x6f, 0x6f, 0x74, 0x65, 0x72, 0x6c, 0x6f, 0x67, 0x69, 0x6e,
  0x2e, 0x66, 0x61, 0x73, 0x74, 0x65, 0x72, 0x61, 0x67, 0x65, 0x6e, 0x74, 0x73,
  0x3c, 0x62, 0x6f, 0x64, 0x79, 0x20, 0x31, 0x30, 0x70, 0x78, 0x20, 0x30, 0x70,
  0x72, 0x61, 0x67, 0x6d, 0x61, 0x66, 0x72, 0x69, 0x64, 0x61, 0x79, 0x6a, 0x75,
  0x6e, 0x69, 0x6f, 0x72, 0x64, 0x6f, 0x6c, 0x6c, 0x61, 0x72, 0x70, 0x6c, 0x61,
  0x63, 0x65, 0x64, 0x63, 0x6f, 0x76, 0x65, 0x72, 0x73, 0x70, 0x6c, 0x75, 0x67,
  0x69, 0x6e, 0x35, 0x2c, 0x30, 0x30, 0x30, 0x20, 0x70, 0x61, 0x67, 0x65, 0x22,
  0x3e, 0x62, 0x6f, 0x73, 0x74, 0x6f, 0x6e, 0x2e, 0x74, 0x65, 0x73, 0x74, 0x28,
  0x61, 0x76, 0x61, 0x74, 0x61, 0x72, 0x74, 0x65, 0x73, 0x74, 0x65, 0x64, 0x5f,
  0x63, 0x6f, 0x75, 0x6e, 0x74, 0x66, 0x6f, 0x72, 0x75, 0x6d, 0x73, 0x73, 0x63,
  0x68, 0x65, 0x6d, 0x61, 0x69, 0x6e, 0x64, 0x65, 0x78, 0x2c, 0x66, 0x69, 0x6c,
  0x6c, 0x65, 0x64, 0x73, 0x68, 0x61, 0x72, 0x65, 0x73, 0x72, 0x65, 0x61, 0x64,
  0x65, 0x72, 0x61, 0x6c, 0x65, 0x72, 0x74, 0x28, 0x61, 0x70, 0x70, 0x65, 0x61,
  0x72, 0x53, 0x75, 0x62, 0x6d, 0x69, 0x74, 0x6c, 0x69, 0x6e, 0x65, 0x22, 0x3e,
  0x62, 0x6f, 0x64, 0x79, 0x22, 0x3e, 0x0a, 0x2a, 0x20, 0x54, 0x68, 0x65, 0x54,
  0x68, 0x6f, 0x75, 0x67, 0x68, 0x73, 0x65, 0x65, 0x69, 0x6e, 0x67, 0x6a, 0x65,
  0x72, 0x73, 0x65, 0x79, 0x4e, 0x65, 0x77, 0x73, 0x3c, 0x2f, 0x76, 0x65, 0x72,
  0x69, 0x66, 0x79, 0x65, 0x78, 0x70, 0x65, 0x72, 0x74, 0x69, 0x6e, 0x6a, 0x75,
  0x72, 0x79, 0x77, 0x69, 0x64, 0x74, 0x68, 0x3d, 0x43, 0x6f, 0x6f, 0x6b, 0x69,
  0x65, 0x53, 0x54, 0x41, 0x52, 0x54, 0x20, 0x61, 0x63, 0x72, 0x6f, 0x73, 0x73,
  0x5f, 0x69, 0x6d, 0x61, 0x67, 0x65, 0x74, 0x68, 0x72, 0x65, 0x61, 0x64, 0x6e,
  0x61, 0x74, 0x69, 0x76, 0x65, 0x70, 0x6f, 0x63, 0x6b, 0x65, 0x74, 0x62, 0x6f,
  0x78, 0x22, 0x3e, 0x0a, 0x53, 0x79, 0x73, 0x74, 0x65, 0x6d, 0x20, 0x44, 0x61,
  0x76, 0x69, 0x64, 0x63, 0x61, 0x6e, 0x63, 0x65, 0x72, 0x74, 0x61, 0x62, 0x6c,
  0x65, 0x73, 0x70, 0x72, 0x6f, 0x76, 0x65, 0x64, 0x41, 0x70, 0x72, 0x69, 0x6c,
  0x20, 0x72, 0x65, 0x61, 0x6c, 0x6c, 0x79, 0x64, 0x72, 0x69, 0x76, 0x65, 0x72,
  0x69, 0x74, 0x65, 0x6d, 0x22, 0x3e, 0x6d, 0x6f, 0x72, 0x65, 0x22, 0x3e, 0x62,
  0x6f, 0x61, 0x72, 0x64, 0x73, 0x63, 0x6f, 0x6c, 0x6f, 0x72, 0x73, 0x63, 0x61,
  0x6d, 0x70, 0x75, 0x73, 0x66, 0x69, 0x72, 0x73, 0x74, 0x20, 0x7c, 0x7c, 0x20,
  0x5b, 0x5d, 0x3b, 0x6d, 0x65, 0x64, 0x69, 0x61, 0x2e, 0x67, 0x75, 0x69, 0x74,
  0x61, 0x72, 0x66, 0x69, 0x6e, 0x69, 0x73, 0x68, 0x77, 0x69, 0x64, 0x74, 0x68,
  0x3a, 0x73, 0x68, 0x6f, 0x77, 0x65, 0x64, 0x4f, 0x74, 0x68, 0x65, 0x72, 0x20,
  0x2e, 0x70, 0x68, 0x70, 0x22, 0x20, 0x61, 0x73, 0x73, 0x75, 0x6d, 0x65, 0x6c,
  0x61, 0x79, 0x65, 0x72, 0x73, 0x77, 0x69, 0x6c, 0x73, 0x6f, 0x6e, 0x73, 0x74,
  0x6f, 0x72, 0x65, 0x73, 0x72, 0x65, 0x6c, 0x69, 0x65, 0x66, 0x73, 0x77, 0x65,
  0x64, 0x65, 0x6e, 0x43, 0x75, 0x73, 0x74, 0x6f, 0x6d, 0x65, 0x61, 0x73, 0x69,
  0x6c, 0x79, 0x20, 0x79, 0x6f, 0x75, 0x72, 0x20, 0x53, 0x74, 0x72, 0x69, 0x6e,
  0x67, 0x0a, 0x0a, 0x57, 0x68, 0x69, 0x6c, 0x74, 0x61, 0x79, 0x6c, 0x6f, 0x72,
  0x63, 0x6c, 0x65, 0x61, 0x72, 0x3a, 0x72, 0x65, 0x73, 0x6f, 0x72, 0x74, 0x66,
  0x72, 0x65, 0x6e, 0x63, 0x68, 0x74, 0x68, 0x6f, 0x75, 0x67, 0x68, 0x22, 0x29,
  0x20, 0x2b, 0x20, 0x22, 0x3c, 0x62, 0x6f, 0x64, 0x79, 0x3e, 0x62, 0x75, 0x79,
  0x69, 0x6e, 0x67, 0x62, 0x72, 0x61, 0x6e, 0x64, 0x73, 0x4d, 0x65, 0x6d, 0x62,
  0x65, 0x72, 0x6e, 0x61, 0x6d, 0x65, 0x22, 0x3e, 0x6f, 0x70, 0x70, 0x69, 0x6e,
  0x67, 0x73, 0x65, 0x63, 0x74, 0x6f, 0x72, 0x35, 0x70, 0x78, 0x3b, 0x22, 0x3e,
  0x76, 0x73, 0x70, 0x61, 0x63, 0x65, 0x70, 0x6f, 0x73, 0x74, 0x65, 0x72, 0x6d,
  0x61, 0x6a, 0x6f, 0x72, 0x20, 0x63, 0x6f, 0x66, 0x66, 0x65, 0x65, 0x6d, 0x61,
  0x72, 0x74, 0x69, 0x6e, 0x6d, 0x61, 0x74, 0x75, 0x72, 0x65, 0x68, 0x61, 0x70,
  0x70, 0x65, 0x6e, 0x3c, 0x2f, 0x6e, 0x61, 0x76, 0x3e, 0x6b, 0x61, 0x6e, 0x73,
  0x61, 0x73, 0x6c, 0x69, 0x6e, 0x6b, 0x22, 0x3e, 0x49, 0x6d, 0x61, 0x67, 0x65,
  0x73, 0x3d, 0x66, 0x61, 0x6c, 0x73, 0x65, 0x77, 0x68, 0x69, 0x6c, 0x65, 0x20,
  0x68, 0x73, 0x70, 0x61, 0x63, 0x65, 0x30, 0x26, 0x61, 0x6d, 0x70, 0x3b, 0x20,
  0x0a, 0x0a, 0x49, 0x6e, 0x20, 0x20, 0x70, 0x6f, 0x77, 0x65, 0x72, 0x50, 0x6f,
  0x6c, 0x73, 0x6b, 0x69, 0x2d, 0x63, 0x6f, 0x6c, 0x6f, 0x72, 0x6a, 0x6f, 0x72,
  0x64, 0x61, 0x6e, 0x42, 0x6f, 0x74, 0x74, 0x6f, 0x6d, 0x53, 0x74, 0x61, 0x72,
  0x74, 0x20, 0x2d, 0x63, 0x6f, 0x75, 0x6e, 0x74, 0x32, 0x2e, 0x68, 0x74, 0x6d,
  0x6c, 0x6e, 0x65, 0x77, 0x73, 0x22, 0x3e, 0x30, 0x31, 0x2e, 0x6a, 0x70, 0x67,
  0x4f, 0x6e, 0x6c, 0x69, 0x6e, 0x65, 0x2d, 0x72, 0x69, 0x67, 0x68, 0x74, 0x6d,
  0x69, 0x6c, 0x6c, 0x65, 0x72, 0x73, 0x65, 0x6e, 0x69, 0x6f, 0x72, 0x49, 0x53,
  0x42, 0x4e, 0x20, 0x30, 0x30, 0x2c, 0x30, 0x30, 0x30, 0x20, 0x67, 0x75, 0x69,
  0x64, 0x65, 0x73, 0x76, 0x61, 0x6c, 0x75, 0x65, 0x29, 0x65, 0x63, 0x74, 0x69,
  0x6f, 0x6e, 0x72, 0x65, 0x70, 0x61, 0x69, 0x72, 0x2e, 0x78, 0x6d, 0x6c, 0x22,
  0x20, 0x20, 0x72, 0x69, 0x67, 0x68, 0x74, 0x73, 0x2e, 0x68, 0x74, 0x6d, 0x6c,
  0x2d, 0x62, 0x6c, 0x6f, 0x63, 0x6b, 0x72, 0x65, 0x67, 0x45, 0x78, 0x70, 0x3a,
  0x68, 0x6f, 0x76, 0x65, 0x72, 0x77, 0x69, 0x74, 0x68, 0x69, 0x6e, 0x76, 0x69,
  0x72, 0x67, 0x69, 0x6e, 0x70, 0x68, 0x6f, 0x6e, 0x65, 0x73, 0x3c, 0x2f, 0x74,
  0x72, 0x3e, 0x0d, 0x75, 0x73, 0x69, 0x6e, 0x67, 0x20, 0x0a, 0x09, 0x76, 0x61,
  0x72, 0x20, 0x3e, 0x27, 0x29, 0x3b, 0x0a, 0x09, 0x3c, 0x2f, 0x74, 0x64, 0x3e,
  0x0a, 0x3c, 0x2f, 0x74, 0x72, 0x3e, 0x0a, 0x62, 0x61, 0x68, 0x61, 0x73, 0x61,
  0x62, 0x72, 0x61, 0x73, 0x69, 0x6c, 0x67, 0x61, 0x6c, 0x65, 0x67, 0x6f, 0x6d,
  0x61, 0x67, 0x79, 0x61, 0x72, 0x70, 0x6f, 0x6c, 0x73, 0x6b, 0x69, 0x73, 0x72,
  0x70, 0x73, 0x6b, 0x69, 0xd8, 0xb1, 0xd8, 0xaf, 0xd9, 0x88, 0xe4, 0xb8, 0xad,
  0xe6, 0x96, 0x87, 0xe7, 0xae, 0x80, 0xe4, 0xbd, 0x93, 0xe7, 0xb9, 0x81, 0xe9,
  0xab, 0x94, 0xe4, 0xbf, 0xa1, 0xe6, 0x81, 0xaf, 0xe4, 0xb8, 0xad, 0xe5, 0x9b,
  0xbd, 0xe6, 0x88, 0x91, 0xe4, 0xbb, 0xac, 0xe4, 0xb8, 0x80, 0xe4, 0xb8, 0xaa,
  0xe5, 0x85, 0xac, 0xe5, 0x8f, 0xb8, 0xe7, 0xae, 0xa1, 0xe7, 0x90, 0x86, 0xe8,
  0xae, 0xba, 0xe5, 0x9d, 0x9b, 0xe5, 0x8f, 0xaf, 0xe4, 0xbb, 0xa5, 0xe6, 0x9c,
  0x8d, 0xe5, 0x8a, 0xa1, 0xe6, 0x97, 0xb6, 0xe9, 0x97, 0xb4, 0xe4, 0xb8, 0xaa,
  0xe4, 0xba, 0xba, 0xe4, 0xba, 0xa7, 0xe5, 0x93, 0x81, 0xe8, 0x87, 0xaa, 0xe5,
  0xb7, 0xb1, 0xe4, 0xbc, 0x81, 0xe4, 0xb8, 0x9a, 0xe6, 0x9f, 0xa5, 0xe7, 0x9c,
  0x8b, 0xe5, 0xb7, 0xa5, 0xe4, 0xbd, 0x9c, 0xe8, 0x81, 0x94, 0xe7, 0xb3, 0xbb,
  0xe6, 0xb2, 0xa1, 0xe6, 0x9c, 0x89, 0xe7, 0xbd, 0x91, 0xe7, 0xab, 0x99, 0xe6,
  0x89, 0x80, 0xe6, 0x9c, 0x89, 0xe8, 0xaf, 0x84, 0xe8, 0xae, 0xba, 0xe4, 0xb8,
  0xad, 0xe5, 0xbf, 0x83, 0xe6, 0x96, 0x87, 0xe7, 0xab, 0xa0, 0xe7, 0x94, 0xa8,
  0xe6, 0x88, 0xb7, 0xe9, 0xa6, 0x96, 0xe9, 0xa1, 0xb5, 0xe4, 0xbd, 0x9c, 0xe8,
  0x80, 0x85, 0xe6, 0x8a, 0x80, 0xe6, 0x9c, 0xaf, 0xe9, 0x97, 0xae, 0xe9, 0xa2,
  0x98, 0xe7, 0x9b, 0xb8, 0xe5, 0x85, 0xb3, 0xe4, 0xb8, 0x8b, 0xe8, 0xbd, 0xbd,
  0xe6, 0x90, 0x9c, 0xe7, 0xb4, 0xa2, 0xe4, 0xbd, 0xbf, 0xe7, 0x94, 0xa8, 0xe8,
  0xbd, 0xaf, 0xe4, 0xbb, 0xb6, 0xe5, 0x9c, 0xa8, 0xe7, 0xba, 0xbf, 0xe4, 0xb8,
  0xbb, 0xe9, 0xa2, 0x98, 0xe8, 0xb5, 0x84, 0xe6, 0x96, 0x99, 0xe8, 0xa7, 0x86,
  0xe9, 0xa2, 0x91, 0xe5, 0x9b, 0x9e, 0xe5, 0xa4, 0x8d, 0xe6, 0xb3, 0xa8, 0xe5,
  0x86, 0x8c, 0xe7, 0xbd, 0x91, 0xe7, 0xbb, 0x9c, 0xe6, 0x94, 0xb6, 0xe8, 0x97,
  0x8f, 0xe5, 0x86, 0x85, 0xe5, 0xae, 0xb9, 0xe6, 0x8e, 0xa8, 0xe8, 0x8d, 0x90,
  0xe5, 0xb8, 0x82, 0xe5, 0x9c, 0xba, 0xe6, 0xb6, 0x88, 0xe6, 0x81, 0xaf, 0xe7,
  0xa9, 0xba, 0xe9, 0x97, 0xb4, 0xe5, 0x8f, 0x91, 0xe5, 0xb8, 0x83, 0xe4, 0xbb,
  0x80, 0xe4, 0xb9, 0x88, 0xe5, 0xa5, 0xbd, 0xe5, 0x8f, 0x8b, 0xe7, 0x94, 0x9f,
  0xe6, 0xb4, 0xbb, 0xe5, 0x9b, 0xbe, 0xe7, 0x89, 0x87, 0xe5, 0x8f, 0x91, 0xe5,
  0xb1, 0x95, 0xe5, 0xa6, 0x82, 0xe6, 0x9e, 0x9c, 0xe6, 0x89, 0x8b, 0xe6, 0x9c,
  0xba, 0xe6, 0x96, 0xb0, 0xe9, 0x97, 0xbb, 0xe6, 0x9c, 0x80, 0xe6, 0x96, 0xb0,
  0xe6, 0x96, 0xb9, 0xe5, 0xbc, 0x8f, 0xe5, 0x8c, 0x97, 0xe4, 0xba, 0xac, 0xe6,
  0x8f, 0x90, 0xe4, 0xbe, 0x9b, 0xe5, 0x85, 0xb3, 0xe4, 0xba, 0x8e, 0xe6, 0x9b,
  0xb4, 0xe5, 0xa4, 0x9a, 0xe8, 0xbf, 0x99, 0xe4, 0xb8, 0xaa, 0xe7, 0xb3, 0xbb,
  0xe7, 0xbb, 0x9f, 0xe7, 0x9f, 0xa5, 0xe9, 0x81, 0x93, 0xe6, 0xb8, 0xb8, 0xe6,
  0x88, 0x8f, 0xe5, 0xb9, 0xbf, 0xe5, 0x91, 0x8a, 0xe5, 0x85, 0xb6, 0xe4, 0xbb,
  0x96, 0xe5, 0x8f, 0x91, 0xe8, 0xa1, 0xa8, 0xe5, 0xae, 0x89, 0xe5, 0x85, 0xa8,
  0xe7, 0xac, 0xac, 0xe4, 0xb8, 0x80, 0xe4, 0xbc, 0x9a, 0xe5, 0x91, 0x98, 0xe8,
  0xbf, 0x9b, 0xe8, 0xa1, 0x8c, 0xe7, 0x82, 0xb9, 0xe5, 0x87, 0xbb, 0xe7, 0x89,
  0x88, 0xe6, 0x9d, 0x83, 0xe7, 0x94, 0xb5, 0xe5, 0xad, 0x90, 0xe4, 0xb8, 0x96,
  0xe7, 0x95, 0x8c, 0xe8, 0xae, 0xbe, 0xe8, 0xae, 0xa1, 0xe5, 0x85, 0x8d, 0xe8,
  0xb4, 0xb9, 0xe6, 0x95, 0x99, 0xe8, 0x82, 0xb2, 0xe5, 0x8a, 0xa0, 0xe5, 0x85,
  0xa5, 0xe6, 0xb4, 0xbb, 0xe5, 0x8a, 0xa8, 0xe4, 0xbb, 0x96, 0xe4, 0xbb, 0xac,
  0xe5, 0x95, 0x86, 0xe5, 0x93, 0x81, 0xe5, 0x8d, 0x9a, 0xe5, 0xae, 0xa2, 0xe7,
  0x8e, 0xb0, 0xe5, 0x9c, 0xa8, 0xe4, 0xb8, 0x8a, 0xe6, 0xb5, 0xb7, 0xe5, 0xa6,
  0x82, 0xe4, 0xbd, 0x95, 0xe5, 0xb7, 0xb2, 0xe7, 0xbb, 0x8f, 0xe7, 0x95, 0x99,
  0xe8, 0xa8, 0x80, 0xe8, 0xaf, 0xa6, 0xe7, 0xbb, 0x86, 0xe7, 0xa4, 0xbe, 0xe5,
  0x8c, 0xba, 0xe7, 0x99, 0xbb, 0xe5, 0xbd, 0x95, 0xe6, 0x9c, 0xac, 0xe7, 0xab,
  0x99, 0xe9, 0x9c, 0x80, 0xe8, 0xa6, 0x81, 0xe4, 0xbb, 0xb7, 0xe6, 0xa0, 0xbc,
  0xe6, 0x94, 0xaf, 0xe6, 0x8c, 0x81, 0xe5, 0x9b, 0xbd, 0xe9, 0x99, 0x85, 0xe9,
  0x93, 0xbe, 0xe6, 0x8e, 0xa5, 0xe5, 0x9b, 0xbd, 0xe5, 0xae, 0xb6, 0xe5, 0xbb,
  0xba, 0xe8, 0xae, 0xbe, 0xe6, 0x9c, 0x8b, 0xe5, 0x8f, 0x8b, 0xe9, 0x98, 0x85,
  0xe8, 0xaf, 0xbb, 0xe6, 0xb3, 0x95, 0xe5, 0xbe, 0x8b, 0xe4, 0xbd, 0x8d, 0xe7,
  0xbd, 0xae, 0xe7, 0xbb, 0x8f, 0xe6, 0xb5, 0x8e, 0xe9, 0x80, 0x89, 0xe6, 0x8b,
  0xa9, 0xe8, 0xbf, 0x99, 0xe6, 0xa0, 0xb7, 0xe5, 0xbd, 0x93, 0xe5, 0x89, 0x8d,
  0xe5, 0x88, 0x86, 0xe7, 0xb1, 0xbb, 0xe6, 0x8e, 0x92, 0xe8, 0xa1, 0x8c, 0xe5,
  0x9b, 0xa0, 0xe4, 0xb8, 0xba, 0xe4, 0xba, 0xa4, 0xe6, 0x98, 0x93, 0xe6, 0x9c,
  0x80, 0xe5, 0x90, 0x8e, 0xe9, 0x9f, 0xb3, 0xe4, 0xb9, 0x90, 0xe4, 0xb8, 0x8d,
  0xe8, 0x83, 0xbd, 0xe9, 0x80, 0x9a, 0xe8, 0xbf, 0x87, 0xe8, 0xa1, 0x8c, 0xe4,
  0xb8, 0x9a, 0xe7, 0xa7, 0x91, 0xe6, 0x8a, 0x80, 0xe5, 0x8f, 0xaf, 0xe8, 0x83,
  0xbd, 0xe8, 0xae, 0xbe, 0xe5, 0xa4, 0x87, 0xe5, 0x90, 0x88, 0xe4, 0xbd, 0x9c,
  0xe5, 0xa4, 0xa7, 0xe5, 0xae, 0xb6, 0xe7, 0xa4, 0xbe, 0xe4, 0xbc, 0x9a, 0xe7,
  0xa0, 0x94, 0xe7, 0xa9, 0xb6, 0xe4, 0xb8, 0x93, 0xe4, 0xb8, 0x9a, 0xe5, 0x85,
  0xa8, 0xe9, 0x83, 0xa8, 0xe9, 0xa1, 0xb9, 0xe7, 0x9b, 0xae, 0xe8, 0xbf, 0x99,
  0xe9, 0x87, 0x8c, 0xe8, 0xbf, 0x98, 0xe6, 0x98, 0xaf, 0xe5, 0xbc, 0x80, 0xe5,
  0xa7, 0x8b, 0xe6, 0x83, 0x85, 0xe5, 0x86, 0xb5, 0xe7, 0x94, 0xb5, 0xe8, 0x84,
  0x91, 0xe6, 0x96, 0x87, 0xe4, 0xbb, 0xb6, 0xe5, 0x93, 0x81, 0xe7, 0x89, 0x8c,
  0xe5, 0xb8, 0xae, 0xe5, 0x8a, 0xa9, 0xe6, 0x96, 0x87, 0xe5, 0x8c, 0x96, 0xe8,
  0xb5, 0x84, 0xe6, 0xba, 0x90, 0xe5, 0xa4, 0xa7, 0xe5, 0xad, 0xa6, 0xe5, 0xad,
  0xa6, 0xe4, 0xb9, 0xa0, 0xe5, 0x9c, 0xb0, 0xe5, 0x9d, 0x80, 0xe6, 0xb5, 0x8f,
  0xe8, 0xa7, 0x88, 0xe6, 0x8a, 0x95, 0xe8, 0xb5, 0x84, 0xe5, 0xb7, 0xa5, 0xe7,
  0xa8, 0x8b, 0xe8, 0xa6, 0x81, 0xe6, 0xb1, 0x82, 0xe6, 0x80, 0x8e, 0xe4, 0xb9,
  0x88, 0xe6, 0x97, 0xb6, 0xe5, 0x80, 0x99, 0xe5, 0x8a, 0x9f, 0xe8, 0x83, 0xbd,
  0xe4, 0xb8, 0xbb, 0xe8, 0xa6, 0x81, 0xe7, 0x9b, 0xae, 0xe5, 0x89, 0x8d, 0xe8,
  0xb5, 0x84, 0xe8, 0xae, 0xaf, 0xe5, 0x9f, 0x8e, 0xe5, 0xb8, 0x82, 0xe6, 0x96,
  0xb9, 0xe6, 0xb3, 0x95, 0xe7, 0x94, 0xb5, 0xe5, 0xbd, 0xb1, 0xe6, 0x8b, 0x9b,
  0xe8, 0x81, 0x98, 0xe5, 0xa3, 0xb0, 0xe6, 0x98, 0x8e, 0xe4, 0xbb, 0xbb, 0xe4,
  0xbd, 0x95, 0xe5, 0x81, 0xa5, 0xe5, 0xba, 0xb7, 0xe6, 0x95, 0xb0, 0xe6, 0x8d,
  0xae, 0xe7, 0xbe, 0x8e, 0xe5, 0x9b, 0xbd, 0xe6, 0xb1, 0xbd, 0xe8, 0xbd, 0xa6,
  0xe4, 0xbb, 0x8b, 0xe7, 0xbb, 0x8d, 0xe4, 0xbd, 0x86, 0xe6, 0x98, 0xaf, 0xe4,
  0xba, 0xa4, 0xe6, 0xb5, 0x81, 0xe7, 0x94, 0x9f, 0xe4, 0xba, 0xa7, 0xe6, 0x89,
  0x80, 0xe4, 0xbb, 0xa5, 0xe7, 0x94, 0xb5, 0xe8, 0xaf, 0x9d, 0xe6, 0x98, 0xbe,
  0xe7, 0xa4, 0xba, 0xe4, 0xb8, 0x80, 0xe4, 0xba, 0x9b, 0xe5, 0x8d, 0x95, 0xe4,
  0xbd, 0x8d, 0xe4, 0xba, 0xba, 0xe5, 0x91, 0x98, 0xe5, 0x88, 0x86, 0xe6, 0x9e,
  0x90, 0xe5, 0x9c, 0xb0, 0xe5, 0x9b, 0xbe, 0xe6, 0x97, 0x85, 0xe6, 0xb8, 0xb8,
  0xe5, 0xb7, 0xa5, 0xe5, 0x85, 0xb7, 0xe5, 0xad, 0xa6, 0xe7, 0x94, 0x9f, 0xe7,
  0xb3, 0xbb, 0xe5, 0x88, 0x97, 0xe7, 0xbd, 0x91, 0xe5, 0x8f, 0x8b, 0xe5, 0xb8,
  0x96, 0xe5, 0xad, 0x90, 0xe5, 0xaf, 0x86, 0xe7, 0xa0, 0x81, 0xe9, 0xa2, 0x91,
  0xe9, 0x81, 0x93, 0xe6, 0x8e, 0xa7, 0xe5, 0x88, 0xb6, 0xe5, 0x9c, 0xb0, 0xe5,
  0x8c, 0xba, 0xe5, 0x9f, 0xba, 0xe6, 0x9c, 0xac, 0xe5, 0x85, 0xa8, 0xe5, 0x9b,
  0xbd, 0xe7, 0xbd, 0x91, 0xe4, 0xb8, 0x8a, 0xe9, 0x87, 0x8d, 0xe8, 0xa6, 0x81,
  0xe7, 0xac, 0xac, 0xe4, 0xba, 0x8c, 0xe5, 0x96, 0x9c, 0xe6, 0xac, 0xa2, 0xe8,
  0xbf, 0x9b, 0xe5, 0x85, 0xa5, 0xe5, 0x8f, 0x8b, 0xe6, 0x83, 0x85, 0xe8, 0xbf,
  0x99, 0xe4, 0xba, 0x9b, 0xe8, 0x80, 0x83, 0xe8, 0xaf, 0x95, 0xe5, 0x8f, 0x91,
  0xe7, 0x8e, 0xb0, 0xe5, 0x9f, 0xb9, 0xe8, 0xae, 0xad, 0xe4, 0xbb, 0xa5, 0xe4,
  0xb8, 0x8a, 0xe6, 0x94, 0xbf, 0xe5, 0xba, 0x9c, 0xe6, 0x88, 0x90, 0xe4, 0xb8,
  0xba, 0xe7, 0x8e, 0xaf, 0xe5, 0xa2, 0x83, 0xe9, 0xa6, 0x99, 0xe6, 0xb8, 0xaf,
  0xe5, 0x90, 0x8c, 0xe6, 0x97, 0xb6, 0xe5, 0xa8, 0xb1, 0xe4, 0xb9, 0x90, 0xe5,
  0x8f, 0x91, 0xe9, 0x80, 0x81, 0xe4, 0xb8, 0x80, 0xe5, 0xae, 0x9a, 0xe5, 0xbc,
  0x80, 0xe5, 0x8f, 0x91, 0xe4, 0xbd, 0x9c, 0xe5, 0x93, 0x81, 0xe6, 0xa0, 0x87,
  0xe5, 0x87, 0x86, 0xe6, 0xac, 0xa2, 0xe8, 0xbf, 0x8e, 0xe8, 0xa7, 0xa3, 0xe5,
  0x86, 0xb3, 0xe5, 0x9c, 0xb0, 0xe6, 0x96, 0xb9, 0xe4, 0xb8, 0x80, 0xe4, 0xb8,
  0x8b, 0xe4, 0xbb, 0xa5, 0xe5, 0x8f, 0x8a, 0xe8, 0xb4, 0xa3, 0xe4, 0xbb, 0xbb,
  0xe6, 0x88, 0x96, 0xe8, 0x80, 0x85, 0xe5, 0xae, 0xa2, 0xe6, 0x88, 0xb7, 0xe4,
  0xbb, 0xa3, 0xe8, 0xa1, 0xa8, 0xe7, 0xa7, 0xaf, 0xe5, 0x88, 0x86, 0xe5, 0xa5,
  0xb3, 0xe4, 0xba, 0xba, 0xe6, 0x95, 0xb0, 0xe7, 0xa0, 0x81, 0xe9, 0x94, 0x80,
  0xe5, 0x94, 0xae, 0xe5, 0x87, 0xba, 0xe7, 0x8e, 0xb0, 0xe7, 0xa6, 0xbb, 0xe7,
  0xba, 0xbf, 0xe5, 0xba, 0x94, 0xe7, 0x94, 0xa8, 0xe5, 0x88, 0x97, 0xe8, 0xa1,
  0xa8, 0xe4, 0xb8, 0x8d, 0xe5, 0x90, 0x8c, 0xe7, 0xbc, 0x96, 0xe8, 0xbe, 0x91,
  0xe7, 0xbb, 0x9f, 0xe8, 0xae, 0xa1, 0xe6, 0x9f, 0xa5, 0xe8, 0xaf, 0xa2, 0xe4,
  0xb8, 0x8d, 0xe8, 0xa6, 0x81, 0xe6, 0x9c, 0x89, 0xe5, 0x85, 0xb3, 0xe6, 0x9c,
  0xba, 0xe6, 0x9e, 0x84, 0xe5, 0xbe, 0x88, 0xe5, 0xa4, 0x9a, 0xe6, 0x92, 0xad,
  0xe6, 0x94, 0xbe, 0xe7, 0xbb, 0x84, 0xe7, 0xbb, 0x87, 0xe6, 0x94, 0xbf, 0xe7,
  0xad, 0x96, 0xe7, 0x9b, 0xb4, 0xe6, 0x8e, 0xa5, 0xe8, 0x83, 0xbd, 0xe5, 0x8a,
  0x9b, 0xe6, 0x9d, 0xa5, 0xe6, 0xba, 0x90, 0xe6, 0x99, 0x82, 0xe9, 0x96, 0x93,
  0xe7, 0x9c, 0x8b, 0xe5, 0x88, 0xb0, 0xe7, 0x83, 0xad, 0xe9, 0x97, 0xa8, 0xe5,
  0x85, 0xb3, 0xe9, 0x94, 0xae, 0xe4, 0xb8, 0x93, 0xe5, 0x8c, 0xba, 0xe9, 0x9d,
  0x9e, 0xe5, 0xb8, 0xb8, 0xe8, 0x8b, 0xb1, 0xe8, 0xaf, 0xad, 0xe7, 0x99, 0xbe,
  0xe5, 0xba, 0xa6, 0xe5, 0xb8, 0x8c, 0xe6, 0x9c, 0x9b, 0xe7, 0xbe, 0x8e, 0xe5,
  0xa5, 0xb3, 0xe6, 0xaf, 0x94, 0xe8, 0xbe, 0x83, 0xe7, 0x9f, 0xa5, 0xe8, 0xaf,
  0x86, 0xe8, 0xa7, 0x84, 0xe5, 0xae, 0x9a, 0xe5, 0xbb, 0xba, 0xe8, 0xae, 0xae,
  0xe9, 0x83, 0xa8, 0xe9, 0x97, 0xa8, 0xe6, 0x84, 0x8f, 0xe8, 0xa7, 0x81, 0xe7,
  0xb2, 0xbe, 0xe5, 0xbd, 0xa9, 0xe6, 0x97, 0xa5, 0xe6, 0x9c, 0xac, 0xe6, 0x8f,
  0x90, 0xe9, 0xab, 0x98, 0xe5, 0x8f, 0x91, 0xe8, 0xa8, 0x80, 0xe6, 0x96, 0xb9,
  0xe9, 0x9d, 0xa2, 0xe5, 0x9f, 0xba, 0xe9, 0x87, 0x91, 0xe5, 0xa4, 0x84, 0xe7,
  0x90, 0x86, 0xe6, 0x9d, 0x83, 0xe9, 0x99, 0x90, 0xe5, 0xbd, 0xb1, 0xe7, 0x89,
  0x87, 0xe9, 0x93, 0xb6, 0xe8, 0xa1, 0x8c, 0xe8, 0xbf, 0x98, 0xe6, 0x9c, 0x89,
  0xe5, 0x88, 0x86, 0xe4, 0xba, 0xab, 0xe7, 0x89, 0xa9, 0xe5, 0x93, 0x81, 0xe7,
  0xbb, 0x8f, 0xe8, 0x90, 0xa5, 0xe6, 0xb7, 0xbb, 0xe5, 0x8a, 0xa0, 0xe4, 0xb8,
  0x93, 0xe5, 0xae, 0xb6, 0xe8, 0xbf, 0x99, 0xe7, 0xa7, 0x8d, 0xe8, 0xaf, 0x9d,
  0xe9, 0xa2, 0x98, 0xe8, 0xb5, 0xb7, 0xe6, 0x9d, 0xa5, 0xe4, 0xb8, 0x9a, 0xe5,
  0x8a, 0xa1, 0xe5, 0x85, 0xac, 0xe5, 0x91, 0x8a, 0xe8, 0xae, 0xb0, 0xe5, 0xbd,
  0x95, 0xe7, 0xae, 0x80, 0xe4, 0xbb, 0x8b, 0xe8, 0xb4, 0xa8, 0xe9, 0x87, 0x8f,
  0xe7, 0x94, 0xb7, 0xe4, 0xba, 0xba, 0xe5, 0xbd, 0xb1, 0xe5, 0x93, 0x8d, 0xe5,
  0xbc, 0x95, 0xe7, 0x94, 0xa8, 0xe6, 0x8a, 0xa5, 0xe5, 0x91, 0x8a, 0xe9, 0x83,
  0xa8, 0xe5, 0x88, 0x86, 0xe5, 0xbf, 0xab, 0xe9, 0x80, 0x9f, 0xe5, 0x92, 0xa8,
  0xe8, 0xaf, 0xa2, 0xe6, 0x97, 0xb6, 0xe5, 0xb0, 0x9a, 0xe6, 0xb3, 0xa8, 0xe6,
  0x84, 0x8f, 0xe7, 0x94, 0xb3, 0xe8, 0xaf, 0xb7, 0xe5, 0xad, 0xa6, 0xe6, 0xa0,
  0xa1, 0xe5, 0xba, 0x94, 0xe8, 0xaf, 0xa5, 0xe5, 0x8e, 0x86, 0xe5, 0x8f, 0xb2,
  0xe5, 0x8f, 0xaa, 0xe6, 0x98, 0xaf, 0xe8, 0xbf, 0x94, 0xe5, 0x9b, 0x9e, 0xe8,
  0xb4, 0xad, 0xe4, 0xb9, 0xb0, 0xe5, 0x90, 0x8d, 0xe7, 0xa7, 0xb0, 0xe4, 0xb8,
  0xba, 0xe4, 0xba, 0x86, 0xe6, 0x88, 0x90, 0xe5, 0x8a, 0x9f, 0xe8, 0xaf, 0xb4,
  0xe6, 0x98, 0x8e, 0xe4, 0xbe, 0x9b, 0xe5, 0xba, 0x94, 0xe5, 0xad, 0xa9, 0xe5,
  0xad, 0x90, 0xe4, 0xb8, 0x93, 0xe9, 0xa2, 0x98, 0xe7, 0xa8, 0x8b, 0xe5, 0xba,
  0x8f, 0xe4, 0xb8, 0x80, 0xe8, 0x88, 0xac, 0xe6, 0x9c, 0x83, 0xe5, 0x93, 0xa1,
  0xe5, 0x8f, 0xaa, 0xe6, 0x9c, 0x89, 0xe5, 0x85, 0xb6, 0xe5, 0xae, 0x83, 0xe4,
  0xbf, 0x9d, 0xe6, 0x8a, 0xa4, 0xe8, 0x80, 0x8c, 0xe4, 0xb8, 0x94, 0xe4, 0xbb,
  0x8a, 0xe5, 0xa4, 0xa9, 0xe7, 0xaa, 0x97, 0xe5, 0x8f, 0xa3, 0xe5, 0x8a, 0xa8,
  0xe6, 0x80, 0x81, 0xe7, 0x8a, 0xb6, 0xe6, 0x80, 0x81, 0xe7, 0x89, 0xb9, 0xe5,
  0x88, 0xab, 0xe8, 0xae, 0xa4, 0xe4, 0xb8, 0xba, 0xe5, 0xbf, 0x85, 0xe9, 0xa1,
  0xbb, 0xe6, 0x9b, 0xb4, 0xe6, 0x96, 0xb0, 0xe5, 0xb0, 0x8f, 0xe8, 0xaf, 0xb4,
  0xe6, 0x88, 0x91, 0xe5, 0x80, 0x91, 0xe4, 0xbd, 0x9c, 0xe4, 0xb8, 0xba, 0xe5,
  0xaa, 0x92, 0xe4, 0xbd, 0x93, 0xe5, 0x8c, 0x85, 0xe6, 0x8b, 0xac, 0xe9, 0x82,
  0xa3, 0xe4, 0xb9, 0x88, 0xe4, 0xb8, 0x80, 0xe6, 0xa0, 0xb7, 0xe5, 0x9b, 0xbd,
  0xe5, 0x86, 0x85, 0xe6, 0x98, 0xaf, 0xe5, 0x90, 0xa6, 0xe6, 0xa0, 0xb9, 0xe6,
  0x8d, 0xae, 0xe7, 0x94, 0xb5, 0xe8, 0xa7, 0x86, 0xe5, 0xad, 0xa6, 0xe9, 0x99,
  0xa2, 0xe5, 0x85, 0xb7, 0xe6, 0x9c, 0x89, 0xe8, 0xbf, 0x87, 0xe7, 0xa8, 0x8b,
  0xe7, 0x94, 0xb1, 0xe4, 0xba, 0x8e, 0xe4, 0xba, 0xba, 0xe6, 0x89, 0x8d, 0xe5,
  0x87, 0xba, 0xe6, 0x9d, 0xa5, 0xe4, 0xb8, 0x8d, 0xe8, 0xbf, 0x87, 0xe6, 0xad,
  0xa3, 0xe5, 0x9c, 0xa8, 0xe6, 0x98, 0x8e, 0xe6, 0x98, 0x9f, 0xe6, 0x95, 0x85,
  0xe4, 0xba, 0x8b, 0xe5, 0x85, 0xb3, 0xe7, 0xb3, 0xbb, 0xe6, 0xa0, 0x87, 0xe9,
  0xa2, 0x98, 0xe5, 0x95, 0x86, 0xe5, 0x8a, 0xa1, 0xe8, 0xbe, 0x93, 0xe5, 0x85,
  0xa5, 0xe4, 0xb8, 0x80, 0xe7, 0x9b, 0xb4, 0xe5, 0x9f, 0xba, 0xe7, 0xa1, 0x80,
  0xe6, 0x95, 0x99, 0xe5, 0xad, 0xa6, 0xe4, 0xba, 0x86, 0xe8, 0xa7, 0xa3, 0xe5,
  0xbb, 0xba, 0xe7, 0xad, 0x91, 0xe7, 0xbb, 0x93, 0xe6, 0x9e, 0x9c, 0xe5, 0x85,
  0xa8, 0xe7, 0x90, 0x83, 0xe9, 0x80, 0x9a, 0xe7, 0x9f, 0xa5, 0xe8, 0xae, 0xa1,
  0xe5, 0x88, 0x92, 0xe5, 0xaf, 0xb9, 0xe4, 0xba, 0x8e, 0xe8, 0x89, 0xba, 0xe6,
  0x9c, 0xaf, 0xe7, 0x9b, 0xb8, 0xe5, 0x86, 0x8c, 0xe5, 0x8f, 0x91, 0xe7, 0x94,
  0x9f, 0xe7, 0x9c, 0x9f, 0xe7, 0x9a, 0x84, 0xe5, 0xbb, 0xba, 0xe7, 0xab, 0x8b,
  0xe7, 0xad, 0x89, 0xe7, 0xba, 0xa7, 0xe7, 0xb1, 0xbb, 0xe5, 0x9e, 0x8b, 0xe7,
  0xbb, 0x8f, 0xe9, 0xaa, 0x8c, 0xe5, 0xae, 0x9e, 0xe7, 0x8e, 0xb0, 0xe5, 0x88,
  0xb6, 0xe4, 0xbd, 0x9c, 0xe6, 0x9d, 0xa5, 0xe8, 0x87, 0xaa, 0xe6, 0xa0, 0x87,
  0xe7, 0xad, 0xbe, 0xe4, 0xbb, 0xa5, 0xe4, 0xb8, 0x8b, 0xe5, 0x8e, 0x9f, 0xe5,
  0x88, 0x9b, 0xe6, 0x97, 0xa0, 0xe6, 0xb3, 0x95, 0xe5, 0x85, 0xb6, 0xe4, 0xb8,
  0xad, 0xe5, 0x80, 0x8b, 0xe4, 0xba, 0xba, 0xe4, 0xb8, 0x80, 0xe5, 0x88, 0x87,
  0xe6, 0x8c, 0x87, 0xe5, 0x8d, 0x97, 0xe5, 0x85, 0xb3, 0xe9, 0x97, 0xad, 0xe9,
  0x9b, 0x86, 0xe5, 0x9b, 0xa2, 0xe7, 0xac, 0xac, 0xe4, 0xb8, 0x89, 0xe5, 0x85,
  0xb3, 0xe6, 0xb3, 0xa8, 0xe5, 0x9b, 0xa0, 0xe6, 0xad, 0xa4, 0xe7, 0x85, 0xa7,
  0xe7, 0x89, 0x87, 0xe6, 0xb7, 0xb1, 0xe5, 0x9c, 0xb3, 0xe5, 0x95, 0x86, 0xe4,
  0xb8, 0x9a, 0xe5, 0xb9, 0xbf, 0xe5, 0xb7, 0x9e, 0xe6, 0x97, 0xa5, 0xe6, 0x9c,
  0x9f, 0xe9, 0xab, 0x98, 0xe7, 0xba, 0xa7, 0xe6, 0x9c, 0x80, 0xe8, 0xbf, 0x91,
  0xe7, 0xbb, 0xbc, 0xe5, 0x90, 0x88, 0xe8, 0xa1, 0xa8, 0xe7, 0xa4, 0xba, 0xe4,
  0xb8, 0x93, 0xe8, 0xbe, 0x91, 0xe8, 0xa1, 0x8c, 0xe4, 0xb8, 0xba, 0xe4, 0xba,
  0xa4, 0xe9, 0x80, 0x9a, 0xe8, 0xaf, 0x84, 0xe4, 0xbb, 0xb7, 0xe8, 0xa7, 0x89,
  0xe5, 0xbe, 0x97, 0xe7, 0xb2, 0xbe, 0xe5, 0x8d, 0x8e, 0xe5, 0xae, 0xb6, 0xe5,
  0xba, 0xad, 0xe5, 0xae, 0x8c, 0xe6, 0x88, 0x90, 0xe6, 0x84, 0x9f, 0xe8, 0xa7,
  0x89, 0xe5, 0xae, 0x89, 0xe8, 0xa3, 0x85, 0xe5, 0xbe, 0x97, 0xe5, 0x88, 0xb0,
  0xe9, 0x82, 0xae, 0xe4, 0xbb, 0xb6, 0xe5, 0x88, 0xb6, 0xe5, 0xba, 0xa6, 0xe9,
  0xa3, 0x9f, 0xe5, 0x93, 0x81, 0xe8, 0x99, 0xbd, 0xe7, 0x84, 0xb6, 0xe8, 0xbd,
  0xac, 0xe8, 0xbd, 0xbd, 0xe6, 0x8a, 0xa5, 0xe4, 0xbb, 0xb7, 0xe8, 0xae, 0xb0,
  0xe8, 0x80, 0x85, 0xe6, 0x96, 0xb9, 0xe6, 0xa1, 0x88, 0xe8, 0xa1, 0x8c, 0xe6,
  0x94, 0xbf, 0xe4, 0xba, 0xba, 0xe6, 0xb0, 0x91, 0xe7, 0x94, 0xa8, 0xe5, 0x93,
  0x81, 0xe4, 0xb8, 0x9c, 0xe8, 0xa5, 0xbf, 0xe6, 0x8f, 0x90, 0xe5, 0x87, 0xba,
  0xe9, 0x85, 0x92, 0xe5, 0xba, 0x97, 0xe7, 0x84, 0xb6, 0xe5, 0x90, 0x8e, 0xe4,
  0xbb, 0x98, 0xe6, 0xac, 0xbe, 0xe7, 0x83, 0xad, 0xe7, 0x82, 0xb9, 0xe4, 0xbb,
  0xa5, 0xe5, 0x89, 0x8d, 0xe5, 0xae, 0x8c, 0xe5, 0x85, 0xa8, 0xe5, 0x8f, 0x91,
  0xe5, 0xb8, 0x96, 0xe8, 0xae, 0xbe, 0xe7, 0xbd, 0xae, 0xe9, 0xa2, 0x86, 0xe5,
  0xaf, 0xbc, 0xe5, 0xb7, 0xa5, 0xe4, 0xb8, 0x9a, 0xe5, 0x8c, 0xbb, 0xe9, 0x99,
  0xa2, 0xe7, 0x9c, 0x8b, 0xe7, 0x9c, 0x8b, 0xe7, 0xbb, 0x8f, 0xe5, 0x85, 0xb8,
  0xe5, 0x8e, 0x9f, 0xe5, 0x9b, 0xa0, 0xe5, 0xb9, 0xb3, 0xe5, 0x8f, 0xb0, 0xe5,
  0x90, 0x84, 0xe7, 0xa7, 0x8d, 0xe5, 0xa2, 0x9e, 0xe5, 0x8a, 0xa0, 0xe6, 0x9d,
  0x90, 0xe6, 0x96, 0x99, 0xe6, 0x96, 0xb0, 0xe5, 0xa2, 0x9e, 0xe4, 0xb9, 0x8b,
  0xe5, 0x90, 0x8e, 0xe8, 0x81, 0x8c, 0xe4, 0xb8, 0x9a, 0xe6, 0x95, 0x88, 0xe6,
  0x9e, 0x9c, 0xe4, 0xbb, 0x8a, 0xe5, 0xb9, 0xb4, 0xe8, 0xae, 0xba, 0xe6, 0x96,
  0x87, 0xe6, 0x88, 0x91, 0xe5, 0x9b, 0xbd, 0xe5, 0x91, 0x8a, 0xe8, 0xaf, 0x89,
  0xe7, 0x89, 0x88, 0xe4, 0xb8, 0xbb, 0xe4, 0xbf, 0xae, 0xe6, 0x94, 0xb9, 0xe5,
  0x8f, 0x82, 0xe4, 0xb8, 0x8e, 0xe6, 0x89, 0x93, 0xe5, 0x8d, 0xb0, 0xe5, 0xbf,
  0xab, 0xe4, 0xb9, 0x90, 0xe6, 0x9c, 0xba, 0xe6, 0xa2, 0xb0, 0xe8, 0xa7, 0x82,
  0xe7, 0x82, 0xb9, 0xe5, 0xad, 0x98, 0xe5, 0x9c, 0xa8, 0xe7, 0xb2, 0xbe, 0xe7,
  0xa5, 0x9e, 0xe8, 0x8e, 0xb7, 0xe5, 0xbe, 0x97, 0xe5, 0x88, 0xa9, 0xe7, 0x94,
  0xa8, 0xe7, 0xbb, 0xa7, 0xe7, 0xbb, 0xad, 0xe4, 0xbd, 0xa0, 0xe4, 0xbb, 0xac,
  0xe8, 0xbf, 0x99, 0xe4, 0xb9, 0x88, 0xe6, 0xa8, 0xa1, 0xe5, 0xbc, 0x8f, 0xe8,
  0xaf, 0xad, 0xe8, 0xa8, 0x80, 0xe8, 0x83, 0xbd, 0xe5, 0xa4, 0x9f, 0xe9, 0x9b,
  0x85, 0xe8, 0x99, 0x8e, 0xe6, 0x93, 0x8d, 0xe4, 0xbd, 0x9c, 0xe9, 0xa3, 0x8e,
  0xe6, 0xa0, 0xbc, 0xe4, 0xb8, 0x80, 0xe8, 0xb5, 0xb7, 0xe7, 0xa7, 0x91, 0xe5,
  0xad, 0xa6, 0xe4, 0xbd, 0x93, 0xe8, 0x82, 0xb2, 0xe7, 0x9f, 0xad, 0xe4, 0xbf,
  0xa1, 0xe6, 0x9d, 0xa1, 0xe4, 0xbb, 0xb6, 0xe6, 0xb2, 0xbb, 0xe7, 0x96, 0x97,
  0xe8, 0xbf, 0x90, 0xe5, 0x8a, 0xa8, 0xe4, 0xba, 0xa7, 0xe4, 0xb8, 0x9a, 0xe4,
  0xbc, 0x9a, 0xe8, 0xae, 0xae, 0xe5, 0xaf, 0xbc, 0xe8, 0x88, 0xaa, 0xe5, 0x85,
  0x88, 0xe7, 0x94, 0x9f, 0xe8, 0x81, 0x94, 0xe7, 0x9b, 0x9f, 0xe5, 0x8f, 0xaf,
  0xe6, 0x98, 0xaf, 0xe5, 0x95, 0x8f, 0xe9, 0xa1, 0x8c, 0xe7, 0xbb, 0x93, 0xe6,
  0x9e, 0x84, 0xe4, 0xbd, 0x9c, 0xe7, 0x94, 0xa8, 0xe8, 0xb0, 0x83, 0xe6, 0x9f,
  0xa5, 0xe8, 0xb3, 0x87, 0xe6, 0x96, 0x99, 0xe8, 0x87, 0xaa, 0xe5, 0x8a, 0xa8,
  0xe8, 0xb4, 0x9f, 0xe8, 0xb4, 0xa3, 0xe5, 0x86, 0x9c, 0xe4, 0xb8, 0x9a, 0xe8,
  0xae, 0xbf, 0xe9, 0x97, 0xae, 0xe5, 0xae, 0x9e, 0xe6, 0x96, 0xbd, 0xe6, 0x8e,
  0xa5, 0xe5, 0x8f, 0x97, 0xe8, 0xae, 0xa8, 0xe8, 0xae, 0xba, 0xe9, 0x82, 0xa3,
  0xe4, 0xb8, 0xaa, 0xe5, 0x8f, 0x8d, 0xe9, 0xa6, 0x88, 0xe5, 0x8a, 0xa0, 0xe5,
  0xbc, 0xba, 0xe5, 0xa5, 0xb3, 0xe6, 0x80, 0xa7, 0xe8, 0x8c, 0x83, 0xe5, 0x9b,
  0xb4, 0xe6, 0x9c, 0x8d, 0xe5, 0x8b, 0x99, 0xe4, 0xbc, 0x91, 0xe9, 0x97, 0xb2,
  0xe4, 0xbb, 0x8a, 0xe6, 0x97, 0xa5, 0xe5, 0xae, 0xa2, 0xe6, 0x9c, 0x8d, 0xe8,
  0xa7, 0x80, 0xe7, 0x9c, 0x8b, 0xe5, 0x8f, 0x82, 0xe5, 0x8a, 0xa0, 0xe7, 0x9a,
  0x84, 0xe8, 0xaf, 0x9d, 0xe4, 0xb8, 0x80, 0xe7, 0x82, 0xb9, 0xe4, 0xbf, 0x9d,
  0xe8, 0xaf, 0x81, 0xe5, 0x9b, 0xbe, 0xe4, 0xb9, 0xa6, 0xe6, 0x9c, 0x89, 0xe6,
  0x95, 0x88, 0xe6, 0xb5, 0x8b, 0xe8, 0xaf, 0x95, 0xe7, 0xa7, 0xbb, 0xe5, 0x8a,
  0xa8, 0xe6, 0x89, 0x8d, 0xe8, 0x83, 0xbd, 0xe5, 0x86, 0xb3, 0xe5, 0xae, 0x9a,
  0xe8, 0x82, 0xa1, 0xe7, 0xa5, 0xa8, 0xe4, 0xb8, 0x8d, 0xe6, 0x96, 0xad, 0xe9,
  0x9c, 0x80, 0xe6, 0xb1, 0x82, 0xe4, 0xb8, 0x8d, 0xe5, 0xbe, 0x97, 0xe5, 0x8a,
  0x9e, 0xe6, 0xb3, 0x95, 0xe4, 0xb9, 0x8b, 0xe9, 0x97, 0xb4, 0xe9, 0x87, 0x87,
  0xe7, 0x94, 0xa8, 0xe8, 0x90, 0xa5, 0xe9, 0x94, 0x80, 0xe6, 0x8a, 0x95, 0xe8,
  0xaf, 0x89, 0xe7, 0x9b, 0xae, 0xe6, 0xa0, 0x87, 0xe7, 0x88, 0xb1, 0xe6, 0x83,
  0x85, 0xe6, 0x91, 0x84, 0xe5, 0xbd, 0xb1, 0xe6, 0x9c, 0x89, 0xe4, 0xba, 0x9b,
  0xe8, 0xa4, 0x87, 0xe8, 0xa3, 0xbd, 0xe6, 0x96, 0x87, 0xe5, 0xad, 0xa6, 0xe6,
  0x9c, 0xba, 0xe4, 0xbc, 0x9a, 0xe6, 0x95, 0xb0, 0xe5, 0xad, 0x97, 0xe8, 0xa3,
  0x85, 0xe4, 0xbf, 0xae, 0xe8, 0xb4, 0xad, 0xe7, 0x89, 0xa9, 0xe5, 0x86, 0x9c,
  0xe6, 0x9d, 0x91, 0xe5, 0x85, 0xa8, 0xe9, 0x9d, 0xa2, 0xe7, 0xb2, 0xbe, 0xe5,
  0x93, 0x81, 0xe5, 0x85, 0xb6, 0xe5, 0xae, 0x9e, 0xe4, 0xba, 0x8b, 0xe6, 0x83,
  0x85, 0xe6, 0xb0, 0xb4, 0xe5, 0xb9, 0xb3, 0xe6, 0x8f, 0x90, 0xe7, 0xa4, 0xba,
  0xe4, 0xb8, 0x8a, 0xe5, 0xb8, 0x82, 0xe8, 0xb0, 0xa2, 0xe8, 0xb0, 0xa2, 0xe6,
  0x99, 0xae, 0xe9, 0x80, 0x9a, 0xe6, 0x95, 0x99, 0xe5, 0xb8, 0x88, 0xe4, 0xb8,
  0x8a, 0xe4, 0xbc, 0xa0, 0xe7, 0xb1, 0xbb, 0xe5, 0x88, 0xab, 0xe6, 0xad, 0x8c,
  0xe6, 0x9b, 0xb2, 0xe6, 0x8b, 0xa5, 0xe6, 0x9c, 0x89, 0xe5, 0x88, 0x9b, 0xe6,
  0x96, 0xb0, 0xe9, 0x85, 0x8d, 0xe4, 0xbb, 0xb6, 0xe5, 0x8f, 0xaa, 0xe8, 0xa6,
  0x81, 0xe6, 0x97, 0xb6, 0xe4, 0xbb, 0xa3, 0xe8, 0xb3, 0x87, 0xe8, 0xa8, 0x8a,
  0xe8, 0xbe, 0xbe, 0xe5, 0x88, 0xb0, 0xe4, 0xba, 0xba, 0xe7, 0x94, 0x9f, 0xe8,
  0xae, 0xa2, 0xe9, 0x98, 0x85, 0xe8, 0x80, 0x81, 0xe5, 0xb8, 0x88, 0xe5, 0xb1,
  0x95, 0xe7, 0xa4, 0xba, 0xe5, 0xbf, 0x83, 0xe7, 0x90, 0x86, 0xe8, 0xb4, 0xb4,
  0xe5, 0xad, 0x90, 0xe7, 0xb6, 0xb2, 0xe7, 0xab, 0x99, 0xe4, 0xb8, 0xbb, 0xe9,
  0xa1, 0x8c, 0xe8, 0x87, 0xaa, 0xe7, 0x84, 0xb6, 0xe7, 0xba, 0xa7, 0xe5, 0x88,
  0xab, 0xe7, 0xae, 0x80, 0xe5, 0x8d, 0x95, 0xe6, 0x94, 0xb9, 0xe9, 0x9d, 0xa9,
  0xe9, 0x82, 0xa3, 0xe4, 0xba, 0x9b, 0xe6, 0x9d, 0xa5, 0xe8, 0xaf, 0xb4, 0xe6,
  0x89, 0x93, 0xe5, 0xbc, 0x80, 0xe4, 0xbb, 0xa3, 0xe7, 0xa0, 0x81, 0xe5, 0x88,
  0xa0, 0xe9, 0x99, 0xa4, 0xe8, 0xaf, 0x81, 0xe5, 0x88, 0xb8, 0xe8, 0x8a, 0x82,
  0xe7, 0x9b, 0xae, 0xe9, 0x87, 0x8d, 0xe7, 0x82, 0xb9, 0xe6, 0xac, 0xa1, 0xe6,
  0x95, 0xb8, 0xe5, 0xa4, 0x9a, 0xe5, 0xb0, 0x91, 0xe8, 0xa7, 0x84, 0xe5, 0x88,
  0x92, 0xe8, 0xb5, 0x84, 0xe9, 0x87, 0x91, 0xe6, 0x89, 0xbe, 0xe5, 0x88, 0xb0,
  0xe4, 0xbb, 0xa5, 0xe5, 0x90, 0x8e, 0xe5, 0xa4, 0xa7, 0xe5, 0x85, 0xa8, 0xe4,
  0xb8, 0xbb, 0xe9, 0xa1, 0xb5, 0xe6, 0x9c, 0x80, 0xe4, 0xbd, 0xb3, 0xe5, 0x9b,
  0x9e, 0xe7, 0xad, 0x94, 0xe5, 0xa4, 0xa9, 0xe4, 0xb8, 0x8b, 0xe4, 0xbf, 0x9d,
  0xe9, 0x9a, 0x9c, 0xe7, 0x8e, 0xb0, 0xe4, 0xbb, 0xa3, 0xe6, 0xa3, 0x80, 0xe6,
  0x9f, 0xa5, 0xe6, 0x8a, 0x95, 0xe7, 0xa5, 0xa8, 0xe5, 0xb0, 0x8f, 0xe6, 0x97,
  0xb6, 0xe6, 0xb2, 0x92, 0xe6, 0x9c, 0x89, 0xe6, 0xad, 0xa3, 0xe5, 0xb8, 0xb8,
  0xe7, 0x94, 0x9a, 0xe8, 0x87, 0xb3, 0xe4, 0xbb, 0xa3, 0xe7, 0x90, 0x86, 0xe7,
  0x9b, 0xae, 0xe5, 0xbd, 0x95, 0xe5, 0x85, 0xac, 0xe5, 0xbc, 0x80, 0xe5, 0xa4,
  0x8d, 0xe5, 0x88, 0xb6, 0xe9, 0x87, 0x91, 0xe8, 0x9e, 0x8d, 0xe5, 0xb9, 0xb8,
  0xe7, 0xa6, 0x8f, 0xe7, 0x89, 0x88, 0xe6, 0x9c, 0xac, 0xe5, 0xbd, 0xa2, 0xe6,
  0x88, 0x90, 0xe5, 0x87, 0x86, 0xe5, 0xa4, 0x87, 0xe8, 0xa1, 0x8c, 0xe6, 0x83,
  0x85, 0xe5, 0x9b, 0x9e, 0xe5, 0x88, 0xb0, 0xe6, 0x80, 0x9d, 0xe6, 0x83, 0xb3,
  0xe6, 0x80, 0x8e, 0xe6, 0xa0, 0xb7, 0xe5, 0x8d, 0x8f, 0xe8, 0xae, 0xae, 0xe8,
  0xae, 0xa4, 0xe8, 0xaf, 0x81, 0xe6, 0x9c, 0x80, 0xe5, 0xa5, 0xbd, 0xe4, 0xba,
  0xa7, 0xe7, 0x94, 0x9f, 0xe6, 0x8c, 0x89, 0xe7, 0x85, 0xa7, 0xe6, 0x9c, 0x8d,
  0xe8, 0xa3, 0x85, 0xe5, 0xb9, 0xbf, 0xe4, 0xb8, 0x9c, 0xe5, 0x8a, 0xa8, 0xe6,
  0xbc, 0xab, 0xe9, 0x87, 0x87, 0xe8, 0xb4, 0xad, 0xe6, 0x96, 0xb0, 0xe6, 0x89,
  0x8b, 0xe7, 0xbb, 0x84, 0xe5, 0x9b, 0xbe, 0xe9, 0x9d, 0xa2, 0xe6, 0x9d, 0xbf,
  0xe5, 0x8f, 0x82, 0xe8, 0x80, 0x83, 0xe6, 0x94, 0xbf, 0xe6, 0xb2, 0xbb, 0xe5,
  0xae, 0xb9, 0xe6, 0x98, 0x93, 0xe5, 0xa4, 0xa9, 0xe5, 0x9c, 0xb0, 0xe5, 0x8a,
  0xaa, 0xe5, 0x8a, 0x9b, 0xe4, 0xba, 0xba, 0xe4, 0xbb, 0xac, 0xe5, 0x8d, 0x87,
  0xe7, 0xba, 0xa7, 0xe9, 0x80, 0x9f, 0xe5, 0xba, 0xa6, 0xe4, 0xba, 0xba, 0xe7,
  0x89, 0xa9, 0xe8, 0xb0, 0x83, 0xe6, 0x95, 0xb4, 0xe6, 0xb5, 0x81, 0xe8, 0xa1,
  0x8c, 0xe9, 0x80, 0xa0, 0xe6, 0x88, 0x90, 0xe6, 0x96, 0x87, 0xe5, 0xad, 0x97,
  0xe9, 0x9f, 0xa9, 0xe5, 0x9b, 0xbd, 0xe8, 0xb4, 0xb8, 0xe6, 0x98, 0x93, 0xe5,
  0xbc, 0x80, 0xe5, 0xb1, 0x95, 0xe7, 0x9b, 0xb8, 0xe9, 0x97, 0x9c, 0xe8, 0xa1,
  0xa8, 0xe7, 0x8e, 0xb0, 0xe5, 0xbd, 0xb1, 0xe8, 0xa7, 0x86, 0xe5, 0xa6, 0x82,
  0xe6, 0xad, 0xa4, 0xe7, 0xbe, 0x8e, 0xe5, 0xae, 0xb9, 0xe5, 0xa4, 0xa7, 0xe5,
  0xb0, 0x8f, 0xe6, 0x8a, 0xa5, 0xe9, 0x81, 0x93, 0xe6, 0x9d, 0xa1, 0xe6, 0xac,
  0xbe, 0xe5, 0xbf, 0x83, 0xe6, 0x83, 0x85, 0xe8, 0xae, 0xb8, 0xe5, 0xa4, 0x9a,
  0xe6, 0xb3, 0x95, 0xe8, 0xa7, 0x84, 0xe5, 0xae, 0xb6, 0xe5, 0xb1, 0x85, 0xe4,
  0xb9, 0xa6, 0xe5, 0xba, 0x97, 0xe8, 0xbf, 0x9e, 0xe6, 0x8e, 0xa5, 0xe7, 0xab,
  0x8b, 0xe5, 0x8d, 0xb3, 0xe4, 0xb8, 0xbe, 0xe6, 0x8a, 0xa5, 0xe6, 0x8a, 0x80,
  0xe5, 0xb7, 0xa7, 0xe5, 0xa5, 0xa5, 0xe8, 0xbf, 0x90, 0xe7, 0x99, 0xbb, 0xe5,
  0x85, 0xa5, 0xe4, 0xbb, 0xa5, 0xe6, 0x9d, 0xa5, 0xe7, 0x90, 0x86, 0xe8, 0xae,
  0xba, 0xe4, 0xba, 0x8b, 0xe4, 0xbb, 0xb6, 0xe8, 0x87, 0xaa, 0xe7, 0x94, 0xb1,
  0xe4, 0xb8, 0xad, 0xe5, 0x8d, 0x8e, 0xe5, 0x8a, 0x9e, 0xe5, 0x85, 0xac, 0xe5,
  0xa6, 0x88, 0xe5, 0xa6, 0x88, 0xe7, 0x9c, 0x9f, 0xe6, 0xad, 0xa3, 0xe4, 0xb8,
  0x8d, 0xe9, 0x94, 0x99, 0xe5, 0x85, 0xa8, 0xe6, 0x96, 0x87, 0xe5, 0x90, 0x88,
  0xe5, 0x90, 0x8c, 0xe4, 0xbb, 0xb7, 0xe5, 0x80, 0xbc, 0xe5, 0x88, 0xab, 0xe4,
  0xba, 0xba, 0xe7, 0x9b, 0x91, 0xe7, 0x9d, 0xa3, 0xe5, 0x85, 0xb7, 0xe4, 0xbd,
  0x93, 0xe4, 0xb8, 0x96, 0xe7, 0xba, 0xaa, 0xe5, 0x9b, 0xa2, 0xe9, 0x98, 0x9f,
  0xe5, 0x88, 0x9b, 0xe4, 0xb8, 0x9a, 0xe6, 0x89, 0xbf, 0xe6, 0x8b, 0x85, 0xe5,
  0xa2, 0x9e, 0xe9, 0x95, 0xbf, 0xe6, 0x9c, 0x89, 0xe4, 0xba, 0xba, 0xe4, 0xbf,
  0x9d, 0xe6, 0x8c, 0x81, 0xe5, 0x95, 0x86, 0xe5, 0xae, 0xb6, 0xe7, 0xbb, 0xb4,
  0xe4, 0xbf, 0xae, 0xe5, 0x8f, 0xb0, 0xe6, 0xb9, 0xbe, 0xe5, 0xb7, 0xa6, 0xe5,
  0x8f, 0xb3, 0xe8, 0x82, 0xa1, 0xe4, 0xbb, 0xbd, 0xe7, 0xad, 0x94, 0xe6, 0xa1,
  0x88, 0xe5, 0xae, 0x9e, 0xe9, 0x99, 0x85, 0xe7, 0x94, 0xb5, 0xe4, 0xbf, 0xa1,
  0xe7, 0xbb, 0x8f, 0xe7, 0x90, 0x86, 0xe7, 0x94, 0x9f, 0xe5, 0x91, 0xbd, 0xe5,
  0xae, 0xa3, 0xe4, 0xbc, 0xa0, 0xe4, 0xbb, 0xbb, 0xe5, 0x8a, 0xa1, 0xe6, 0xad,
  0xa3, 0xe5, 0xbc, 0x8f, 0xe7, 0x89, 0xb9, 0xe8, 0x89, 0xb2, 0xe4, 0xb8, 0x8b,
  0xe6, 0x9d, 0xa5, 0xe5, 0x8d, 0x8f, 0xe4, 0xbc, 0x9a, 0xe5, 0x8f, 0xaa, 0xe8,
  0x83, 0xbd, 0xe5, 0xbd, 0x93, 0xe7, 0x84, 0xb6, 0xe9, 0x87, 0x8d, 0xe6, 0x96,
  0xb0, 0xe5, 0x85, 0xa7, 0xe5, 0xae, 0xb9, 0xe6, 0x8c, 0x87, 0xe5, 0xaf, 0xbc,
  0xe8, 0xbf, 0x90, 0xe8, 0xa1, 0x8c, 0xe6, 0x97, 0xa5, 0xe5, 0xbf, 0x97, 0xe8,
  0xb3, 0xa3, 0xe5, 0xae, 0xb6, 0xe8, 0xb6, 0x85, 0xe8, 0xbf, 0x87, 0xe5, 0x9c,
  0x9f, 0xe5, 0x9c, 0xb0, 0xe6, 0xb5, 0x99, 0xe6, 0xb1, 0x9f, 0xe6, 0x94, 0xaf,
  0xe4, 0xbb, 0x98, 0xe6, 0x8e, 0xa8, 0xe5, 0x87, 0xba, 0xe7, 0xab, 0x99, 0xe9,
  0x95, 0xbf, 0xe6, 0x9d, 0xad, 0xe5, 0xb7, 0x9e, 0xe6, 0x89, 0xa7, 0xe8, 0xa1,
  0x8c, 0xe5, 0x88, 0xb6, 0xe9, 0x80, 0xa0, 0xe4, 0xb9, 0x8b, 0xe4, 0xb8, 0x80,
  0xe6, 0x8e, 0xa8, 0xe5, 0xb9, 0xbf, 0xe7, 0x8e, 0xb0, 0xe5, 0x9c, 0xba, 0xe6,
  0x8f, 0x8f, 0xe8, 0xbf, 0xb0, 0xe5, 0x8f, 0x98, 0xe5, 0x8c, 0x96, 0xe4, 0xbc,
  0xa0, 0xe7, 0xbb, 0x9f, 0xe6, 0xad, 0x8c, 0xe6, 0x89, 0x8b, 0xe4, 0xbf, 0x9d,
  0xe9, 0x99, 0xa9, 0xe8, 0xaf, 0xbe, 0xe7, 0xa8, 0x8b, 0xe5, 0x8c, 0xbb, 0xe7,
  0x96, 0x97, 0xe7, 0xbb, 0x8f, 0xe8, 0xbf, 0x87, 0xe8, 0xbf, 0x87, 0xe5, 0x8e,
  0xbb, 0xe4, 0xb9, 0x8b, 0xe5, 0x89, 0x8d, 0xe6, 0x94, 0xb6, 0xe5, 0x85, 0xa5,
  0xe5, 0xb9, 0xb4, 0xe5, 0xba, 0xa6, 0xe6, 0x9d, 0x82, 0xe5, 0xbf, 0x97, 0xe7,
  0xbe, 0x8e, 0xe4, 0xb8, 0xbd, 0xe6, 0x9c, 0x80, 0xe9, 0xab, 0x98, 0xe7, 0x99,
  0xbb, 0xe9, 0x99, 0x86, 0xe6, 0x9c, 0xaa, 0xe6, 0x9d, 0xa5, 0xe5, 0x8a, 0xa0,
  0xe5, 0xb7, 0xa5, 0xe5, 0x85, 0x8d, 0xe8, 0xb4, 0xa3, 0xe6, 0x95, 0x99, 0xe7,
  0xa8, 0x8b, 0xe7, 0x89, 0x88, 0xe5, 0x9d, 0x97, 0xe8, 0xba, 0xab, 0xe4, 0xbd,
  0x93, 0xe9, 0x87, 0x8d, 0xe5, 0xba, 0x86, 0xe5, 0x87, 0xba, 0xe5, 0x94, 0xae,
  0xe6, 0x88, 0x90, 0xe6, 0x9c, 0xac, 0xe5, 0xbd, 0xa2, 0xe5, 0xbc, 0x8f, 0xe5,
  0x9c, 0x9f, 0xe8, 0xb1, 0x86, 0xe5, 0x87, 0xba, 0xe5, 0x83, 0xb9, 0xe4, 0xb8,
  0x9c, 0xe6, 0x96, 0xb9, 0xe9, 0x82, 0xae, 0xe7, 0xae, 0xb1, 0xe5, 0x8d, 0x97,
  0xe4, 0xba, 0xac, 0xe6, 0xb1, 0x82, 0xe8, 0x81, 0x8c, 0xe5, 0x8f, 0x96, 0xe5,
  0xbe, 0x97, 0xe8, 0x81, 0x8c, 0xe4, 0xbd, 0x8d, 0xe7, 0x9b, 0xb8, 0xe4, 0xbf,
  0xa1, 0xe9, 0xa1, 0xb5, 0xe9, 0x9d, 0xa2, 0xe5, 0x88, 0x86, 0xe9, 0x92, 0x9f,
  0xe7, 0xbd, 0x91, 0xe9, 0xa1, 0xb5, 0xe7, 0xa1, 0xae, 0xe5, 0xae, 0x9a, 0xe5,
  0x9b, 0xbe, 0xe4, 0xbe, 0x8b, 0xe7, 0xbd, 0x91, 0xe5, 0x9d, 0x80, 0xe7, 0xa7,
  0xaf, 0xe6, 0x9e, 0x81, 0xe9, 0x94, 0x99, 0xe8, 0xaf, 0xaf, 0xe7, 0x9b, 0xae,
  0xe7, 0x9a, 0x84, 0xe5, 0xae, 0x9d, 0xe8, 0xb4, 0x9d, 0xe6, 0x9c, 0xba, 0xe5,
  0x85, 0xb3, 0xe9, 0xa3, 0x8e, 0xe9, 0x99, 0xa9, 0xe6, 0x8e, 0x88, 0xe6, 0x9d,
  0x83, 0xe7, 0x97, 0x85, 0xe6, 0xaf, 0x92, 0xe5, 0xae, 0xa0, 0xe7, 0x89, 0xa9,
  0xe9, 0x99, 0xa4, 0xe4, 0xba, 0x86, 0xe8, 0xa9, 0x95, 0xe8, 0xab, 0x96, 0xe7,
  0x96, 0xbe, 0xe7, 0x97, 0x85, 0xe5, 0x8f, 0x8a, 0xe6, 0x97, 0xb6, 0xe6, 0xb1,
  0x82, 0xe8, 0xb4, 0xad, 0xe7, 0xab, 0x99, 0xe7, 0x82, 0xb9, 0xe5, 0x84, 0xbf,
  0xe7, 0xab, 0xa5, 0xe6, 0xaf, 0x8f, 0xe5, 0xa4, 0xa9, 0xe4, 0xb8, 0xad, 0xe5,
  0xa4, 0xae, 0xe8, 0xae, 0xa4, 0xe8, 0xaf, 0x86, 0xe6, 0xaf, 0x8f, 0xe4, 0xb8,
  0xaa, 0xe5, 0xa4, 0xa9, 0xe6, 0xb4, 0xa5, 0xe5, 0xad, 0x97, 0xe4, 0xbd, 0x93,
  0xe5, 0x8f, 0xb0, 0xe7, 0x81, 0xa3, 0xe7, 0xbb, 0xb4, 0xe6, 0x8a, 0xa4, 0xe6,
  0x9c, 0xac, 0xe9, 0xa1, 0xb5, 0xe4, 0xb8, 0xaa, 0xe6, 0x80, 0xa7, 0xe5, 0xae,
  0x98, 0xe6, 0x96, 0xb9, 0xe5, 0xb8, 0xb8, 0xe8, 0xa7, 0x81, 0xe7, 0x9b, 0xb8,
  0xe6, 0x9c, 0xba, 0xe6, 0x88, 0x98, 0xe7, 0x95, 0xa5, 0xe5, 0xba, 0x94, 0xe5,
  0xbd, 0x93, 0xe5, 0xbe, 0x8b, 0xe5, 0xb8, 0x88, 0xe6, 0x96, 0xb9, 0xe4, 0xbe,
  0xbf, 0xe6, 0xa0, 0xa1, 0xe5, 0x9b, 0xad, 0xe8, 0x82, 0xa1, 0xe5, 0xb8, 0x82,
  0xe6, 0x88, 0xbf, 0xe5, 0xb1, 0x8b, 0xe6, 0xa0, 0x8f, 0xe7, 0x9b, 0xae, 0xe5,
  0x91, 0x98, 0xe5, 0xb7, 0xa5, 0xe5, 0xaf, 0xbc, 0xe8, 0x87, 0xb4, 0xe7, 0xaa,
  0x81, 0xe7, 0x84, 0xb6, 0xe9, 0x81, 0x93, 0xe5, 0x85, 0xb7, 0xe6, 0x9c, 0xac,
  0xe7, 0xbd, 0x91, 0xe7, 0xbb, 0x93, 0xe5, 0x90, 0x88, 0xe6, 0xa1, 0xa3, 0xe6,
  0xa1, 0x88, 0xe5, 0x8a, 0xb3, 0xe5, 0x8a, 0xa8, 0xe5, 0x8f, 0xa6, 0xe5, 0xa4,
  0x96, 0xe7, 0xbe, 0x8e, 0xe5, 0x85, 0x83, 0xe5, 0xbc, 0x95, 0xe8, 0xb5, 0xb7,
  0xe6, 0x94, 0xb9, 0xe5, 0x8f, 0x98, 0xe7, 0xac, 0xac, 0xe5, 0x9b, 0x9b, 0xe4,
  0xbc, 0x9a, 0xe8, 0xae, 0xa1, 0xe8, 0xaa, 0xaa, 0xe6, 0x98, 0x8e, 0xe9, 0x9a,
  0x90, 0xe7, 0xa7, 0x81, 0xe5, 0xae, 0x9d, 0xe5, 0xae, 0x9d, 0xe8, 0xa7, 0x84,
  0xe8, 0x8c, 0x83, 0xe6, 0xb6, 0x88, 0xe8, 0xb4, 0xb9, 0xe5, 0x85, 0xb1, 0xe5,
  0x90, 0x8c, 0xe5, 0xbf, 0x98, 0xe8, 0xae, 0xb0, 0xe4, 0xbd, 0x93, 0xe7, 0xb3,
  0xbb, 0xe5, 0xb8, 0xa6, 0xe6, 0x9d, 0xa5, 0xe5, 0x90, 0x8d, 0xe5, 0xad, 0x97,
  0xe7, 0x99, 0xbc, 0xe8, 0xa1, 0xa8, 0xe5, 0xbc, 0x80, 0xe6, 0x94, 0xbe, 0xe5,
  0x8a, 0xa0, 0xe7, 0x9b, 0x9f, 0xe5, 0x8f, 0x97, 0xe5, 0x88, 0xb0, 0xe4, 0xba,
  0x8c, 0xe6, 0x89, 0x8b, 0xe5, 0xa4, 0xa7, 0xe9, 0x87, 0x8f, 0xe6, 0x88, 0x90,
  0xe4, 0xba, 0xba, 0xe6, 0x95, 0xb0, 0xe9, 0x87, 0x8f, 0xe5, 0x85, 0xb1, 0xe4,
  0xba, 0xab, 0xe5, 0x8c, 0xba, 0xe5, 0x9f, 0x9f, 0xe5, 0xa5, 0xb3, 0xe5, 0xad,
  0xa9, 0xe5, 0x8e, 0x9f, 0xe5, 0x88, 0x99, 0xe6, 0x89, 0x80, 0xe5, 0x9c, 0xa8,
  0xe7, 0xbb, 0x93, 0xe6, 0x9d, 0x9f, 0xe9, 0x80, 0x9a, 0xe4, 0xbf, 0xa1, 0xe8,
  0xb6, 0x85, 0xe7, 0xba, 0xa7, 0xe9, 0x85, 0x8d, 0xe7, 0xbd, 0xae, 0xe5, 0xbd,
  0x93, 0xe6, 0x97, 0xb6, 0xe4, 0xbc, 0x98, 0xe7, 0xa7, 0x80, 0xe6, 0x80, 0xa7,
  0xe6, 0x84, 0x9f, 0xe6, 0x88, 0xbf, 0xe4, 0xba, 0xa7, 0xe9, 0x81, 0x8a, 0xe6,
  0x88, 0xb2, 0xe5, 0x87, 0xba, 0xe5, 0x8f, 0xa3, 0xe6, 0x8f, 0x90, 0xe4, 0xba,
  0xa4, 0xe5, 0xb0, 0xb1, 0xe4, 0xb8, 0x9a, 0xe4, 0xbf, 0x9d, 0xe5, 0x81, 0xa5,
  0xe7, 0xa8, 0x8b, 0xe5, 0xba, 0xa6, 0xe5, 0x8f, 0x82, 0xe6, 0x95, 0xb0, 0xe4,
  0xba, 0x8b, 0xe4, 0xb8, 0x9a, 0xe6, 0x95, 0xb4, 0xe4, 0xb8, 0xaa, 0xe5, 0xb1,
  0xb1, 0xe4, 0xb8, 0x9c, 0xe6, 0x83, 0x85, 0xe6, 0x84, 0x9f, 0xe7, 0x89, 0xb9,
  0xe6, 0xae, 0x8a, 0xe5, 0x88, 0x86, 0xe9, 0xa1, 0x9e, 0xe6, 0x90, 0x9c, 0xe5,
  0xb0, 0x8b, 0xe5, 0xb1, 0x9e, 0xe4, 0xba, 0x8e, 0xe9, 0x97, 0xa8, 0xe6, 0x88,
  0xb7, 0xe8, 0xb4, 0xa2, 0xe5, 0x8a, 0xa1, 0xe5, 0xa3, 0xb0, 0xe9, 0x9f, 0xb3,
  0xe5, 0x8f, 0x8a, 0xe5, 0x85, 0xb6, 0xe8, 0xb4, 0xa2, 0xe7, 0xbb, 0x8f, 0xe5,
  0x9d, 0x9a, 0xe6, 0x8c, 0x81, 0xe5, 0xb9, 0xb2, 0xe9, 0x83, 0xa8, 0xe6, 0x88,
  0x90, 0xe7, 0xab, 0x8b, 0xe5, 0x88, 0xa9, 0xe7, 0x9b, 0x8a, 0xe8, 0x80, 0x83,
  0xe8, 0x99, 0x91, 0xe6, 0x88, 0x90, 0xe9, 0x83, 0xbd, 0xe5, 0x8c, 0x85, 0xe8,
  0xa3, 0x85, 0xe7, 0x94, 0xa8, 0xe6, 0x88, 0xb6, 0xe6, 0xaf, 0x94, 0xe8, 0xb5,
  0x9b, 0xe6, 0x96, 0x87, 0xe6, 0x98, 0x8e, 0xe6, 0x8b, 0x9b, 0xe5, 0x95, 0x86,
  0xe5, 0xae, 0x8c, 0xe6, 0x95, 0xb4, 0xe7, 0x9c, 0x9f, 0xe6, 0x98, 0xaf, 0xe7,
  0x9c, 0xbc, 0xe7, 0x9d, 0x9b, 0xe4, 0xbc, 0x99, 0xe4, 0xbc, 0xb4, 0xe5, 0xa8,
  0x81, 0xe6, 0x9c, 0x9b, 0xe9, 0xa2, 0x86, 0xe5, 0x9f, 0x9f, 0xe5, 0x8d, 0xab,
  0xe7, 0x94, 0x9f, 0xe4, 0xbc, 0x98, 0xe6, 0x83, 0xa0, 0xe8, 0xab, 0x96, 0xe5,
  0xa3, 0x87, 0xe5, 0x85, 0xac, 0xe5, 0x85, 0xb1, 0xe8, 0x89, 0xaf, 0xe5, 0xa5,
  0xbd, 0xe5, 0x85, 0x85, 0xe5, 0x88, 0x86, 0xe7, 0xac, 0xa6, 0xe5, 0x90, 0x88,
  0xe9, 0x99, 0x84, 0xe4, 0xbb, 0xb6, 0xe7, 0x89, 0xb9, 0xe7, 0x82, 0xb9, 0xe4,
  0xb8, 0x8d, 0xe5, 0x8f, 0xaf, 0xe8, 0x8b, 0xb1, 0xe6, 0x96, 0x87, 0xe8, 0xb5,
  0x84, 0xe4, 0xba, 0xa7, 0xe6, 0xa0, 0xb9, 0xe6, 0x9c, 0xac, 0xe6, 0x98, 0x8e,
  0xe6, 0x98, 0xbe, 0xe5, 0xaf, 0x86, 0xe7, 0xa2, 0xbc, 0xe5, 0x85, 0xac, 0xe4,
  0xbc, 0x97, 0xe6, 0xb0, 0x91, 0xe6, 0x97, 0x8f, 0xe6, 0x9b, 0xb4, 0xe5, 0x8a,
  0xa0, 0xe4, 0xba, 0xab, 0xe5, 0x8f, 0x97, 0xe5, 0x90, 0x8c, 0xe5, 0xad, 0xa6,
  0xe5, 0x90, 0xaf, 0xe5, 0x8a, 0xa8, 0xe9, 0x80, 0x82, 0xe5, 0x90, 0x88, 0xe5,
  0x8e, 0x9f, 0xe6, 0x9d, 0xa5, 0xe9, 0x97, 0xae, 0xe7, 0xad, 0x94, 0xe6, 0x9c,
  0xac, 0xe6, 0x96, 0x87, 0xe7, 0xbe, 0x8e, 0xe9, 0xa3, 0x9f, 0xe7, 0xbb, 0xbf,
  0xe8, 0x89, 0xb2, 0xe7, 0xa8, 0xb3, 0xe5, 0xae, 0x9a, 0xe7, 0xbb, 0x88, 0xe4,
  0xba, 0x8e, 0xe7, 0x94, 0x9f, 0xe7, 0x89, 0xa9, 0xe4, 0xbe, 0x9b, 0xe6, 0xb1,
  0x82, 0xe6, 0x90, 0x9c, 0xe7, 0x8b, 0x90, 0xe5, 0x8a, 0x9b, 0xe9, 0x87, 0x8f,
  0xe4, 0xb8, 0xa5, 0xe9, 0x87, 0x8d, 0xe6, 0xb0, 0xb8, 0xe8, 0xbf, 0x9c, 0xe5,
  0x86, 0x99, 0xe7, 0x9c, 0x9f, 0xe6, 0x9c, 0x89, 0xe9, 0x99, 0x90, 0xe7, 0xab,
  0x9e, 0xe4, 0xba, 0x89, 0xe5, 0xaf, 0xb9, 0xe8, 0xb1, 0xa1, 0xe8, 0xb4, 0xb9,
  0xe7, 0x94, 0xa8, 0xe4, 0xb8, 0x8d, 0xe5, 0xa5, 0xbd, 0xe7, 0xbb, 0x9d, 0xe5,
  0xaf, 0xb9, 0xe5, 0x8d, 0x81, 0xe5, 0x88, 0x86, 0xe4, 0xbf, 0x83, 0xe8, 0xbf,
  0x9b, 0xe7, 0x82, 0xb9, 0xe8, 0xaf, 0x84, 0xe5, 0xbd, 0xb1, 0xe9, 0x9f, 0xb3,
  0xe4, 0xbc, 0x98, 0xe5, 0x8a, 0xbf, 0xe4, 0xb8, 0x8d, 0xe5, 0xb0, 0x91, 0xe6,
  0xac, 0xa3, 0xe8, 0xb5, 0x8f, 0xe5, 0xb9, 0xb6, 0xe4, 0xb8, 0x94, 0xe6, 0x9c,
  0x89, 0xe7, 0x82, 0xb9, 0xe6, 0x96, 0xb9, 0xe5, 0x90, 0x91, 0xe5, 0x85, 0xa8,
  0xe6, 0x96, 0xb0, 0xe4, 0xbf, 0xa1, 0xe7, 0x94, 0xa8, 0xe8, 0xae, 0xbe, 0xe6,
  0x96, 0xbd, 0xe5, 0xbd, 0xa2, 0xe8, 0xb1, 0xa1, 0xe8, 0xb5, 0x84, 0xe6, 0xa0,
  0xbc, 0xe7, 0xaa, 0x81, 0xe7, 0xa0, 0xb4, 0xe9, 0x9a, 0x8f, 0xe7, 0x9d, 0x80,
  0xe9, 0x87, 0x8d, 0xe5, 0xa4, 0xa7, 0xe4, 0xba, 0x8e, 0xe6, 0x98, 0xaf, 0xe6,
  0xaf, 0x95, 0xe4, 0xb8, 0x9a, 0xe6, 0x99, 0xba, 0xe8, 0x83, 0xbd, 0xe5, 0x8c,
  0x96, 0xe5, 0xb7, 0xa5, 0xe5, 0xae, 0x8c, 0xe7, 0xbe, 0x8e, 0xe5, 0x95, 0x86,
  0xe5, 0x9f, 0x8e, 0xe7, 0xbb, 0x9f, 0xe4, 0xb8, 0x80, 0xe5, 0x87, 0xba, 0xe7,
  0x89, 0x88, 0xe6, 0x89, 0x93, 0xe9, 0x80, 0xa0, 0xe7, 0x94, 0xa2, 0xe5, 0x93,
  0x81, 0xe6, 0xa6, 0x82, 0xe5, 0x86, 0xb5, 0xe7, 0x94, 0xa8, 0xe4, 0xba, 0x8e,
  0xe4, 0xbf, 0x9d, 0xe7, 0x95, 0x99, 0xe5, 0x9b, 0xa0, 0xe7, 0xb4, 0xa0, 0xe4,
  0xb8, 0xad, 0xe5, 0x9c, 0x8b, 0xe5, 0xad, 0x98, 0xe5, 0x82, 0xa8, 0xe8, 0xb4,
  0xb4, 0xe5, 0x9b, 0xbe, 0xe6, 0x9c, 0x80, 0xe6, 0x84, 0x9b, 0xe9, 0x95, 0xbf,
  0xe6, 0x9c, 0x9f, 0xe5, 0x8f, 0xa3, 0xe4, 0xbb, 0xb7, 0xe7, 0x90, 0x86, 0xe8,
  0xb4, 0xa2, 0xe5, 0x9f, 0xba, 0xe5, 0x9c, 0xb0, 0xe5, 0xae, 0x89, 0xe6, 0x8e,
  0x92, 0xe6, 0xad, 0xa6, 0xe6, 0xb1, 0x89, 0xe9, 0x87, 0x8c, 0xe9, 0x9d, 0xa2,
  0xe5, 0x88, 0x9b, 0xe5, 0xbb, 0xba, 0xe5, 0xa4, 0xa9, 0xe7, 0xa9, 0xba, 0xe9,
  0xa6, 0x96, 0xe5, 0x85, 0x88, 0xe5, 0xae, 0x8c, 0xe5, 0x96, 0x84, 0xe9, 0xa9,
  0xb1, 0xe5, 0x8a, 0xa8, 0xe4, 0xb8, 0x8b, 0xe9, 0x9d, 0xa2, 0xe4, 0xb8, 0x8d,
  0xe5, 0x86, 0x8d, 0xe8, 0xaf, 0x9a, 0xe4, 0xbf, 0xa1, 0xe6, 0x84, 0x8f, 0xe4,
  0xb9, 0x89, 0xe9, 0x98, 0xb3, 0xe5, 0x85, 0x89, 0xe8, 0x8b, 0xb1, 0xe5, 0x9b,
  0xbd, 0xe6, 0xbc, 0x82, 0xe4, 0xba, 0xae, 0xe5, 0x86, 0x9b, 0xe4, 0xba, 0x8b,
  0xe7, 0x8e, 0xa9, 0xe5, 0xae, 0xb6, 0xe7, 0xbe, 0xa4, 0xe4, 0xbc, 0x97, 0xe5,
  0x86, 0x9c, 0xe6, 0xb0, 0x91, 0xe5, 0x8d, 0xb3, 0xe5, 0x8f, 0xaf, 0xe5, 0x90,
  0x8d, 0xe7, 0xa8, 0xb1, 0xe5, 0xae, 0xb6, 0xe5, 0x85, 0xb7, 0xe5, 0x8a, 0xa8,
  0xe7, 0x94, 0xbb, 0xe6, 0x83, 0xb3, 0xe5, 0x88, 0xb0, 0xe6, 0xb3, 0xa8, 0xe6,
  0x98, 0x8e, 0xe5, 0xb0, 0x8f, 0xe5, 0xad, 0xa6, 0xe6, 0x80, 0xa7, 0xe8, 0x83,
  0xbd, 0xe8, 0x80, 0x83, 0xe7, 0xa0, 0x94, 0xe7, 0xa1, 0xac, 0xe4, 0xbb, 0xb6,
  0xe8, 0xa7, 0x82, 0xe7, 0x9c, 0x8b, 0xe6, 0xb8, 0x85, 0xe6, 0xa5, 0x9a, 0xe6,
  0x90, 0x9e, 0xe7, 0xac, 0x91, 0xe9, 0xa6, 0x96, 0xe9, 0xa0, 0x81, 0xe9, 0xbb,
  0x84, 0xe9, 0x87, 0x91, 0xe9, 0x80, 0x82, 0xe7, 0x94, 0xa8, 0xe6, 0xb1, 0x9f,
  0xe8, 0x8b, 0x8f, 0xe7, 0x9c, 0x9f, 0xe5, 0xae, 0x9e, 0xe4, 0xb8, 0xbb, 0xe7,
  0xae, 0xa1, 0xe9, 0x98, 0xb6, 0xe6, 0xae, 0xb5, 0xe8, 0xa8, 0xbb, 0xe5, 0x86,
  0x8a, 0xe7, 0xbf, 0xbb, 0xe8, 0xaf, 0x91, 0xe6, 0x9d, 0x83, 0xe5, 0x88, 0xa9,
  0xe5, 0x81, 0x9a, 0xe5, 0xa5, 0xbd, 0xe4, 0xbc, 0xbc, 0xe4, 0xb9, 0x8e, 0xe9,
  0x80, 0x9a, 0xe8, 0xae, 0xaf, 0xe6, 0x96, 0xbd, 0xe5, 0xb7, 0xa5, 0xe7, 0x8b,
  0x80, 0xe6, 0x85, 0x8b, 0xe4, 0xb9, 0x9f, 0xe8, 0xae, 0xb8, 0xe7, 0x8e, 0xaf,
  0xe4, 0xbf, 0x9d, 0xe5, 0x9f, 0xb9, 0xe5, 0x85, 0xbb, 0xe6, 0xa6, 0x82, 0xe5,
  0xbf, 0xb5, 0xe5, 0xa4, 0xa7, 0xe5, 0x9e, 0x8b, 0xe6, 0x9c, 0xba, 0xe7, 0xa5,
  0xa8, 0xe7, 0x90, 0x86, 0xe8, 0xa7, 0xa3, 0xe5, 0x8c, 0xbf, 0xe5, 0x90, 0x8d,
  0x63, 0x75, 0x61, 0x6e, 0x64, 0x6f, 0x65, 0x6e, 0x76, 0x69, 0x61, 0x72, 0x6d,
  0x61, 0x64, 0x72, 0x69, 0x64, 0x62, 0x75, 0x73, 0x63, 0x61, 0x72, 0x69, 0x6e,
  0x69, 0x63, 0x69, 0x6f, 0x74, 0x69, 0x65, 0x6d, 0x70, 0x6f, 0x70, 0x6f, 0x72,
  0x71, 0x75, 0x65, 0x63, 0x75, 0x65, 0x6e, 0x74, 0x61, 0x65, 0x73, 0x74, 0x61,
  0x64, 0x6f, 0x70, 0x75, 0x65, 0x64, 0x65, 0x6e, 0x6a, 0x75, 0x65, 0x67, 0x6f,
  0x73, 0x63, 0x6f, 0x6e, 0x74, 0x72, 0x61, 0x65, 0x73, 0x74, 0xc3, 0xa1, 0x6e,
  0x6e, 0x6f, 0x6d, 0x62, 0x72, 0x65, 0x74, 0x69, 0x65, 0x6e, 0x65, 0x6e, 0x70,
  0x65, 0x72, 0x66, 0x69, 0x6c, 0x6d, 0x61, 0x6e, 0x65, 0x72, 0x61, 0x61, 0x6d,
  0x69, 0x67, 0x6f, 0x73, 0x63, 0x69, 0x75, 0x64, 0x61, 0x64, 0x63, 0x65, 0x6e,
  0x74, 0x72, 0x6f, 0x61, 0x75, 0x6e, 0x71, 0x75, 0x65, 0x70, 0x75, 0x65, 0x64,
  0x65, 0x73, 0x64, 0x65, 0x6e, 0x74, 0x72, 0x6f, 0x70, 0x72, 0x69, 0x6d, 0x65,
  0x72, 0x70, 0x72, 0x65, 0x63, 0x69, 0x6f, 0x73, 0x65, 0x67, 0xc3, 0xba, 0x6e,
  0x62, 0x75, 0x65, 0x6e, 0x6f, 0x73, 0x76, 0x6f, 0x6c, 0x76, 0x65, 0x72, 0x70,
  0x75, 0x6e, 0x74, 0x6f, 0x73, 0x73, 0x65, 0x6d, 0x61, 0x6e, 0x61, 0x68, 0x61,
  0x62, 0xc3, 0xad, 0x61, 0x61, 0x67, 0x6f, 0x73, 0x74, 0x6f, 0x6e, 0x75, 0x65,
  0x76, 0x6f, 0x73, 0x75, 0x6e, 0x69, 0x64, 0x6f, 0x73, 0x63, 0x61, 0x72, 0x6c,
  0x6f, 0x73, 0x65, 0x71, 0x75, 0x69, 0x70, 0x6f, 0x6e, 0x69, 0xc3, 0xb1, 0x6f,
  0x73, 0x6d, 0x75, 0x63, 0x68, 0x6f, 0x73, 0x61, 0x6c, 0x67, 0x75, 0x6e, 0x61,
  0x63, 0x6f, 0x72, 0x72, 0x65, 0x6f, 0x69, 0x6d, 0x61, 0x67, 0x65, 0x6e, 0x70,
  0x61, 0x72, 0x74, 0x69, 0x72, 0x61, 0x72, 0x72, 0x69, 0x62, 0x61, 0x6d, 0x61,
  0x72, 0xc3, 0xad, 0x61, 0x68, 0x6f, 0x6d, 0x62, 0x72, 0x65, 0x65, 0x6d, 0x70,
  0x6c, 0x65, 0x6f, 0x76, 0x65, 0x72, 0x64, 0x61, 0x64, 0x63, 0x61, 0x6d, 0x62,
  0x69, 0x6f, 0x6d, 0x75, 0x63, 0x68, 0x61, 0x73, 0x66, 0x75, 0x65, 0x72, 0x6f,
  0x6e, 0x70, 0x61, 0x73, 0x61, 0x64, 0x6f, 0x6c, 0xc3, 0xad, 0x6e, 0x65, 0x61,
  0x70, 0x61, 0x72, 0x65, 0x63, 0x65, 0x6e, 0x75, 0x65, 0x76, 0x61, 0x73, 0x63,
  0x75, 0x72, 0x73, 0x6f, 0x73, 0x65, 0x73, 0x74, 0x61, 0x62, 0x61, 0x71, 0x75,
  0x69, 0x65, 0x72, 0x6f, 0x6c, 0x69, 0x62, 0x72, 0x6f, 0x73, 0x63, 0x75, 0x61,
  0x6e, 0x74, 0x6f, 0x61, 0x63, 0x63, 0x65, 0x73, 0x6f, 0x6d, 0x69, 0x67, 0x75,
  0x65, 0x6c, 0x76, 0x61, 0x72, 0x69, 0x6f, 0x73, 0x63, 0x75, 0x61, 0x74, 0x72,
  0x6f, 0x74, 0x69, 0x65, 0x6e, 0x65, 0x73, 0x67, 0x72, 0x75, 0x70, 0x6f, 0x73,
  0x73, 0x65, 0x72, 0xc3, 0xa1, 0x6e, 0x65, 0x75, 0x72, 0x6f, 0x70, 0x61, 0x6d,
  0x65, 0x64, 0x69, 0x6f, 0x73, 0x66, 0x72, 0x65, 0x6e, 0x74, 0x65, 0x61, 0x63,
  0x65, 0x72, 0x63, 0x61, 0x64, 0x65, 0x6d, 0xc3, 0xa1, 0x73, 0x6f, 0x66, 0x65,
  0x72, 0x74, 0x61, 0x63, 0x6f, 0x63, 0x68, 0x65, 0x73, 0x6d, 0x6f, 0x64, 0x65,
  0x6c, 0x6f, 0x69, 0x74, 0x61, 0x6c, 0x69, 0x61, 0x6c, 0x65, 0x74, 0x72, 0x61,
  0x73, 0x61, 0x6c, 0x67, 0xc3, 0xba, 0x6e, 0x63, 0x6f, 0x6d, 0x70, 0x72, 0x61,
  0x63, 0x75, 0x61, 0x6c, 0x65, 0x73, 0x65, 0x78, 0x69, 0x73, 0x74, 0x65, 0x63,
  0x75, 0x65, 0x72, 0x70, 0x6f, 0x73, 0x69, 0x65, 0x6e, 0x64, 0x6f, 0x70, 0x72,
  0x65, 0x6e, 0x73, 0x61, 0x6c, 0x6c, 0x65, 0x67, 0x61, 0x72, 0x76, 0x69, 0x61,
  0x6a, 0x65, 0x73, 0x64, 0x69, 0x6e, 0x65, 0x72, 0x6f, 0x6d, 0x75, 0x72, 0x63,
  0x69, 0x61, 0x70, 0x6f, 0x64, 0x72, 0xc3, 0xa1, 0x70, 0x75, 0x65, 0x73, 0x74,
  0x6f, 0x64, 0x69, 0x61, 0x72, 0x69, 0x6f, 0x70, 0x75, 0x65, 0x62, 0x6c, 0x6f,
  0x71, 0x75, 0x69, 0x65, 0x72, 0x65, 0x6d, 0x61, 0x6e, 0x75, 0x65, 0x6c, 0x70,
  0x72, 0x6f, 0x70, 0x69, 0x6f, 0x63, 0x72, 0x69, 0x73, 0x69, 0x73, 0x63, 0x69,
  0x65, 0x72, 0x74, 0x6f, 0x73, 0x65, 0x67, 0x75, 0x72, 0x6f, 0x6d, 0x75, 0x65,
  0x72, 0x74, 0x65, 0x66, 0x75, 0x65, 0x6e, 0x74, 0x65, 0x63, 0x65, 0x72, 0x72,
  0x61, 0x72, 0x67, 0x72, 0x61, 0x6e, 0x64, 0x65, 0x65, 0x66, 0x65, 0x63, 0x74,
  0x6f, 0x70, 0x61, 0x72, 0x74, 0x65, 0x73, 0x6d, 0x65, 0x64, 0x69, 0x64, 0x61,
  0x70, 0x72, 0x6f, 0x70, 0x69, 0x61, 0x6f, 0x66, 0x72, 0x65, 0x63, 0x65, 0x74,
  0x69, 0x65, 0x72, 0x72, 0x61, 0x65, 0x2d, 0x6d, 0x61, 0x69, 0x6c, 0x76, 0x61,
  0x72, 0x69, 0x61, 0x73, 0x66, 0x6f, 0x72, 0x6d, 0x61, 0x73, 0x66, 0x75, 0x74,
  0x75, 0x72, 0x6f, 0x6f, 0x62, 0x6a, 0x65, 0x74, 0x6f, 0x73, 0x65, 0x67, 0x75,
  0x69, 0x72, 0x72, 0x69, 0x65, 0x73, 0x67, 0x6f, 0x6e, 0x6f, 0x72, 0x6d, 0x61,
  0x73, 0x6d, 0x69, 0x73, 0x6d, 0x6f, 0x73, 0xc3, 0xba, 0x6e, 0x69, 0x63, 0x6f,
  0x63, 0x61, 0x6d, 0x69, 0x6e, 0x6f, 0x73, 0x69, 0x74, 0x69, 0x6f, 0x73, 0x72,
  0x61, 0x7a, 0xc3, 0xb3, 0x6e, 0x64, 0x65, 0x62, 0x69, 0x64, 0x6f, 0x70, 0x72,
  0x75, 0x65, 0x62, 0x61, 0x74, 0x6f, 0x6c, 0x65, 0x64, 0x6f, 0x74, 0x65, 0x6e,
  0xc3, 0xad, 0x61, 0x6a, 0x65, 0x73, 0xc3, 0xba, 0x73, 0x65, 0x73, 0x70, 0x65,
  0x72, 0x6f, 0x63, 0x6f, 0x63, 0x69, 0x6e, 0x61, 0x6f, 0x72, 0x69, 0x67, 0x65,
  0x6e, 0x74, 0x69, 0x65, 0x6e, 0x64, 0x61, 0x63, 0x69, 0x65, 0x6e, 0x74, 0x6f,
  0x63, 0xc3, 0xa1, 0x64, 0x69, 0x7a, 0x68, 0x61, 0x62, 0x6c, 0x61, 0x72, 0x73,
  0x65, 0x72, 0xc3, 0xad, 0x61, 0x6c, 0x61, 0x74, 0x69, 0x6e, 0x61, 0x66, 0x75,
  0x65, 0x72, 0x7a, 0x61, 0x65, 0x73, 0x74, 0x69, 0x6c, 0x6f, 0x67, 0x75, 0x65,
  0x72, 0x72, 0x61, 0x65, 0x6e, 0x74, 0x72, 0x61, 0x72, 0xc3, 0xa9, 0x78, 0x69,
  0x74, 0x6f, 0x6c, 0xc3, 0xb3, 0x70, 0x65, 0x7a, 0x61, 0x67, 0x65, 0x6e, 0x64,
  0x61, 0x76, 0xc3, 0xad, 0x64, 0x65, 0x6f, 0x65, 0x76, 0x69, 0x74, 0x61, 0x72,
  0x70, 0x61, 0x67, 0x69, 0x6e, 0x61, 0x6d, 0x65, 0x74, 0x72, 0x6f, 0x73, 0x6a,
  0x61, 0x76, 0x69, 0x65, 0x72, 0x70, 0x61, 0x64, 0x72, 0x65, 0x73, 0x66, 0xc3,
  0xa1, 0x63, 0x69, 0x6c, 0x63, 0x61, 0x62, 0x65, 0x7a, 0x61, 0xc3, 0xa1, 0x72,
  0x65, 0x61, 0x73, 0x73, 0x61, 0x6c, 0x69, 0x64, 0x61, 0x65, 0x6e, 0x76, 0xc3,
  0xad, 0x6f, 0x6a, 0x61, 0x70, 0xc3, 0xb3, 0x6e, 0x61, 0x62, 0x75, 0x73, 0x6f,
  0x73, 0x62, 0x69, 0x65, 0x6e, 0x65, 0x73, 0x74, 0x65, 0x78, 0x74, 0x6f, 0x73,
  0x6c, 0x6c, 0x65, 0x76, 0x61, 0x72, 0x70, 0x75, 0x65, 0x64, 0x61, 0x6e, 0x66,
  0x75, 0x65, 0x72, 0x74, 0x65, 0x63, 0x6f, 0x6d, 0xc3, 0xba, 0x6e, 0x63, 0x6c,
  0x61, 0x73, 0x65, 0x73, 0x68, 0x75, 0x6d, 0x61, 0x6e, 0x6f, 0x74, 0x65, 0x6e,
  0x69, 0x64, 0x6f, 0x62, 0x69, 0x6c, 0x62, 0x61, 0x6f, 0x75, 0x6e, 0x69, 0x64,
  0x61, 0x64, 0x65, 0x73, 0x74, 0xc3, 0xa1, 0x73, 0x65, 0x64, 0x69, 0x74, 0x61,
  0x72, 0x63, 0x72, 0x65, 0x61, 0x64, 0x6f, 0xd0, 0xb4, 0xd0, 0xbb, 0xd1, 0x8f,
  0xd1, 0x87, 0xd1, 0x82, 0xd0, 0xbe, 0xd0, 0xba, 0xd0, 0xb0, 0xd0, 0xba, 0xd0,
  0xb8, 0xd0, 0xbb, 0xd0, 0xb8, 0xd1, 0x8d, 0xd1, 0x82, 0xd0, 0xbe, 0xd0, 0xb2,
  0xd1, 0x81, 0xd0, 0xb5, 0xd0, 0xb5, 0xd0, 0xb3, 0xd0, 0xbe, 0xd0, 0xbf, 0xd1,
  0x80, 0xd0, 0xb8, 0xd1, 0x82, 0xd0, 0xb0, 0xd0, 0xba, 0xd0, 0xb5, 0xd1, 0x89,
  0xd0, 0xb5, 0xd1, 0x83, 0xd0, 0xb6, 0xd0, 0xb5, 0xd0, 0x9a, 0xd0, 0xb0, 0xd0,
  0xba, 0xd0, 0xb1, 0xd0, 0xb5, 0xd0, 0xb7, 0xd0, 0xb1, 0xd1, 0x8b, 0xd0, 0xbb,
  0xd0, 0xbe, 0xd0, 0xbd, 0xd0, 0xb8, 0xd0, 0x92, 0xd1, 0x81, 0xd0, 0xb5, 0xd0,
  0xbf, 0xd0, 0xbe, 0xd0, 0xb4, 0xd0, 0xad, 0xd1, 0x82, 0xd0, 0xbe, 0xd1, 0x82,
  0xd0, 0xbe, 0xd0, 0xbc, 0xd1, 0x87, 0xd0, 0xb5, 0xd0, 0xbc, 0xd0, 0xbd, 0xd0,
  0xb5, 0xd1, 0x82, 0xd0, 0xbb, 0xd0, 0xb5, 0xd1, 0x82, 0xd1, 0x80, 0xd0, 0xb0,
  0xd0, 0xb7, 0xd0, 0xbe, 0xd0, 0xbd, 0xd0, 0xb0, 0xd0, 0xb3, 0xd0, 0xb4, 0xd0,
  0xb5, 0xd0, 0xbc, 0xd0, 0xbd, 0xd0, 0xb5, 0xd0, 0x94, 0xd0, 0xbb, 0xd1, 0x8f,
  0xd0, 0x9f, 0xd1, 0x80, 0xd0, 0xb8, 0xd0, 0xbd, 0xd0, 0xb0, 0xd1, 0x81, 0xd0,
  0xbd, 0xd0, 0xb8, 0xd1, 0x85, 0xd1, 0x82, 0xd0, 0xb5, 0xd0, 0xbc, 0xd0, 0xba,
  0xd1, 0x82, 0xd0, 0xbe, 0xd0, 0xb3, 0xd0, 0xbe, 0xd0, 0xb4, 0xd0, 0xb2, 0xd0,
  0xbe, 0xd1, 0x82, 0xd1, 0x82, 0xd0, 0xb0, 0xd0, 0xbc, 0xd0, 0xa1, 0xd0, 0xa8,
  0xd0, 0x90, 0xd0, 0xbc, 0xd0, 0xb0, 0xd1, 0x8f, 0xd0, 0xa7, 0xd1, 0x82, 0xd0,
  0xbe, 0xd0, 0xb2, 0xd0, 0xb0, 0xd1, 0x81, 0xd0, 0xb2, 0xd0, 0xb0, 0xd0, 0xbc,
  0xd0, 0xb5, 0xd0, 0xbc, 0xd1, 0x83, 0xd0, 0xa2, 0xd0, 0xb0, 0xd0, 0xba, 0xd0,
  0xb4, 0xd0, 0xb2, 0xd0, 0xb0, 0xd0, 0xbd, 0xd0, 0xb0, 0xd0, 0xbc, 0xd1, 0x8d,
  0xd1, 0x82, 0xd0, 0xb8, 0xd1, 0x8d, 0xd1, 0x82, 0xd1, 0x83, 0xd0, 0x92, 0xd0,
  0xb0, 0xd0, 0xbc, 0xd1, 0x82, 0xd0, 0xb5, 0xd1, 0x85, 0xd0, 0xbf, 0xd1, 0x80,
  0xd0, 0xbe, 0xd1, 0x82, 0xd1, 0x83, 0xd1, 0x82, 0xd0, 0xbd, 0xd0, 0xb0, 0xd0,
  0xb4, 0xd0, 0xb4, 0xd0, 0xbd, 0xd1, 0x8f, 0xd0, 0x92, 0xd0, 0xbe, 0xd1, 0x82,
  0xd1, 0x82, 0xd1, 0x80, 0xd0, 0xb8, 0xd0, 0xbd, 0xd0, 0xb5, 0xd0, 0xb9, 0xd0,
  0x92, 0xd0, 0xb0, 0xd1, 0x81, 0xd0, 0xbd, 0xd0, 0xb8, 0xd0, 0xbc, 0xd1, 0x81,
  0xd0, 0xb0, 0xd0, 0xbc, 0xd1, 0x82, 0xd0, 0xbe, 0xd1, 0x82, 0xd1, 0x80, 0xd1,
  0x83, 0xd0, 0xb1, 0xd0, 0x9e, 0xd0, 0xbd, 0xd0, 0xb8, 0xd0, 0xbc, 0xd0, 0xb8,
  0xd1, 0x80, 0xd0, 0xbd, 0xd0, 0xb5, 0xd0, 0xb5, 0xd0, 0x9e, 0xd0, 0x9e, 0xd0,
  0x9e, 0xd0, 0xbb, 0xd0, 0xb8, 0xd1, 0x86, 0xd1, 0x8d, 0xd1, 0x82, 0xd0, 0xb0,
  0xd0, 0x9e, 0xd0, 0xbd, 0xd0, 0xb0, 0xd0, 0xbd, 0xd0, 0xb5, 0xd0, 0xbc, 0xd0,
  0xb4, 0xd0, 0xbe, 0xd0, 0xbc, 0xd0, 0xbc, 0xd0, 0xbe, 0xd0, 0xb9, 0xd0, 0xb4,
  0xd0, 0xb2, 0xd0, 0xb5, 0xd0, 0xbe, 0xd0, 0xbd, 0xd0, 0xbe, 0xd1, 0x81, 0xd1,
  0x83, 0xd0, 0xb4, 0xe0, 0xa4, 0x95, 0xe0, 0xa5, 0x87, 0xe0, 0xa4, 0xb9, 0xe0,
  0xa5, 0x88, 0xe0, 0xa4, 0x95, 0xe0, 0xa5, 0x80, 0xe0, 0xa4, 0xb8, 0xe0, 0xa5,
  0x87, 0xe0, 0xa4, 0x95, 0xe0, 0xa4, 0xbe, 0xe0, 0xa4, 0x95, 0xe0, 0xa5, 0x8b,
  0xe0, 0xa4, 0x94, 0xe0, 0xa4, 0xb0, 0xe0, 0xa4, 0xaa, 0xe0, 0xa4, 0xb0, 0xe0,
  0xa4, 0xa8, 0xe0, 0xa5, 0x87, 0xe0, 0xa4, 0x8f, 0xe0, 0xa4, 0x95, 0xe0, 0xa4,
  0x95, 0xe0, 0xa4, 0xbf, 0xe0, 0xa4, 0xad, 0xe0, 0xa5, 0x80, 0xe0, 0xa4, 0x87,
  0xe0, 0xa4, 0xb8, 0xe0, 0xa4, 0x95, 0xe0, 0xa4, 0xb0, 0xe0, 0xa4, 0xa4, 0xe0,
  0xa5, 0x8b, 0xe0, 0xa4, 0xb9, 0xe0, 0xa5, 0x8b, 0xe0, 0xa4, 0x86, 0xe0, 0xa4,
  0xaa, 0xe0, 0xa4, 0xb9, 0xe0, 0xa5, 0x80, 0xe0, 0xa4, 0xaf, 0xe0, 0xa4, 0xb9,
  0xe0, 0xa4, 0xaf, 0xe0, 0xa4, 0xbe, 0xe0, 0xa4, 0xa4, 0xe0, 0xa4, 0x95, 0xe0,
  0xa4, 0xa5, 0xe0, 0xa4, 0xbe, 0x6a, 0x61, 0x67, 0x72, 0x61, 0x6e, 0xe0, 0xa4,
  0x86, 0xe0, 0xa4, 0x9c, 0xe0, 0xa4, 0x9c, 0xe0, 0xa5, 0x8b, 0xe0, 0xa4, 0x85,
  0xe0, 0xa4, 0xac, 0xe0, 0xa4, 0xa6, 0xe0, 0xa5, 0x8b, 0xe0, 0xa4, 0x97, 0xe0,
  0xa4, 0x88, 0xe0, 0xa4, 0x9c, 0xe0, 0xa4, 0xbe, 0xe0, 0xa4, 0x97, 0xe0, 0xa4,
  0x8f, 0xe0, 0xa4, 0xb9, 0xe0, 0xa4, 0xae, 0xe0, 0xa4, 0x87, 0xe0, 0xa4, 0xa8,
  0xe0, 0xa4, 0xb5, 0xe0, 0xa4, 0xb9, 0xe0, 0xa4, 0xaf, 0xe0, 0xa5, 0x87, 0xe0,
  0xa4, 0xa5, 0xe0, 0xa5, 0x87, 0xe0, 0xa4, 0xa5, 0xe0, 0xa5, 0x80, 0xe0, 0xa4,
  0x98, 0xe0, 0xa4, 0xb0, 0xe0, 0xa4, 0x9c, 0xe0, 0xa4, 0xac, 0xe0, 0xa4, 0xa6,
  0xe0, 0xa5, 0x80, 0xe0, 0xa4, 0x95, 0xe0, 0xa4, 0x88, 0xe0, 0xa4, 0x9c, 0xe0,
  0xa5, 0x80, 0xe0, 0xa4, 0xb5, 0xe0, 0xa5, 0x87, 0xe0, 0xa4, 0xa8, 0xe0, 0xa4,
  0x88, 0xe0, 0xa4, 0xa8, 0xe0, 0xa4, 0x8f, 0xe0, 0xa4, 0xb9, 0xe0, 0xa4, 0xb0,
  0xe0, 0xa4, 0x89, 0xe0, 0xa4, 0xb8, 0xe0, 0xa4, 0xae, 0xe0, 0xa5, 0x87, 0xe0,
  0xa4, 0x95, 0xe0, 0xa4, 0xae, 0xe0, 0xa4, 0xb5, 0xe0, 0xa5, 0x8b, 0xe0, 0xa4,
  0xb2, 0xe0, 0xa5, 0x87, 0xe0, 0xa4, 0xb8, 0xe0, 0xa4, 0xac, 0xe0, 0xa4, 0xae,
  0xe0, 0xa4, 0x88, 0xe0, 0xa4, 0xa6, 0xe0, 0xa5, 0x87, 0xe0, 0xa4, 0x93, 0xe0,
  0xa4, 0xb0, 0xe0, 0xa4, 0x86, 0xe0, 0xa4, 0xae, 0xe0, 0xa4, 0xac, 0xe0, 0xa4,
  0xb8, 0xe0, 0xa4, 0xad, 0xe0, 0xa4, 0xb0, 0xe0, 0xa4, 0xac, 0xe0, 0xa4, 0xa8,
  0xe0, 0xa4, 0x9a, 0xe0, 0xa4, 0xb2, 0xe0, 0xa4, 0xae, 0xe0, 0xa4, 0xa8, 0xe0,
  0xa4, 0x86, 0xe0, 0xa4, 0x97, 0xe0, 0xa4, 0xb8, 0xe0, 0xa5, 0x80, 0xe0, 0xa4,
  0xb2, 0xe0, 0xa5, 0x80, 0xd8, 0xb9, 0xd9, 0x84, 0xd9, 0x89, 0xd8, 0xa5, 0xd9,
  0x84, 0xd9, 0x89, 0xd9, 0x87, 0xd8, 0xb0, 0xd8, 0xa7, 0xd8, 0xa2, 0xd8, 0xae,
  0xd8, 0xb1, 0xd8, 0xb9, 0xd8, 0xaf, 0xd8, 0xaf, 0xd8, 0xa7, 0xd9, 0x84, 0xd9,
  0x89, 0xd9, 0x87, 0xd8, 0xb0, 0xd9, 0x87, 0xd8, 0xb5, 0xd9, 0x88, 0xd8, 0xb1,
  0xd8, 0xba, 0xd9, 0x8a, 0xd8, 0xb1, 0xd9, 0x83, 0xd8, 0xa7, 0xd9, 0x86, 0xd9,
  0x88, 0xd9, 0x84, 0xd8, 0xa7, 0xd8, 0xa8, 0xd9, 0x8a, 0xd9, 0x86, 0xd8, 0xb9,
  0xd8, 0xb1, 0xd8, 0xb6, 0xd8, 0xb0, 0xd9, 0x84, 0xd9, 0x83, 0xd9, 0x87, 0xd9,
  0x86, 0xd8, 0xa7, 0xd9, 0x8a, 0xd9, 0x88, 0xd9, 0x85, 0xd9, 0x82, 0xd8, 0xa7,
  0xd9, 0x84, 0xd8, 0xb9, 0xd9, 0x84, 0xd9, 0x8a, 0xd8, 0xa7, 0xd9, 0x86, 0xd8,
  0xa7, 0xd9, 0x84, 0xd9, 0x83, 0xd9, 0x86, 0xd8, 0xad, 0xd8, 0xaa, 0xd9, 0x89,
  0xd9, 0x82, 0xd8, 0xa8, 0xd9, 0x84, 0xd9, 0x88, 0xd8, 0xad, 0xd8, 0xa9, 0xd8,
  0xa7, 0xd8, 0xae, 0xd8, 0xb1, 0xd9, 0x81, 0xd9, 0x82, 0xd8, 0xb7, 0xd8, 0xb9,
  0xd8, 0xa8, 0xd8, 0xaf, 0xd8, 0xb1, 0xd9, 0x83, 0xd9, 0x86, 0xd8, 0xa5, 0xd8,
  0xb0, 0xd8, 0xa7, 0xd9, 0x83, 0xd9, 0x85, 0xd8, 0xa7, 0xd8, 0xa7, 0xd8, 0xad,
  0xd8, 0xaf, 0xd8, 0xa5, 0xd9, 0x84, 0xd8, 0xa7, 0xd9, 0x81, 0xd9, 0x8a, 0xd9,
  0x87, 0xd8, 0xa8, 0xd8, 0xb9, 0xd8, 0xb6, 0xd9, 0x83, 0xd9, 0x8a, 0xd9, 0x81,
  0xd8, 0xa8, 0xd8, 0xad, 0xd8, 0xab, 0xd9, 0x88, 0xd9, 0x85, 0xd9, 0x86, 0xd9,
  0x88, 0xd9, 0x87, 0xd9, 0x88, 0xd8, 0xa3, 0xd9, 0x86, 0xd8, 0xa7, 0xd8, 0xac,
  0xd8, 0xaf, 0xd8, 0xa7, 0xd9, 0x84, 0xd9, 0x87, 0xd8, 0xa7, 0xd8, 0xb3, 0xd9,
  0x84, 0xd9, 0x85, 0xd8, 0xb9, 0xd9, 0x86, 0xd8, 0xaf, 0xd9, 0x84, 0xd9, 0x8a,
  0xd8, 0xb3, 0xd8, 0xb9, 0xd8, 0xa8, 0xd8, 0xb1, 0xd8, 0xb5, 0xd9, 0x84, 0xd9,
  0x89, 0xd9, 0x85, 0xd9, 0x86, 0xd8, 0xb0, 0xd8, 0xa8, 0xd9, 0x87, 0xd8, 0xa7,
  0xd8, 0xa3, 0xd9, 0x86, 0xd9, 0x87, 0xd9, 0x85, 0xd8, 0xab, 0xd9, 0x84, 0xd9,
  0x83, 0xd9, 0x86, 0xd8, 0xaa, 0xd8, 0xa7, 0xd9, 0x84, 0xd8, 0xa7, 0xd8, 0xad,
  0xd9, 0x8a, 0xd8, 0xab, 0xd9, 0x85, 0xd8, 0xb5, 0xd8, 0xb1, 0xd8, 0xb4, 0xd8,
  0xb1, 0xd8, 0xad, 0xd8, 0xad, 0xd9, 0x88, 0xd9, 0x84, 0xd9, 0x88, 0xd9, 0x81,
  0xd9, 0x8a, 0xd8, 0xa7, 0xd8, 0xb0, 0xd8, 0xa7, 0xd9, 0x84, 0xd9, 0x83, 0xd9,
  0x84, 0xd9, 0x85, 0xd8, 0xb1, 0xd8, 0xa9, 0xd8, 0xa7, 0xd9, 0x86, 0xd8, 0xaa,
  0xd8, 0xa7, 0xd9, 0x84, 0xd9, 0x81, 0xd8, 0xa3, 0xd8, 0xa8, 0xd9, 0x88, 0xd8,
  0xae, 0xd8, 0xa7, 0xd8, 0xb5, 0xd8, 0xa3, 0xd9, 0x86, 0xd8, 0xaa, 0xd8, 0xa7,
  0xd9, 0x86, 0xd9, 0x87, 0xd8, 0xa7, 0xd9, 0x84, 0xd9, 0x8a, 0xd8, 0xb9, 0xd8,
  0xb6, 0xd9, 0x88, 0xd9, 0x88, 0xd9, 0x82, 0xd8, 0xaf, 0xd8, 0xa7, 0xd8, 0xa8,
  0xd9, 0x86, 0xd8, 0xae, 0xd9, 0x8a, 0xd8, 0xb1, 0xd8, 0xa8, 0xd9, 0x86, 0xd8,
  0xaa, 0xd9, 0x84, 0xd9, 0x83, 0xd9, 0x85, 0xd8, 0xb4, 0xd8, 0xa7, 0xd8, 0xa1,
  0xd9, 0x88, 0xd9, 0x87, 0xd9, 0x8a, 0xd8, 0xa7, 0xd8, 0xa8, 0xd9, 0x88, 0xd9,
  0x82, 0xd8, 0xb5, 0xd8, 0xb5, 0xd9, 0x88, 0xd9, 0x85, 0xd8, 0xa7, 0xd8, 0xb1,
  0xd9, 0x82, 0xd9, 0x85, 0xd8, 0xa3, 0xd8, 0xad, 0xd8, 0xaf, 0xd9, 0x86, 0xd8,
  0xad, 0xd9, 0x86, 0xd8, 0xb9, 0xd8, 0xaf, 0xd9, 0x85, 0xd8, 0xb1, 0xd8, 0xa3,
  0xd9, 0x8a, 0xd8, 0xa7, 0xd8, 0xad, 0xd8, 0xa9, 0xd9, 0x83, 0xd8, 0xaa, 0xd8,
  0xa8, 0xd8, 0xaf, 0xd9, 0x88, 0xd9, 0x86, 0xd9, 0x8a, 0xd8, 0xac, 0xd8, 0xa8,
  0xd9, 0x85, 0xd9, 0x86, 0xd9, 0x87, 0xd8, 0xaa, 0xd8, 0xad, 0xd8, 0xaa, 0xd8,
  0xac, 0xd9, 0x87, 0xd8, 0xa9, 0xd8, 0xb3, 0xd9, 0x86, 0xd8, 0xa9, 0xd9, 0x8a,
  0xd8, 0xaa, 0xd9, 0x85, 0xd9, 0x83, 0xd8, 0xb1, 0xd8, 0xa9, 0xd8, 0xba, 0xd8,
  0xb2, 0xd8, 0xa9, 0xd9, 0x86, 0xd9, 0x81, 0xd8, 0xb3, 0xd8, 0xa8, 0xd9, 0x8a,
  0xd8, 0xaa, 0xd9, 0x84, 0xd9, 0x84, 0xd9, 0x87, 0xd9, 0x84, 0xd9, 0x86, 0xd8,
  0xa7, 0xd8, 0xaa, 0xd9, 0x84, 0xd9, 0x83, 0xd9, 0x82, 0xd9, 0x84, 0xd8, 0xa8,
  0xd9, 0x84, 0xd9, 0x85, 0xd8, 0xa7, 0xd8, 0xb9, 0xd9, 0x86, 0xd9, 0x87, 0xd8,
  0xa3, 0xd9, 0x88, 0xd9, 0x84, 0xd8, 0xb4, 0xd9, 0x8a, 0xd8, 0xa1, 0xd9, 0x86,
  0xd9, 0x88, 0xd8, 0xb1, 0xd8, 0xa3, 0xd9, 0x85, 0xd8, 0xa7, 0xd9, 0x81, 0xd9,
  0x8a, 0xd9, 0x83, 0xd8, 0xa8, 0xd9, 0x83, 0xd9, 0x84, 0xd8, 0xb0, 0xd8, 0xa7,
  0xd8, 0xaa, 0xd8, 0xb1, 0xd8, 0xaa, 0xd8, 0xa8, 0xd8, 0xa8, 0xd8, 0xa3, 0xd9,
  0x86, 0xd9, 0x87, 0xd9, 0x85, 0xd8, 0xb3, 0xd8, 0xa7, 0xd9, 0x86, 0xd9, 0x83,
  0xd8, 0xa8, 0xd9, 0x8a, 0xd8, 0xb9, 0xd9, 0x81, 0xd9, 0x82, 0xd8, 0xaf, 0xd8,
  0xad, 0xd8, 0xb3, 0xd9, 0x86, 0xd9, 0x84, 0xd9, 0x87, 0xd9, 0x85, 0xd8, 0xb4,
  0xd8, 0xb9, 0xd8, 0xb1, 0xd8, 0xa3, 0xd9, 0x87, 0xd9, 0x84, 0xd8, 0xb4, 0xd9,
  0x87, 0xd8, 0xb1, 0xd9, 0x82, 0xd8, 0xb7, 0xd8, 0xb1, 0xd8, 0xb7, 0xd9, 0x84,
  0xd8, 0xa8, 0x70, 0x72, 0x6f, 0x66, 0x69, 0x6c, 0x65, 0x73, 0x65, 0x72, 0x76,
  0x69, 0x63, 0x65, 0x64, 0x65, 0x66, 0x61, 0x75, 0x6c, 0x74, 0x68, 0x69, 0x6d,
  0x73, 0x65, 0x6c, 0x66, 0x64, 0x65, 0x74, 0x61, 0x69, 0x6c, 0x73, 0x63, 0x6f,
  0x6e, 0x74, 0x65, 0x6e, 0x74, 0x73, 0x75, 0x70, 0x70, 0x6f, 0x72, 0x74, 0x73,
  0x74, 0x61, 0x72, 0x74, 0x65, 0x64, 0x6d, 0x65, 0x73, 0x73, 0x61, 0x67, 0x65,
  0x73, 0x75, 0x63, 0x63, 0x65, 0x73, 0x73, 0x66, 0x61, 0x73, 0x68, 0x69, 0x6f,
  0x6e, 0x3c, 0x74, 0x69, 0x74, 0x6c, 0x65, 0x3e, 0x63, 0x6f, 0x75, 0x6e, 0x74,
  0x72, 0x79, 0x61, 0x63, 0x63, 0x6f, 0x75, 0x6e, 0x74, 0x63, 0x72, 0x65, 0x61,
  0x74, 0x65, 0x64, 0x73, 0x74, 0x6f, 0x72, 0x69, 0x65, 0x73, 0x72, 0x65, 0x73,
  0x75, 0x6c, 0x74, 0x73, 0x72, 0x75, 0x6e, 0x6e, 0x69, 0x6e, 0x67, 0x70, 0x72,
  0x6f, 0x63, 0x65, 0x73, 0x73, 0x77, 0x72, 0x69, 0x74, 0x69, 0x6e, 0x67, 0x6f,
  0x62, 0x6a, 0x65, 0x63, 0x74, 0x73, 0x76, 0x69, 0x73, 0x69, 0x62, 0x6c, 0x65,
  0x77, 0x65, 0x6c, 0x63, 0x6f, 0x6d, 0x65, 0x61, 0x72, 0x74, 0x69, 0x63, 0x6c,
  0x65, 0x75, 0x6e, 0x6b, 0x6e, 0x6f, 0x77, 0x6e, 0x6e, 0x65, 0x74, 0x77, 0x6f,
  0x72, 0x6b, 0x63, 0x6f, 0x6d, 0x70, 0x61, 0x6e, 0x79, 0x64, 0x79, 0x6e, 0x61,
  0x6d, 0x69, 0x63, 0x62, 0x72, 0x6f, 0x77, 0x73, 0x65, 0x72, 0x70, 0x72, 0x69,
  0x76, 0x61, 0x63, 0x79, 0x70, 0x72, 0x6f, 0x62, 0x6c, 0x65, 0x6d, 0x53, 0x65,
  0x72, 0x76, 0x69, 0x63, 0x65, 0x72, 0x65, 0x73, 0x70, 0x65, 0x63, 0x74, 0x64,
  0x69, 0x73, 0x70, 0x6c, 0x61, 0x79, 0x72, 0x65, 0x71, 0x75, 0x65, 0x73, 0x74,
  0x72, 0x65, 0x73, 0x65, 0x72, 0x76, 0x65, 0x77, 0x65, 0x62, 0x73, 0x69, 0x74,
  0x65, 0x68, 0x69, 0x73, 0x74, 0x6f, 0x72, 0x79, 0x66, 0x72, 0x69, 0x65, 0x6e,
  0x64, 0x73, 0x6f, 0x70, 0x74, 0x69, 0x6f, 0x6e, 0x73, 0x77, 0x6f, 0x72, 0x6b,
  0x69, 0x6e, 0x67, 0x76, 0x65, 0x72, 0x73, 0x69, 0x6f, 0x6e, 0x6d, 0x69, 0x6c,
  0x6c, 0x69, 0x6f, 0x6e, 0x63, 0x68, 0x61, 0x6e, 0x6e, 0x65, 0x6c, 0x77, 0x69,
  0x6e, 0x64, 0x6f, 0x77, 0x2e, 0x61, 0x64, 0x64, 0x72, 0x65, 0x73, 0x73, 0x76,
  0x69, 0x73, 0x69, 0x74, 0x65, 0x64, 0x77, 0x65, 0x61, 0x74, 0x68, 0x65, 0x72,
  0x63, 0x6f, 0x72, 0x72, 0x65, 0x63, 0x74, 0x70, 0x72, 0x6f, 0x64, 0x75, 0x63,
  0x74, 0x65, 0x64, 0x69, 0x72, 0x65, 0x63, 0x74, 0x66, 0x6f, 0x72, 0x77, 0x61,
  0x72, 0x64, 0x79, 0x6f, 0x75, 0x20, 0x63, 0x61, 0x6e, 0x72, 0x65, 0x6d, 0x6f,
  0x76, 0x65, 0x64, 0x73, 0x75, 0x62, 0x6a, 0x65, 0x63, 0x74, 0x63, 0x6f, 0x6e,
  0x74, 0x72, 0x6f, 0x6c, 0x61, 0x72, 0x63, 0x68, 0x69, 0x76, 0x65, 0x63, 0x75,
  0x72, 0x72, 0x65, 0x6e, 0x74, 0x72, 0x65, 0x61, 0x64, 0x69, 0x6e, 0x67, 0x6c,
  0x69, 0x62, 0x72, 0x61, 0x72, 0x79, 0x6c, 0x69, 0x6d, 0x69, 0x74, 0x65, 0x64,
  0x6d, 0x61, 0x6e, 0x61, 0x67, 0x65, 0x72, 0x66, 0x75, 0x72, 0x74, 0x68, 0x65,
  0x72, 0x73, 0x75, 0x6d, 0x6d, 0x61, 0x72, 0x79, 0x6d, 0x61, 0x63, 0x68, 0x69,
  0x6e, 0x65, 0x6d, 0x69, 0x6e, 0x75, 0x74, 0x65, 0x73, 0x70, 0x72, 0x69, 0x76,
  0x61, 0x74, 0x65, 0x63, 0x6f, 0x6e, 0x74, 0x65, 0x78, 0x74, 0x70, 0x72, 0x6f,
  0x67, 0x72, 0x61, 0x6d, 0x73, 0x6f, 0x63, 0x69, 0x65, 0x74, 0x79, 0x6e, 0x75,
  0x6d, 0x62, 0x65, 0x72, 0x73, 0x77, 0x72, 0x69, 0x74, 0x74, 0x65, 0x6e, 0x65,
  0x6e, 0x61, 0x62, 0x6c, 0x65, 0x64, 0x74, 0x72, 0x69, 0x67, 0x67, 0x65, 0x72,
  0x73, 0x6f, 0x75, 0x72, 0x63, 0x65, 0x73, 0x6c, 0x6f, 0x61, 0x64, 0x69, 0x6e,
  0x67, 0x65, 0x6c, 0x65, 0x6d, 0x65, 0x6e, 0x74, 0x70, 0x61, 0x72, 0x74, 0x6e,
  0x65, 0x72, 0x66, 0x69, 0x6e, 0x61, 0x6c, 0x6c, 0x79, 0x70, 0x65, 0x72, 0x66,
  0x65, 0x63, 0x74, 0x6d, 0x65, 0x61, 0x6e, 0x69, 0x6e, 0x67, 0x73, 0x79, 0x73,
  0x74, 0x65, 0x6d, 0x73, 0x6b, 0x65, 0x65, 0x70, 0x69, 0x6e, 0x67, 0x63, 0x75,
  0x6c, 0x74, 0x75, 0x72, 0x65, 0x26, 0x71, 0x75, 0x6f, 0x74, 0x3b, 0x2c, 0x6a,
  0x6f, 0x75, 0x72, 0x6e, 0x61, 0x6c, 0x70, 0x72, 0x6f, 0x6a, 0x65, 0x63, 0x74,
  0x73, 0x75, 0x72, 0x66, 0x61, 0x63, 0x65, 0x73, 0x26, 0x71, 0x75, 0x6f, 0x74,
  0x3b, 0x65, 0x78, 0x70, 0x69, 0x72, 0x65, 0x73, 0x72, 0x65, 0x76, 0x69, 0x65,
  0x77, 0x73, 0x62, 0x61, 0x6c, 0x61, 0x6e, 0x63, 0x65, 0x45, 0x6e, 0x67, 0x6c,
  0x69, 0x73, 0x68, 0x43, 0x6f, 0x6e, 0x74, 0x65, 0x6e, 0x74, 0x74, 0x68, 0x72,
  0x6f, 0x75, 0x67, 0x68, 0x50, 0x6c, 0x65, 0x61, 0x73, 0x65, 0x20, 0x6f, 0x70,
  0x69, 0x6e, 0x69, 0x6f, 0x6e, 0x63, 0x6f, 0x6e, 0x74, 0x61, 0x63, 0x74, 0x61,
  0x76, 0x65, 0x72, 0x61, 0x67, 0x65, 0x70, 0x72, 0x69, 0x6d, 0x61, 0x72, 0x79,
  0x76, 0x69, 0x6c, 0x6c, 0x61, 0x67, 0x65, 0x53, 0x70, 0x61, 0x6e, 0x69, 0x73,
  0x68, 0x67, 0x61, 0x6c, 0x6c, 0x65, 0x72, 0x79, 0x64, 0x65, 0x63, 0x6c, 0x69,
  0x6e, 0x65, 0x6d, 0x65, 0x65, 0x74, 0x69, 0x6e, 0x67, 0x6d, 0x69, 0x73, 0x73,
  0x69, 0x6f, 0x6e, 0x70, 0x6f, 0x70, 0x75, 0x6c, 0x61, 0x72, 0x71, 0x75, 0x61,
  0x6c, 0x69, 0x74, 0x79, 0x6d, 0x65, 0x61, 0x73, 0x75, 0x72, 0x65, 0x67, 0x65,
  0x6e, 0x65, 0x72, 0x61, 0x6c, 0x73, 0x70, 0x65, 0x63, 0x69, 0x65, 0x73, 0x73,
  0x65, 0x73, 0x73, 0x69, 0x6f, 0x6e, 0x73, 0x65, 0x63, 0x74, 0x69, 0x6f, 0x6e,
  0x77, 0x72, 0x69, 0x74, 0x65, 0x72, 0x73, 0x63, 0x6f, 0x75, 0x6e, 0x74, 0x65,
  0x72, 0x69, 0x6e, 0x69, 0x74, 0x69, 0x61, 0x6c, 0x72, 0x65, 0x70, 0x6f, 0x72,
  0x74, 0x73, 0x66, 0x69, 0x67, 0x75, 0x72, 0x65, 0x73, 0x6d, 0x65, 0x6d, 0x62,
  0x65, 0x72, 0x73, 0x68, 0x6f, 0x6c, 0x64, 0x69, 0x6e, 0x67, 0x64, 0x69, 0x73,
  0x70, 0x75, 0x74, 0x65, 0x65, 0x61, 0x72, 0x6c, 0x69, 0x65, 0x72, 0x65, 0x78,
  0x70, 0x72, 0x65, 0x73, 0x73, 0x64, 0x69, 0x67, 0x69, 0x74, 0x61, 0x6c, 0x70,
  0x69, 0x63, 0x74, 0x75, 0x72, 0x65, 0x41, 0x6e, 0x6f, 0x74, 0x68, 0x65, 0x72,
  0x6d, 0x61, 0x72, 0x72, 0x69, 0x65, 0x64, 0x74, 0x72, 0x61, 0x66, 0x66, 0x69,
  0x63, 0x6c, 0x65, 0x61, 0x64, 0x69, 0x6e, 0x67, 0x63, 0x68, 0x61, 0x6e, 0x67,
  0x65, 0x64, 0x63, 0x65, 0x6e, 0x74, 0x72, 0x61, 0x6c, 0x76, 0x69, 0x63, 0x74,
  0x6f, 0x72, 0x79, 0x69, 0x6d, 0x61, 0x67, 0x65, 0x73, 0x2f, 0x72, 0x65, 0x61,
  0x73, 0x6f, 0x6e, 0x73, 0x73, 0x74, 0x75, 0x64, 0x69, 0x65, 0x73, 0x66, 0x65,
  0x61, 0x74, 0x75, 0x72, 0x65, 0x6c, 0x69, 0x73, 0x74, 0x69, 0x6e, 0x67, 0x6d,
  0x75, 0x73, 0x74, 0x20, 0x62, 0x65, 0x73, 0x63, 0x68, 0x6f, 0x6f, 0x6c, 0x73,
  0x56, 0x65, 0x72, 0x73, 0x69, 0x6f, 0x6e, 0x75, 0x73, 0x75, 0x61, 0x6c, 0x6c,
  0x79, 0x65, 0x70, 0x69, 0x73, 0x6f, 0x64, 0x65, 0x70, 0x6c, 0x61, 0x79, 0x69,
  0x6e, 0x67, 0x67, 0x72, 0x6f, 0x77, 0x69, 0x6e, 0x67, 0x6f, 0x62, 0x76, 0x69,
  0x6f, 0x75, 0x73, 0x6f, 0x76, 0x65, 0x72, 0x6c, 0x61, 0x79, 0x70, 0x72, 0x65,
  0x73, 0x65, 0x6e, 0x74, 0x61, 0x63, 0x74, 0x69, 0x6f, 0x6e, 0x73, 0x3c, 0x2f,
  0x75, 0x6c, 0x3e, 0x0d, 0x0a, 0x77, 0x72, 0x61, 0x70, 0x70, 0x65, 0x72, 0x61,
  0x6c, 0x72, 0x65, 0x61, 0x64, 0x79, 0x63, 0x65, 0x72, 0x74, 0x61, 0x69, 0x6e,
  0x72, 0x65, 0x61, 0x6c, 0x69, 0x74, 0x79, 0x73, 0x74, 0x6f, 0x72, 0x61, 0x67,
  0x65, 0x61, 0x6e, 0x6f, 0x74, 0x68, 0x65, 0x72, 0x64, 0x65, 0x73, 0x6b, 0x74,
  0x6f, 0x70, 0x6f, 0x66, 0x66, 0x65, 0x72, 0x65, 0x64, 0x70, 0x61, 0x74, 0x74,
  0x65, 0x72, 0x6e, 0x75, 0x6e, 0x75, 0x73, 0x75, 0x61, 0x6c, 0x44, 0x69, 0x67,
  0x69, 0x74, 0x61, 0x6c, 0x63, 0x61, 0x70, 0x69, 0x74, 0x61, 0x6c, 0x57, 0x65,
  0x62, 0x73, 0x69, 0x74, 0x65, 0x66, 0x61, 0x69, 0x6c, 0x75, 0x72, 0x65, 0x63,
  0x6f, 0x6e, 0x6e, 0x65, 0x63, 0x74, 0x72, 0x65, 0x64, 0x75, 0x63, 0x65, 0x64,
  0x41, 0x6e, 0x64, 0x72, 0x6f, 0x69, 0x64, 0x64, 0x65, 0x63, 0x61, 0x64, 0x65,
  0x73, 0x72, 0x65, 0x67, 0x75, 0x6c, 0x61, 0x72, 0x20, 0x26, 0x61, 0x6d, 0x70,
  0x3b, 0x20, 0x61, 0x6e, 0x69, 0x6d, 0x61, 0x6c, 0x73, 0x72, 0x65, 0x6c, 0x65,
  0x61, 0x73, 0x65, 0x41, 0x75, 0x74, 0x6f, 0x6d, 0x61, 0x74, 0x67, 0x65, 0x74,
  0x74, 0x69, 0x6e, 0x67, 0x6d, 0x65, 0x74, 0x68, 0x6f, 0x64, 0x73, 0x6e, 0x6f,
  0x74, 0x68, 0x69, 0x6e, 0x67, 0x50, 0x6f, 0x70, 0x75, 0x6c, 0x61, 0x72, 0x63,
  0x61, 0x70, 0x74, 0x69, 0x6f, 0x6e, 0x6c, 0x65, 0x74, 0x74, 0x65, 0x72, 0x73,
  0x63, 0x61, 0x70, 0x74, 0x75, 0x72, 0x65, 0x73, 0x63, 0x69, 0x65, 0x6e, 0x63,
  0x65, 0x6c, 0x69, 0x63, 0x65, 0x6e, 0x73, 0x65, 0x63, 0x68, 0x61, 0x6e, 0x67,
  0x65, 0x73, 0x45, 0x6e, 0x67, 0x6c, 0x61, 0x6e, 0x64, 0x3d, 0x31, 0x26, 0x61,
  0x6d, 0x70, 0x3b, 0x48, 0x69, 0x73, 0x74, 0x6f, 0x72, 0x79, 0x20, 0x3d, 0x20,
  0x6e, 0x65, 0x77, 0x20, 0x43, 0x65, 0x6e, 0x74, 0x72, 0x61, 0x6c, 0x75, 0x70,
  0x64, 0x61, 0x74, 0x65, 0x64, 0x53, 0x70, 0x65, 0x63, 0x69, 0x61, 0x6c, 0x4e,
  0x65, 0x74, 0x77, 0x6f, 0x72, 0x6b, 0x72, 0x65, 0x71, 0x75, 0x69, 0x72, 0x65,
  0x63, 0x6f, 0x6d, 0x6d, 0x65, 0x6e, 0x74, 0x77, 0x61, 0x72, 0x6e, 0x69, 0x6e,
  0x67, 0x43, 0x6f, 0x6c, 0x6c, 0x65, 0x67, 0x65, 0x74, 0x6f, 0x6f, 0x6c, 0x62,
  0x61, 0x72, 0x72, 0x65, 0x6d, 0x61, 0x69, 0x6e, 0x73, 0x62, 0x65, 0x63, 0x61,
  0x75, 0x73, 0x65, 0x65, 0x6c, 0x65, 0x63, 0x74, 0x65, 0x64, 0x44, 0x65, 0x75,
  0x74, 0x73, 0x63, 0x68, 0x66, 0x69, 0x6e, 0x61, 0x6e, 0x63, 0x65, 0x77, 0x6f,
  0x72, 0x6b, 0x65, 0x72, 0x73, 0x71, 0x75, 0x69, 0x63, 0x6b, 0x6c, 0x79, 0x62,
  0x65, 0x74, 0x77, 0x65, 0x65, 0x6e, 0x65, 0x78, 0x61, 0x63, 0x74, 0x6c, 0x79,
  0x73, 0x65, 0x74, 0x74, 0x69, 0x6e, 0x67, 0x64, 0x69, 0x73, 0x65, 0x61, 0x73,
  0x65, 0x53, 0x6f, 0x63, 0x69, 0x65, 0x74, 0x79, 0x77, 0x65, 0x61, 0x70, 0x6f,
  0x6e, 0x73, 0x65, 0x78, 0x68, 0x69, 0x62, 0x69, 0x74, 0x26, 0x6c, 0x74, 0x3b,
  0x21, 0x2d, 0x2d, 0x43, 0x6f, 0x6e, 0x74, 0x72, 0x6f, 0x6c, 0x63, 0x6c, 0x61,
  0x73, 0x73, 0x65, 0x73, 0x63, 0x6f, 0x76, 0x65, 0x72, 0x65, 0x64, 0x6f, 0x75,
  0x74, 0x6c, 0x69, 0x6e, 0x65, 0x61, 0x74, 0x74, 0x61, 0x63, 0x6b, 0x73, 0x64,
  0x65, 0x76, 0x69, 0x63, 0x65, 0x73, 0x28, 0x77, 0x69, 0x6e, 0x64, 0x6f, 0x77,
  0x70, 0x75, 0x72, 0x70, 0x6f, 0x73, 0x65, 0x74, 0x69, 0x74, 0x6c, 0x65, 0x3d,
  0x22, 0x4d, 0x6f, 0x62, 0x69, 0x6c, 0x65, 0x20, 0x6b, 0x69, 0x6c, 0x6c, 0x69,
  0x6e, 0x67, 0x73, 0x68, 0x6f, 0x77, 0x69, 0x6e, 0x67, 0x49, 0x74, 0x61, 0x6c,
  0x69, 0x61, 0x6e, 0x64, 0x72, 0x6f, 0x70, 0x70, 0x65, 0x64, 0x68, 0x65, 0x61,
  0x76, 0x69, 0x6c, 0x79, 0x65, 0x66, 0x66, 0x65, 0x63, 0x74, 0x73, 0x2d, 0x31,
  0x27, 0x5d, 0x29, 0x3b, 0x0a, 0x63, 0x6f, 0x6e, 0x66, 0x69, 0x72, 0x6d, 0x43,
  0x75, 0x72, 0x72, 0x65, 0x6e, 0x74, 0x61, 0x64, 0x76, 0x61, 0x6e, 0x63, 0x65,
  0x73, 0x68, 0x61, 0x72, 0x69, 0x6e, 0x67, 0x6f, 0x70, 0x65, 0x6e, 0x69, 0x6e,
  0x67, 0x64, 0x72, 0x61, 0x77, 0x69, 0x6e, 0x67, 0x62, 0x69, 0x6c, 0x6c, 0x69,
  0x6f, 0x6e, 0x6f, 0x72, 0x64, 0x65, 0x72, 0x65, 0x64, 0x47, 0x65, 0x72, 0x6d,
  0x61, 0x6e, 0x79, 0x72, 0x65, 0x6c, 0x61, 0x74, 0x65, 0x64, 0x3c, 0x2f, 0x66,
  0x6f, 0x72, 0x6d, 0x3e, 0x69, 0x6e, 0x63, 0x6c, 0x75, 0x64, 0x65, 0x77, 0x68,
  0x65, 0x74, 0x68, 0x65, 0x72, 0x64, 0x65, 0x66, 0x69, 0x6e, 0x65, 0x64, 0x53,
  0x63, 0x69, 0x65, 0x6e, 0x63, 0x65, 0x63, 0x61, 0x74, 0x61, 0x6c, 0x6f, 0x67,
  0x41, 0x72, 0x74, 0x69, 0x63, 0x6c, 0x65, 0x62, 0x75, 0x74, 0x74, 0x6f, 0x6e,
  0x73, 0x6c, 0x61, 0x72, 0x67, 0x65, 0x73, 0x74, 0x75, 0x6e, 0x69, 0x66, 0x6f,
  0x72, 0x6d, 0x6a, 0x6f, 0x75, 0x72, 0x6e, 0x65, 0x79, 0x73, 0x69, 0x64, 0x65,
  0x62, 0x61, 0x72, 0x43, 0x68, 0x69, 0x63, 0x61, 0x67, 0x6f, 0x68, 0x6f, 0x6c,
  0x69, 0x64, 0x61, 0x79, 0x47, 0x65, 0x6e, 0x65, 0x72, 0x61, 0x6c, 0x70, 0x61,
  0x73, 0x73, 0x61, 0x67, 0x65, 0x2c, 0x26, 0x71, 0x75, 0x6f, 0x74, 0x3b, 0x61,
  0x6e, 0x69, 0x6d, 0x61, 0x74, 0x65, 0x66, 0x65, 0x65, 0x6c, 0x69, 0x6e, 0x67,
  0x61, 0x72, 0x72, 0x69, 0x76, 0x65, 0x64, 0x70, 0x61, 0x73, 0x73, 0x69, 0x6e,
  0x67, 0x6e, 0x61, 0x74, 0x75, 0x72, 0x61, 0x6c, 0x72, 0x6f, 0x75, 0x67, 0x68,
  0x6c, 0x79, 0x2e, 0x0a, 0x0a, 0x54, 0x68, 0x65, 0x20, 0x62, 0x75, 0x74, 0x20,
  0x6e, 0x6f, 0x74, 0x64, 0x65, 0x6e, 0x73, 0x69, 0x74, 0x79, 0x42, 0x72, 0x69,
  0x74, 0x61, 0x69, 0x6e, 0x43, 0x68, 0x69, 0x6e, 0x65, 0x73, 0x65, 0x6c, 0x61,
  0x63, 0x6b, 0x20, 0x6f, 0x66, 0x74, 0x72, 0x69, 0x62, 0x75, 0x74, 0x65, 0x49,
  0x72, 0x65, 0x6c, 0x61, 0x6e, 0x64, 0x22, 0x20, 0x64, 0x61, 0x74, 0x61, 0x2d,
  0x66, 0x61, 0x63, 0x74, 0x6f, 0x72, 0x73, 0x72, 0x65, 0x63, 0x65, 0x69, 0x76,
  0x65, 0x74, 0x68, 0x61, 0x74, 0x20, 0x69, 0x73, 0x4c, 0x69, 0x62, 0x72, 0x61,
  0x72, 0x79, 0x68, 0x75, 0x73, 0x62, 0x61, 0x6e, 0x64, 0x69, 0x6e, 0x20, 0x66,
  0x61, 0x63, 0x74, 0x61, 0x66, 0x66, 0x61, 0x69, 0x72, 0x73, 0x43, 0x68, 0x61,
  0x72, 0x6c, 0x65, 0x73, 0x72, 0x61, 0x64, 0x69, 0x63, 0x61, 0x6c, 0x62, 0x72,
  0x6f, 0x75, 0x67, 0x68, 0x74, 0x66, 0x69, 0x6e, 0x64, 0x69, 0x6e, 0x67, 0x6c,
  0x61, 0x6e, 0x64, 0x69, 0x6e, 0x67, 0x3a, 0x6c, 0x61, 0x6e, 0x67, 0x3d, 0x22,
  0x72, 0x65, 0x74, 0x75, 0x72, 0x6e, 0x20, 0x6c, 0x65, 0x61, 0x64, 0x65, 0x72,
  0x73, 0x70, 0x6c, 0x61, 0x6e, 0x6e, 0x65, 0x64, 0x70, 0x72, 0x65, 0x6d, 0x69,
  0x75, 0x6d, 0x70, 0x61, 0x63, 0x6b, 0x61, 0x67, 0x65, 0x41, 0x6d, 0x65, 0x72,
  0x69, 0x63, 0x61, 0x45, 0x64, 0x69, 0x74, 0x69, 0x6f, 0x6e, 0x5d, 0x26, 0x71,
  0x75, 0x6f, 0x74, 0x3b, 0x4d, 0x65, 0x73, 0x73, 0x61, 0x67, 0x65, 0x6e, 0x65,
  0x65, 0x64, 0x20, 0x74, 0x6f, 0x76, 0x61, 0x6c, 0x75, 0x65, 0x3d, 0x22, 0x63,
  0x6f, 0x6d, 0x70, 0x6c, 0x65, 0x78, 0x6c, 0x6f, 0x6f, 0x6b, 0x69, 0x6e, 0x67,
  0x73, 0x74, 0x61, 0x74, 0x69, 0x6f, 0x6e, 0x62, 0x65, 0x6c, 0x69, 0x65, 0x76,
  0x65, 0x73, 0x6d, 0x61, 0x6c, 0x6c, 0x65, 0x72, 0x2d, 0x6d, 0x6f, 0x62, 0x69,
  0x6c, 0x65, 0x72, 0x65, 0x63, 0x6f, 0x72, 0x64, 0x73, 0x77, 0x61, 0x6e, 0x74,
  0x20, 0x74, 0x6f, 0x6b, 0x69, 0x6e, 0x64, 0x20, 0x6f, 0x66, 0x46, 0x69, 0x72,
  0x65, 0x66, 0x6f, 0x78, 0x79, 0x6f, 0x75, 0x20, 0x61, 0x72, 0x65, 0x73, 0x69,
  0x6d, 0x69, 0x6c, 0x61, 0x72, 0x73, 0x74, 0x75, 0x64, 0x69, 0x65, 0x64, 0x6d,
  0x61, 0x78, 0x69, 0x6d, 0x75, 0x6d, 0x68, 0x65, 0x61, 0x64, 0x69, 0x6e, 0x67,
  0x72, 0x61, 0x70, 0x69, 0x64, 0x6c, 0x79, 0x63, 0x6c, 0x69, 0x6d, 0x61, 0x74,
  0x65, 0x6b, 0x69, 0x6e, 0x67, 0x64, 0x6f, 0x6d, 0x65, 0x6d, 0x65, 0x72, 0x67,
  0x65, 0x64, 0x61, 0x6d, 0x6f, 0x75, 0x6e, 0x74, 0x73, 0x66, 0x6f, 0x75, 0x6e,
  0x64, 0x65, 0x64, 0x70, 0x69, 0x6f, 0x6e, 0x65, 0x65, 0x72, 0x66, 0x6f, 0x72,
  0x6d, 0x75, 0x6c, 0x61, 0x64, 0x79, 0x6e, 0x61, 0x73, 0x74, 0x79, 0x68, 0x6f,
  0x77, 0x20, 0x74, 0x6f, 0x20, 0x53, 0x75, 0x70, 0x70, 0x6f, 0x72, 0x74, 0x72,
  0x65, 0x76, 0x65, 0x6e, 0x75, 0x65, 0x65, 0x63, 0x6f, 0x6e, 0x6f, 0x6d, 0x79,
  0x52, 0x65, 0x73, 0x75, 0x6c, 0x74, 0x73, 0x62, 0x72, 0x6f, 0x74, 0x68, 0x65,
  0x72, 0x73, 0x6f, 0x6c, 0x64, 0x69, 0x65, 0x72, 0x6c, 0x61, 0x72, 0x67, 0x65,
  0x6c, 0x79, 0x63, 0x61, 0x6c, 0x6c, 0x69, 0x6e, 0x67, 0x2e, 0x26, 0x71, 0x75,
  0x6f, 0x74, 0x3b, 0x41, 0x63, 0x63, 0x6f, 0x75, 0x6e, 0x74, 0x45, 0x64, 0x77,
  0x61, 0x72, 0x64, 0x20, 0x73, 0x65, 0x67, 0x6d, 0x65, 0x6e, 0x74, 0x52, 0x6f,
  0x62, 0x65, 0x72, 0x74, 0x20, 0x65, 0x66, 0x66, 0x6f, 0x72, 0x74, 0x73, 0x50,
  0x61, 0x63, 0x69, 0x66, 0x69, 0x63, 0x6c, 0x65, 0x61, 0x72, 0x6e, 0x65, 0x64,
  0x75, 0x70, 0x20, 0x77, 0x69, 0x74, 0x68, 0x68, 0x65, 0x69, 0x67, 0x68, 0x74,
  0x3a, 0x77, 0x65, 0x20, 0x68, 0x61, 0x76, 0x65, 0x41, 0x6e, 0x67, 0x65, 0x6c,
  0x65, 0x73, 0x6e, 0x61, 0x74, 0x69, 0x6f, 0x6e, 0x73, 0x5f, 0x73, 0x65, 0x61,
  0x72, 0x63, 0x68, 0x61, 0x70, 0x70, 0x6c, 0x69, 0x65, 0x64, 0x61, 0x63, 0x71,
  0x75, 0x69, 0x72, 0x65, 0x6d, 0x61, 0x73, 0x73, 0x69, 0x76, 0x65, 0x67, 0x72,
  0x61, 0x6e, 0x74, 0x65, 0x64, 0x3a, 0x20, 0x66, 0x61, 0x6c, 0x73, 0x65, 0x74,
  0x72, 0x65, 0x61, 0x74, 0x65, 0x64, 0x62, 0x69, 0x67, 0x67, 0x65, 0x73, 0x74,
  0x62, 0x65, 0x6e, 0x65, 0x66, 0x69, 0x74, 0x64, 0x72, 0x69, 0x76, 0x69, 0x6e,
  0x67, 0x53, 0x74, 0x75, 0x64, 0x69, 0x65, 0x73, 0x6d, 0x69, 0x6e, 0x69, 0x6d,
  0x75, 0x6d, 0x70, 0x65, 0x72, 0x68, 0x61, 0x70, 0x73, 0x6d, 0x6f, 0x72, 0x6e,
  0x69, 0x6e, 0x67, 0x73, 0x65, 0x6c, 0x6c, 0x69, 0x6e, 0x67, 0x69, 0x73, 0x20,
  0x75, 0x73, 0x65, 0x64, 0x72, 0x65, 0x76, 0x65, 0x72, 0x73, 0x65, 0x76, 0x61,
  0x72, 0x69, 0x61, 0x6e, 0x74, 0x20, 0x72, 0x6f, 0x6c, 0x65, 0x3d, 0x22, 0x6d,
  0x69, 0x73, 0x73, 0x69, 0x6e, 0x67, 0x61, 0x63, 0x68, 0x69, 0x65, 0x76, 0x65,
  0x70, 0x72, 0x6f, 0x6d, 0x6f, 0x74, 0x65, 0x73, 0x74, 0x75, 0x64, 0x65, 0x6e,
  0x74, 0x73, 0x6f, 0x6d, 0x65, 0x6f, 0x6e, 0x65, 0x65, 0x78, 0x74, 0x72, 0x65,
  0x6d, 0x65, 0x72, 0x65, 0x73, 0x74, 0x6f, 0x72, 0x65, 0x62, 0x6f, 0x74, 0x74,
  0x6f, 0x6d, 0x3a, 0x65, 0x76, 0x6f, 0x6c, 0x76, 0x65, 0x64, 0x61, 0x6c, 0x6c,
  0x20, 0x74, 0x68, 0x65, 0x73, 0x69, 0x74, 0x65, 0x6d, 0x61, 0x70, 0x65, 0x6e,
  0x67, 0x6c, 0x69, 0x73, 0x68, 0x77, 0x61, 0x79, 0x20, 0x74, 0x6f, 0x20, 0x20,
  0x41, 0x75, 0x67, 0x75, 0x73, 0x74, 0x73, 0x79, 0x6d, 0x62, 0x6f, 0x6c, 0x73,
  0x43, 0x6f, 0x6d, 0x70, 0x61, 0x6e, 0x79, 0x6d, 0x61, 0x74, 0x74, 0x65, 0x72,
  0x73, 0x6d, 0x75, 0x73, 0x69, 0x63, 0x61, 0x6c, 0x61, 0x67, 0x61, 0x69, 0x6e,
  0x73, 0x74, 0x73, 0x65, 0x72, 0x76, 0x69, 0x6e, 0x67, 0x7d, 0x29, 0x28, 0x29,
  0x3b, 0x0d, 0x0a, 0x70, 0x61, 0x79, 0x6d, 0x65, 0x6e, 0x74, 0x74, 0x72, 0x6f,
  0x75, 0x62, 0x6c, 0x65, 0x63, 0x6f, 0x6e, 0x63, 0x65, 0x70, 0x74, 0x63, 0x6f,
  0x6d, 0x70, 0x61, 0x72, 0x65, 0x70, 0x61, 0x72, 0x65, 0x6e, 0x74, 0x73, 0x70,
  0x6c, 0x61, 0x79, 0x65, 0x72, 0x73, 0x72, 0x65, 0x67, 0x69, 0x6f, 0x6e, 0x73,
  0x6d, 0x6f, 0x6e, 0x69, 0x74, 0x6f, 0x72, 0x20, 0x27, 0x27, 0x54, 0x68, 0x65,
  0x20, 0x77, 0x69, 0x6e, 0x6e, 0x69, 0x6e, 0x67, 0x65, 0x78, 0x70, 0x6c, 0x6f,
  0x72, 0x65, 0x61, 0x64, 0x61, 0x70, 0x74, 0x65, 0x64, 0x47, 0x61, 0x6c, 0x6c,
  0x65, 0x72, 0x79, 0x70, 0x72, 0x6f, 0x64, 0x75, 0x63, 0x65, 0x61, 0x62, 0x69,
  0x6c, 0x69, 0x74, 0x79, 0x65, 0x6e, 0x68, 0x61, 0x6e, 0x63, 0x65, 0x63, 0x61,
  0x72, 0x65, 0x65, 0x72, 0x73, 0x29, 0x2e, 0x20, 0x54, 0x68, 0x65, 0x20, 0x63,
  0x6f, 0x6c, 0x6c, 0x65, 0x63, 0x74, 0x53, 0x65, 0x61, 0x72, 0x63, 0x68, 0x20,
  0x61, 0x6e, 0x63, 0x69, 0x65, 0x6e, 0x74, 0x65, 0x78, 0x69, 0x73, 0x74, 0x65,
  0x64, 0x66, 0x6f, 0x6f, 0x74, 0x65, 0x72, 0x20, 0x68, 0x61, 0x6e, 0x64, 0x6c,
  0x65, 0x72, 0x70, 0x72, 0x69, 0x6e, 0x74, 0x65, 0x64, 0x63, 0x6f, 0x6e, 0x73,
  0x6f, 0x6c, 0x65, 0x45, 0x61, 0x73, 0x74, 0x65, 0x72, 0x6e, 0x65, 0x78, 0x70,
  0x6f, 0x72, 0x74, 0x73, 0x77, 0x69, 0x6e, 0x64, 0x6f, 0x77, 0x73, 0x43, 0x68,
  0x61, 0x6e, 0x6e, 0x65, 0x6c, 0x69, 0x6c, 0x6c, 0x65, 0x67, 0x61, 0x6c, 0x6e,
  0x65, 0x75, 0x74, 0x72, 0x61, 0x6c, 0x73, 0x75, 0x67, 0x67, 0x65, 0x73, 0x74,
  0x5f, 0x68, 0x65, 0x61, 0x64, 0x65, 0x72, 0x73, 0x69, 0x67, 0x6e, 0x69, 0x6e,
  0x67, 0x2e, 0x68, 0x74, 0x6d, 0x6c, 0x22, 0x3e, 0x73, 0x65, 0x74, 0x74, 0x6c,
  0x65, 0x64, 0x77, 0x65, 0x73, 0x74, 0x65, 0x72, 0x6e, 0x63, 0x61, 0x75, 0x73,
  0x69, 0x6e, 0x67, 0x2d, 0x77, 0x65, 0x62, 0x6b, 0x69, 0x74, 0x63, 0x6c, 0x61,
  0x69, 0x6d, 0x65, 0x64, 0x4a, 0x75, 0x73, 0x74, 0x69, 0x63, 0x65, 0x63, 0x68,
  0x61, 0x70, 0x74, 0x65, 0x72, 0x76, 0x69, 0x63, 0x74, 0x69, 0x6d, 0x73, 0x54,
  0x68, 0x6f, 0x6d, 0x61, 0x73, 0x20, 0x6d, 0x6f, 0x7a, 0x69, 0x6c, 0x6c, 0x61,
  0x70, 0x72, 0x6f, 0x6d, 0x69, 0x73, 0x65, 0x70, 0x61, 0x72, 0x74, 0x69, 0x65,
  0x73, 0x65, 0x64, 0x69, 0x74, 0x69, 0x6f, 0x6e, 0x6f, 0x75, 0x74, 0x73, 0x69,
  0x64, 0x65, 0x3a, 0x66, 0x61, 0x6c, 0x73, 0x65, 0x2c, 0x68, 0x75, 0x6e, 0x64,
  0x72, 0x65, 0x64, 0x4f, 0x6c, 0x79, 0x6d, 0x70, 0x69, 0x63, 0x5f, 0x62, 0x75,
  0x74, 0x74, 0x6f, 0x6e, 0x61, 0x75, 0x74, 0x68, 0x6f, 0x72, 0x73, 0x72, 0x65,
  0x61, 0x63, 0x68, 0x65, 0x64, 0x63, 0x68, 0x72, 0x6f, 0x6e, 0x69, 0x63, 0x64,
  0x65, 0x6d, 0x61, 0x6e, 0x64, 0x73, 0x73, 0x65, 0x63, 0x6f, 0x6e, 0x64, 0x73,
  0x70, 0x72, 0x6f, 0x74, 0x65, 0x63, 0x74, 0x61, 0x64, 0x6f, 0x70, 0x74, 0x65,
  0x64, 0x70, 0x72, 0x65, 0x70, 0x61, 0x72, 0x65, 0x6e, 0x65, 0x69, 0x74, 0x68,
  0x65, 0x72, 0x67, 0x72, 0x65, 0x61, 0x74, 0x6c, 0x79, 0x67, 0x72, 0x65, 0x61,
  0x74, 0x65, 0x72, 0x6f, 0x76, 0x65, 0x72, 0x61, 0x6c, 0x6c, 0x69, 0x6d, 0x70,
  0x72, 0x6f, 0x76, 0x65, 0x63, 0x6f, 0x6d, 0x6d, 0x61, 0x6e, 0x64, 0x73, 0x70,
  0x65, 0x63, 0x69, 0x61, 0x6c, 0x73, 0x65, 0x61, 0x72, 0x63, 0x68, 0x2e, 0x77,
  0x6f, 0x72, 0x73, 0x68, 0x69, 0x70, 0x66, 0x75, 0x6e, 0x64, 0x69, 0x6e, 0x67,
  0x74, 0x68, 0x6f, 0x75, 0x67, 0x68, 0x74, 0x68, 0x69, 0x67, 0x68, 0x65, 0x73,
  0x74, 0x69, 0x6e, 0x73, 0x74, 0x65, 0x61, 0x64, 0x75, 0x74, 0x69, 0x6c, 0x69,
  0x74, 0x79, 0x71, 0x75, 0x61, 0x72, 0x74, 0x65, 0x72, 0x43, 0x75, 0x6c, 0x74,
  0x75, 0x72, 0x65, 0x74, 0x65, 0x73, 0x74, 0x69, 0x6e, 0x67, 0x63, 0x6c, 0x65,
  0x61, 0x72, 0x6c, 0x79, 0x65, 0x78, 0x70, 0x6f, 0x73, 0x65, 0x64, 0x42, 0x72,
  0x6f, 0x77, 0x73, 0x65, 0x72, 0x6c, 0x69, 0x62, 0x65, 0x72, 0x61, 0x6c, 0x7d,
  0x20, 0x63, 0x61, 0x74, 0x63, 0x68, 0x50, 0x72, 0x6f, 0x6a, 0x65, 0x63, 0x74,
  0x65, 0x78, 0x61, 0x6d, 0x70, 0x6c, 0x65, 0x68, 0x69, 0x64, 0x65, 0x28, 0x29,
  0x3b, 0x46, 0x6c, 0x6f, 0x72, 0x69, 0x64, 0x61, 0x61, 0x6e, 0x73, 0x77, 0x65,
  0x72, 0x73, 0x61, 0x6c, 0x6c, 0x6f, 0x77, 0x65, 0x64, 0x45, 0x6d, 0x70, 0x65,
  0x72, 0x6f, 0x72, 0x64, 0x65, 0x66, 0x65, 0x6e, 0x73, 0x65, 0x73, 0x65, 0x72,
  0x69, 0x6f, 0x75, 0x73, 0x66, 0x72, 0x65, 0x65, 0x64, 0x6f, 0x6d, 0x53, 0x65,
  0x76, 0x65, 0x72, 0x61, 0x6c, 0x2d, 0x62, 0x75, 0x74, 0x74, 0x6f, 0x6e, 0x46,
  0x75, 0x72, 0x74, 0x68, 0x65, 0x72, 0x6f, 0x75, 0x74, 0x20, 0x6f, 0x66, 0x20,
  0x21, 0x3d, 0x20, 0x6e, 0x75, 0x6c, 0x6c, 0x74, 0x72, 0x61, 0x69, 0x6e, 0x65,
  0x64, 0x44, 0x65, 0x6e, 0x6d, 0x61, 0x72, 0x6b, 0x76, 0x6f, 0x69, 0x64, 0x28,
  0x30, 0x29, 0x2f, 0x61, 0x6c, 0x6c, 0x2e, 0x6a, 0x73, 0x70, 0x72, 0x65, 0x76,
  0x65, 0x6e, 0x74, 0x52, 0x65, 0x71, 0x75, 0x65, 0x73, 0x74, 0x53, 0x74, 0x65,
  0x70, 0x68, 0x65, 0x6e, 0x0a, 0x0a, 0x57, 0x68, 0x65, 0x6e, 0x20, 0x6f, 0x62,
  0x73, 0x65, 0x72, 0x76, 0x65, 0x3c, 0x2f, 0x68, 0x32, 0x3e, 0x0d, 0x0a, 0x4d,
  0x6f, 0x64, 0x65, 0x72, 0x6e, 0x20, 0x70, 0x72, 0x6f, 0x76, 0x69, 0x64, 0x65,
  0x22, 0x20, 0x61, 0x6c, 0x74, 0x3d, 0x22, 0x62, 0x6f, 0x72, 0x64, 0x65, 0x72,
  0x73, 0x2e, 0x0a, 0x0a, 0x46, 0x6f, 0x72, 0x20, 0x0a, 0x0a, 0x4d, 0x61, 0x6e,
  0x79, 0x20, 0x61, 0x72, 0x74, 0x69, 0x73, 0x74, 0x73, 0x70, 0x6f, 0x77, 0x65,
  0x72, 0x65, 0x64, 0x70, 0x65, 0x72, 0x66, 0x6f, 0x72, 0x6d, 0x66, 0x69, 0x63,
  0x74, 0x69, 0x6f, 0x6e, 0x74, 0x79, 0x70, 0x65, 0x20, 0x6f, 0x66, 0x6d, 0x65,
  0x64, 0x69, 0x63, 0x61, 0x6c, 0x74, 0x69, 0x63, 0x6b, 0x65, 0x74, 0x73, 0x6f,
  0x70, 0x70, 0x6f, 0x73, 0x65, 0x64, 0x43, 0x6f, 0x75, 0x6e, 0x63, 0x69, 0x6c,
  0x77, 0x69, 0x74, 0x6e, 0x65, 0x73, 0x73, 0x6a, 0x75, 0x73, 0x74, 0x69, 0x63,
  0x65, 0x47, 0x65, 0x6f, 0x72, 0x67, 0x65, 0x20, 0x42, 0x65, 0x6c, 0x67, 0x69,
  0x75, 0x6d, 0x2e, 0x2e, 0x2e, 0x3c, 0x2f, 0x61, 0x3e, 0x74, 0x77, 0x69, 0x74,
  0x74, 0x65, 0x72, 0x6e, 0x6f, 0x74, 0x61, 0x62, 0x6c, 0x79, 0x77, 0x61, 0x69,
  0x74, 0x69, 0x6e, 0x67, 0x77, 0x61, 0x72, 0x66, 0x61, 0x72, 0x65, 0x20, 0x4f,
  0x74, 0x68, 0x65, 0x72, 0x20, 0x72, 0x61, 0x6e, 0x6b, 0x69, 0x6e, 0x67, 0x70,
  0x68, 0x72, 0x61, 0x73, 0x65, 0x73, 0x6d, 0x65, 0x6e, 0x74, 0x69, 0x6f, 0x6e,
  0x73, 0x75, 0x72, 0x76, 0x69, 0x76, 0x65, 0x73, 0x63, 0x68, 0x6f, 0x6c, 0x61,
  0x72, 0x3c, 0x2f, 0x70, 0x3e, 0x0d, 0x0a, 0x20, 0x43, 0x6f, 0x75, 0x6e, 0x74,
  0x72, 0x79, 0x69, 0x67, 0x6e, 0x6f, 0x72, 0x65, 0x64, 0x6c, 0x6f, 0x73, 0x73,
  0x20, 0x6f, 0x66, 0x6a, 0x75, 0x73, 0x74, 0x20, 0x61, 0x73, 0x47, 0x65, 0x6f,
  0x72, 0x67, 0x69, 0x61, 0x73, 0x74, 0x72, 0x61, 0x6e, 0x67, 0x65, 0x3c, 0x68,
  0x65, 0x61, 0x64, 0x3e, 0x3c, 0x73, 0x74, 0x6f, 0x70, 0x70, 0x65, 0x64, 0x31,
  0x27, 0x5d, 0x29, 0x3b, 0x0d, 0x0a, 0x69, 0x73, 0x6c, 0x61, 0x6e, 0x64, 0x73,
  0x6e, 0x6f, 0x74, 0x61, 0x62, 0x6c, 0x65, 0x62, 0x6f, 0x72, 0x64, 0x65, 0x72,
  0x3a, 0x6c, 0x69, 0x73, 0x74, 0x20, 0x6f, 0x66, 0x63, 0x61, 0x72, 0x72, 0x69,
  0x65, 0x64, 0x31, 0x30, 0x30, 0x2c, 0x30, 0x30, 0x30, 0x3c, 0x2f, 0x68, 0x33,
  0x3e, 0x0a, 0x20, 0x73, 0x65, 0x76, 0x65, 0x72, 0x61, 0x6c, 0x62, 0x65, 0x63,
  0x6f, 0x6d, 0x65, 0x73, 0x73, 0x65, 0x6c, 0x65, 0x63, 0x74, 0x20, 0x77, 0x65,
  0x64, 0x64, 0x69, 0x6e, 0x67, 0x30, 0x30, 0x2e, 0x68, 0x74, 0x6d, 0x6c, 0x6d,
  0x6f, 0x6e, 0x61, 0x72, 0x63, 0x68, 0x6f, 0x66, 0x66, 0x20, 0x74, 0x68, 0x65,
  0x74, 0x65, 0x61, 0x63, 0x68, 0x65, 0x72, 0x68, 0x69, 0x67, 0x68, 0x6c, 0x79,
  0x20, 0x62, 0x69, 0x6f, 0x6c, 0x6f, 0x67, 0x79, 0x6c, 0x69, 0x66, 0x65, 0x20,
  0x6f, 0x66, 0x6f, 0x72, 0x20, 0x65, 0x76, 0x65, 0x6e, 0x72, 0x69, 0x73, 0x65,
  0x20, 0x6f, 0x66, 0x26, 0x72, 0x61, 0x71, 0x75, 0x6f, 0x3b, 0x70, 0x6c, 0x75,
  0x73, 0x6f, 0x6e, 0x65, 0x68, 0x75, 0x6e, 0x74, 0x69, 0x6e, 0x67, 0x28, 0x74,
  0x68, 0x6f, 0x75, 0x67, 0x68, 0x44, 0x6f, 0x75, 0x67, 0x6c, 0x61, 0x73, 0x6a,
  0x6f, 0x69, 0x6e, 0x69, 0x6e, 0x67, 0x63, 0x69, 0x72, 0x63, 0x6c, 0x65, 0x73,
  0x46, 0x6f, 0x72, 0x20, 0x74, 0x68, 0x65, 0x41, 0x6e, 0x63, 0x69, 0x65, 0x6e,
  0x74, 0x56, 0x69, 0x65, 0x74, 0x6e, 0x61, 0x6d, 0x76, 0x65, 0x68, 0x69, 0x63,
  0x6c, 0x65, 0x73, 0x75, 0x63, 0x68, 0x20, 0x61, 0x73, 0x63, 0x72, 0x79, 0x73,
  0x74, 0x61, 0x6c, 0x76, 0x61, 0x6c, 0x75, 0x65, 0x20, 0x3d, 0x57, 0x69, 0x6e,
  0x64, 0x6f, 0x77, 0x73, 0x65, 0x6e, 0x6a, 0x6f, 0x79, 0x65, 0x64, 0x61, 0x20,
  0x73, 0x6d, 0x61, 0x6c, 0x6c, 0x61, 0x73, 0x73, 0x75, 0x6d, 0x65, 0x64, 0x3c,
  0x61, 0x20, 0x69, 0x64, 0x3d, 0x22, 0x66, 0x6f, 0x72, 0x65, 0x69, 0x67, 0x6e,
  0x20, 0x41, 0x6c, 0x6c, 0x20, 0x72, 0x69, 0x68, 0x6f, 0x77, 0x20, 0x74, 0x68,
  0x65, 0x44, 0x69, 0x73, 0x70, 0x6c, 0x61, 0x79, 0x72, 0x65, 0x74, 0x69, 0x72,
  0x65, 0x64, 0x68, 0x6f, 0x77, 0x65, 0x76, 0x65, 0x72, 0x68, 0x69, 0x64, 0x64,
  0x65, 0x6e, 0x3b, 0x62, 0x61, 0x74, 0x74, 0x6c, 0x65, 0x73, 0x73, 0x65, 0x65,
  0x6b, 0x69, 0x6e, 0x67, 0x63, 0x61, 0x62, 0x69, 0x6e, 0x65, 0x74, 0x77, 0x61,
  0x73, 0x20, 0x6e, 0x6f, 0x74, 0x6c, 0x6f, 0x6f, 0x6b, 0x20, 0x61, 0x74, 0x63,
  0x6f, 0x6e, 0x64, 0x75, 0x63, 0x74, 0x67, 0x65, 0x74, 0x20, 0x74, 0x68, 0x65,
  0x4a, 0x61, 0x6e, 0x75, 0x61, 0x72, 0x79, 0x68, 0x61, 0x70, 0x70, 0x65, 0x6e,
  0x73, 0x74, 0x75, 0x72, 0x6e, 0x69, 0x6e, 0x67, 0x61, 0x3a, 0x68, 0x6f, 0x76,
  0x65, 0x72, 0x4f, 0x6e, 0x6c, 0x69, 0x6e, 0x65, 0x20, 0x46, 0x72, 0x65, 0x6e,
  0x63, 0x68, 0x20, 0x6c, 0x61, 0x63, 0x6b, 0x69, 0x6e, 0x67, 0x74, 0x79, 0x70,
  0x69, 0x63, 0x61, 0x6c, 0x65, 0x78, 0x74, 0x72, 0x61, 0x63, 0x74, 0x65, 0x6e,
  0x65, 0x6d, 0x69, 0x65, 0x73, 0x65, 0x76, 0x65, 0x6e, 0x20, 0x69, 0x66, 0x67,
  0x65, 0x6e, 0x65, 0x72, 0x61, 0x74, 0x64, 0x65, 0x63, 0x69, 0x64, 0x65, 0x64,
  0x61, 0x72, 0x65, 0x20, 0x6e, 0x6f, 0x74, 0x2f, 0x73, 0x65, 0x61, 0x72, 0x63,
  0x68, 0x62, 0x65, 0x6c, 0x69, 0x65, 0x66, 0x73, 0x2d, 0x69, 0x6d, 0x61, 0x67,
  0x65, 0x3a, 0x6c, 0x6f, 0x63, 0x61, 0x74, 0x65, 0x64, 0x73, 0x74, 0x61, 0x74,
  0x69, 0x63, 0x2e, 0x6c, 0x6f, 0x67, 0x69, 0x6e, 0x22, 0x3e, 0x63, 0x6f, 0x6e,
  0x76, 0x65, 0x72, 0x74, 0x76, 0x69, 0x6f, 0x6c, 0x65, 0x6e, 0x74, 0x65, 0x6e,
  0x74, 0x65, 0x72, 0x65, 0x64, 0x66, 0x69, 0x72, 0x73, 0x74, 0x22, 0x3e, 0x63,
  0x69, 0x72, 0x63, 0x75, 0x69, 0x74, 0x46, 0x69, 0x6e, 0x6c, 0x61, 0x6e, 0x64,
  0x63, 0x68, 0x65, 0x6d, 0x69, 0x73, 0x74, 0x73, 0x68, 0x65, 0x20, 0x77, 0x61,
  0x73, 0x31, 0x30, 0x70, 0x78, 0x3b, 0x22, 0x3e, 0x61, 0x73, 0x20, 0x73, 0x75,
  0x63, 0x68, 0x64, 0x69, 0x76, 0x69, 0x64, 0x65, 0x64, 0x3c, 0x2f, 0x73, 0x70,
  0x61, 0x6e, 0x3e, 0x77, 0x69, 0x6c, 0x6c, 0x20, 0x62, 0x65, 0x6c, 0x69, 0x6e,
  0x65, 0x20, 0x6f, 0x66, 0x61, 0x20, 0x67, 0x72, 0x65, 0x61, 0x74, 0x6d, 0x79,
  0x73, 0x74, 0x65, 0x72, 0x79, 0x2f, 0x69, 0x6e, 0x64, 0x65, 0x78, 0x2e, 0x66,
  0x61, 0x6c, 0x6c, 0x69, 0x6e, 0x67, 0x64, 0x75, 0x65, 0x20, 0x74, 0x6f, 0x20,
  0x72, 0x61, 0x69, 0x6c, 0x77, 0x61, 0x79, 0x63, 0x6f, 0x6c, 0x6c, 0x65, 0x67,
  0x65, 0x6d, 0x6f, 0x6e, 0x73, 0x74, 0x65, 0x72, 0x64, 0x65, 0x73, 0x63, 0x65,
  0x6e, 0x74, 0x69, 0x74, 0x20, 0x77, 0x69, 0x74, 0x68, 0x6e, 0x75, 0x63, 0x6c,
  0x65, 0x61, 0x72, 0x4a, 0x65, 0x77, 0x69, 0x73, 0x68, 0x20, 0x70, 0x72, 0x6f,
  0x74, 0x65, 0x73, 0x74, 0x42, 0x72, 0x69, 0x74, 0x69, 0x73, 0x68, 0x66, 0x6c,
  0x6f, 0x77, 0x65, 0x72, 0x73, 0x70, 0x72, 0x65, 0x64, 0x69, 0x63, 0x74, 0x72,
  0x65, 0x66, 0x6f, 0x72, 0x6d, 0x73, 0x62, 0x75, 0x74, 0x74, 0x6f, 0x6e, 0x20,
  0x77, 0x68, 0x6f, 0x20, 0x77, 0x61, 0x73, 0x6c, 0x65, 0x63, 0x74, 0x75, 0x72,
  0x65, 0x69, 0x6e, 0x73, 0x74, 0x61, 0x6e, 0x74, 0x73, 0x75, 0x69, 0x63, 0x69,
  0x64, 0x65, 0x67, 0x65, 0x6e, 0x65, 0x72, 0x69, 0x63, 0x70, 0x65, 0x72, 0x69,
  0x6f, 0x64, 0x73, 0x6d, 0x61, 0x72, 0x6b, 0x65, 0x74, 0x73, 0x53, 0x6f, 0x63,
  0x69, 0x61, 0x6c, 0x20, 0x66, 0x69, 0x73, 0x68, 0x69, 0x6e, 0x67, 0x63, 0x6f,
  0x6d, 0x62, 0x69, 0x6e, 0x65, 0x67, 0x72, 0x61, 0x70, 0x68, 0x69, 0x63, 0x77,
  0x69, 0x6e, 0x6e, 0x65, 0x72, 0x73, 0x3c, 0x62, 0x72, 0x20, 0x2f, 0x3e, 0x3c,
  0x62, 0x79, 0x20, 0x74, 0x68, 0x65, 0x20, 0x4e, 0x61, 0x74, 0x75, 0x72, 0x61,
  0x6c, 0x50, 0x72, 0x69, 0x76, 0x61, 0x63, 0x79, 0x63, 0x6f, 0x6f, 0x6b, 0x69,
  0x65, 0x73, 0x6f, 0x75, 0x74, 0x63, 0x6f, 0x6d, 0x65, 0x72, 0x65, 0x73, 0x6f,
  0x6c, 0x76, 0x65, 0x53, 0x77, 0x65, 0x64, 0x69, 0x73, 0x68, 0x62, 0x72, 0x69,
  0x65, 0x66, 0x6c, 0x79, 0x50, 0x65, 0x72, 0x73, 0x69, 0x61, 0x6e, 0x73, 0x6f,
  0x20, 0x6d, 0x75, 0x63, 0x68, 0x43, 0x65, 0x6e, 0x74, 0x75, 0x72, 0x79, 0x64,
  0x65, 0x70, 0x69, 0x63, 0x74, 0x73, 0x63, 0x6f, 0x6c, 0x75, 0x6d, 0x6e, 0x73,
  0x68, 0x6f, 0x75, 0x73, 0x69, 0x6e, 0x67, 0x73, 0x63, 0x72, 0x69, 0x70, 0x74,
  0x73, 0x6e, 0x65, 0x78, 0x74, 0x20, 0x74, 0x6f, 0x62, 0x65, 0x61, 0x72, 0x69,
  0x6e, 0x67, 0x6d, 0x61, 0x70, 0x70, 0x69, 0x6e, 0x67, 0x72, 0x65, 0x76, 0x69,
  0x73, 0x65, 0x64, 0x6a, 0x51, 0x75, 0x65, 0x72, 0x79, 0x28, 0x2d, 0x77, 0x69,
  0x64, 0x74, 0x68, 0x3a, 0x74, 0x69, 0x74, 0x6c, 0x65, 0x22, 0x3e, 0x74, 0x6f,
  0x6f, 0x6c, 0x74, 0x69, 0x70, 0x53, 0x65, 0x63, 0x74, 0x69, 0x6f, 0x6e, 0x64,
  0x65, 0x73, 0x69, 0x67, 0x6e, 0x73, 0x54, 0x75, 0x72, 0x6b, 0x69, 0x73, 0x68,
  0x79, 0x6f, 0x75, 0x6e, 0x67, 0x65, 0x72, 0x2e, 0x6d, 0x61, 0x74, 0x63, 0x68,
  0x28, 0x7d, 0x29, 0x28, 0x29, 0x3b, 0x0a, 0x0a, 0x62, 0x75, 0x72, 0x6e, 0x69,
  0x6e, 0x67, 0x6f, 0x70, 0x65, 0x72, 0x61, 0x74, 0x65, 0x64, 0x65, 0x67, 0x72,
  0x65, 0x65, 0x73, 0x73, 0x6f, 0x75, 0x72, 0x63, 0x65, 0x3d, 0x52, 0x69, 0x63,
  0x68, 0x61, 0x72, 0x64, 0x63, 0x6c, 0x6f, 0x73, 0x65, 0x6c, 0x79, 0x70, 0x6c,
  0x61, 0x73, 0x74, 0x69, 0x63, 0x65, 0x6e, 0x74, 0x72, 0x69, 0x65, 0x73, 0x3c,
  0x2f, 0x74, 0x72, 0x3e, 0x0d, 0x0a, 0x63, 0x6f, 0x6c, 0x6f, 0x72, 0x3a, 0x23,
  0x75, 0x6c, 0x20, 0x69, 0x64, 0x3d, 0x22, 0x70, 0x6f, 0x73, 0x73, 0x65, 0x73,
  0x73, 0x72, 0x6f, 0x6c, 0x6c, 0x69, 0x6e, 0x67, 0x70, 0x68, 0x79, 0x73, 0x69,
  0x63, 0x73, 0x66, 0x61, 0x69, 0x6c, 0x69, 0x6e, 0x67, 0x65, 0x78, 0x65, 0x63,
  0x75, 0x74, 0x65, 0x63, 0x6f, 0x6e, 0x74, 0x65, 0x73, 0x74, 0x6c, 0x69, 0x6e,
  0x6b, 0x20, 0x74, 0x6f, 0x44, 0x65, 0x66, 0x61, 0x75, 0x6c, 0x74, 0x3c, 0x62,
  0x72, 0x20, 0x2f, 0x3e, 0x0a, 0x3a, 0x20, 0x74, 0x72, 0x75, 0x65, 0x2c, 0x63,
  0x68, 0x61, 0x72, 0x74, 0x65, 0x72, 0x74, 0x6f, 0x75, 0x72, 0x69, 0x73, 0x6d,
  0x63, 0x6c, 0x61, 0x73, 0x73, 0x69, 0x63, 0x70, 0x72, 0x6f, 0x63, 0x65, 0x65,
  0x64, 0x65, 0x78, 0x70, 0x6c, 0x61, 0x69, 0x6e, 0x3c, 0x2f, 0x68, 0x31, 0x3e,
  0x0d, 0x0a, 0x6f, 0x6e, 0x6c, 0x69, 0x6e, 0x65, 0x2e, 0x3f, 0x78, 0x6d, 0x6c,
  0x20, 0x76, 0x65, 0x68, 0x65, 0x6c, 0x70, 0x69, 0x6e, 0x67, 0x64, 0x69, 0x61,
  0x6d, 0x6f, 0x6e, 0x64, 0x75, 0x73, 0x65, 0x20, 0x74, 0x68, 0x65, 0x61, 0x69,
  0x72, 0x6c, 0x69, 0x6e, 0x65, 0x65, 0x6e, 0x64, 0x20, 0x2d, 0x2d, 0x3e, 0x29,
  0x2e, 0x61, 0x74, 0x74, 0x72, 0x28, 0x72, 0x65, 0x61, 0x64, 0x65, 0x72, 0x73,
  0x68, 0x6f, 0x73, 0x74, 0x69, 0x6e, 0x67, 0x23, 0x66, 0x66, 0x66, 0x66, 0x66,
  0x66, 0x72, 0x65, 0x61, 0x6c, 0x69, 0x7a, 0x65, 0x56, 0x69, 0x6e, 0x63, 0x65,
  0x6e, 0x74, 0x73, 0x69, 0x67, 0x6e, 0x61, 0x6c, 0x73, 0x20, 0x73, 0x72, 0x63,
  0x3d, 0x22, 0x2f, 0x50, 0x72, 0x6f, 0x64, 0x75, 0x63, 0x74, 0x64, 0x65, 0x73,
  0x70, 0x69, 0x74, 0x65, 0x64, 0x69, 0x76, 0x65, 0x72, 0x73, 0x65, 0x74, 0x65,
  0x6c, 0x6c, 0x69, 0x6e, 0x67, 0x50, 0x75, 0x62, 0x6c, 0x69, 0x63, 0x20, 0x68,
  0x65, 0x6c, 0x64, 0x20, 0x69, 0x6e, 0x4a, 0x6f, 0x73, 0x65, 0x70, 0x68, 0x20,
  0x74, 0x68, 0x65, 0x61, 0x74, 0x72, 0x65, 0x61, 0x66, 0x66, 0x65, 0x63, 0x74,
  0x73, 0x3c, 0x73, 0x74, 0x79, 0x6c, 0x65, 0x3e, 0x61, 0x20, 0x6c, 0x61, 0x72,
  0x67, 0x65, 0x64, 0x6f, 0x65, 0x73, 0x6e, 0x27, 0x74, 0x6c, 0x61, 0x74, 0x65,
  0x72, 0x2c, 0x20, 0x45, 0x6c, 0x65, 0x6d, 0x65, 0x6e, 0x74, 0x66, 0x61, 0x76,
  0x69, 0x63, 0x6f, 0x6e, 0x63, 0x72, 0x65, 0x61, 0x74, 0x6f, 0x72, 0x48, 0x75,
  0x6e, 0x67, 0x61, 0x72, 0x79, 0x41, 0x69, 0x72, 0x70, 0x6f, 0x72, 0x74, 0x73,
  0x65, 0x65, 0x20, 0x74, 0x68, 0x65, 0x73, 0x6f, 0x20, 0x74, 0x68, 0x61, 0x74,
  0x4d, 0x69, 0x63, 0x68, 0x61, 0x65, 0x6c, 0x53, 0x79, 0x73, 0x74, 0x65, 0x6d,
  0x73, 0x50, 0x72, 0x6f, 0x67, 0x72, 0x61, 0x6d, 0x73, 0x2c, 0x20, 0x61, 0x6e,
  0x64, 0x20, 0x20, 0x77, 0x69, 0x64, 0x74, 0x68, 0x3d, 0x65, 0x26, 0x71, 0x75,
  0x6f, 0x74, 0x3b, 0x74, 0x72, 0x61, 0x64, 0x69, 0x6e, 0x67, 0x6c, 0x65, 0x66,
  0x74, 0x22, 0x3e, 0x0a, 0x70, 0x65, 0x72, 0x73, 0x6f, 0x6e, 0x73, 0x47, 0x6f,
  0x6c, 0x64, 0x65, 0x6e, 0x20, 0x41, 0x66, 0x66, 0x61, 0x69, 0x72, 0x73, 0x67,
  0x72, 0x61, 0x6d, 0x6d, 0x61, 0x72, 0x66, 0x6f, 0x72, 0x6d, 0x69, 0x6e, 0x67,
  0x64, 0x65, 0x73, 0x74, 0x72, 0x6f, 0x79, 0x69, 0x64, 0x65, 0x61, 0x20, 0x6f,
  0x66, 0x63, 0x61, 0x73, 0x65, 0x20, 0x6f, 0x66, 0x6f, 0x6c, 0x64, 0x65, 0x73,
  0x74, 0x20, 0x74, 0x68, 0x69, 0x73, 0x20, 0x69, 0x73, 0x2e, 0x73, 0x72, 0x63,
  0x20, 0x3d, 0x20, 0x63, 0x61, 0x72, 0x74, 0x6f, 0x6f, 0x6e, 0x72, 0x65, 0x67,
  0x69, 0x73, 0x74, 0x72, 0x43, 0x6f, 0x6d, 0x6d, 0x6f, 0x6e, 0x73, 0x4d, 0x75,
  0x73, 0x6c, 0x69, 0x6d, 0x73, 0x57, 0x68, 0x61, 0x74, 0x20, 0x69, 0x73, 0x69,
  0x6e, 0x20, 0x6d, 0x61, 0x6e, 0x79, 0x6d, 0x61, 0x72, 0x6b, 0x69, 0x6e, 0x67,
  0x72, 0x65, 0x76, 0x65, 0x61, 0x6c, 0x73, 0x49, 0x6e, 0x64, 0x65, 0x65, 0x64,
  0x2c, 0x65, 0x71, 0x75, 0x61, 0x6c, 0x6c, 0x79, 0x2f, 0x73, 0x68, 0x6f, 0x77,
  0x5f, 0x61, 0x6f, 0x75, 0x74, 0x64, 0x6f, 0x6f, 0x72, 0x65, 0x73, 0x63, 0x61,
  0x70, 0x65, 0x28, 0x41, 0x75, 0x73, 0x74, 0x72, 0x69, 0x61, 0x67, 0x65, 0x6e,
  0x65, 0x74, 0x69, 0x63, 0x73, 0x79, 0x73, 0x74, 0x65, 0x6d, 0x2c, 0x49, 0x6e,
  0x20, 0x74, 0x68, 0x65, 0x20, 0x73, 0x69, 0x74, 0x74, 0x69, 0x6e, 0x67, 0x48,
  0x65, 0x20, 0x61, 0x6c, 0x73, 0x6f, 0x49, 0x73, 0x6c, 0x61, 0x6e, 0x64, 0x73,
  0x41, 0x63, 0x61, 0x64, 0x65, 0x6d, 0x79, 0x0a, 0x09, 0x09, 0x3c, 0x21, 0x2d,
  0x2d, 0x44, 0x61, 0x6e, 0x69, 0x65, 0x6c, 0x20, 0x62, 0x69, 0x6e, 0x64, 0x69,
  0x6e, 0x67, 0x62, 0x6c, 0x6f, 0x63, 0x6b, 0x22, 0x3e, 0x69, 0x6d, 0x70, 0x6f,
  0x73, 0x65, 0x64, 0x75, 0x74, 0x69, 0x6c, 0x69, 0x7a, 0x65, 0x41, 0x62, 0x72,
  0x61, 0x68, 0x61, 0x6d, 0x28, 0x65, 0x78, 0x63, 0x65, 0x70, 0x74, 0x7b, 0x77,
  0x69, 0x64, 0x74, 0x68, 0x3a, 0x70, 0x75, 0x74, 0x74, 0x69, 0x6e, 0x67, 0x29,
  0x2e, 0x68, 0x74, 0x6d, 0x6c, 0x28, 0x7c, 0x7c, 0x20, 0x5b, 0x5d, 0x3b, 0x0a,
  0x44, 0x41, 0x54, 0x41, 0x5b, 0x20, 0x2a, 0x6b, 0x69, 0x74, 0x63, 0x68, 0x65,
  0x6e, 0x6d, 0x6f, 0x75, 0x6e, 0x74, 0x65, 0x64, 0x61, 0x63, 0x74, 0x75, 0x61,
  0x6c, 0x20, 0x64, 0x69, 0x61, 0x6c, 0x65, 0x63, 0x74, 0x6d, 0x61, 0x69, 0x6e,
  0x6c, 0x79, 0x20, 0x5f, 0x62, 0x6c, 0x61, 0x6e, 0x6b, 0x27, 0x69, 0x6e, 0x73,
  0x74, 0x61, 0x6c, 0x6c, 0x65, 0x78, 0x70, 0x65, 0x72, 0x74, 0x73, 0x69, 0x66,
  0x28, 0x74, 0x79, 0x70, 0x65, 0x49, 0x74, 0x20, 0x61, 0x6c, 0x73, 0x6f, 0x26,
  0x63, 0x6f, 0x70, 0x79, 0x3b, 0x20, 0x22, 0x3e, 0x54, 0x65, 0x72, 0x6d, 0x73,
  0x62, 0x6f, 0x72, 0x6e, 0x20, 0x69, 0x6e, 0x4f, 0x70, 0x74, 0x69, 0x6f, 0x6e,
  0x73, 0x65, 0x61, 0x73, 0x74, 0x65, 0x72, 0x6e, 0x74, 0x61, 0x6c, 0x6b, 0x69,
  0x6e, 0x67, 0x63, 0x6f, 0x6e, 0x63, 0x65, 0x72, 0x6e, 0x67, 0x61, 0x69, 0x6e,
  0x65, 0x64, 0x20, 0x6f, 0x6e, 0x67, 0x6f, 0x69, 0x6e, 0x67, 0x6a, 0x75, 0x73,
  0x74, 0x69, 0x66, 0x79, 0x63, 0x72, 0x69, 0x74, 0x69, 0x63, 0x73, 0x66, 0x61,
  0x63, 0x74, 0x6f, 0x72, 0x79, 0x69, 0x74, 0x73, 0x20, 0x6f, 0x77, 0x6e, 0x61,
  0x73, 0x73, 0x61, 0x75, 0x6c, 0x74, 0x69, 0x6e, 0x76, 0x69, 0x74, 0x65, 0x64,
  0x6c, 0x61, 0x73, 0x74, 0x69, 0x6e, 0x67, 0x68, 0x69, 0x73, 0x20, 0x6f, 0x77,
  0x6e, 0x68, 0x72, 0x65, 0x66, 0x3d, 0x22, 0x2f, 0x22, 0x20, 0x72, 0x65, 0x6c,
  0x3d, 0x22, 0x64, 0x65, 0x76, 0x65, 0x6c, 0x6f, 0x70, 0x63, 0x6f, 0x6e, 0x63,
  0x65, 0x72, 0x74, 0x64, 0x69, 0x61, 0x67, 0x72, 0x61, 0x6d, 0x64, 0x6f, 0x6c,
  0x6c, 0x61, 0x72, 0x73, 0x63, 0x6c, 0x75, 0x73, 0x74, 0x65, 0x72, 0x70, 0x68,
  0x70, 0x3f, 0x69, 0x64, 0x3d, 0x61, 0x6c, 0x63, 0x6f, 0x68, 0x6f, 0x6c, 0x29,
  0x3b, 0x7d, 0x29, 0x28, 0x29, 0x3b, 0x75, 0x73, 0x69, 0x6e, 0x67, 0x20, 0x61,
  0x3e, 0x3c, 0x73, 0x70, 0x61, 0x6e, 0x3e, 0x76, 0x65, 0x73, 0x73, 0x65, 0x6c,
  0x73, 0x72, 0x65, 0x76, 0x69, 0x76, 0x61, 0x6c, 0x41, 0x64, 0x64, 0x72, 0x65,
  0x73, 0x73, 0x61, 0x6d, 0x61, 0x74, 0x65, 0x75, 0x72, 0x61, 0x6e, 0x64, 0x72,
  0x6f, 0x69, 0x64, 0x61, 0x6c, 0x6c, 0x65, 0x67, 0x65, 0x64, 0x69, 0x6c, 0x6c,
  0x6e, 0x65, 0x73, 0x73, 0x77, 0x61, 0x6c, 0x6b, 0x69, 0x6e, 0x67, 0x63, 0x65,
  0x6e, 0x74, 0x65, 0x72, 0x73, 0x71, 0x75, 0x61, 0x6c, 0x69, 0x66, 0x79, 0x6d,
  0x61, 0x74, 0x63, 0x68, 0x65, 0x73, 0x75, 0x6e, 0x69, 0x66, 0x69, 0x65, 0x64,
  0x65, 0x78, 0x74, 0x69, 0x6e, 0x63, 0x74, 0x44, 0x65, 0x66, 0x65, 0x6e, 0x73,
  0x65, 0x64, 0x69, 0x65, 0x64, 0x20, 0x69, 0x6e, 0x0a, 0x09, 0x3c, 0x21, 0x2d,
  0x2d, 0x20, 0x63, 0x75, 0x73, 0x74, 0x6f, 0x6d, 0x73, 0x6c, 0x69, 0x6e, 0x6b,
  0x69, 0x6e, 0x67, 0x4c, 0x69, 0x74, 0x74, 0x6c, 0x65, 0x20, 0x42, 0x6f, 0x6f,
  0x6b, 0x20, 0x6f, 0x66, 0x65, 0x76, 0x65, 0x6e, 0x69, 0x6e, 0x67, 0x6d, 0x69,
  0x6e, 0x2e, 0x6a, 0x73, 0x3f, 0x61, 0x72, 0x65, 0x20, 0x74, 0x68, 0x65, 0x6b,
  0x6f, 0x6e, 0x74, 0x61, 0x6b, 0x74, 0x74, 0x6f, 0x64, 0x61, 0x79, 0x27, 0x73,
  0x2e, 0x68, 0x74, 0x6d, 0x6c, 0x22, 0x20, 0x74, 0x61, 0x72, 0x67, 0x65, 0x74,
  0x3d, 0x77, 0x65, 0x61, 0x72, 0x69, 0x6e, 0x67, 0x41, 0x6c, 0x6c, 0x20, 0x52,
  0x69, 0x67, 0x3b, 0x0a, 0x7d, 0x29, 0x28, 0x29, 0x3b, 0x72, 0x61, 0x69, 0x73,
  0x69, 0x6e, 0x67, 0x20, 0x41, 0x6c, 0x73, 0x6f, 0x2c, 0x20, 0x63, 0x72, 0x75,
  0x63, 0x69, 0x61, 0x6c, 0x61, 0x62, 0x6f, 0x75, 0x74, 0x22, 0x3e, 0x64, 0x65,
  0x63, 0x6c, 0x61, 0x72, 0x65, 0x2d, 0x2d, 0x3e, 0x0a, 0x3c, 0x73, 0x63, 0x66,
  0x69, 0x72, 0x65, 0x66, 0x6f, 0x78, 0x61, 0x73, 0x20, 0x6d, 0x75, 0x63, 0x68,
  0x61, 0x70, 0x70, 0x6c, 0x69, 0x65, 0x73, 0x69, 0x6e, 0x64, 0x65, 0x78, 0x2c,
  0x20, 0x73, 0x2c, 0x20, 0x62, 0x75, 0x74, 0x20, 0x74, 0x79, 0x70, 0x65, 0x20,
  0x3d, 0x20, 0x0a, 0x0d, 0x0a, 0x3c, 0x21, 0x2d, 0x2d, 0x74, 0x6f, 0x77, 0x61,
  0x72, 0x64, 0x73, 0x52, 0x65, 0x63, 0x6f, 0x72, 0x64, 0x73, 0x50, 0x72, 0x69,
  0x76, 0x61, 0x74, 0x65, 0x46, 0x6f, 0x72, 0x65, 0x69, 0x67, 0x6e, 0x50, 0x72,
  0x65, 0x6d, 0x69, 0x65, 0x72, 0x63, 0x68, 0x6f, 0x69, 0x63, 0x65, 0x73, 0x56,
  0x69, 0x72, 0x74, 0x75, 0x61, 0x6c, 0x72, 0x65, 0x74, 0x75, 0x72, 0x6e, 0x73,
  0x43, 0x6f, 0x6d, 0x6d, 0x65, 0x6e, 0x74, 0x50, 0x6f, 0x77, 0x65, 0x72, 0x65,
  0x64, 0x69, 0x6e, 0x6c, 0x69, 0x6e, 0x65, 0x3b, 0x70, 0x6f, 0x76, 0x65, 0x72,
  0x74, 0x79, 0x63, 0x68, 0x61, 0x6d, 0x62, 0x65, 0x72, 0x4c, 0x69, 0x76, 0x69,
  0x6e, 0x67, 0x20, 0x76, 0x6f, 0x6c, 0x75, 0x6d, 0x65, 0x73, 0x41, 0x6e, 0x74,
  0x68, 0x6f, 0x6e, 0x79, 0x6c, 0x6f, 0x67, 0x69, 0x6e, 0x22, 0x20, 0x52, 0x65,
  0x6c, 0x61, 0x74, 0x65, 0x64, 0x45, 0x63, 0x6f, 0x6e, 0x6f, 0x6d, 0x79, 0x72,
  0x65, 0x61, 0x63, 0x68, 0x65, 0x73, 0x63, 0x75, 0x74, 0x74, 0x69, 0x6e, 0x67,
  0x67, 0x72, 0x61, 0x76, 0x69, 0x74, 0x79, 0x6c, 0x69, 0x66, 0x65, 0x20, 0x69,
  0x6e, 0x43, 0x68, 0x61, 0x70, 0x74, 0x65, 0x72, 0x2d, 0x73, 0x68, 0x61, 0x64,
  0x6f, 0x77, 0x4e, 0x6f, 0x74, 0x61, 0x62, 0x6c, 0x65, 0x3c, 0x2f, 0x74, 0x64,
  0x3e, 0x0d, 0x0a, 0x20, 0x72, 0x65, 0x74, 0x75, 0x72, 0x6e, 0x73, 0x74, 0x61,
  0x64, 0x69, 0x75, 0x6d, 0x77, 0x69, 0x64, 0x67, 0x65, 0x74, 0x73, 0x76, 0x61,
  0x72, 0x79, 0x69, 0x6e, 0x67, 0x74, 0x72, 0x61, 0x76, 0x65, 0x6c, 0x73, 0x68,
  0x65, 0x6c, 0x64, 0x20, 0x62, 0x79, 0x77, 0x68, 0x6f, 0x20, 0x61, 0x72, 0x65,
  0x77, 0x6f, 0x72, 0x6b, 0x20, 0x69, 0x6e, 0x66, 0x61, 0x63, 0x75, 0x6c, 0x74,
  0x79, 0x61, 0x6e, 0x67, 0x75, 0x6c, 0x61, 0x72, 0x77, 0x68, 0x6f, 0x20, 0x68,
  0x61, 0x64, 0x61, 0x69, 0x72, 0x70, 0x6f, 0x72, 0x74, 0x74, 0x6f, 0x77, 0x6e,
  0x20, 0x6f, 0x66, 0x0a, 0x0a, 0x53, 0x6f, 0x6d, 0x65, 0x20, 0x27, 0x63, 0x6c,
  0x69, 0x63, 0x6b, 0x27, 0x63, 0x68, 0x61, 0x72, 0x67, 0x65, 0x73, 0x6b, 0x65,
  0x79, 0x77, 0x6f, 0x72, 0x64, 0x69, 0x74, 0x20, 0x77, 0x69, 0x6c, 0x6c, 0x63,
  0x69, 0x74, 0x79, 0x20, 0x6f, 0x66, 0x28, 0x74, 0x68, 0x69, 0x73, 0x29, 0x3b,
  0x41, 0x6e, 0x64, 0x72, 0x65, 0x77, 0x20, 0x75, 0x6e, 0x69, 0x71, 0x75, 0x65,
  0x20, 0x63, 0x68, 0x65, 0x63, 0x6b, 0x65, 0x64, 0x6f, 0x72, 0x20, 0x6d, 0x6f,
  0x72, 0x65, 0x33, 0x30, 0x30, 0x70, 0x78, 0x3b, 0x20, 0x72, 0x65, 0x74, 0x75,
  0x72, 0x6e, 0x3b, 0x72, 0x73, 0x69, 0x6f, 0x6e, 0x3d, 0x22, 0x70, 0x6c, 0x75,
  0x67, 0x69, 0x6e, 0x73, 0x77, 0x69, 0x74, 0x68, 0x69, 0x6e, 0x20, 0x68, 0x65,
  0x72, 0x73, 0x65, 0x6c, 0x66, 0x53, 0x74, 0x61, 0x74, 0x69, 0x6f, 0x6e, 0x46,
  0x65, 0x64, 0x65, 0x72, 0x61, 0x6c, 0x76, 0x65, 0x6e, 0x74, 0x75, 0x72, 0x65,
  0x70, 0x75, 0x62, 0x6c, 0x69, 0x73, 0x68, 0x73, 0x65, 0x6e, 0x74, 0x20, 0x74,
  0x6f, 0x74, 0x65, 0x6e, 0x73, 0x69, 0x6f, 0x6e, 0x61, 0x63, 0x74, 0x72, 0x65,
  0x73, 0x73, 0x63, 0x6f, 0x6d, 0x65, 0x20, 0x74, 0x6f, 0x66, 0x69, 0x6e, 0x67,
  0x65, 0x72, 0x73, 0x44, 0x75, 0x6b, 0x65, 0x20, 0x6f, 0x66, 0x70, 0x65, 0x6f,
  0x70, 0x6c, 0x65, 0x2c, 0x65, 0x78, 0x70, 0x6c, 0x6f, 0x69, 0x74, 0x77, 0x68,
  0x61, 0x74, 0x20, 0x69, 0x73, 0x68, 0x61, 0x72, 0x6d, 0x6f, 0x6e, 0x79, 0x61,
  0x20, 0x6d, 0x61, 0x6a, 0x6f, 0x72, 0x22, 0x3a, 0x22, 0x68, 0x74, 0x74, 0x70,
  0x69, 0x6e, 0x20, 0x68, 0x69, 0x73, 0x20, 0x6d, 0x65, 0x6e, 0x75, 0x22, 0x3e,
  0x0a, 0x6d, 0x6f, 0x6e, 0x74, 0x68, 0x6c, 0x79, 0x6f, 0x66, 0x66, 0x69, 0x63,
  0x65, 0x72, 0x63, 0x6f, 0x75, 0x6e, 0x63, 0x69, 0x6c, 0x67, 0x61, 0x69, 0x6e,
  0x69, 0x6e, 0x67, 0x65, 0x76, 0x65, 0x6e, 0x20, 0x69, 0x6e, 0x53, 0x75, 0x6d,
  0x6d, 0x61, 0x72, 0x79, 0x64, 0x61, 0x74, 0x65, 0x20, 0x6f, 0x66, 0x6c, 0x6f,
  0x79, 0x61, 0x6c, 0x74, 0x79, 0x66, 0x69, 0x74, 0x6e, 0x65, 0x73, 0x73, 0x61,
  0x6e, 0x64, 0x20, 0x77, 0x61, 0x73, 0x65, 0x6d, 0x70, 0x65, 0x72, 0x6f, 0x72,
  0x73, 0x75, 0x70, 0x72, 0x65, 0x6d, 0x65, 0x53, 0x65, 0x63, 0x6f, 0x6e, 0x64,
  0x20, 0x68, 0x65, 0x61, 0x72, 0x69, 0x6e, 0x67, 0x52, 0x75, 0x73, 0x73, 0x69,
  0x61, 0x6e, 0x6c, 0x6f, 0x6e, 0x67, 0x65, 0x73, 0x74, 0x41, 0x6c, 0x62, 0x65,
  0x72, 0x74, 0x61, 0x6c, 0x61, 0x74, 0x65, 0x72, 0x61, 0x6c, 0x73, 0x65, 0x74,
  0x20, 0x6f, 0x66, 0x20, 0x73, 0x6d, 0x61, 0x6c, 0x6c, 0x22, 0x3e, 0x2e, 0x61,
  0x70, 0x70, 0x65, 0x6e, 0x64, 0x64, 0x6f, 0x20, 0x77, 0x69, 0x74, 0x68, 0x66,
  0x65, 0x64, 0x65, 0x72, 0x61, 0x6c, 0x62, 0x61, 0x6e, 0x6b, 0x20, 0x6f, 0x66,
  0x62, 0x65, 0x6e, 0x65, 0x61, 0x74, 0x68, 0x44, 0x65, 0x73, 0x70, 0x69, 0x74,
  0x65, 0x43, 0x61, 0x70, 0x69, 0x74, 0x61, 0x6c, 0x67, 0x72, 0x6f, 0x75, 0x6e,
  0x64, 0x73, 0x29, 0x2c, 0x20, 0x61, 0x6e, 0x64, 0x20, 0x70, 0x65, 0x72, 0x63,
  0x65, 0x6e, 0x74, 0x69, 0x74, 0x20, 0x66, 0x72, 0x6f, 0x6d, 0x63, 0x6c, 0x6f,
  0x73, 0x69, 0x6e, 0x67, 0x63, 0x6f, 0x6e, 0x74, 0x61, 0x69, 0x6e, 0x49, 0x6e,
  0x73, 0x74, 0x65, 0x61, 0x64, 0x66, 0x69, 0x66, 0x74, 0x65, 0x65, 0x6e, 0x61,
  0x73, 0x20, 0x77, 0x65, 0x6c, 0x6c, 0x2e, 0x79, 0x61, 0x68, 0x6f, 0x6f, 0x2e,
  0x72, 0x65, 0x73, 0x70, 0x6f, 0x6e, 0x64, 0x66, 0x69, 0x67, 0x68, 0x74, 0x65,
  0x72, 0x6f, 0x62, 0x73, 0x63, 0x75, 0x72, 0x65, 0x72, 0x65, 0x66, 0x6c, 0x65,
  0x63, 0x74, 0x6f, 0x72, 0x67, 0x61, 0x6e, 0x69, 0x63, 0x3d, 0x20, 0x4d, 0x61,
  0x74, 0x68, 0x2e, 0x65, 0x64, 0x69, 0x74, 0x69, 0x6e, 0x67, 0x6f, 0x6e, 0x6c,
  0x69, 0x6e, 0x65, 0x20, 0x70, 0x61, 0x64, 0x64, 0x69, 0x6e, 0x67, 0x61, 0x20,
  0x77, 0x68, 0x6f, 0x6c, 0x65, 0x6f, 0x6e, 0x65, 0x72, 0x72, 0x6f, 0x72, 0x79,
  0x65, 0x61, 0x72, 0x20, 0x6f, 0x66, 0x65, 0x6e, 0x64, 0x20, 0x6f, 0x66, 0x20,
  0x62, 0x61, 0x72, 0x72, 0x69, 0x65, 0x72, 0x77, 0x68, 0x65, 0x6e, 0x20, 0x69,
  0x74, 0x68, 0x65, 0x61, 0x64, 0x65, 0x72, 0x20, 0x68, 0x6f, 0x6d, 0x65, 0x20,
  0x6f, 0x66, 0x72, 0x65, 0x73, 0x75, 0x6d, 0x65, 0x64, 0x72, 0x65, 0x6e, 0x61,
  0x6d, 0x65, 0x64, 0x73, 0x74, 0x72, 0x6f, 0x6e, 0x67, 0x3e, 0x68, 0x65, 0x61,
  0x74, 0x69, 0x6e, 0x67, 0x72, 0x65, 0x74, 0x61, 0x69, 0x6e, 0x73, 0x63, 0x6c,
  0x6f, 0x75, 0x64, 0x66, 0x72, 0x77, 0x61, 0x79, 0x20, 0x6f, 0x66, 0x20, 0x4d,
  0x61, 0x72, 0x63, 0x68, 0x20, 0x31, 0x6b, 0x6e, 0x6f, 0x77, 0x69, 0x6e, 0x67,
  0x69, 0x6e, 0x20, 0x70, 0x61, 0x72, 0x74, 0x42, 0x65, 0x74, 0x77, 0x65, 0x65,
  0x6e, 0x6c, 0x65, 0x73, 0x73, 0x6f, 0x6e, 0x73, 0x63, 0x6c, 0x6f, 0x73, 0x65,
  0x73, 0x74, 0x76, 0x69, 0x72, 0x74, 0x75, 0x61, 0x6c, 0x6c, 0x69, 0x6e, 0x6b,
  0x73, 0x22, 0x3e, 0x63, 0x72, 0x6f, 0x73, 0x73, 0x65, 0x64, 0x45, 0x4e, 0x44,
  0x20, 0x2d, 0x2d, 0x3e, 0x66, 0x61, 0x6d, 0x6f, 0x75, 0x73, 0x20, 0x61, 0x77,
  0x61, 0x72, 0x64, 0x65, 0x64, 0x4c, 0x69, 0x63, 0x65, 0x6e, 0x73, 0x65, 0x48,
  0x65, 0x61, 0x6c, 0x74, 0x68, 0x20, 0x66, 0x61, 0x69, 0x72, 0x6c, 0x79, 0x20,
  0x77, 0x65, 0x61, 0x6c, 0x74, 0x68, 0x79, 0x6d, 0x69, 0x6e, 0x69, 0x6d, 0x61,
  0x6c, 0x41, 0x66, 0x72, 0x69, 0x63, 0x61, 0x6e, 0x63, 0x6f, 0x6d, 0x70, 0x65,
  0x74, 0x65, 0x6c, 0x61, 0x62, 0x65, 0x6c, 0x22, 0x3e, 0x73, 0x69, 0x6e, 0x67,
  0x69, 0x6e, 0x67, 0x66, 0x61, 0x72, 0x6d, 0x65, 0x72, 0x73, 0x42, 0x72, 0x61,
  0x73, 0x69, 0x6c, 0x29, 0x64, 0x69, 0x73, 0x63, 0x75, 0x73, 0x73, 0x72, 0x65,
  0x70, 0x6c, 0x61, 0x63, 0x65, 0x47, 0x72, 0x65, 0x67, 0x6f, 0x72, 0x79, 0x66,
  0x6f, 0x6e, 0x74, 0x20, 0x63, 0x6f, 0x70, 0x75, 0x72, 0x73, 0x75, 0x65, 0x64,
  0x61, 0x70, 0x70, 0x65, 0x61, 0x72, 0x73, 0x6d, 0x61, 0x6b, 0x65, 0x20, 0x75,
  0x70, 0x72, 0x6f, 0x75, 0x6e, 0x64, 0x65, 0x64, 0x62, 0x6f, 0x74, 0x68, 0x20,
  0x6f, 0x66, 0x62, 0x6c, 0x6f, 0x63, 0x6b, 0x65, 0x64, 0x73, 0x61, 0x77, 0x20,
  0x74, 0x68, 0x65, 0x6f, 0x66, 0x66, 0x69, 0x63, 0x65, 0x73, 0x63, 0x6f, 0x6c,
  0x6f, 0x75, 0x72, 0x73, 0x69, 0x66, 0x28, 0x64, 0x6f, 0x63, 0x75, 0x77, 0x68,
  0x65, 0x6e, 0x20, 0x68, 0x65, 0x65, 0x6e, 0x66, 0x6f, 0x72, 0x63, 0x65, 0x70,
  0x75, 0x73, 0x68, 0x28, 0x66, 0x75, 0x41, 0x75, 0x67, 0x75, 0x73, 0x74, 0x20,
  0x55, 0x54, 0x46, 0x2d, 0x38, 0x22, 0x3e, 0x46, 0x61, 0x6e, 0x74, 0x61, 0x73,
  0x79, 0x69, 0x6e, 0x20, 0x6d, 0x6f, 0x73, 0x74, 0x69, 0x6e, 0x6a, 0x75, 0x72,
  0x65, 0x64, 0x55, 0x73, 0x75, 0x61, 0x6c, 0x6c, 0x79, 0x66, 0x61, 0x72, 0x6d,
  0x69, 0x6e, 0x67, 0x63, 0x6c, 0x6f, 0x73, 0x75, 0x72, 0x65, 0x6f, 0x62, 0x6a,
  0x65, 0x63, 0x74, 0x20, 0x64, 0x65, 0x66, 0x65, 0x6e, 0x63, 0x65, 0x75, 0x73,
  0x65, 0x20, 0x6f, 0x66, 0x20, 0x4d, 0x65, 0x64, 0x69, 0x63, 0x61, 0x6c, 0x3c,
  0x62, 0x6f, 0x64, 0x79, 0x3e, 0x0a, 0x65, 0x76, 0x69, 0x64, 0x65, 0x6e, 0x74,
  0x62, 0x65, 0x20, 0x75, 0x73, 0x65, 0x64, 0x6b, 0x65, 0x79, 0x43, 0x6f, 0x64,
  0x65, 0x73, 0x69, 0x78, 0x74, 0x65, 0x65, 0x6e, 0x49, 0x73, 0x6c, 0x61, 0x6d,
  0x69, 0x63, 0x23, 0x30, 0x30, 0x30, 0x30, 0x30, 0x30, 0x65, 0x6e, 0x74, 0x69,
  0x72, 0x65, 0x20, 0x77, 0x69, 0x64, 0x65, 0x6c, 0x79, 0x20, 0x61, 0x63, 0x74,
  0x69, 0x76, 0x65, 0x20, 0x28, 0x74, 0x79, 0x70, 0x65, 0x6f, 0x66, 0x6f, 0x6e,
  0x65, 0x20, 0x63, 0x61, 0x6e, 0x63, 0x6f, 0x6c, 0x6f, 0x72, 0x20, 0x3d, 0x73,
  0x70, 0x65, 0x61, 0x6b, 0x65, 0x72, 0x65, 0x78, 0x74, 0x65, 0x6e, 0x64, 0x73,
  0x50, 0x68, 0x79, 0x73, 0x69, 0x63, 0x73, 0x74, 0x65, 0x72, 0x72, 0x61, 0x69,
  0x6e, 0x3c, 0x74, 0x62, 0x6f, 0x64, 0x79, 0x3e, 0x66, 0x75, 0x6e, 0x65, 0x72,
  0x61, 0x6c, 0x76, 0x69, 0x65, 0x77, 0x69, 0x6e, 0x67, 0x6d, 0x69, 0x64, 0x64,
  0x6c, 0x65, 0x20, 0x63, 0x72, 0x69, 0x63, 0x6b, 0x65, 0x74, 0x70, 0x72, 0x6f,
  0x70, 0x68, 0x65, 0x74, 0x73, 0x68, 0x69, 0x66, 0x74, 0x65, 0x64, 0x64, 0x6f,
  0x63, 0x74, 0x6f, 0x72, 0x73, 0x52, 0x75, 0x73, 0x73, 0x65, 0x6c, 0x6c, 0x20,
  0x74, 0x61, 0x72, 0x67, 0x65, 0x74, 0x63, 0x6f, 0x6d, 0x70, 0x61, 0x63, 0x74,
  0x61, 0x6c, 0x67, 0x65, 0x62, 0x72, 0x61, 0x73, 0x6f, 0x63, 0x69, 0x61, 0x6c,
  0x2d, 0x62, 0x75, 0x6c, 0x6b, 0x20, 0x6f, 0x66, 0x6d, 0x61, 0x6e, 0x20, 0x61,
  0x6e, 0x64, 0x3c, 0x2f, 0x74, 0x64, 0x3e, 0x0a, 0x20, 0x68, 0x65, 0x20, 0x6c,
  0x65, 0x66, 0x74, 0x29, 0x2e, 0x76, 0x61, 0x6c, 0x28, 0x29, 0x66, 0x61, 0x6c,
  0x73, 0x65, 0x29, 0x3b, 0x6c, 0x6f, 0x67, 0x69, 0x63, 0x61, 0x6c, 0x62, 0x61,
  0x6e, 0x6b, 0x69, 0x6e, 0x67, 0x68, 0x6f, 0x6d, 0x65, 0x20, 0x74, 0x6f, 0x6e,
  0x61, 0x6d, 0x69, 0x6e, 0x67, 0x20, 0x41, 0x72, 0x69, 0x7a, 0x6f, 0x6e, 0x61,
  0x63, 0x72, 0x65, 0x64, 0x69, 0x74, 0x73, 0x29, 0x3b, 0x0a, 0x7d, 0x29, 0x3b,
  0x0a, 0x66, 0x6f, 0x75, 0x6e, 0x64, 0x65, 0x72, 0x69, 0x6e, 0x20, 0x74, 0x75,
  0x72, 0x6e, 0x43, 0x6f, 0x6c, 0x6c, 0x69, 0x6e, 0x73, 0x62, 0x65, 0x66, 0x6f,
  0x72, 0x65, 0x20, 0x42, 0x75, 0x74, 0x20, 0x74, 0x68, 0x65, 0x63, 0x68, 0x61,
  0x72, 0x67, 0x65, 0x64, 0x54, 0x69, 0x74, 0x6c, 0x65, 0x22, 0x3e, 0x43, 0x61,
  0x70, 0x74, 0x61, 0x69, 0x6e, 0x73, 0x70, 0x65, 0x6c, 0x6c, 0x65, 0x64, 0x67,
  0x6f, 0x64, 0x64, 0x65, 0x73, 0x73, 0x54, 0x61, 0x67, 0x20, 0x2d, 0x2d, 0x3e,
  0x41, 0x64, 0x64, 0x69, 0x6e, 0x67, 0x3a, 0x62, 0x75, 0x74, 0x20, 0x77, 0x61,
  0x73, 0x52, 0x65, 0x63, 0x65, 0x6e, 0x74, 0x20, 0x70, 0x61, 0x74, 0x69, 0x65,
  0x6e, 0x74, 0x62, 0x61, 0x63, 0x6b, 0x20, 0x69, 0x6e, 0x3d, 0x66, 0x61, 0x6c,
  0x73, 0x65, 0x26, 0x4c, 0x69, 0x6e, 0x63, 0x6f, 0x6c, 0x6e, 0x77, 0x65, 0x20,
  0x6b, 0x6e, 0x6f, 0x77, 0x43, 0x6f, 0x75, 0x6e, 0x74, 0x65, 0x72, 0x4a, 0x75,
  0x64, 0x61, 0x69, 0x73, 0x6d, 0x73, 0x63, 0x72, 0x69, 0x70, 0x74, 0x20, 0x61,
  0x6c, 0x74, 0x65, 0x72, 0x65, 0x64, 0x27, 0x5d, 0x29, 0x3b, 0x0a, 0x20, 0x20,
  0x68, 0x61, 0x73, 0x20, 0x74, 0x68, 0x65, 0x75, 0x6e, 0x63, 0x6c, 0x65, 0x61,
  0x72, 0x45, 0x76, 0x65, 0x6e, 0x74, 0x27, 0x2c, 0x62, 0x6f, 0x74, 0x68, 0x20,
  0x69, 0x6e, 0x6e, 0x6f, 0x74, 0x20, 0x61, 0x6c, 0x6c, 0x0a, 0x0a, 0x3c, 0x21,
  0x2d, 0x2d, 0x20, 0x70, 0x6c, 0x61, 0x63, 0x69, 0x6e, 0x67, 0x68, 0x61, 0x72,
  0x64, 0x20, 0x74, 0x6f, 0x20, 0x63, 0x65, 0x6e, 0x74, 0x65, 0x72, 0x73, 0x6f,
  0x72, 0x74, 0x20, 0x6f, 0x66, 0x63, 0x6c, 0x69, 0x65, 0x6e, 0x74, 0x73, 0x73,
  0x74, 0x72, 0x65, 0x65, 0x74, 0x73, 0x42, 0x65, 0x72, 0x6e, 0x61, 0x72, 0x64,
  0x61, 0x73, 0x73, 0x65, 0x72, 0x74, 0x73, 0x74, 0x65, 0x6e, 0x64, 0x20, 0x74,
  0x6f, 0x66, 0x61, 0x6e, 0x74, 0x61, 0x73, 0x79, 0x64, 0x6f, 0x77, 0x6e, 0x20,
  0x69, 0x6e, 0x68, 0x61, 0x72, 0x62, 0x6f, 0x75, 0x72, 0x46, 0x72, 0x65, 0x65,
  0x64, 0x6f, 0x6d, 0x6a, 0x65, 0x77, 0x65, 0x6c, 0x72, 0x79, 0x2f, 0x61, 0x62,
  0x6f, 0x75, 0x74, 0x2e, 0x2e, 0x73, 0x65, 0x61, 0x72, 0x63, 0x68, 0x6c, 0x65,
  0x67, 0x65, 0x6e, 0x64, 0x73, 0x69, 0x73, 0x20, 0x6d, 0x61, 0x64, 0x65, 0x6d,
  0x6f, 0x64, 0x65, 0x72, 0x6e, 0x20, 0x6f, 0x6e, 0x6c, 0x79, 0x20, 0x6f, 0x6e,
  0x6f, 0x6e, 0x6c, 0x79, 0x20, 0x74, 0x6f, 0x69, 0x6d, 0x61, 0x67, 0x65, 0x22,
  0x20, 0x6c, 0x69, 0x6e, 0x65, 0x61, 0x72, 0x20, 0x70, 0x61, 0x69, 0x6e, 0x74,
  0x65, 0x72, 0x61, 0x6e, 0x64, 0x20, 0x6e, 0x6f, 0x74, 0x72, 0x61, 0x72, 0x65,
  0x6c, 0x79, 0x20, 0x61, 0x63, 0x72, 0x6f, 0x6e, 0x79, 0x6d, 0x64, 0x65, 0x6c,
  0x69, 0x76, 0x65, 0x72, 0x73, 0x68, 0x6f, 0x72, 0x74, 0x65, 0x72, 0x30, 0x30,
  0x26, 0x61, 0x6d, 0x70, 0x3b, 0x61, 0x73, 0x20, 0x6d, 0x61, 0x6e, 0x79, 0x77,
  0x69, 0x64, 0x74, 0x68, 0x3d, 0x22, 0x2f, 0x2a, 0x20, 0x3c, 0x21, 0x5b, 0x43,
  0x74, 0x69, 0x74, 0x6c, 0x65, 0x20, 0x3d, 0x6f, 0x66, 0x20, 0x74, 0x68, 0x65,
  0x20, 0x6c, 0x6f, 0x77, 0x65, 0x73, 0x74, 0x20, 0x70, 0x69, 0x63, 0x6b, 0x65,
  0x64, 0x20, 0x65, 0x73, 0x63, 0x61, 0x70, 0x65, 0x64, 0x75, 0x73, 0x65, 0x73,
  0x20, 0x6f, 0x66, 0x70, 0x65, 0x6f, 0x70, 0x6c, 0x65, 0x73, 0x20, 0x50, 0x75,
  0x62, 0x6c, 0x69, 0x63, 0x4d, 0x61, 0x74, 0x74, 0x68, 0x65, 0x77, 0x74, 0x61,
  0x63, 0x74, 0x69, 0x63, 0x73, 0x64, 0x61, 0x6d, 0x61, 0x67, 0x65, 0x64, 0x77,
  0x61, 0x79, 0x20, 0x66, 0x6f, 0x72, 0x6c, 0x61, 0x77, 0x73, 0x20, 0x6f, 0x66,
  0x65, 0x61, 0x73, 0x79, 0x20, 0x74, 0x6f, 0x20, 0x77, 0x69, 0x6e, 0x64, 0x6f,
  0x77, 0x73, 0x74, 0x72, 0x6f, 0x6e, 0x67, 0x20, 0x20, 0x73, 0x69, 0x6d, 0x70,
  0x6c, 0x65, 0x7d, 0x63, 0x61, 0x74, 0x63, 0x68, 0x28, 0x73, 0x65, 0x76, 0x65,
  0x6e, 0x74, 0x68, 0x69, 0x6e, 0x66, 0x6f, 0x62, 0x6f, 0x78, 0x77, 0x65, 0x6e,
  0x74, 0x20, 0x74, 0x6f, 0x70, 0x61, 0x69, 0x6e, 0x74, 0x65, 0x64, 0x63, 0x69,
  0x74, 0x69, 0x7a, 0x65, 0x6e, 0x49, 0x20, 0x64, 0x6f, 0x6e, 0x27, 0x74, 0x72,
  0x65, 0x74, 0x72, 0x65, 0x61, 0x74, 0x2e, 0x20, 0x53, 0x6f, 0x6d, 0x65, 0x20,
  0x77, 0x77, 0x2e, 0x22, 0x29, 0x3b, 0x0a, 0x62, 0x6f, 0x6d, 0x62, 0x69, 0x6e,
  0x67, 0x6d, 0x61, 0x69, 0x6c, 0x74, 0x6f, 0x3a, 0x6d, 0x61, 0x64, 0x65, 0x20,
  0x69, 0x6e, 0x2e, 0x20, 0x4d, 0x61, 0x6e, 0x79, 0x20, 0x63, 0x61, 0x72, 0x72,
  0x69, 0x65, 0x73, 0x7c, 0x7c, 0x7b, 0x7d, 0x3b, 0x77, 0x69, 0x77, 0x6f, 0x72,
  0x6b, 0x20, 0x6f, 0x66, 0x73, 0x79, 0x6e, 0x6f, 0x6e, 0x79, 0x6d, 0x64, 0x65,
  0x66, 0x65, 0x61, 0x74, 0x73, 0x66, 0x61, 0x76, 0x6f, 0x72, 0x65, 0x64, 0x6f,
  0x70, 0x74, 0x69, 0x63, 0x61, 0x6c, 0x70, 0x61, 0x67, 0x65, 0x54, 0x72, 0x61,
  0x75, 0x6e, 0x6c, 0x65, 0x73, 0x73, 0x20, 0x73, 0x65, 0x6e, 0x64, 0x69, 0x6e,
  0x67, 0x6c, 0x65, 0x66, 0x74, 0x22, 0x3e, 0x3c, 0x63, 0x6f, 0x6d, 0x53, 0x63,
  0x6f, 0x72, 0x41, 0x6c, 0x6c, 0x20, 0x74, 0x68, 0x65, 0x6a, 0x51, 0x75, 0x65,
  0x72, 0x79, 0x2e, 0x74, 0x6f, 0x75, 0x72, 0x69, 0x73, 0x74, 0x43, 0x6c, 0x61,
  0x73, 0x73, 0x69, 0x63, 0x66, 0x61, 0x6c, 0x73, 0x65, 0x22, 0x20, 0x57, 0x69,
  0x6c, 0x68, 0x65, 0x6c, 0x6d, 0x73, 0x75, 0x62, 0x75, 0x72, 0x62, 0x73, 0x67,
  0x65, 0x6e, 0x75, 0x69, 0x6e, 0x65, 0x62, 0x69, 0x73, 0x68, 0x6f, 0x70, 0x73,
  0x2e, 0x73, 0x70, 0x6c, 0x69, 0x74, 0x28, 0x67, 0x6c, 0x6f, 0x62, 0x61, 0x6c,
  0x20, 0x66, 0x6f, 0x6c, 0x6c, 0x6f, 0x77, 0x73, 0x62, 0x6f, 0x64, 0x79, 0x20,
  0x6f, 0x66, 0x6e, 0x6f, 0x6d, 0x69, 0x6e, 0x61, 0x6c, 0x43, 0x6f, 0x6e, 0x74,
  0x61, 0x63, 0x74, 0x73, 0x65, 0x63, 0x75, 0x6c, 0x61, 0x72, 0x6c, 0x65, 0x66,
  0x74, 0x20, 0x74, 0x6f, 0x63, 0x68, 0x69, 0x65, 0x66, 0x6c, 0x79, 0x2d, 0x68,
  0x69, 0x64, 0x64, 0x65, 0x6e, 0x2d, 0x62, 0x61, 0x6e, 0x6e, 0x65, 0x72, 0x3c,
  0x2f, 0x6c, 0x69, 0x3e, 0x0a, 0x0a, 0x2e, 0x20, 0x57, 0x68, 0x65, 0x6e, 0x20,
  0x69, 0x6e, 0x20, 0x62, 0x6f, 0x74, 0x68, 0x64, 0x69, 0x73, 0x6d, 0x69, 0x73,
  0x73, 0x45, 0x78, 0x70, 0x6c, 0x6f, 0x72, 0x65, 0x61, 0x6c, 0x77, 0x61, 0x79,
  0x73, 0x20, 0x76, 0x69, 0x61, 0x20, 0x74, 0x68, 0x65, 0x73, 0x70, 0x61, 0xc3,
  0xb1, 0x6f, 0x6c, 0x77, 0x65, 0x6c, 0x66, 0x61, 0x72, 0x65, 0x72, 0x75, 0x6c,
  0x69, 0x6e, 0x67, 0x20, 0x61, 0x72, 0x72, 0x61, 0x6e, 0x67, 0x65, 0x63, 0x61,
  0x70, 0x74, 0x61, 0x69, 0x6e, 0x68, 0x69, 0x73, 0x20, 0x73, 0x6f, 0x6e, 0x72,
  0x75, 0x6c, 0x65, 0x20, 0x6f, 0x66, 0x68, 0x65, 0x20, 0x74, 0x6f, 0x6f, 0x6b,
  0x69, 0x74, 0x73, 0x65, 0x6c, 0x66, 0x2c, 0x3d, 0x30, 0x26, 0x61, 0x6d, 0x70,
  0x3b, 0x28, 0x63, 0x61, 0x6c, 0x6c, 0x65, 0x64, 0x73, 0x61, 0x6d, 0x70, 0x6c,
  0x65, 0x73, 0x74, 0x6f, 0x20, 0x6d, 0x61, 0x6b, 0x65, 0x63, 0x6f, 0x6d, 0x2f,
  0x70, 0x61, 0x67, 0x4d, 0x61, 0x72, 0x74, 0x69, 0x6e, 0x20, 0x4b, 0x65, 0x6e,
  0x6e, 0x65, 0x64, 0x79, 0x61, 0x63, 0x63, 0x65, 0x70, 0x74, 0x73, 0x66, 0x75,
  0x6c, 0x6c, 0x20, 0x6f, 0x66, 0x68, 0x61, 0x6e, 0x64, 0x6c, 0x65, 0x64, 0x42,
  0x65, 0x73, 0x69, 0x64, 0x65, 0x73, 0x2f, 0x2f, 0x2d, 0x2d, 0x3e, 0x3c, 0x2f,
  0x61, 0x62, 0x6c, 0x65, 0x20, 0x74, 0x6f, 0x74, 0x61, 0x72, 0x67, 0x65, 0x74,
  0x73, 0x65, 0x73, 0x73, 0x65, 0x6e, 0x63, 0x65, 0x68, 0x69, 0x6d, 0x20, 0x74,
  0x6f, 0x20, 0x69, 0x74, 0x73, 0x20, 0x62, 0x79, 0x20, 0x63, 0x6f, 0x6d, 0x6d,
  0x6f, 0x6e, 0x2e, 0x6d, 0x69, 0x6e, 0x65, 0x72, 0x61, 0x6c, 0x74, 0x6f, 0x20,
  0x74, 0x61, 0x6b, 0x65, 0x77, 0x61, 0x79, 0x73, 0x20, 0x74, 0x6f, 0x73, 0x2e,
  0x6f, 0x72, 0x67, 0x2f, 0x6c, 0x61, 0x64, 0x76, 0x69, 0x73, 0x65, 0x64, 0x70,
  0x65, 0x6e, 0x61, 0x6c, 0x74, 0x79, 0x73, 0x69, 0x6d, 0x70, 0x6c, 0x65, 0x3a,
  0x69, 0x66, 0x20, 0x74, 0x68, 0x65, 0x79, 0x4c, 0x65, 0x74, 0x74, 0x65, 0x72,
  0x73, 0x61, 0x20, 0x73, 0x68, 0x6f, 0x72, 0x74, 0x48, 0x65, 0x72, 0x62, 0x65,
  0x72, 0x74, 0x73, 0x74, 0x72, 0x69, 0x6b, 0x65, 0x73, 0x20, 0x67, 0x72, 0x6f,
  0x75, 0x70, 0x73, 0x2e, 0x6c, 0x65, 0x6e, 0x67, 0x74, 0x68, 0x66, 0x6c, 0x69,
  0x67, 0x68, 0x74, 0x73, 0x6f, 0x76, 0x65, 0x72, 0x6c, 0x61, 0x70, 0x73, 0x6c,
  0x6f, 0x77, 0x6c, 0x79, 0x20, 0x6c, 0x65, 0x73, 0x73, 0x65, 0x72, 0x20, 0x73,
  0x6f, 0x63, 0x69, 0x61, 0x6c, 0x20, 0x3c, 0x2f, 0x70, 0x3e, 0x0a, 0x09, 0x09,
  0x69, 0x74, 0x20, 0x69, 0x6e, 0x74, 0x6f, 0x72, 0x61, 0x6e, 0x6b, 0x65, 0x64,
  0x20, 0x72, 0x61, 0x74, 0x65, 0x20, 0x6f, 0x66, 0x75, 0x6c, 0x3e, 0x0d, 0x0a,
  0x20, 0x20, 0x61, 0x74, 0x74, 0x65, 0x6d, 0x70, 0x74, 0x70, 0x61, 0x69, 0x72,
  0x20, 0x6f, 0x66, 0x6d, 0x61, 0x6b, 0x65, 0x20, 0x69, 0x74, 0x4b, 0x6f, 0x6e,
  0x74, 0x61, 0x6b, 0x74, 0x41, 0x6e, 0x74, 0x6f, 0x6e, 0x69, 0x6f, 0x68, 0x61,
  0x76, 0x69, 0x6e, 0x67, 0x20, 0x72, 0x61, 0x74, 0x69, 0x6e, 0x67, 0x73, 0x20,
  0x61, 0x63, 0x74, 0x69, 0x76, 0x65, 0x73, 0x74, 0x72, 0x65, 0x61, 0x6d, 0x73,
  0x74, 0x72, 0x61, 0x70, 0x70, 0x65, 0x64, 0x22, 0x29, 0x2e, 0x63, 0x73, 0x73,
  0x28, 0x68, 0x6f, 0x73, 0x74, 0x69, 0x6c, 0x65, 0x6c, 0x65, 0x61, 0x64, 0x20,
  0x74, 0x6f, 0x6c, 0x69, 0x74, 0x74, 0x6c, 0x65, 0x20, 0x67, 0x72, 0x6f, 0x75,
  0x70, 0x73, 0x2c, 0x50, 0x69, 0x63, 0x74, 0x75, 0x72, 0x65, 0x2d, 0x2d, 0x3e,
  0x0d, 0x0a, 0x0d, 0x0a, 0x20, 0x72, 0x6f, 0x77, 0x73, 0x3d, 0x22, 0x20, 0x6f,
  0x62, 0x6a, 0x65, 0x63, 0x74, 0x69, 0x6e, 0x76, 0x65, 0x72, 0x73, 0x65, 0x3c,
  0x66, 0x6f, 0x6f, 0x74, 0x65, 0x72, 0x43, 0x75, 0x73, 0x74, 0x6f, 0x6d, 0x56,
  0x3e, 0x3c, 0x5c, 0x2f, 0x73, 0x63, 0x72, 0x73, 0x6f, 0x6c, 0x76, 0x69, 0x6e,
  0x67, 0x43, 0x68, 0x61, 0x6d, 0x62, 0x65, 0x72, 0x73, 0x6c, 0x61, 0x76, 0x65,
  0x72, 0x79, 0x77, 0x6f, 0x75, 0x6e, 0x64, 0x65, 0x64, 0x77, 0x68, 0x65, 0x72,
  0x65, 0x61, 0x73, 0x21, 0x3d, 0x20, 0x27, 0x75, 0x6e, 0x64, 0x66, 0x6f, 0x72,
  0x20, 0x61, 0x6c, 0x6c, 0x70, 0x61, 0x72, 0x74, 0x6c, 0x79, 0x20, 0x2d, 0x72,
  0x69, 0x67, 0x68, 0x74, 0x3a, 0x41, 0x72, 0x61, 0x62, 0x69, 0x61, 0x6e, 0x62,
  0x61, 0x63, 0x6b, 0x65, 0x64, 0x20, 0x63, 0x65, 0x6e, 0x74, 0x75, 0x72, 0x79,
  0x75, 0x6e, 0x69, 0x74, 0x20, 0x6f, 0x66, 0x6d, 0x6f, 0x62, 0x69, 0x6c, 0x65,
  0x2d, 0x45, 0x75, 0x72, 0x6f, 0x70, 0x65, 0x2c, 0x69, 0x73, 0x20, 0x68, 0x6f,
  0x6d, 0x65, 0x72, 0x69, 0x73, 0x6b, 0x20, 0x6f, 0x66, 0x64, 0x65, 0x73, 0x69,
  0x72, 0x65, 0x64, 0x43, 0x6c, 0x69, 0x6e, 0x74, 0x6f, 0x6e, 0x63, 0x6f, 0x73,
  0x74, 0x20, 0x6f, 0x66, 0x61, 0x67, 0x65, 0x20, 0x6f, 0x66, 0x20, 0x62, 0x65,
  0x63, 0x6f, 0x6d, 0x65, 0x20, 0x6e, 0x6f, 0x6e, 0x65, 0x20, 0x6f, 0x66, 0x70,
  0x26, 0x71, 0x75, 0x6f, 0x74, 0x3b, 0x4d, 0x69, 0x64, 0x64, 0x6c, 0x65, 0x20,
  0x65, 0x61, 0x64, 0x27, 0x29, 0x5b, 0x30, 0x43, 0x72, 0x69, 0x74, 0x69, 0x63,
  0x73, 0x73, 0x74, 0x75, 0x64, 0x69, 0x6f, 0x73, 0x3e, 0x26, 0x63, 0x6f, 0x70,
  0x79, 0x3b, 0x67, 0x72, 0x6f, 0x75, 0x70, 0x22, 0x3e, 0x61, 0x73, 0x73, 0x65,
  0x6d, 0x62, 0x6c, 0x6d, 0x61, 0x6b, 0x69, 0x6e, 0x67, 0x20, 0x70, 0x72, 0x65,
  0x73, 0x73, 0x65, 0x64, 0x77, 0x69, 0x64, 0x67, 0x65, 0x74, 0x2e, 0x70, 0x73,
  0x3a, 0x22, 0x20, 0x3f, 0x20, 0x72, 0x65, 0x62, 0x75, 0x69, 0x6c, 0x74, 0x62,
  0x79, 0x20, 0x73, 0x6f, 0x6d, 0x65, 0x46, 0x6f, 0x72, 0x6d, 0x65, 0x72, 0x20,
  0x65, 0x64, 0x69, 0x74, 0x6f, 0x72, 0x73, 0x64, 0x65, 0x6c, 0x61, 0x79, 0x65,
  0x64, 0x43, 0x61, 0x6e, 0x6f, 0x6e, 0x69, 0x63, 0x68, 0x61, 0x64, 0x20, 0x74,
  0x68, 0x65, 0x70, 0x75, 0x73, 0x68, 0x69, 0x6e, 0x67, 0x63, 0x6c, 0x61, 0x73,
  0x73, 0x3d, 0x22, 0x62, 0x75, 0x74, 0x20, 0x61, 0x72, 0x65, 0x70, 0x61, 0x72,
  0x74, 0x69, 0x61, 0x6c, 0x42, 0x61, 0x62, 0x79, 0x6c, 0x6f, 0x6e, 0x62, 0x6f,
  0x74, 0x74, 0x6f, 0x6d, 0x20, 0x63, 0x61, 0x72, 0x72, 0x69, 0x65, 0x72, 0x43,
  0x6f, 0x6d, 0x6d, 0x61, 0x6e, 0x64, 0x69, 0x74, 0x73, 0x20, 0x75, 0x73, 0x65,
  0x41, 0x73, 0x20, 0x77, 0x69, 0x74, 0x68, 0x63, 0x6f, 0x75, 0x72, 0x73, 0x65,
  0x73, 0x61, 0x20, 0x74, 0x68, 0x69, 0x72, 0x64, 0x64, 0x65, 0x6e, 0x6f, 0x74,
  0x65, 0x73, 0x61, 0x6c, 0x73, 0x6f, 0x20, 0x69, 0x6e, 0x48, 0x6f, 0x75, 0x73,
  0x74, 0x6f, 0x6e, 0x32, 0x30, 0x70, 0x78, 0x3b, 0x22, 0x3e, 0x61, 0x63, 0x63,
  0x75, 0x73, 0x65, 0x64, 0x64, 0x6f, 0x75, 0x62, 0x6c, 0x65, 0x20, 0x67, 0x6f,
  0x61, 0x6c, 0x20, 0x6f, 0x66, 0x46, 0x61, 0x6d, 0x6f, 0x75, 0x73, 0x20, 0x29,
  0x2e, 0x62, 0x69, 0x6e, 0x64, 0x28, 0x70, 0x72, 0x69, 0x65, 0x73, 0x74, 0x73,
  0x20, 0x4f, 0x6e, 0x6c, 0x69, 0x6e, 0x65, 0x69, 0x6e, 0x20, 0x4a, 0x75, 0x6c,
  0x79, 0x73, 0x74, 0x20, 0x2b, 0x20, 0x22, 0x67, 0x63, 0x6f, 0x6e, 0x73, 0x75,
  0x6c, 0x74, 0x64, 0x65, 0x63, 0x69, 0x6d, 0x61, 0x6c, 0x68, 0x65, 0x6c, 0x70,
  0x66, 0x75, 0x6c, 0x72, 0x65, 0x76, 0x69, 0x76, 0x65, 0x64, 0x69, 0x73, 0x20,
  0x76, 0x65, 0x72, 0x79, 0x72, 0x27, 0x2b, 0x27, 0x69, 0x70, 0x74, 0x6c, 0x6f,
  0x73, 0x69, 0x6e, 0x67, 0x20, 0x66, 0x65, 0x6d, 0x61, 0x6c, 0x65, 0x73, 0x69,
  0x73, 0x20, 0x61, 0x6c, 0x73, 0x6f, 0x73, 0x74, 0x72, 0x69, 0x6e, 0x67, 0x73,
  0x64, 0x61, 0x79, 0x73, 0x20, 0x6f, 0x66, 0x61, 0x72, 0x72, 0x69, 0x76, 0x61,
  0x6c, 0x66, 0x75, 0x74, 0x75, 0x72, 0x65, 0x20, 0x3c, 0x6f, 0x62, 0x6a, 0x65,
  0x63, 0x74, 0x66, 0x6f, 0x72, 0x63, 0x69, 0x6e, 0x67, 0x53, 0x74, 0x72, 0x69,
  0x6e, 0x67, 0x28, 0x22, 0x20, 0x2f, 0x3e, 0x0a, 0x09, 0x09, 0x68, 0x65, 0x72,
  0x65, 0x20, 0x69, 0x73, 0x65, 0x6e, 0x63, 0x6f, 0x64, 0x65, 0x64, 0x2e, 0x20,
  0x20, 0x54, 0x68, 0x65, 0x20, 0x62, 0x61, 0x6c, 0x6c, 0x6f, 0x6f, 0x6e, 0x64,
  0x6f, 0x6e, 0x65, 0x20, 0x62, 0x79, 0x2f, 0x63, 0x6f, 0x6d, 0x6d, 0x6f, 0x6e,
  0x62, 0x67, 0x63, 0x6f, 0x6c, 0x6f, 0x72, 0x6c, 0x61, 0x77, 0x20, 0x6f, 0x66,
  0x20, 0x49, 0x6e, 0x64, 0x69, 0x61, 0x6e, 0x61, 0x61, 0x76, 0x6f, 0x69, 0x64,
  0x65, 0x64, 0x62, 0x75, 0x74, 0x20, 0x74, 0x68, 0x65, 0x32, 0x70, 0x78, 0x20,
  0x33, 0x70, 0x78, 0x6a, 0x71, 0x75, 0x65, 0x72, 0x79, 0x2e, 0x61, 0x66, 0x74,
  0x65, 0x72, 0x20, 0x61, 0x70, 0x6f, 0x6c, 0x69, 0x63, 0x79, 0x2e, 0x6d, 0x65,
  0x6e, 0x20, 0x61, 0x6e, 0x64, 0x66, 0x6f, 0x6f, 0x74, 0x65, 0x72, 0x2d, 0x3d,
  0x20, 0x74, 0x72, 0x75, 0x65, 0x3b, 0x66, 0x6f, 0x72, 0x20, 0x75, 0x73, 0x65,
  0x73, 0x63, 0x72, 0x65, 0x65, 0x6e, 0x2e, 0x49, 0x6e, 0x64, 0x69, 0x61, 0x6e,
  0x20, 0x69, 0x6d, 0x61, 0x67, 0x65, 0x20, 0x3d, 0x66, 0x61, 0x6d, 0x69, 0x6c,
  0x79, 0x2c, 0x68, 0x74, 0x74, 0x70, 0x3a, 0x2f, 0x2f, 0x20, 0x26, 0x6e, 0x62,
  0x73, 0x70, 0x3b, 0x64, 0x72, 0x69, 0x76, 0x65, 0x72, 0x73, 0x65, 0x74, 0x65,
  0x72, 0x6e, 0x61, 0x6c, 0x73, 0x61, 0x6d, 0x65, 0x20, 0x61, 0x73, 0x6e, 0x6f,
  0x74, 0x69, 0x63, 0x65, 0x64, 0x76, 0x69, 0x65, 0x77, 0x65, 0x72, 0x73, 0x7d,
  0x29, 0x28, 0x29, 0x3b, 0x0a, 0x20, 0x69, 0x73, 0x20, 0x6d, 0x6f, 0x72, 0x65,
  0x73, 0x65, 0x61, 0x73, 0x6f, 0x6e, 0x73, 0x66, 0x6f, 0x72, 0x6d, 0x65, 0x72,
  0x20, 0x74, 0x68, 0x65, 0x20, 0x6e, 0x65, 0x77, 0x69, 0x73, 0x20, 0x6a, 0x75,
  0x73, 0x74, 0x63, 0x6f, 0x6e, 0x73, 0x65, 0x6e, 0x74, 0x20, 0x53, 0x65, 0x61,
  0x72, 0x63, 0x68, 0x77, 0x61, 0x73, 0x20, 0x74, 0x68, 0x65, 0x77, 0x68, 0x79,
  0x20, 0x74, 0x68, 0x65, 0x73, 0x68, 0x69, 0x70, 0x70, 0x65, 0x64, 0x62, 0x72,
  0x3e, 0x3c, 0x62, 0x72, 0x3e, 0x77, 0x69, 0x64, 0x74, 0x68, 0x3a, 0x20, 0x68,
  0x65, 0x69, 0x67, 0x68, 0x74, 0x3d, 0x6d, 0x61, 0x64, 0x65, 0x20, 0x6f, 0x66,
  0x63, 0x75, 0x69, 0x73, 0x69, 0x6e, 0x65, 0x69, 0x73, 0x20, 0x74, 0x68, 0x61,
  0x74, 0x61, 0x20, 0x76, 0x65, 0x72, 0x79, 0x20, 0x41, 0x64, 0x6d, 0x69, 0x72,
  0x61, 0x6c, 0x20, 0x66, 0x69, 0x78, 0x65, 0x64, 0x3b, 0x6e, 0x6f, 0x72, 0x6d,
  0x61, 0x6c, 0x20, 0x4d, 0x69, 0x73, 0x73, 0x69, 0x6f, 0x6e, 0x50, 0x72, 0x65,
  0x73, 0x73, 0x2c, 0x20, 0x6f, 0x6e, 0x74, 0x61, 0x72, 0x69, 0x6f, 0x63, 0x68,
  0x61, 0x72, 0x73, 0x65, 0x74, 0x74, 0x72, 0x79, 0x20, 0x74, 0x6f, 0x20, 0x69,
  0x6e, 0x76, 0x61, 0x64, 0x65, 0x64, 0x3d, 0x22, 0x74, 0x72, 0x75, 0x65, 0x22,
  0x73, 0x70, 0x61, 0x63, 0x69, 0x6e, 0x67, 0x69, 0x73, 0x20, 0x6d, 0x6f, 0x73,
  0x74, 0x61, 0x20, 0x6d, 0x6f, 0x72, 0x65, 0x20, 0x74, 0x6f, 0x74, 0x61, 0x6c,
  0x6c, 0x79, 0x66, 0x61, 0x6c, 0x6c, 0x20, 0x6f, 0x66, 0x7d, 0x29, 0x3b, 0x0d,
  0x0a, 0x20, 0x20, 0x69, 0x6d, 0x6d, 0x65, 0x6e, 0x73, 0x65, 0x74, 0x69, 0x6d,
  0x65, 0x20, 0x69, 0x6e, 0x73, 0x65, 0x74, 0x20, 0x6f, 0x75, 0x74, 0x73, 0x61,
  0x74, 0x69, 0x73, 0x66, 0x79, 0x74, 0x6f, 0x20, 0x66, 0x69, 0x6e, 0x64, 0x64,
  0x6f, 0x77, 0x6e, 0x20, 0x74, 0x6f, 0x6c, 0x6f, 0x74, 0x20, 0x6f, 0x66, 0x20,
  0x50, 0x6c, 0x61, 0x79, 0x65, 0x72, 0x73, 0x69, 0x6e, 0x20, 0x4a, 0x75, 0x6e,
  0x65, 0x71, 0x75, 0x61, 0x6e, 0x74, 0x75, 0x6d, 0x6e, 0x6f, 0x74, 0x20, 0x74,
  0x68, 0x65, 0x74, 0x69, 0x6d, 0x65, 0x20, 0x74, 0x6f, 0x64, 0x69, 0x73, 0x74,
  0x61, 0x6e, 0x74, 0x46, 0x69, 0x6e, 0x6e, 0x69, 0x73, 0x68, 0x73, 0x72, 0x63,
  0x20, 0x3d, 0x20, 0x28, 0x73, 0x69, 0x6e, 0x67, 0x6c, 0x65, 0x20, 0x68, 0x65,
  0x6c, 0x70, 0x20, 0x6f, 0x66, 0x47, 0x65, 0x72, 0x6d, 0x61, 0x6e, 0x20, 0x6c,
  0x61, 0x77, 0x20, 0x61, 0x6e, 0x64, 0x6c, 0x61, 0x62, 0x65, 0x6c, 0x65, 0x64,
  0x66, 0x6f, 0x72, 0x65, 0x73, 0x74, 0x73, 0x63, 0x6f, 0x6f, 0x6b, 0x69, 0x6e,
  0x67, 0x73, 0x70, 0x61, 0x63, 0x65, 0x22, 0x3e, 0x68, 0x65, 0x61, 0x64, 0x65,
  0x72, 0x2d, 0x77, 0x65, 0x6c, 0x6c, 0x20, 0x61, 0x73, 0x53, 0x74, 0x61, 0x6e,
  0x6c, 0x65, 0x79, 0x62, 0x72, 0x69, 0x64, 0x67, 0x65, 0x73, 0x2f, 0x67, 0x6c,
  0x6f, 0x62, 0x61, 0x6c, 0x43, 0x72, 0x6f, 0x61, 0x74, 0x69, 0x61, 0x20, 0x41,
  0x62, 0x6f, 0x75, 0x74, 0x20, 0x5b, 0x30, 0x5d, 0x3b, 0x0a, 0x20, 0x20, 0x69,
  0x74, 0x2c, 0x20, 0x61, 0x6e, 0x64, 0x67, 0x72, 0x6f, 0x75, 0x70, 0x65, 0x64,
  0x62, 0x65, 0x69, 0x6e, 0x67, 0x20, 0x61, 0x29, 0x7b, 0x74, 0x68, 0x72, 0x6f,
  0x77, 0x68, 0x65, 0x20, 0x6d, 0x61, 0x64, 0x65, 0x6c, 0x69, 0x67, 0x68, 0x74,
  0x65, 0x72, 0x65, 0x74, 0x68, 0x69, 0x63, 0x61, 0x6c, 0x46, 0x46, 0x46, 0x46,
  0x46, 0x46, 0x22, 0x62, 0x6f, 0x74, 0x74, 0x6f, 0x6d, 0x22, 0x6c, 0x69, 0x6b,
  0x65, 0x20, 0x61, 0x20, 0x65, 0x6d, 0x70, 0x6c, 0x6f, 0x79, 0x73, 0x6c, 0x69,
  0x76, 0x65, 0x20, 0x69, 0x6e, 0x61, 0x73, 0x20, 0x73, 0x65, 0x65, 0x6e, 0x70,
  0x72, 0x69, 0x6e, 0x74, 0x65, 0x72, 0x6d, 0x6f, 0x73, 0x74, 0x20, 0x6f, 0x66,
  0x75, 0x62, 0x2d, 0x6c, 0x69, 0x6e, 0x6b, 0x72, 0x65, 0x6a, 0x65, 0x63, 0x74,
  0x73, 0x61, 0x6e, 0x64, 0x20, 0x75, 0x73, 0x65, 0x69, 0x6d, 0x61, 0x67, 0x65,
  0x22, 0x3e, 0x73, 0x75, 0x63, 0x63, 0x65, 0x65, 0x64, 0x66, 0x65, 0x65, 0x64,
  0x69, 0x6e, 0x67, 0x4e, 0x75, 0x63, 0x6c, 0x65, 0x61, 0x72, 0x69, 0x6e, 0x66,
  0x6f, 0x72, 0x6d, 0x61, 0x74, 0x6f, 0x20, 0x68, 0x65, 0x6c, 0x70, 0x57, 0x6f,
  0x6d, 0x65, 0x6e, 0x27, 0x73, 0x4e, 0x65, 0x69, 0x74, 0x68, 0x65, 0x72, 0x4d,
  0x65, 0x78, 0x69, 0x63, 0x61, 0x6e, 0x70, 0x72, 0x6f, 0x74, 0x65, 0x69, 0x6e,
  0x3c, 0x74, 0x61, 0x62, 0x6c, 0x65, 0x20, 0x62, 0x79, 0x20, 0x6d, 0x61, 0x6e,
  0x79, 0x68, 0x65, 0x61, 0x6c, 0x74, 0x68, 0x79, 0x6c, 0x61, 0x77, 0x73, 0x75,
  0x69, 0x74, 0x64, 0x65, 0x76, 0x69, 0x73, 0x65, 0x64, 0x2e, 0x70, 0x75, 0x73,
  0x68, 0x28, 0x7b, 0x73, 0x65, 0x6c, 0x6c, 0x65, 0x72, 0x73, 0x73, 0x69, 0x6d,
  0x70, 0x6c, 0x79, 0x20, 0x54, 0x68, 0x72, 0x6f, 0x75, 0x67, 0x68, 0x2e, 0x63,
  0x6f, 0x6f, 0x6b, 0x69, 0x65, 0x20, 0x49, 0x6d, 0x61, 0x67, 0x65, 0x28, 0x6f,
  0x6c, 0x64, 0x65, 0x72, 0x22, 0x3e, 0x75, 0x73, 0x2e, 0x6a, 0x73, 0x22, 0x3e,
  0x20, 0x53, 0x69, 0x6e, 0x63, 0x65, 0x20, 0x75, 0x6e, 0x69, 0x76, 0x65, 0x72,
  0x73, 0x6c, 0x61, 0x72, 0x67, 0x65, 0x72, 0x20, 0x6f, 0x70, 0x65, 0x6e, 0x20,
  0x74, 0x6f, 0x21, 0x2d, 0x2d, 0x20, 0x65, 0x6e, 0x64, 0x6c, 0x69, 0x65, 0x73,
  0x20, 0x69, 0x6e, 0x27, 0x5d, 0x29, 0x3b, 0x0d, 0x0a, 0x20, 0x20, 0x6d, 0x61,
  0x72, 0x6b, 0x65, 0x74, 0x77, 0x68, 0x6f, 0x20, 0x69, 0x73, 0x20, 0x28, 0x22,
  0x44, 0x4f, 0x4d, 0x43, 0x6f, 0x6d, 0x61, 0x6e, 0x61, 0x67, 0x65, 0x64, 0x6f,
  0x6e, 0x65, 0x20, 0x66, 0x6f, 0x72, 0x74, 0x79, 0x70, 0x65, 0x6f, 0x66, 0x20,
  0x4b, 0x69, 0x6e, 0x67, 0x64, 0x6f, 0x6d, 0x70, 0x72, 0x6f, 0x66, 0x69, 0x74,
  0x73, 0x70, 0x72, 0x6f, 0x70, 0x6f, 0x73, 0x65, 0x74, 0x6f, 0x20, 0x73, 0x68,
  0x6f, 0x77, 0x63, 0x65, 0x6e, 0x74, 0x65, 0x72, 0x3b, 0x6d, 0x61, 0x64, 0x65,
  0x20, 0x69, 0x74, 0x64, 0x72, 0x65, 0x73, 0x73, 0x65, 0x64, 0x77, 0x65, 0x72,
  0x65, 0x20, 0x69, 0x6e, 0x6d, 0x69, 0x78, 0x74, 0x75, 0x72, 0x65, 0x70, 0x72,
  0x65, 0x63, 0x69, 0x73, 0x65, 0x61, 0x72, 0x69, 0x73, 0x69, 0x6e, 0x67, 0x73,
  0x72, 0x63, 0x20, 0x3d, 0x20, 0x27, 0x6d, 0x61, 0x6b, 0x65, 0x20, 0x61, 0x20,
  0x73, 0x65, 0x63, 0x75, 0x72, 0x65, 0x64, 0x42, 0x61, 0x70, 0x74, 0x69, 0x73,
  0x74, 0x76, 0x6f, 0x74, 0x69, 0x6e, 0x67, 0x20, 0x0a, 0x09, 0x09, 0x76, 0x61,
  0x72, 0x20, 0x4d, 0x61, 0x72, 0x63, 0x68, 0x20, 0x32, 0x67, 0x72, 0x65, 0x77,
  0x20, 0x75, 0x70, 0x43, 0x6c, 0x69, 0x6d, 0x61, 0x74, 0x65, 0x2e, 0x72, 0x65,
  0x6d, 0x6f, 0x76, 0x65, 0x73, 0x6b, 0x69, 0x6c, 0x6c, 0x65, 0x64, 0x77, 0x61,
  0x79, 0x20, 0x74, 0x68, 0x65, 0x3c, 0x2f, 0x68, 0x65, 0x61, 0x64, 0x3e, 0x66,
  0x61, 0x63, 0x65, 0x20, 0x6f, 0x66, 0x61, 0x63, 0x74, 0x69, 0x6e, 0x67, 0x20,
  0x72, 0x69, 0x67, 0x68, 0x74, 0x22, 0x3e, 0x74, 0x6f, 0x20, 0x77, 0x6f, 0x72,
  0x6b, 0x72, 0x65, 0x64, 0x75, 0x63, 0x65, 0x73, 0x68, 0x61, 0x73, 0x20, 0x68,
  0x61, 0x64, 0x65, 0x72, 0x65, 0x63, 0x74, 0x65, 0x64, 0x73, 0x68, 0x6f, 0x77,
  0x28, 0x29, 0x3b, 0x61, 0x63, 0x74, 0x69, 0x6f, 0x6e, 0x3d, 0x62, 0x6f, 0x6f,
  0x6b, 0x20, 0x6f, 0x66, 0x61, 0x6e, 0x20, 0x61, 0x72, 0x65, 0x61, 0x3d, 0x3d,
  0x20, 0x22, 0x68, 0x74, 0x74, 0x3c, 0x68, 0x65, 0x61, 0x64, 0x65, 0x72, 0x0a,
  0x3c, 0x68, 0x74, 0x6d, 0x6c, 0x3e, 0x63, 0x6f, 0x6e, 0x66, 0x6f, 0x72, 0x6d,
  0x66, 0x61, 0x63, 0x69, 0x6e, 0x67, 0x20, 0x63, 0x6f, 0x6f, 0x6b, 0x69, 0x65,
  0x2e, 0x72, 0x65, 0x6c, 0x79, 0x20, 0x6f, 0x6e, 0x68, 0x6f, 0x73, 0x74, 0x65,
  0x64, 0x20, 0x2e, 0x63, 0x75, 0x73, 0x74, 0x6f, 0x6d, 0x68, 0x65, 0x20, 0x77,
  0x65, 0x6e, 0x74, 0x62, 0x75, 0x74, 0x20, 0x66, 0x6f, 0x72, 0x73, 0x70, 0x72,
  0x65, 0x61, 0x64, 0x20, 0x46, 0x61, 0x6d, 0x69, 0x6c, 0x79, 0x20, 0x61, 0x20,
  0x6d, 0x65, 0x61, 0x6e, 0x73, 0x6f, 0x75, 0x74, 0x20, 0x74, 0x68, 0x65, 0x66,
  0x6f, 0x72, 0x75, 0x6d, 0x73, 0x2e, 0x66, 0x6f, 0x6f, 0x74, 0x61, 0x67, 0x65,
  0x22, 0x3e, 0x4d, 0x6f, 0x62, 0x69, 0x6c, 0x43, 0x6c, 0x65, 0x6d, 0x65, 0x6e,
  0x74, 0x73, 0x22, 0x20, 0x69, 0x64, 0x3d, 0x22, 0x61, 0x73, 0x20, 0x68, 0x69,
  0x67, 0x68, 0x69, 0x6e, 0x74, 0x65, 0x6e, 0x73, 0x65, 0x2d, 0x2d, 0x3e, 0x3c,
  0x21, 0x2d, 0x2d, 0x66, 0x65, 0x6d, 0x61, 0x6c, 0x65, 0x20, 0x69, 0x73, 0x20,
  0x73, 0x65, 0x65, 0x6e, 0x69, 0x6d, 0x70, 0x6c, 0x69, 0x65, 0x64, 0x73, 0x65,
  0x74, 0x20, 0x74, 0x68, 0x65, 0x61, 0x20, 0x73, 0x74, 0x61, 0x74, 0x65, 0x61,
  0x6e, 0x64, 0x20, 0x68, 0x69, 0x73, 0x66, 0x61, 0x73, 0x74, 0x65, 0x73, 0x74,
  0x62, 0x65, 0x73, 0x69, 0x64, 0x65, 0x73, 0x62, 0x75, 0x74, 0x74, 0x6f, 0x6e,
  0x5f, 0x62, 0x6f, 0x75, 0x6e, 0x64, 0x65, 0x64, 0x22, 0x3e, 0x3c, 0x69, 0x6d,
  0x67, 0x20, 0x49, 0x6e, 0x66, 0x6f, 0x62, 0x6f, 0x78, 0x65, 0x76, 0x65, 0x6e,
  0x74, 0x73, 0x2c, 0x61, 0x20, 0x79, 0x6f, 0x75, 0x6e, 0x67, 0x61, 0x6e, 0x64,
  0x20, 0x61, 0x72, 0x65, 0x4e, 0x61, 0x74, 0x69, 0x76, 0x65, 0x20, 0x63, 0x68,
  0x65, 0x61, 0x70, 0x65, 0x72, 0x54, 0x69, 0x6d, 0x65, 0x6f, 0x75, 0x74, 0x61,
  0x6e, 0x64, 0x20, 0x68, 0x61, 0x73, 0x65, 0x6e, 0x67, 0x69, 0x6e, 0x65, 0x73,
  0x77, 0x6f, 0x6e, 0x20, 0x74, 0x68, 0x65, 0x28, 0x6d, 0x6f, 0x73, 0x74, 0x6c,
  0x79, 0x72, 0x69, 0x67, 0x68, 0x74, 0x3a, 0x20, 0x66, 0x69, 0x6e, 0x64, 0x20,
  0x61, 0x20, 0x2d, 0x62, 0x6f, 0x74, 0x74, 0x6f, 0x6d, 0x50, 0x72, 0x69, 0x6e,
  0x63, 0x65, 0x20, 0x61, 0x72, 0x65, 0x61, 0x20, 0x6f, 0x66, 0x6d, 0x6f, 0x72,
  0x65, 0x20, 0x6f, 0x66, 0x73, 0x65, 0x61, 0x72, 0x63, 0x68, 0x5f, 0x6e, 0x61,
  0x74, 0x75, 0x72, 0x65, 0x2c, 0x6c, 0x65, 0x67, 0x61, 0x6c, 0x6c, 0x79, 0x70,
  0x65, 0x72, 0x69, 0x6f, 0x64, 0x2c, 0x6c, 0x61, 0x6e, 0x64, 0x20, 0x6f, 0x66,
  0x6f, 0x72, 0x20, 0x77, 0x69, 0x74, 0x68, 0x69, 0x6e, 0x64, 0x75, 0x63, 0x65,
  0x64, 0x70, 0x72, 0x6f, 0x76, 0x69, 0x6e, 0x67, 0x6d, 0x69, 0x73, 0x73, 0x69,
  0x6c, 0x65, 0x6c, 0x6f, 0x63, 0x61, 0x6c, 0x6c, 0x79, 0x41, 0x67, 0x61, 0x69,
  0x6e, 0x73, 0x74, 0x74, 0x68, 0x65, 0x20, 0x77, 0x61, 0x79, 0x6b, 0x26, 0x71,
  0x75, 0x6f, 0x74, 0x3b, 0x70, 0x78, 0x3b, 0x22, 0x3e, 0x0d, 0x0a, 0x70, 0x75,
  0x73, 0x68, 0x65, 0x64, 0x20, 0x61, 0x62, 0x61, 0x6e, 0x64, 0x6f, 0x6e, 0x6e,
  0x75, 0x6d, 0x65, 0x72, 0x61, 0x6c, 0x43, 0x65, 0x72, 0x74, 0x61, 0x69, 0x6e,
  0x49, 0x6e, 0x20, 0x74, 0x68, 0x69, 0x73, 0x6d, 0x6f, 0x72, 0x65, 0x20, 0x69,
  0x6e, 0x6f, 0x72, 0x20, 0x73, 0x6f, 0x6d, 0x65, 0x6e, 0x61, 0x6d, 0x65, 0x20,
  0x69, 0x73, 0x61, 0x6e, 0x64, 0x2c, 0x20, 0x69, 0x6e, 0x63, 0x72, 0x6f, 0x77,
  0x6e, 0x65, 0x64, 0x49, 0x53, 0x42, 0x4e, 0x20, 0x30, 0x2d, 0x63, 0x72, 0x65,
  0x61, 0x74, 0x65, 0x73, 0x4f, 0x63, 0x74, 0x6f, 0x62, 0x65, 0x72, 0x6d, 0x61,
  0x79, 0x20, 0x6e, 0x6f, 0x74, 0x63, 0x65, 0x6e, 0x74, 0x65, 0x72, 0x20, 0x6c,
  0x61, 0x74, 0x65, 0x20, 0x69, 0x6e, 0x44, 0x65, 0x66, 0x65, 0x6e, 0x63, 0x65,
  0x65, 0x6e, 0x61, 0x63, 0x74, 0x65, 0x64, 0x77, 0x69, 0x73, 0x68, 0x20, 0x74,
  0x6f, 0x62, 0x72, 0x6f, 0x61, 0x64, 0x6c, 0x79, 0x63, 0x6f, 0x6f, 0x6c, 0x69,
  0x6e, 0x67, 0x6f, 0x6e, 0x6c, 0x6f, 0x61, 0x64, 0x3d, 0x69, 0x74, 0x2e, 0x20,
  0x54, 0x68, 0x65, 0x72, 0x65, 0x63, 0x6f, 0x76, 0x65, 0x72, 0x4d, 0x65, 0x6d,
  0x62, 0x65, 0x72, 0x73, 0x68, 0x65, 0x69, 0x67, 0x68, 0x74, 0x20, 0x61, 0x73,
  0x73, 0x75, 0x6d, 0x65, 0x73, 0x3c, 0x68, 0x74, 0x6d, 0x6c, 0x3e, 0x0a, 0x70,
  0x65, 0x6f, 0x70, 0x6c, 0x65, 0x2e, 0x69, 0x6e, 0x20, 0x6f, 0x6e, 0x65, 0x20,
  0x3d, 0x77, 0x69, 0x6e, 0x64, 0x6f, 0x77, 0x66, 0x6f, 0x6f, 0x74, 0x65, 0x72,
  0x5f, 0x61, 0x20, 0x67, 0x6f, 0x6f, 0x64, 0x20, 0x72, 0x65, 0x6b, 0x6c, 0x61,
  0x6d, 0x61, 0x6f, 0x74, 0x68, 0x65, 0x72, 0x73, 0x2c, 0x74, 0x6f, 0x20, 0x74,
  0x68, 0x69, 0x73, 0x5f, 0x63, 0x6f, 0x6f, 0x6b, 0x69, 0x65, 0x70, 0x61, 0x6e,
  0x65, 0x6c, 0x22, 0x3e, 0x4c, 0x6f, 0x6e, 0x64, 0x6f, 0x6e, 0x2c, 0x64, 0x65,
  0x66, 0x69, 0x6e, 0x65, 0x73, 0x63, 0x72, 0x75, 0x73, 0x68, 0x65, 0x64, 0x62,
  0x61, 0x70, 0x74, 0x69, 0x73, 0x6d, 0x63, 0x6f, 0x61, 0x73, 0x74, 0x61, 0x6c,
  0x73, 0x74, 0x61, 0x74, 0x75, 0x73, 0x20, 0x74, 0x69, 0x74, 0x6c, 0x65, 0x22,
  0x20, 0x6d, 0x6f, 0x76, 0x65, 0x20, 0x74, 0x6f, 0x6c, 0x6f, 0x73, 0x74, 0x20,
  0x69, 0x6e, 0x62, 0x65, 0x74, 0x74, 0x65, 0x72, 0x20, 0x69, 0x6d, 0x70, 0x6c,
  0x69, 0x65, 0x73, 0x72, 0x69, 0x76, 0x61, 0x6c, 0x72, 0x79, 0x73, 0x65, 0x72,
  0x76, 0x65, 0x72, 0x73, 0x20, 0x53, 0x79, 0x73, 0x74, 0x65, 0x6d, 0x50, 0x65,
  0x72, 0x68, 0x61, 0x70, 0x73, 0x65, 0x73, 0x20, 0x61, 0x6e, 0x64, 0x20, 0x63,
  0x6f, 0x6e, 0x74, 0x65, 0x6e, 0x64, 0x66, 0x6c, 0x6f, 0x77, 0x69, 0x6e, 0x67,
  0x6c, 0x61, 0x73, 0x74, 0x65, 0x64, 0x20, 0x72, 0x69, 0x73, 0x65, 0x20, 0x69,
  0x6e, 0x47, 0x65, 0x6e, 0x65, 0x73, 0x69, 0x73, 0x76, 0x69, 0x65, 0x77, 0x20,
  0x6f, 0x66, 0x72, 0x69, 0x73, 0x69, 0x6e, 0x67, 0x20, 0x73, 0x65, 0x65, 0x6d,
  0x20, 0x74, 0x6f, 0x62, 0x75, 0x74, 0x20, 0x69, 0x6e, 0x20, 0x62, 0x61, 0x63,
  0x6b, 0x69, 0x6e, 0x67, 0x68, 0x65, 0x20, 0x77, 0x69, 0x6c, 0x6c, 0x67, 0x69,
  0x76, 0x65, 0x6e, 0x20, 0x61, 0x67, 0x69, 0x76, 0x69, 0x6e, 0x67, 0x20, 0x63,
  0x69, 0x74, 0x69, 0x65, 0x73, 0x2e, 0x66, 0x6c, 0x6f, 0x77, 0x20, 0x6f, 0x66,
  0x20, 0x4c, 0x61, 0x74, 0x65, 0x72, 0x20, 0x61, 0x6c, 0x6c, 0x20, 0x62, 0x75,
  0x74, 0x48, 0x69, 0x67, 0x68, 0x77, 0x61, 0x79, 0x6f, 0x6e, 0x6c, 0x79, 0x20,
  0x62, 0x79, 0x73, 0x69, 0x67, 0x6e, 0x20, 0x6f, 0x66, 0x68, 0x65, 0x20, 0x64,
  0x6f, 0x65, 0x73, 0x64, 0x69, 0x66, 0x66, 0x65, 0x72, 0x73, 0x62, 0x61, 0x74,
  0x74, 0x65, 0x72, 0x79, 0x26, 0x61, 0x6d, 0x70, 0x3b, 0x6c, 0x61, 0x73, 0x69,
  0x6e, 0x67, 0x6c, 0x65, 0x73, 0x74, 0x68, 0x72, 0x65, 0x61, 0x74, 0x73, 0x69,
  0x6e, 0x74, 0x65, 0x67, 0x65, 0x72, 0x74, 0x61, 0x6b, 0x65, 0x20, 0x6f, 0x6e,
  0x72, 0x65, 0x66, 0x75, 0x73, 0x65, 0x64, 0x63, 0x61, 0x6c, 0x6c, 0x65, 0x64,
  0x20, 0x3d, 0x55, 0x53, 0x26, 0x61, 0x6d, 0x70, 0x53, 0x65, 0x65, 0x20, 0x74,
  0x68, 0x65, 0x6e, 0x61, 0x74, 0x69, 0x76, 0x65, 0x73, 0x62, 0x79, 0x20, 0x74,
  0x68, 0x69, 0x73, 0x73, 0x79, 0x73, 0x74, 0x65, 0x6d, 0x2e, 0x68, 0x65, 0x61,
  0x64, 0x20, 0x6f, 0x66, 0x3a, 0x68, 0x6f, 0x76, 0x65, 0x72, 0x2c, 0x6c, 0x65,
  0x73, 0x62, 0x69, 0x61, 0x6e, 0x73, 0x75, 0x72, 0x6e, 0x61, 0x6d, 0x65, 0x61,
  0x6e, 0x64, 0x20, 0x61, 0x6c, 0x6c, 0x63, 0x6f, 0x6d, 0x6d, 0x6f, 0x6e, 0x2f,
  0x68, 0x65, 0x61, 0x64, 0x65, 0x72, 0x5f, 0x5f, 0x70, 0x61, 0x72, 0x61, 0x6d,
  0x73, 0x48, 0x61, 0x72, 0x76, 0x61, 0x72, 0x64, 0x2f, 0x70, 0x69, 0x78, 0x65,
  0x6c, 0x2e, 0x72, 0x65, 0x6d, 0x6f, 0x76, 0x61, 0x6c, 0x73, 0x6f, 0x20, 0x6c,
  0x6f, 0x6e, 0x67, 0x72, 0x6f, 0x6c, 0x65, 0x20, 0x6f, 0x66, 0x6a, 0x6f, 0x69,
  0x6e, 0x74, 0x6c, 0x79, 0x73, 0x6b, 0x79, 0x73, 0x63, 0x72, 0x61, 0x55, 0x6e,
  0x69, 0x63, 0x6f, 0x64, 0x65, 0x62, 0x72, 0x20, 0x2f, 0x3e, 0x0d, 0x0a, 0x41,
  0x74, 0x6c, 0x61, 0x6e, 0x74, 0x61, 0x6e, 0x75, 0x63, 0x6c, 0x65, 0x75, 0x73,
  0x43, 0x6f, 0x75, 0x6e, 0x74, 0x79, 0x2c, 0x70, 0x75, 0x72, 0x65, 0x6c, 0x79,
  0x20, 0x63, 0x6f, 0x75, 0x6e, 0x74, 0x22, 0x3e, 0x65, 0x61, 0x73, 0x69, 0x6c,
  0x79, 0x20, 0x62, 0x75, 0x69, 0x6c, 0x64, 0x20, 0x61, 0x6f, 0x6e, 0x63, 0x6c,
  0x69, 0x63, 0x6b, 0x61, 0x20, 0x67, 0x69, 0x76, 0x65, 0x6e, 0x70, 0x6f, 0x69,
  0x6e, 0x74, 0x65, 0x72, 0x68, 0x26, 0x71, 0x75, 0x6f, 0x74, 0x3b, 0x65, 0x76,
  0x65, 0x6e, 0x74, 0x73, 0x20, 0x65, 0x6c, 0x73, 0x65, 0x20, 0x7b, 0x0a, 0x64,
  0x69, 0x74, 0x69, 0x6f, 0x6e, 0x73, 0x6e, 0x6f, 0x77, 0x20, 0x74, 0x68, 0x65,
  0x2c, 0x20, 0x77, 0x69, 0x74, 0x68, 0x20, 0x6d, 0x61, 0x6e, 0x20, 0x77, 0x68,
  0x6f, 0x6f, 0x72, 0x67, 0x2f, 0x57, 0x65, 0x62, 0x6f, 0x6e, 0x65, 0x20, 0x61,
  0x6e, 0x64, 0x63, 0x61, 0x76, 0x61, 0x6c, 0x72, 0x79, 0x48, 0x65, 0x20, 0x64,
  0x69, 0x65, 0x64, 0x73, 0x65, 0x61, 0x74, 0x74, 0x6c, 0x65, 0x30, 0x30, 0x2c,
  0x30, 0x30, 0x30, 0x20, 0x7b, 0x77, 0x69, 0x6e, 0x64, 0x6f, 0x77, 0x68, 0x61,
  0x76, 0x65, 0x20, 0x74, 0x6f, 0x69, 0x66, 0x28, 0x77, 0x69, 0x6e, 0x64, 0x61,
  0x6e, 0x64, 0x20, 0x69, 0x74, 0x73, 0x73, 0x6f, 0x6c, 0x65, 0x6c, 0x79, 0x20,
  0x6d, 0x26, 0x71, 0x75, 0x6f, 0x74, 0x3b, 0x72, 0x65, 0x6e, 0x65, 0x77, 0x65,
  0x64, 0x44, 0x65, 0x74, 0x72, 0x6f, 0x69, 0x74, 0x61, 0x6d, 0x6f, 0x6e, 0x67,
  0x73, 0x74, 0x65, 0x69, 0x74, 0x68, 0x65, 0x72, 0x20, 0x74, 0x68, 0x65, 0x6d,
  0x20, 0x69, 0x6e, 0x53, 0x65, 0x6e, 0x61, 0x74, 0x6f, 0x72, 0x55, 0x73, 0x3c,
  0x2f, 0x61, 0x3e, 0x3c, 0x4b, 0x69, 0x6e, 0x67, 0x20, 0x6f, 0x66, 0x46, 0x72,
  0x61, 0x6e, 0x63, 0x69, 0x73, 0x2d, 0x70, 0x72, 0x6f, 0x64, 0x75, 0x63, 0x68,
  0x65, 0x20, 0x75, 0x73, 0x65, 0x64, 0x61, 0x72, 0x74, 0x20, 0x61, 0x6e, 0x64,
  0x68, 0x69, 0x6d, 0x20, 0x61, 0x6e, 0x64, 0x75, 0x73, 0x65, 0x64, 0x20, 0x62,
  0x79, 0x73, 0x63, 0x6f, 0x72, 0x69, 0x6e, 0x67, 0x61, 0x74, 0x20, 0x68, 0x6f,
  0x6d, 0x65, 0x74, 0x6f, 0x20, 0x68, 0x61, 0x76, 0x65, 0x72, 0x65, 0x6c, 0x61,
  0x74, 0x65, 0x73, 0x69, 0x62, 0x69, 0x6c, 0x69, 0x74, 0x79, 0x66, 0x61, 0x63,
  0x74, 0x69, 0x6f, 0x6e, 0x42, 0x75, 0x66, 0x66, 0x61, 0x6c, 0x6f, 0x6c, 0x69,
  0x6e, 0x6b, 0x22, 0x3e, 0x3c, 0x77, 0x68, 0x61, 0x74, 0x20, 0x68, 0x65, 0x66,
  0x72, 0x65, 0x65, 0x20, 0x74, 0x6f, 0x43, 0x69, 0x74, 0x79, 0x20, 0x6f, 0x66,
  0x63, 0x6f, 0x6d, 0x65, 0x20, 0x69, 0x6e, 0x73, 0x65, 0x63, 0x74, 0x6f, 0x72,
  0x73, 0x63, 0x6f, 0x75, 0x6e, 0x74, 0x65, 0x64, 0x6f, 0x6e, 0x65, 0x20, 0x64,
  0x61, 0x79, 0x6e, 0x65, 0x72, 0x76, 0x6f, 0x75, 0x73, 0x73, 0x71, 0x75, 0x61,
  0x72, 0x65, 0x20, 0x7d, 0x3b, 0x69, 0x66, 0x28, 0x67, 0x6f, 0x69, 0x6e, 0x20,
  0x77, 0x68, 0x61, 0x74, 0x69, 0x6d, 0x67, 0x22, 0x20, 0x61, 0x6c, 0x69, 0x73,
  0x20, 0x6f, 0x6e, 0x6c, 0x79, 0x73, 0x65, 0x61, 0x72, 0x63, 0x68, 0x2f, 0x74,
  0x75, 0x65, 0x73, 0x64, 0x61, 0x79, 0x6c, 0x6f, 0x6f, 0x73, 0x65, 0x6c, 0x79,
  0x53, 0x6f, 0x6c, 0x6f, 0x6d, 0x6f, 0x6e, 0x73, 0x65, 0x78, 0x75, 0x61, 0x6c,
  0x20, 0x2d, 0x20, 0x3c, 0x61, 0x20, 0x68, 0x72, 0x6d, 0x65, 0x64, 0x69, 0x75,
  0x6d, 0x22, 0x44, 0x4f, 0x20, 0x4e, 0x4f, 0x54, 0x20, 0x46, 0x72, 0x61, 0x6e,
  0x63, 0x65, 0x2c, 0x77, 0x69, 0x74, 0x68, 0x20, 0x61, 0x20, 0x77, 0x61, 0x72,
  0x20, 0x61, 0x6e, 0x64, 0x73, 0x65, 0x63, 0x6f, 0x6e, 0x64, 0x20, 0x74, 0x61,
  0x6b, 0x65, 0x20, 0x61, 0x20, 0x3e, 0x0d, 0x0a, 0x0d, 0x0a, 0x0d, 0x0a, 0x6d,
  0x61, 0x72, 0x6b, 0x65, 0x74, 0x2e, 0x68, 0x69, 0x67, 0x68, 0x77, 0x61, 0x79,
  0x64, 0x6f, 0x6e, 0x65, 0x20, 0x69, 0x6e, 0x63, 0x74, 0x69, 0x76, 0x69, 0x74,
  0x79, 0x22, 0x6c, 0x61, 0x73, 0x74, 0x22, 0x3e, 0x6f, 0x62, 0x6c, 0x69, 0x67,
  0x65, 0x64, 0x72, 0x69, 0x73, 0x65, 0x20, 0x74, 0x6f, 0x22, 0x75, 0x6e, 0x64,
  0x65, 0x66, 0x69, 0x6d, 0x61, 0x64, 0x65, 0x20, 0x74, 0x6f, 0x20, 0x45, 0x61,
  0x72, 0x6c, 0x79, 0x20, 0x70, 0x72, 0x61, 0x69, 0x73, 0x65, 0x64, 0x69, 0x6e,
  0x20, 0x69, 0x74, 0x73, 0x20, 0x66, 0x6f, 0x72, 0x20, 0x68, 0x69, 0x73, 0x61,
  0x74, 0x68, 0x6c, 0x65, 0x74, 0x65, 0x4a, 0x75, 0x70, 0x69, 0x74, 0x65, 0x72,
  0x59, 0x61, 0x68, 0x6f, 0x6f, 0x21, 0x20, 0x74, 0x65, 0x72, 0x6d, 0x65, 0x64,
  0x20, 0x73, 0x6f, 0x20, 0x6d, 0x61, 0x6e, 0x79, 0x72, 0x65, 0x61, 0x6c, 0x6c,
  0x79, 0x20, 0x73, 0x2e, 0x20, 0x54, 0x68, 0x65, 0x20, 0x61, 0x20, 0x77, 0x6f,
  0x6d, 0x61, 0x6e, 0x3f, 0x76, 0x61, 0x6c, 0x75, 0x65, 0x3d, 0x64, 0x69, 0x72,
  0x65, 0x63, 0x74, 0x20, 0x72, 0x69, 0x67, 0x68, 0x74, 0x22, 0x20, 0x62, 0x69,
  0x63, 0x79, 0x63, 0x6c, 0x65, 0x61, 0x63, 0x69, 0x6e, 0x67, 0x3d, 0x22, 0x64,
  0x61, 0x79, 0x20, 0x61, 0x6e, 0x64, 0x73, 0x74, 0x61, 0x74, 0x69, 0x6e, 0x67,
  0x52, 0x61, 0x74, 0x68, 0x65, 0x72, 0x2c, 0x68, 0x69, 0x67, 0x68, 0x65, 0x72,
  0x20, 0x4f, 0x66, 0x66, 0x69, 0x63, 0x65, 0x20, 0x61, 0x72, 0x65, 0x20, 0x6e,
  0x6f, 0x77, 0x74, 0x69, 0x6d, 0x65, 0x73, 0x2c, 0x20, 0x77, 0x68, 0x65, 0x6e,
  0x20, 0x61, 0x20, 0x70, 0x61, 0x79, 0x20, 0x66, 0x6f, 0x72, 0x6f, 0x6e, 0x20,
  0x74, 0x68, 0x69, 0x73, 0x2d, 0x6c, 0x69, 0x6e, 0x6b, 0x22, 0x3e, 0x3b, 0x62,
  0x6f, 0x72, 0x64, 0x65, 0x72, 0x61, 0x72, 0x6f, 0x75, 0x6e, 0x64, 0x20, 0x61,
  0x6e, 0x6e, 0x75, 0x61, 0x6c, 0x20, 0x74, 0x68, 0x65, 0x20, 0x4e, 0x65, 0x77,
  0x70, 0x75, 0x74, 0x20, 0x74, 0x68, 0x65, 0x2e, 0x63, 0x6f, 0x6d, 0x22, 0x20,
  0x74, 0x61, 0x6b, 0x69, 0x6e, 0x20, 0x74, 0x6f, 0x61, 0x20, 0x62, 0x72, 0x69,
  0x65, 0x66, 0x28, 0x69, 0x6e, 0x20, 0x74, 0x68, 0x65, 0x67, 0x72, 0x6f, 0x75,
  0x70, 0x73, 0x2e, 0x3b, 0x20, 0x77, 0x69, 0x64, 0x74, 0x68, 0x65, 0x6e, 0x7a,
  0x79, 0x6d, 0x65, 0x73, 0x73, 0x69, 0x6d, 0x70, 0x6c, 0x65, 0x20, 0x69, 0x6e,
  0x20, 0x6c, 0x61, 0x74, 0x65, 0x7b, 0x72, 0x65, 0x74, 0x75, 0x72, 0x6e, 0x74,
  0x68, 0x65, 0x72, 0x61, 0x70, 0x79, 0x61, 0x20, 0x70, 0x6f, 0x69, 0x6e, 0x74,
  0x62, 0x61, 0x6e, 0x6e, 0x69, 0x6e, 0x67, 0x69, 0x6e, 0x6b, 0x73, 0x22, 0x3e,
  0x0a, 0x28, 0x29, 0x3b, 0x22, 0x20, 0x72, 0x65, 0x61, 0x20, 0x70, 0x6c, 0x61,
  0x63, 0x65, 0x5c, 0x75, 0x30, 0x30, 0x33, 0x43, 0x61, 0x61, 0x62, 0x6f, 0x75,
  0x74, 0x20, 0x61, 0x74, 0x72, 0x3e, 0x0d, 0x0a, 0x09, 0x09, 0x63, 0x63, 0x6f,
  0x75, 0x6e, 0x74, 0x20, 0x67, 0x69, 0x76, 0x65, 0x73, 0x20, 0x61, 0x3c, 0x53,
  0x43, 0x52, 0x49, 0x50, 0x54, 0x52, 0x61, 0x69, 0x6c, 0x77, 0x61, 0x79, 0x74,
  0x68, 0x65, 0x6d, 0x65, 0x73, 0x2f, 0x74, 0x6f, 0x6f, 0x6c, 0x62, 0x6f, 0x78,
  0x42, 0x79, 0x49, 0x64, 0x28, 0x22, 0x78, 0x68, 0x75, 0x6d, 0x61, 0x6e, 0x73,
  0x2c, 0x77, 0x61, 0x74, 0x63, 0x68, 0x65, 0x73, 0x69, 0x6e, 0x20, 0x73, 0x6f,
  0x6d, 0x65, 0x20, 0x69, 0x66, 0x20, 0x28, 0x77, 0x69, 0x63, 0x6f, 0x6d, 0x69,
  0x6e, 0x67, 0x20, 0x66, 0x6f, 0x72, 0x6d, 0x61, 0x74, 0x73, 0x20, 0x55, 0x6e,
  0x64, 0x65, 0x72, 0x20, 0x62, 0x75, 0x74, 0x20, 0x68, 0x61, 0x73, 0x68, 0x61,
  0x6e, 0x64, 0x65, 0x64, 0x20, 0x6d, 0x61, 0x64, 0x65, 0x20, 0x62, 0x79, 0x74,
  0x68, 0x61, 0x6e, 0x20, 0x69, 0x6e, 0x66, 0x65, 0x61, 0x72, 0x20, 0x6f, 0x66,
  0x64, 0x65, 0x6e, 0x6f, 0x74, 0x65, 0x64, 0x2f, 0x69, 0x66, 0x72, 0x61, 0x6d,
  0x65, 0x6c, 0x65, 0x66, 0x74, 0x20, 0x69, 0x6e, 0x76, 0x6f, 0x6c, 0x74, 0x61,
  0x67, 0x65, 0x69, 0x6e, 0x20, 0x65, 0x61, 0x63, 0x68, 0x61, 0x26, 0x71, 0x75,
  0x6f, 0x74, 0x3b, 0x62, 0x61, 0x73, 0x65, 0x20, 0x6f, 0x66, 0x49, 0x6e, 0x20,
  0x6d, 0x61, 0x6e, 0x79, 0x75, 0x6e, 0x64, 0x65, 0x72, 0x67, 0x6f, 0x72, 0x65,
  0x67, 0x69, 0x6d, 0x65, 0x73, 0x61, 0x63, 0x74, 0x69, 0x6f, 0x6e, 0x20, 0x3c,
  0x2f, 0x70, 0x3e, 0x0d, 0x0a, 0x3c, 0x75, 0x73, 0x74, 0x6f, 0x6d, 0x56, 0x61,
  0x3b, 0x26, 0x67, 0x74, 0x3b, 0x3c, 0x2f, 0x69, 0x6d, 0x70, 0x6f, 0x72, 0x74,
  0x73, 0x6f, 0x72, 0x20, 0x74, 0x68, 0x61, 0x74, 0x6d, 0x6f, 0x73, 0x74, 0x6c,
  0x79, 0x20, 0x26, 0x61, 0x6d, 0x70, 0x3b, 0x72, 0x65, 0x20, 0x73, 0x69, 0x7a,
  0x65, 0x3d, 0x22, 0x3c, 0x2f, 0x61, 0x3e, 0x3c, 0x2f, 0x68, 0x61, 0x20, 0x63,
  0x6c, 0x61, 0x73, 0x73, 0x70, 0x61, 0x73, 0x73, 0x69, 0x76, 0x65, 0x48, 0x6f,
  0x73, 0x74, 0x20, 0x3d, 0x20, 0x57, 0x68, 0x65, 0x74, 0x68, 0x65, 0x72, 0x66,
  0x65, 0x72, 0x74, 0x69, 0x6c, 0x65, 0x56, 0x61, 0x72, 0x69, 0x6f, 0x75, 0x73,
  0x3d, 0x5b, 0x5d, 0x3b, 0x28, 0x66, 0x75, 0x63, 0x61, 0x6d, 0x65, 0x72, 0x61,
  0x73, 0x2f, 0x3e, 0x3c, 0x2f, 0x74, 0x64, 0x3e, 0x61, 0x63, 0x74, 0x73, 0x20,
  0x61, 0x73, 0x49, 0x6e, 0x20, 0x73, 0x6f, 0x6d, 0x65, 0x3e, 0x0d, 0x0a, 0x0d,
  0x0a, 0x3c, 0x21, 0x6f, 0x72, 0x67, 0x61, 0x6e, 0x69, 0x73, 0x20, 0x3c, 0x62,
  0x72, 0x20, 0x2f, 0x3e, 0x42, 0x65, 0x69, 0x6a, 0x69, 0x6e, 0x67, 0x63, 0x61,
  0x74, 0x61, 0x6c, 0xc3, 0xa0, 0x64, 0x65, 0x75, 0x74, 0x73, 0x63, 0x68, 0x65,
  0x75, 0x72, 0x6f, 0x70, 0x65, 0x75, 0x65, 0x75, 0x73, 0x6b, 0x61, 0x72, 0x61,
  0x67, 0x61, 0x65, 0x69, 0x6c, 0x67, 0x65, 0x73, 0x76, 0x65, 0x6e, 0x73, 0x6b,
  0x61, 0x65, 0x73, 0x70, 0x61, 0xc3, 0xb1, 0x61, 0x6d, 0x65, 0x6e, 0x73, 0x61,
  0x6a, 0x65, 0x75, 0x73, 0x75, 0x61, 0x72, 0x69, 0x6f, 0x74, 0x72, 0x61, 0x62,
  0x61, 0x6a, 0x6f, 0x6d, 0xc3, 0xa9, 0x78, 0x69, 0x63, 0x6f, 0x70, 0xc3, 0xa1,
  0x67, 0x69, 0x6e, 0x61, 0x73, 0x69, 0x65, 0x6d, 0x70, 0x72, 0x65, 0x73, 0x69,
  0x73, 0x74, 0x65, 0x6d, 0x61, 0x6f, 0x63, 0x74, 0x75, 0x62, 0x72, 0x65, 0x64,
  0x75, 0x72, 0x61, 0x6e, 0x74, 0x65, 0x61, 0xc3, 0xb1, 0x61, 0x64, 0x69, 0x72,
  0x65, 0x6d, 0x70, 0x72, 0x65, 0x73, 0x61, 0x6d, 0x6f, 0x6d, 0x65, 0x6e, 0x74,
  0x6f, 0x6e, 0x75, 0x65, 0x73, 0x74, 0x72, 0x6f, 0x70, 0x72, 0x69, 0x6d, 0x65,
  0x72, 0x61, 0x74, 0x72, 0x61, 0x76, 0xc3, 0xa9, 0x73, 0x67, 0x72, 0x61, 0x63,
  0x69, 0x61, 0x73, 0x6e, 0x75, 0x65, 0x73, 0x74, 0x72, 0x61, 0x70, 0x72, 0x6f,
  0x63, 0x65, 0x73, 0x6f, 0x65, 0x73, 0x74, 0x61, 0x64, 0x6f, 0x73, 0x63, 0x61,
  0x6c, 0x69, 0x64, 0x61, 0x64, 0x70, 0x65, 0x72, 0x73, 0x6f, 0x6e, 0x61, 0x6e,
  0xc3, 0xba, 0x6d, 0x65, 0x72, 0x6f, 0x61, 0x63, 0x75, 0x65, 0x72, 0x64, 0x6f,
  0x6d, 0xc3, 0xba, 0x73, 0x69, 0x63, 0x61, 0x6d, 0x69, 0x65, 0x6d, 0x62, 0x72,
  0x6f, 0x6f, 0x66, 0x65, 0x72, 0x74, 0x61, 0x73, 0x61, 0x6c, 0x67, 0x75, 0x6e,
  0x6f, 0x73, 0x70, 0x61, 0xc3, 0xad, 0x73, 0x65, 0x73, 0x65, 0x6a, 0x65, 0x6d,
  0x70, 0x6c, 0x6f, 0x64, 0x65, 0x72, 0x65, 0x63, 0x68, 0x6f, 0x61, 0x64, 0x65,
  0x6d, 0xc3, 0xa1, 0x73, 0x70, 0x72, 0x69, 0x76, 0x61, 0x64, 0x6f, 0x61, 0x67,
  0x72, 0x65, 0x67, 0x61, 0x72, 0x65, 0x6e, 0x6c, 0x61, 0x63, 0x65, 0x73, 0x70,
  0x6f, 0x73, 0x69, 0x62, 0x6c, 0x65, 0x68, 0x6f, 0x74, 0x65, 0x6c, 0x65, 0x73,
  0x73, 0x65, 0x76, 0x69, 0x6c, 0x6c, 0x61, 0x70, 0x72, 0x69, 0x6d, 0x65, 0x72,
  0x6f, 0xc3, 0xba, 0x6c, 0x74, 0x69, 0x6d, 0x6f, 0x65, 0x76, 0x65, 0x6e, 0x74,
  0x6f, 0x73, 0x61, 0x72, 0x63, 0x68, 0x69, 0x76, 0x6f, 0x63, 0x75, 0x6c, 0x74,
  0x75, 0x72, 0x61, 0x6d, 0x75, 0x6a, 0x65, 0x72, 0x65, 0x73, 0x65, 0x6e, 0x74,
  0x72, 0x61, 0x64, 0x61, 0x61, 0x6e, 0x75, 0x6e, 0x63, 0x69, 0x6f, 0x65, 0x6d,
  0x62, 0x61, 0x72, 0x67, 0x6f, 0x6d, 0x65, 0x72, 0x63, 0x61, 0x64, 0x6f, 0x67,
  0x72, 0x61, 0x6e, 0x64, 0x65, 0x73, 0x65, 0x73, 0x74, 0x75, 0x64, 0x69, 0x6f,
  0x6d, 0x65, 0x6a, 0x6f, 0x72, 0x65, 0x73, 0x66, 0x65, 0x62, 0x72, 0x65, 0x72,
  0x6f, 0x64, 0x69, 0x73, 0x65, 0xc3, 0xb1, 0x6f, 0x74, 0x75, 0x72, 0x69, 0x73,
  0x6d, 0x6f, 0x63, 0xc3, 0xb3, 0x64, 0x69, 0x67, 0x6f, 0x70, 0x6f, 0x72, 0x74,
  0x61, 0x64, 0x61, 0x65, 0x73, 0x70, 0x61, 0x63, 0x69, 0x6f, 0x66, 0x61, 0x6d,
  0x69, 0x6c, 0x69, 0x61, 0x61, 0x6e, 0x74, 0x6f, 0x6e, 0x69, 0x6f, 0x70, 0x65,
  0x72, 0x6d, 0x69, 0x74, 0x65, 0x67, 0x75, 0x61, 0x72, 0x64, 0x61, 0x72, 0x61,
  0x6c, 0x67, 0x75, 0x6e, 0x61, 0x73, 0x70, 0x72, 0x65, 0x63, 0x69, 0x6f, 0x73,
  0x61, 0x6c, 0x67, 0x75, 0x69, 0x65, 0x6e, 0x73, 0x65, 0x6e, 0x74, 0x69, 0x64,
  0x6f, 0x76, 0x69, 0x73, 0x69, 0x74, 0x61, 0x73, 0x74, 0xc3, 0xad, 0x74, 0x75,
  0x6c, 0x6f, 0x63, 0x6f, 0x6e, 0x6f, 0x63, 0x65, 0x72, 0x73, 0x65, 0x67, 0x75,
  0x6e, 0x64, 0x6f, 0x63, 0x6f, 0x6e, 0x73, 0x65, 0x6a, 0x6f, 0x66, 0x72, 0x61,
  0x6e, 0x63, 0x69, 0x61, 0x6d, 0x69, 0x6e, 0x75, 0x74, 0x6f, 0x73, 0x73, 0x65,
  0x67, 0x75, 0x6e, 0x64, 0x61, 0x74, 0x65, 0x6e, 0x65, 0x6d, 0x6f, 0x73, 0x65,
  0x66, 0x65, 0x63, 0x74, 0x6f, 0x73, 0x6d, 0xc3, 0xa1, 0x6c, 0x61, 0x67, 0x61,
  0x73, 0x65, 0x73, 0x69, 0xc3, 0xb3, 0x6e, 0x72, 0x65, 0x76, 0x69, 0x73, 0x74,
  0x61, 0x67, 0x72, 0x61, 0x6e, 0x61, 0x64, 0x61, 0x63, 0x6f, 0x6d, 0x70, 0x72,
  0x61, 0x72, 0x69, 0x6e, 0x67, 0x72, 0x65, 0x73, 0x6f, 0x67, 0x61, 0x72, 0x63,
  0xc3, 0xad, 0x61, 0x61, 0x63, 0x63, 0x69, 0xc3, 0xb3, 0x6e, 0x65, 0x63, 0x75,
  0x61, 0x64, 0x6f, 0x72, 0x71, 0x75, 0x69, 0x65, 0x6e, 0x65, 0x73, 0x69, 0x6e,
  0x63, 0x6c, 0x75, 0x73, 0x6f, 0x64, 0x65, 0x62, 0x65, 0x72, 0xc3, 0xa1, 0x6d,
  0x61, 0x74, 0x65, 0x72, 0x69, 0x61, 0x68, 0x6f, 0x6d, 0x62, 0x72, 0x65, 0x73,
  0x6d, 0x75, 0x65, 0x73, 0x74, 0x72, 0x61, 0x70, 0x6f, 0x64, 0x72, 0xc3, 0xad,
  0x61, 0x6d, 0x61, 0xc3, 0xb1, 0x61, 0x6e, 0x61, 0xc3, 0xba, 0x6c, 0x74, 0x69,
  0x6d, 0x61, 0x65, 0x73, 0x74, 0x61, 0x6d, 0x6f, 0x73, 0x6f, 0x66, 0x69, 0x63,
  0x69, 0x61, 0x6c, 0x74, 0x61, 0x6d, 0x62, 0x69, 0x65, 0x6e, 0x6e, 0x69, 0x6e,
  0x67, 0xc3, 0xba, 0x6e, 0x73, 0x61, 0x6c, 0x75, 0x64, 0x6f, 0x73, 0x70, 0x6f,
  0x64, 0x65, 0x6d, 0x6f, 0x73, 0x6d, 0x65, 0x6a, 0x6f, 0x72, 0x61, 0x72, 0x70,
  0x6f, 0x73, 0x69, 0x74, 0x69, 0x6f, 0x6e, 0x62, 0x75, 0x73, 0x69, 0x6e, 0x65,
  0x73, 0x73, 0x68, 0x6f, 0x6d, 0x65, 0x70, 0x61, 0x67, 0x65, 0x73, 0x65, 0x63,
  0x75, 0x72, 0x69, 0x74, 0x79, 0x6c, 0x61, 0x6e, 0x67, 0x75, 0x61, 0x67, 0x65,
  0x73, 0x74, 0x61, 0x6e, 0x64, 0x61, 0x72, 0x64, 0x63, 0x61, 0x6d, 0x70, 0x61,
  0x69, 0x67, 0x6e, 0x66, 0x65, 0x61, 0x74, 0x75, 0x72, 0x65, 0x73, 0x63, 0x61,
  0x74, 0x65, 0x67, 0x6f, 0x72, 0x79, 0x65, 0x78, 0x74, 0x65, 0x72, 0x6e, 0x61,
  0x6c, 0x63, 0x68, 0x69, 0x6c, 0x64, 0x72, 0x65, 0x6e, 0x72, 0x65, 0x73, 0x65,
  0x72, 0x76, 0x65, 0x64, 0x72, 0x65, 0x73, 0x65, 0x61, 0x72, 0x63, 0x68, 0x65,
  0x78, 0x63, 0x68, 0x61, 0x6e, 0x67, 0x65, 0x66, 0x61, 0x76, 0x6f, 0x72, 0x69,
  0x74, 0x65, 0x74, 0x65, 0x6d, 0x70, 0x6c, 0x61, 0x74, 0x65, 0x6d, 0x69, 0x6c,
  0x69, 0x74, 0x61, 0x72, 0x79, 0x69, 0x6e, 0x64, 0x75, 0x73, 0x74, 0x72, 0x79,
  0x73, 0x65, 0x72, 0x76, 0x69, 0x63, 0x65, 0x73, 0x6d, 0x61, 0x74, 0x65, 0x72,
  0x69, 0x61, 0x6c, 0x70, 0x72, 0x6f, 0x64, 0x75, 0x63, 0x74, 0x73, 0x7a, 0x2d,
  0x69, 0x6e, 0x64, 0x65, 0x78, 0x3a, 0x63, 0x6f, 0x6d, 0x6d, 0x65, 0x6e, 0x74,
  0x73, 0x73, 0x6f, 0x66, 0x74, 0x77, 0x61, 0x72, 0x65, 0x63, 0x6f, 0x6d, 0x70,
  0x6c, 0x65, 0x74, 0x65, 0x63, 0x61, 0x6c, 0x65, 0x6e, 0x64, 0x61, 0x72, 0x70,
  0x6c, 0x61, 0x74, 0x66, 0x6f, 0x72, 0x6d, 0x61, 0x72, 0x74, 0x69, 0x63, 0x6c,
  0x65, 0x73, 0x72, 0x65, 0x71, 0x75, 0x69, 0x72, 0x65, 0x64, 0x6d, 0x6f, 0x76,
  0x65, 0x6d, 0x65, 0x6e, 0x74, 0x71, 0x75, 0x65, 0x73, 0x74, 0x69, 0x6f, 0x6e,
  0x62, 0x75, 0x69, 0x6c, 0x64, 0x69, 0x6e, 0x67, 0x70, 0x6f, 0x6c, 0x69, 0x74,
  0x69, 0x63, 0x73, 0x70, 0x6f, 0x73, 0x73, 0x69, 0x62, 0x6c, 0x65, 0x72, 0x65,
  0x6c, 0x69, 0x67, 0x69, 0x6f, 0x6e, 0x70, 0x68, 0x79, 0x73, 0x69, 0x63, 0x61,
  0x6c, 0x66, 0x65, 0x65, 0x64, 0x62, 0x61, 0x63, 0x6b, 0x72, 0x65, 0x67, 0x69,
  0x73, 0x74, 0x65, 0x72, 0x70, 0x69, 0x63, 0x74, 0x75, 0x72, 0x65, 0x73, 0x64,
  0x69, 0x73, 0x61, 0x62, 0x6c, 0x65, 0x64, 0x70, 0x72, 0x6f, 0x74, 0x6f, 0x63,
  0x6f, 0x6c, 0x61, 0x75, 0x64, 0x69, 0x65, 0x6e, 0x63, 0x65, 0x73, 0x65, 0x74,
  0x74, 0x69, 0x6e, 0x67, 0x73, 0x61, 0x63, 0x74, 0x69, 0x76, 0x69, 0x74, 0x79,
  0x65, 0x6c, 0x65, 0x6d, 0x65, 0x6e, 0x74, 0x73, 0x6c, 0x65, 0x61, 0x72, 0x6e,
  0x69, 0x6e, 0x67, 0x61, 0x6e, 0x79, 0x74, 0x68, 0x69, 0x6e, 0x67, 0x61, 0x62,
  0x73, 0x74, 0x72, 0x61, 0x63, 0x74, 0x70, 0x72, 0x6f, 0x67, 0x72, 0x65, 0x73,
  0x73, 0x6f, 0x76, 0x65, 0x72, 0x76, 0x69, 0x65, 0x77, 0x6d, 0x61, 0x67, 0x61,
  0x7a, 0x69, 0x6e, 0x65, 0x65, 0x63, 0x6f, 0x6e, 0x6f, 0x6d, 0x69, 0x63, 0x74,
  0x72, 0x61, 0x69, 0x6e, 0x69, 0x6e, 0x67, 0x70, 0x72, 0x65, 0x73, 0x73, 0x75,
  0x72, 0x65, 0x76, 0x61, 0x72, 0x69, 0x6f, 0x75, 0x73, 0x20, 0x3c, 0x73, 0x74,
  0x72, 0x6f, 0x6e, 0x67, 0x3e, 0x70, 0x72, 0x6f, 0x70, 0x65, 0x72, 0x74, 0x79,
  0x73, 0x68, 0x6f, 0x70, 0x70, 0x69, 0x6e, 0x67, 0x74, 0x6f, 0x67, 0x65, 0x74,
  0x68, 0x65, 0x72, 0x61, 0x64, 0x76, 0x61, 0x6e, 0x63, 0x65, 0x64, 0x62, 0x65,
  0x68, 0x61, 0x76, 0x69, 0x6f, 0x72, 0x64, 0x6f, 0x77, 0x6e, 0x6c, 0x6f, 0x61,
  0x64, 0x66, 0x65, 0x61, 0x74, 0x75, 0x72, 0x65, 0x64, 0x66, 0x6f, 0x6f, 0x74,
  0x62, 0x61, 0x6c, 0x6c, 0x73, 0x65, 0x6c, 0x65, 0x63, 0x74, 0x65, 0x64, 0x4c,
  0x61, 0x6e, 0x67, 0x75, 0x61, 0x67, 0x65, 0x64, 0x69, 0x73, 0x74, 0x61, 0x6e,
  0x63, 0x65, 0x72, 0x65, 0x6d, 0x65, 0x6d, 0x62, 0x65, 0x72, 0x74, 0x72, 0x61,
  0x63, 0x6b, 0x69, 0x6e, 0x67, 0x70, 0x61, 0x73, 0x73, 0x77, 0x6f, 0x72, 0x64,
  0x6d, 0x6f, 0x64, 0x69, 0x66, 0x69, 0x65, 0x64, 0x73, 0x74, 0x75, 0x64, 0x65,
  0x6e, 0x74, 0x73, 0x64, 0x69, 0x72, 0x65, 0x63, 0x74, 0x6c, 0x79, 0x66, 0x69,
  0x67, 0x68, 0x74, 0x69, 0x6e, 0x67, 0x6e, 0x6f, 0x72, 0x74, 0x68, 0x65, 0x72,
  0x6e, 0x64, 0x61, 0x74, 0x61, 0x62, 0x61, 0x73, 0x65, 0x66, 0x65, 0x73, 0x74,
  0x69, 0x76, 0x61, 0x6c, 0x62, 0x72, 0x65, 0x61, 0x6b, 0x69, 0x6e, 0x67, 0x6c,
  0x6f, 0x63, 0x61, 0x74, 0x69, 0x6f, 0x6e, 0x69, 0x6e, 0x74, 0x65, 0x72, 0x6e,
  0x65, 0x74, 0x64, 0x72, 0x6f, 0x70, 0x64, 0x6f, 0x77, 0x6e, 0x70, 0x72, 0x61,
  0x63, 0x74, 0x69, 0x63, 0x65, 0x65, 0x76, 0x69, 0x64, 0x65, 0x6e, 0x63, 0x65,
  0x66, 0x75, 0x6e, 0x63, 0x74, 0x69, 0x6f, 0x6e, 0x6d, 0x61, 0x72, 0x72, 0x69,
  0x61, 0x67, 0x65, 0x72, 0x65, 0x73, 0x70, 0x6f, 0x6e, 0x73, 0x65, 0x70, 0x72,
  0x6f, 0x62, 0x6c, 0x65, 0x6d, 0x73, 0x6e, 0x65, 0x67, 0x61, 0x74, 0x69, 0x76,
  0x65, 0x70, 0x72, 0x6f, 0x67, 0x72, 0x61, 0x6d, 0x73, 0x61, 0x6e, 0x61, 0x6c,
  0x79, 0x73, 0x69, 0x73, 0x72, 0x65, 0x6c, 0x65, 0x61, 0x73, 0x65, 0x64, 0x62,
  0x61, 0x6e, 0x6e, 0x65, 0x72, 0x22, 0x3e, 0x70, 0x75, 0x72, 0x63, 0x68, 0x61,
  0x73, 0x65, 0x70, 0x6f, 0x6c, 0x69, 0x63, 0x69, 0x65, 0x73, 0x72, 0x65, 0x67,
  0x69, 0x6f, 0x6e, 0x61, 0x6c, 0x63, 0x72, 0x65, 0x61, 0x74, 0x69, 0x76, 0x65,
  0x61, 0x72, 0x67, 0x75, 0x6d, 0x65, 0x6e, 0x74, 0x62, 0x6f, 0x6f, 0x6b, 0x6d,
  0x61, 0x72, 0x6b, 0x72, 0x65, 0x66, 0x65, 0x72, 0x72, 0x65, 0x72, 0x63, 0x68,
  0x65, 0x6d, 0x69, 0x63, 0x61, 0x6c, 0x64, 0x69, 0x76, 0x69, 0x73, 0x69, 0x6f,
  0x6e, 0x63, 0x61, 0x6c, 0x6c, 0x62, 0x61, 0x63, 0x6b, 0x73, 0x65, 0x70, 0x61,
  0x72, 0x61, 0x74, 0x65, 0x70, 0x72, 0x6f, 0x6a, 0x65, 0x63, 0x74, 0x73, 0x63,
  0x6f, 0x6e, 0x66, 0x6c, 0x69, 0x63, 0x74, 0x68, 0x61, 0x72, 0x64, 0x77, 0x61,
  0x72, 0x65, 0x69, 0x6e, 0x74, 0x65, 0x72, 0x65, 0x73, 0x74, 0x64, 0x65, 0x6c,
  0x69, 0x76, 0x65, 0x72, 0x79, 0x6d, 0x6f, 0x75, 0x6e, 0x74, 0x61, 0x69, 0x6e,
  0x6f, 0x62, 0x74, 0x61, 0x69, 0x6e, 0x65, 0x64, 0x3d, 0x20, 0x66, 0x61, 0x6c,
  0x73, 0x65, 0x3b, 0x66, 0x6f, 0x72, 0x28, 0x76, 0x61, 0x72, 0x20, 0x61, 0x63,
  0x63, 0x65, 0x70, 0x74, 0x65, 0x64, 0x63, 0x61, 0x70, 0x61, 0x63, 0x69, 0x74,
  0x79, 0x63, 0x6f, 0x6d, 0x70, 0x75, 0x74, 0x65, 0x72, 0x69, 0x64, 0x65, 0x6e,
  0x74, 0x69, 0x74, 0x79, 0x61, 0x69, 0x72, 0x63, 0x72, 0x61, 0x66, 0x74, 0x65,
  0x6d, 0x70, 0x6c, 0x6f, 0x79, 0x65, 0x64, 0x70, 0x72, 0x6f, 0x70, 0x6f, 0x73,
  0x65, 0x64, 0x64, 0x6f, 0x6d, 0x65, 0x73, 0x74, 0x69, 0x63, 0x69, 0x6e, 0x63,
  0x6c, 0x75, 0x64, 0x65, 0x73, 0x70, 0x72, 0x6f, 0x76, 0x69, 0x64, 0x65, 0x64,
  0x68, 0x6f, 0x73, 0x70, 0x69, 0x74, 0x61, 0x6c, 0x76, 0x65, 0x72, 0x74, 0x69,
  0x63, 0x61, 0x6c, 0x63, 0x6f, 0x6c, 0x6c, 0x61, 0x70, 0x73, 0x65, 0x61, 0x70,
  0x70, 0x72, 0x6f, 0x61, 0x63, 0x68, 0x70, 0x61, 0x72, 0x74, 0x6e, 0x65, 0x72,
  0x73, 0x6c, 0x6f, 0x67, 0x6f, 0x22, 0x3e, 0x3c, 0x61, 0x64, 0x61, 0x75, 0x67,
  0x68, 0x74, 0x65, 0x72, 0x61, 0x75, 0x74, 0x68, 0x6f, 0x72, 0x22, 0x20, 0x63,
  0x75, 0x6c, 0x74, 0x75, 0x72, 0x61, 0x6c, 0x66, 0x61, 0x6d, 0x69, 0x6c, 0x69,
  0x65, 0x73, 0x2f, 0x69, 0x6d, 0x61, 0x67, 0x65, 0x73, 0x2f, 0x61, 0x73, 0x73,
  0x65, 0x6d, 0x62, 0x6c, 0x79, 0x70, 0x6f, 0x77, 0x65, 0x72, 0x66, 0x75, 0x6c,
  0x74, 0x65, 0x61, 0x63, 0x68, 0x69, 0x6e, 0x67, 0x66, 0x69, 0x6e, 0x69, 0x73,
  0x68, 0x65, 0x64, 0x64, 0x69, 0x73, 0x74, 0x72, 0x69, 0x63, 0x74, 0x63, 0x72,
  0x69, 0x74, 0x69, 0x63, 0x61, 0x6c, 0x63, 0x67, 0x69, 0x2d, 0x62, 0x69, 0x6e,
  0x2f, 0x70, 0x75, 0x72, 0x70, 0x6f, 0x73, 0x65, 0x73, 0x72, 0x65, 0x71, 0x75,
  0x69, 0x72, 0x65, 0x73, 0x65, 0x6c, 0x65, 0x63, 0x74, 0x69, 0x6f, 0x6e, 0x62,
  0x65, 0x63, 0x6f, 0x6d, 0x69, 0x6e, 0x67, 0x70, 0x72, 0x6f, 0x76, 0x69, 0x64,
  0x65, 0x73, 0x61, 0x63, 0x61, 0x64, 0x65, 0x6d, 0x69, 0x63, 0x65, 0x78, 0x65,
  0x72, 0x63, 0x69, 0x73, 0x65, 0x61, 0x63, 0x74, 0x75, 0x61, 0x6c, 0x6c, 0x79,
  0x6d, 0x65, 0x64, 0x69, 0x63, 0x69, 0x6e, 0x65, 0x63, 0x6f, 0x6e, 0x73, 0x74,
  0x61, 0x6e, 0x74, 0x61, 0x63, 0x63, 0x69, 0x64, 0x65, 0x6e, 0x74, 0x4d, 0x61,
  0x67, 0x61, 0x7a, 0x69, 0x6e, 0x65, 0x64, 0x6f, 0x63, 0x75, 0x6d, 0x65, 0x6e,
  0x74, 0x73, 0x74, 0x61, 0x72, 0x74, 0x69, 0x6e, 0x67, 0x62, 0x6f, 0x74, 0x74,
  0x6f, 0x6d, 0x22, 0x3e, 0x6f, 0x62, 0x73, 0x65, 0x72, 0x76, 0x65, 0x64, 0x3a,
  0x20, 0x26, 0x71, 0x75, 0x6f, 0x74, 0x3b, 0x65, 0x78, 0x74, 0x65, 0x6e, 0x64,
  0x65, 0x64, 0x70, 0x72, 0x65, 0x76, 0x69, 0x6f, 0x75, 0x73, 0x53, 0x6f, 0x66,
  0x74, 0x77, 0x61, 0x72, 0x65, 0x63, 0x75, 0x73, 0x74, 0x6f, 0x6d, 0x65, 0x72,
  0x64, 0x65, 0x63, 0x69, 0x73, 0x69, 0x6f, 0x6e, 0x73, 0x74, 0x72, 0x65, 0x6e,
  0x67, 0x74, 0x68, 0x64, 0x65, 0x74, 0x61, 0x69, 0x6c, 0x65, 0x64, 0x73, 0x6c,
  0x69, 0x67, 0x68, 0x74, 0x6c, 0x79, 0x70, 0x6c, 0x61, 0x6e, 0x6e, 0x69, 0x6e,
  0x67, 0x74, 0x65, 0x78, 0x74, 0x61, 0x72, 0x65, 0x61, 0x63, 0x75, 0x72, 0x72,
  0x65, 0x6e, 0x63, 0x79, 0x65, 0x76, 0x65, 0x72, 0x79, 0x6f, 0x6e, 0x65, 0x73,
  0x74, 0x72, 0x61, 0x69, 0x67, 0x68, 0x74, 0x74, 0x72, 0x61, 0x6e, 0x73, 0x66,
  0x65, 0x72, 0x70, 0x6f, 0x73, 0x69, 0x74, 0x69, 0x76, 0x65, 0x70, 0x72, 0x6f,
  0x64, 0x75, 0x63, 0x65, 0x64, 0x68, 0x65, 0x72, 0x69, 0x74, 0x61, 0x67, 0x65,
  0x73, 0x68, 0x69, 0x70, 0x70, 0x69, 0x6e, 0x67, 0x61, 0x62, 0x73, 0x6f, 0x6c,
  0x75, 0x74, 0x65, 0x72, 0x65, 0x63, 0x65, 0x69, 0x76, 0x65, 0x64, 0x72, 0x65,
  0x6c, 0x65, 0x76, 0x61, 0x6e, 0x74, 0x62, 0x75, 0x74, 0x74, 0x6f, 0x6e, 0x22,
  0x20, 0x76, 0x69, 0x6f, 0x6c, 0x65, 0x6e, 0x63, 0x65, 0x61, 0x6e, 0x79, 0x77,
  0x68, 0x65, 0x72, 0x65, 0x62, 0x65, 0x6e, 0x65, 0x66, 0x69, 0x74, 0x73, 0x6c,
  0x61, 0x75, 0x6e, 0x63, 0x68, 0x65, 0x64, 0x72, 0x65, 0x63, 0x65, 0x6e, 0x74,
  0x6c, 0x79, 0x61, 0x6c, 0x6c, 0x69, 0x61, 0x6e, 0x63, 0x65, 0x66, 0x6f, 0x6c,
  0x6c, 0x6f, 0x77, 0x65, 0x64, 0x6d, 0x75, 0x6c, 0x74, 0x69, 0x70, 0x6c, 0x65,
  0x62, 0x75, 0x6c, 0x6c, 0x65, 0x74, 0x69, 0x6e, 0x69, 0x6e, 0x63, 0x6c, 0x75,
  0x64, 0x65, 0x64, 0x6f, 0x63, 0x63, 0x75, 0x72, 0x72, 0x65, 0x64, 0x69, 0x6e,
  0x74, 0x65, 0x72, 0x6e, 0x61, 0x6c, 0x24, 0x28, 0x74, 0x68, 0x69, 0x73, 0x29,
  0x2e, 0x72, 0x65, 0x70, 0x75, 0x62, 0x6c, 0x69, 0x63, 0x3e, 0x3c, 0x74, 0x72,
  0x3e, 0x3c, 0x74, 0x64, 0x63, 0x6f, 0x6e, 0x67, 0x72, 0x65, 0x73, 0x73, 0x72,
  0x65, 0x63, 0x6f, 0x72, 0x64, 0x65, 0x64, 0x75, 0x6c, 0x74, 0x69, 0x6d, 0x61,
  0x74, 0x65, 0x73, 0x6f, 0x6c, 0x75, 0x74, 0x69, 0x6f, 0x6e, 0x3c, 0x75, 0x6c,
  0x20, 0x69, 0x64, 0x3d, 0x22, 0x64, 0x69, 0x73, 0x63, 0x6f, 0x76, 0x65, 0x72,
  0x48, 0x6f, 0x6d, 0x65, 0x3c, 0x2f, 0x61, 0x3e, 0x77, 0x65, 0x62, 0x73, 0x69,
  0x74, 0x65, 0x73, 0x6e, 0x65, 0x74, 0x77, 0x6f, 0x72, 0x6b, 0x73, 0x61, 0x6c,
  0x74, 0x68, 0x6f, 0x75, 0x67, 0x68, 0x65, 0x6e, 0x74, 0x69, 0x72, 0x65, 0x6c,
  0x79, 0x6d, 0x65, 0x6d, 0x6f, 0x72, 0x69, 0x61, 0x6c, 0x6d, 0x65, 0x73, 0x73,
  0x61, 0x67, 0x65, 0x73, 0x63, 0x6f, 0x6e, 0x74, 0x69, 0x6e, 0x75, 0x65, 0x61,
  0x63, 0x74, 0x69, 0x76, 0x65, 0x22, 0x3e, 0x73, 0x6f, 0x6d, 0x65, 0x77, 0x68,
  0x61, 0x74, 0x76, 0x69, 0x63, 0x74, 0x6f, 0x72, 0x69, 0x61, 0x57, 0x65, 0x73,
  0x74, 0x65, 0x72, 0x6e, 0x20, 0x20, 0x74, 0x69, 0x74, 0x6c, 0x65, 0x3d, 0x22,
  0x4c, 0x6f, 0x63, 0x61, 0x74, 0x69, 0x6f, 0x6e, 0x63, 0x6f, 0x6e, 0x74, 0x72,
  0x61, 0x63, 0x74, 0x76, 0x69, 0x73, 0x69, 0x74, 0x6f, 0x72, 0x73, 0x44, 0x6f,
  0x77, 0x6e, 0x6c, 0x6f, 0x61, 0x64, 0x77, 0x69, 0x74, 0x68, 0x6f, 0x75, 0x74,
  0x20, 0x72, 0x69, 0x67, 0x68, 0x74, 0x22, 0x3e, 0x0a, 0x6d, 0x65, 0x61, 0x73,
  0x75, 0x72, 0x65, 0x73, 0x77, 0x69, 0x64, 0x74, 0x68, 0x20, 0x3d, 0x20, 0x76,
  0x61, 0x72, 0x69, 0x61, 0x62, 0x6c, 0x65, 0x69, 0x6e, 0x76, 0x6f, 0x6c, 0x76,
  0x65, 0x64, 0x76, 0x69, 0x72, 0x67, 0x69, 0x6e, 0x69, 0x61, 0x6e, 0x6f, 0x72,
  0x6d, 0x61, 0x6c, 0x6c, 0x79, 0x68, 0x61, 0x70, 0x70, 0x65, 0x6e, 0x65, 0x64,
  0x61, 0x63, 0x63, 0x6f, 0x75, 0x6e, 0x74, 0x73, 0x73, 0x74, 0x61, 0x6e, 0x64,
  0x69, 0x6e, 0x67, 0x6e, 0x61, 0x74, 0x69, 0x6f, 0x6e, 0x61, 0x6c, 0x52, 0x65,
  0x67, 0x69, 0x73, 0x74, 0x65, 0x72, 0x70, 0x72, 0x65, 0x70, 0x61, 0x72, 0x65,
  0x64, 0x63, 0x6f, 0x6e, 0x74, 0x72, 0x6f, 0x6c, 0x73, 0x61, 0x63, 0x63, 0x75,
  0x72, 0x61, 0x74, 0x65, 0x62, 0x69, 0x72, 0x74, 0x68, 0x64, 0x61, 0x79, 0x73,
  0x74, 0x72, 0x61, 0x74, 0x65, 0x67, 0x79, 0x6f, 0x66, 0x66, 0x69, 0x63, 0x69,
  0x61, 0x6c, 0x67, 0x72, 0x61, 0x70, 0x68, 0x69, 0x63, 0x73, 0x63, 0x72, 0x69,
  0x6d, 0x69, 0x6e, 0x61, 0x6c, 0x70, 0x6f, 0x73, 0x73, 0x69, 0x62, 0x6c, 0x79,
  0x63, 0x6f, 0x6e, 0x73, 0x75, 0x6d, 0x65, 0x72, 0x50, 0x65, 0x72, 0x73, 0x6f,
  0x6e, 0x61, 0x6c, 0x73, 0x70, 0x65, 0x61, 0x6b, 0x69, 0x6e, 0x67, 0x76, 0x61,
  0x6c, 0x69, 0x64, 0x61, 0x74, 0x65, 0x61, 0x63, 0x68, 0x69, 0x65, 0x76, 0x65,
  0x64, 0x2e, 0x6a, 0x70, 0x67, 0x22, 0x20, 0x2f, 0x3e, 0x6d, 0x61, 0x63, 0x68,
  0x69, 0x6e, 0x65, 0x73, 0x3c, 0x2f, 0x68, 0x32, 0x3e, 0x0a, 0x20, 0x20, 0x6b,
  0x65, 0x79, 0x77, 0x6f, 0x72, 0x64, 0x73, 0x66, 0x72, 0x69, 0x65, 0x6e, 0x64,
  0x6c, 0x79, 0x62, 0x72, 0x6f, 0x74, 0x68, 0x65, 0x72, 0x73, 0x63, 0x6f, 0x6d,
  0x62, 0x69, 0x6e, 0x65, 0x64, 0x6f, 0x72, 0x69, 0x67, 0x69, 0x6e, 0x61, 0x6c,
  0x63, 0x6f, 0x6d, 0x70, 0x6f, 0x73, 0x65, 0x64, 0x65, 0x78, 0x70, 0x65, 0x63,
  0x74, 0x65, 0x64, 0x61, 0x64, 0x65, 0x71, 0x75, 0x61, 0x74, 0x65, 0x70, 0x61,
  0x6b, 0x69, 0x73, 0x74, 0x61, 0x6e, 0x66, 0x6f, 0x6c, 0x6c, 0x6f, 0x77, 0x22,
  0x20, 0x76, 0x61, 0x6c, 0x75, 0x61, 0x62, 0x6c, 0x65, 0x3c, 0x2f, 0x6c, 0x61,
  0x62, 0x65, 0x6c, 0x3e, 0x72, 0x65, 0x6c, 0x61, 0x74, 0x69, 0x76, 0x65, 0x62,
  0x72, 0x69, 0x6e, 0x67, 0x69, 0x6e, 0x67, 0x69, 0x6e, 0x63, 0x72, 0x65, 0x61,
  0x73, 0x65, 0x67, 0x6f, 0x76, 0x65, 0x72, 0x6e, 0x6f, 0x72, 0x70, 0x6c, 0x75,
  0x67, 0x69, 0x6e, 0x73, 0x2f, 0x4c, 0x69, 0x73, 0x74, 0x20, 0x6f, 0x66, 0x20,
  0x48, 0x65, 0x61, 0x64, 0x65, 0x72, 0x22, 0x3e, 0x22, 0x20, 0x6e, 0x61, 0x6d,
  0x65, 0x3d, 0x22, 0x20, 0x28, 0x26, 0x71, 0x75, 0x6f, 0x74, 0x3b, 0x67, 0x72,
  0x61, 0x64, 0x75, 0x61, 0x74, 0x65, 0x3c, 0x2f, 0x68, 0x65, 0x61, 0x64, 0x3e,
  0x0a, 0x63, 0x6f, 0x6d, 0x6d, 0x65, 0x72, 0x63, 0x65, 0x6d, 0x61, 0x6c, 0x61,
  0x79, 0x73, 0x69, 0x61, 0x64, 0x69, 0x72, 0x65, 0x63, 0x74, 0x6f, 0x72, 0x6d,
  0x61, 0x69, 0x6e, 0x74, 0x61, 0x69, 0x6e, 0x3b, 0x68, 0x65, 0x69, 0x67, 0x68,
  0x74, 0x3a, 0x73, 0x63, 0x68, 0x65, 0x64, 0x75, 0x6c, 0x65, 0x63, 0x68, 0x61,
  0x6e, 0x67, 0x69, 0x6e, 0x67, 0x62, 0x61, 0x63, 0x6b, 0x20, 0x74, 0x6f, 0x20,
  0x63, 0x61, 0x74, 0x68, 0x6f, 0x6c, 0x69, 0x63, 0x70, 0x61, 0x74, 0x74, 0x65,
  0x72, 0x6e, 0x73, 0x63, 0x6f, 0x6c, 0x6f, 0x72, 0x3a, 0x20, 0x23, 0x67, 0x72,
  0x65, 0x61, 0x74, 0x65, 0x73, 0x74, 0x73, 0x75, 0x70, 0x70, 0x6c, 0x69, 0x65,
  0x73, 0x72, 0x65, 0x6c, 0x69, 0x61, 0x62, 0x6c, 0x65, 0x3c, 0x2f, 0x75, 0x6c,
  0x3e, 0x0a, 0x09, 0x09, 0x3c, 0x73, 0x65, 0x6c, 0x65, 0x63, 0x74, 0x20, 0x63,
  0x69, 0x74, 0x69, 0x7a, 0x65, 0x6e, 0x73, 0x63, 0x6c, 0x6f, 0x74, 0x68, 0x69,
  0x6e, 0x67, 0x77, 0x61, 0x74, 0x63, 0x68, 0x69, 0x6e, 0x67, 0x3c, 0x6c, 0x69,
  0x20, 0x69, 0x64, 0x3d, 0x22, 0x73, 0x70, 0x65, 0x63, 0x69, 0x66, 0x69, 0x63,
  0x63, 0x61, 0x72, 0x72, 0x79, 0x69, 0x6e, 0x67, 0x73, 0x65, 0x6e, 0x74, 0x65,
  0x6e, 0x63, 0x65, 0x3c, 0x63, 0x65, 0x6e, 0x74, 0x65, 0x72, 0x3e, 0x63, 0x6f,
  0x6e, 0x74, 0x72, 0x61, 0x73, 0x74, 0x74, 0x68, 0x69, 0x6e, 0x6b, 0x69, 0x6e,
  0x67, 0x63, 0x61, 0x74, 0x63, 0x68, 0x28, 0x65, 0x29, 0x73, 0x6f, 0x75, 0x74,
  0x68, 0x65, 0x72, 0x6e, 0x4d, 0x69, 0x63, 0x68, 0x61, 0x65, 0x6c, 0x20, 0x6d,
  0x65, 0x72, 0x63, 0x68, 0x61, 0x6e, 0x74, 0x63, 0x61, 0x72, 0x6f, 0x75, 0x73,
  0x65, 0x6c, 0x70, 0x61, 0x64, 0x64, 0x69, 0x6e, 0x67, 0x3a, 0x69, 0x6e, 0x74,
  0x65, 0x72, 0x69, 0x6f, 0x72, 0x2e, 0x73, 0x70, 0x6c, 0x69, 0x74, 0x28, 0x22,
  0x6c, 0x69, 0x7a, 0x61, 0x74, 0x69, 0x6f, 0x6e, 0x4f, 0x63, 0x74, 0x6f, 0x62,
  0x65, 0x72, 0x20, 0x29, 0x7b, 0x72, 0x65, 0x74, 0x75, 0x72, 0x6e, 0x69, 0x6d,
  0x70, 0x72, 0x6f, 0x76, 0x65, 0x64, 0x2d, 0x2d, 0x26, 0x67, 0x74, 0x3b, 0x0a,
  0x0a, 0x63, 0x6f, 0x76, 0x65, 0x72, 0x61, 0x67, 0x65, 0x63, 0x68, 0x61, 0x69,
  0x72, 0x6d, 0x61, 0x6e, 0x2e, 0x70, 0x6e, 0x67, 0x22, 0x20, 0x2f, 0x3e, 0x73,
  0x75, 0x62, 0x6a, 0x65, 0x63, 0x74, 0x73, 0x52, 0x69, 0x63, 0x68, 0x61, 0x72,
  0x64, 0x20, 0x77, 0x68, 0x61, 0x74, 0x65, 0x76, 0x65, 0x72, 0x70, 0x72, 0x6f,
  0x62, 0x61, 0x62, 0x6c, 0x79, 0x72, 0x65, 0x63, 0x6f, 0x76, 0x65, 0x72, 0x79,
  0x62, 0x61, 0x73, 0x65, 0x62, 0x61, 0x6c, 0x6c, 0x6a, 0x75, 0x64, 0x67, 0x6d,
  0x65, 0x6e, 0x74, 0x63, 0x6f, 0x6e, 0x6e, 0x65, 0x63, 0x74, 0x2e, 0x2e, 0x63,
  0x73, 0x73, 0x22, 0x20, 0x2f, 0x3e, 0x20, 0x77, 0x65, 0x62, 0x73, 0x69, 0x74,
  0x65, 0x72, 0x65, 0x70, 0x6f, 0x72, 0x74, 0x65, 0x64, 0x64, 0x65, 0x66, 0x61,
  0x75, 0x6c, 0x74, 0x22, 0x2f, 0x3e, 0x3c, 0x2f, 0x61, 0x3e, 0x0d, 0x0a, 0x65,
  0x6c, 0x65, 0x63, 0x74, 0x72, 0x69, 0x63, 0x73, 0x63, 0x6f, 0x74, 0x6c, 0x61,
  0x6e, 0x64, 0x63, 0x72, 0x65, 0x61, 0x74, 0x69, 0x6f, 0x6e, 0x71, 0x75, 0x61,
  0x6e, 0x74, 0x69, 0x74, 0x79, 0x2e, 0x20, 0x49, 0x53, 0x42, 0x4e, 0x20, 0x30,
  0x64, 0x69, 0x64, 0x20, 0x6e, 0x6f, 0x74, 0x20, 0x69, 0x6e, 0x73, 0x74, 0x61,
  0x6e, 0x63, 0x65, 0x2d, 0x73, 0x65, 0x61, 0x72, 0x63, 0x68, 0x2d, 0x22, 0x20,
  0x6c, 0x61, 0x6e, 0x67, 0x3d, 0x22, 0x73, 0x70, 0x65, 0x61, 0x6b, 0x65, 0x72,
  0x73, 0x43, 0x6f, 0x6d, 0x70, 0x75, 0x74, 0x65, 0x72, 0x63, 0x6f, 0x6e, 0x74,
  0x61, 0x69, 0x6e, 0x73, 0x61, 0x72, 0x63, 0x68, 0x69, 0x76, 0x65, 0x73, 0x6d,
  0x69, 0x6e, 0x69, 0x73, 0x74, 0x65, 0x72, 0x72, 0x65, 0x61, 0x63, 0x74, 0x69,
  0x6f, 0x6e, 0x64, 0x69, 0x73, 0x63, 0x6f, 0x75, 0x6e, 0x74, 0x49, 0x74, 0x61,
  0x6c, 0x69, 0x61, 0x6e, 0x6f, 0x63, 0x72, 0x69, 0x74, 0x65, 0x72, 0x69, 0x61,
  0x73, 0x74, 0x72, 0x6f, 0x6e, 0x67, 0x6c, 0x79, 0x3a, 0x20, 0x27, 0x68, 0x74,
  0x74, 0x70, 0x3a, 0x27, 0x73, 0x63, 0x72, 0x69, 0x70, 0x74, 0x27, 0x63, 0x6f,
  0x76, 0x65, 0x72, 0x69, 0x6e, 0x67, 0x6f, 0x66, 0x66, 0x65, 0x72, 0x69, 0x6e,
  0x67, 0x61, 0x70, 0x70, 0x65, 0x61, 0x72, 0x65, 0x64, 0x42, 0x72, 0x69, 0x74,
  0x69, 0x73, 0x68, 0x20, 0x69, 0x64, 0x65, 0x6e, 0x74, 0x69, 0x66, 0x79, 0x46,
  0x61, 0x63, 0x65, 0x62, 0x6f, 0x6f, 0x6b, 0x6e, 0x75, 0x6d, 0x65, 0x72, 0x6f,
  0x75, 0x73, 0x76, 0x65, 0x68, 0x69, 0x63, 0x6c, 0x65, 0x73, 0x63, 0x6f, 0x6e,
  0x63, 0x65, 0x72, 0x6e, 0x73, 0x41, 0x6d, 0x65, 0x72, 0x69, 0x63, 0x61, 0x6e,
  0x68, 0x61, 0x6e, 0x64, 0x6c, 0x69, 0x6e, 0x67, 0x64, 0x69, 0x76, 0x20, 0x69,
  0x64, 0x3d, 0x22, 0x57, 0x69, 0x6c, 0x6c, 0x69, 0x61, 0x6d, 0x20, 0x70, 0x72,
  0x6f, 0x76, 0x69, 0x64, 0x65, 0x72, 0x5f, 0x63, 0x6f, 0x6e, 0x74, 0x65, 0x6e,
  0x74, 0x61, 0x63, 0x63, 0x75, 0x72, 0x61, 0x63, 0x79, 0x73, 0x65, 0x63, 0x74,
  0x69, 0x6f, 0x6e, 0x20, 0x61, 0x6e, 0x64, 0x65, 0x72, 0x73, 0x6f, 0x6e, 0x66,
  0x6c, 0x65, 0x78, 0x69, 0x62, 0x6c, 0x65, 0x43, 0x61, 0x74, 0x65, 0x67, 0x6f,
  0x72, 0x79, 0x6c, 0x61, 0x77, 0x72, 0x65, 0x6e, 0x63, 0x65, 0x3c, 0x73, 0x63,
  0x72, 0x69, 0x70, 0x74, 0x3e, 0x6c, 0x61, 0x79, 0x6f, 0x75, 0x74, 0x3d, 0x22,
  0x61, 0x70, 0x70, 0x72, 0x6f, 0x76, 0x65, 0x64, 0x20, 0x6d, 0x61, 0x78, 0x69,
  0x6d, 0x75, 0x6d, 0x68, 0x65, 0x61, 0x64, 0x65, 0x72, 0x22, 0x3e, 0x3c, 0x2f,
  0x74, 0x61, 0x62, 0x6c, 0x65, 0x3e, 0x53, 0x65, 0x72, 0x76, 0x69, 0x63, 0x65,
  0x73, 0x68, 0x61, 0x6d, 0x69, 0x6c, 0x74, 0x6f, 0x6e, 0x63, 0x75, 0x72, 0x72,
  0x65, 0x6e, 0x74, 0x20, 0x63, 0x61, 0x6e, 0x61, 0x64, 0x69, 0x61, 0x6e, 0x63,
  0x68, 0x61, 0x6e, 0x6e, 0x65, 0x6c, 0x73, 0x2f, 0x74, 0x68, 0x65, 0x6d, 0x65,
  0x73, 0x2f, 0x2f, 0x61, 0x72, 0x74, 0x69, 0x63, 0x6c, 0x65, 0x6f, 0x70, 0x74,
  0x69, 0x6f, 0x6e, 0x61, 0x6c, 0x70, 0x6f, 0x72, 0x74, 0x75, 0x67, 0x61, 0x6c,
  0x76, 0x61, 0x6c, 0x75, 0x65, 0x3d, 0x22, 0x22, 0x69, 0x6e, 0x74, 0x65, 0x72,
  0x76, 0x61, 0x6c, 0x77, 0x69, 0x72, 0x65, 0x6c, 0x65, 0x73, 0x73, 0x65, 0x6e,
  0x74, 0x69, 0x74, 0x6c, 0x65, 0x64, 0x61, 0x67, 0x65, 0x6e, 0x63, 0x69, 0x65,
  0x73, 0x53, 0x65, 0x61, 0x72, 0x63, 0x68, 0x22, 0x20, 0x6d, 0x65, 0x61, 0x73,
  0x75, 0x72, 0x65, 0x64, 0x74, 0x68, 0x6f, 0x75, 0x73, 0x61, 0x6e, 0x64, 0x73,
  0x70, 0x65, 0x6e, 0x64, 0x69, 0x6e, 0x67, 0x26, 0x68, 0x65, 0x6c, 0x6c, 0x69,
  0x70, 0x3b, 0x6e, 0x65, 0x77, 0x20, 0x44, 0x61, 0x74, 0x65, 0x22, 0x20, 0x73,
  0x69, 0x7a, 0x65, 0x3d, 0x22, 0x70, 0x61, 0x67, 0x65, 0x4e, 0x61, 0x6d, 0x65,
  0x6d, 0x69, 0x64, 0x64, 0x6c, 0x65, 0x22, 0x20, 0x22, 0x20, 0x2f, 0x3e, 0x3c,
  0x2f, 0x61, 0x3e, 0x68, 0x69, 0x64, 0x64, 0x65, 0x6e, 0x22, 0x3e, 0x73, 0x65,
  0x71, 0x75, 0x65, 0x6e, 0x63, 0x65, 0x70, 0x65, 0x72, 0x73, 0x6f, 0x6e, 0x61,
  0x6c, 0x6f, 0x76, 0x65, 0x72, 0x66, 0x6c, 0x6f, 0x77, 0x6f, 0x70, 0x69, 0x6e,
  0x69, 0x6f, 0x6e, 0x73, 0x69, 0x6c, 0x6c, 0x69, 0x6e, 0x6f, 0x69, 0x73, 0x6c,
  0x69, 0x6e, 0x6b, 0x73, 0x22, 0x3e, 0x0a, 0x09, 0x3c, 0x74, 0x69, 0x74, 0x6c,
  0x65, 0x3e, 0x76, 0x65, 0x72, 0x73, 0x69, 0x6f, 0x6e, 0x73, 0x73, 0x61, 0x74,
  0x75, 0x72, 0x64, 0x61, 0x79, 0x74, 0x65, 0x72, 0x6d, 0x69, 0x6e, 0x61, 0x6c,
  0x69, 0x74, 0x65, 0x6d, 0x70, 0x72, 0x6f, 0x70, 0x65, 0x6e, 0x67, 0x69, 0x6e,
  0x65, 0x65, 0x72, 0x73, 0x65, 0x63, 0x74, 0x69, 0x6f, 0x6e, 0x73, 0x64, 0x65,
  0x73, 0x69, 0x67, 0x6e, 0x65, 0x72, 0x70, 0x72, 0x6f, 0x70, 0x6f, 0x73, 0x61,
  0x6c, 0x3d, 0x22, 0x66, 0x61, 0x6c, 0x73, 0x65, 0x22, 0x45, 0x73, 0x70, 0x61,
  0xc3, 0xb1, 0x6f, 0x6c, 0x72, 0x65, 0x6c, 0x65, 0x61, 0x73, 0x65, 0x73, 0x73,
  0x75, 0x62, 0x6d, 0x69, 0x74, 0x22, 0x20, 0x65, 0x72, 0x26, 0x71, 0x75, 0x6f,
  0x74, 0x3b, 0x61, 0x64, 0x64, 0x69, 0x74, 0x69, 0x6f, 0x6e, 0x73, 0x79, 0x6d,
  0x70, 0x74, 0x6f, 0x6d, 0x73, 0x6f, 0x72, 0x69, 0x65, 0x6e, 0x74, 0x65, 0x64,
  0x72, 0x65, 0x73, 0x6f, 0x75, 0x72, 0x63, 0x65, 0x72, 0x69, 0x67, 0x68, 0x74,
  0x22, 0x3e, 0x3c, 0x70, 0x6c, 0x65, 0x61, 0x73, 0x75, 0x72, 0x65, 0x73, 0x74,
  0x61, 0x74, 0x69, 0x6f, 0x6e, 0x73, 0x68, 0x69, 0x73, 0x74, 0x6f, 0x72, 0x79,
  0x2e, 0x6c, 0x65, 0x61, 0x76, 0x69, 0x6e, 0x67, 0x20, 0x20, 0x62, 0x6f, 0x72,
  0x64, 0x65, 0x72, 0x3d, 0x63, 0x6f, 0x6e, 0x74, 0x65, 0x6e, 0x74, 0x73, 0x63,
  0x65, 0x6e, 0x74, 0x65, 0x72, 0x22, 0x3e, 0x2e, 0x0a, 0x0a, 0x53, 0x6f, 0x6d,
  0x65, 0x20, 0x64, 0x69, 0x72, 0x65, 0x63, 0x74, 0x65, 0x64, 0x73, 0x75, 0x69,
  0x74, 0x61, 0x62, 0x6c, 0x65, 0x62, 0x75, 0x6c, 0x67, 0x61, 0x72, 0x69, 0x61,
  0x2e, 0x73, 0x68, 0x6f, 0x77, 0x28, 0x29, 0x3b, 0x64, 0x65, 0x73, 0x69, 0x67,
  0x6e, 0x65, 0x64, 0x47, 0x65, 0x6e, 0x65, 0x72, 0x61, 0x6c, 0x20, 0x63, 0x6f,
  0x6e, 0x63, 0x65, 0x70, 0x74, 0x73, 0x45, 0x78, 0x61, 0x6d, 0x70, 0x6c, 0x65,
  0x73, 0x77, 0x69, 0x6c, 0x6c, 0x69, 0x61, 0x6d, 0x73, 0x4f, 0x72, 0x69, 0x67,
  0x69, 0x6e, 0x61, 0x6c, 0x22, 0x3e, 0x3c, 0x73, 0x70, 0x61, 0x6e, 0x3e, 0x73,
  0x65, 0x61, 0x72, 0x63, 0x68, 0x22, 0x3e, 0x6f, 0x70, 0x65, 0x72, 0x61, 0x74,
  0x6f, 0x72, 0x72, 0x65, 0x71, 0x75, 0x65, 0x73, 0x74, 0x73, 0x61, 0x20, 0x26,
  0x71, 0x75, 0x6f, 0x74, 0x3b, 0x61, 0x6c, 0x6c, 0x6f, 0x77, 0x69, 0x6e, 0x67,
  0x44, 0x6f, 0x63, 0x75, 0x6d, 0x65, 0x6e, 0x74, 0x72, 0x65, 0x76, 0x69, 0x73,
  0x69, 0x6f, 0x6e, 0x2e, 0x20, 0x0a, 0x0a, 0x54, 0x68, 0x65, 0x20, 0x79, 0x6f,
  0x75, 0x72, 0x73, 0x65, 0x6c, 0x66, 0x43, 0x6f, 0x6e, 0x74, 0x61, 0x63, 0x74,
  0x20, 0x6d, 0x69, 0x63, 0x68, 0x69, 0x67, 0x61, 0x6e, 0x45, 0x6e, 0x67, 0x6c,
  0x69, 0x73, 0x68, 0x20, 0x63, 0x6f, 0x6c, 0x75, 0x6d, 0x62, 0x69, 0x61, 0x70,
  0x72, 0x69, 0x6f, 0x72, 0x69, 0x74, 0x79, 0x70, 0x72, 0x69, 0x6e, 0x74, 0x69,
  0x6e, 0x67, 0x64, 0x72, 0x69, 0x6e, 0x6b, 0x69, 0x6e, 0x67, 0x66, 0x61, 0x63,
  0x69, 0x6c, 0x69, 0x74, 0x79, 0x72, 0x65, 0x74, 0x75, 0x72, 0x6e, 0x65, 0x64,
  0x43, 0x6f, 0x6e, 0x74, 0x65, 0x6e, 0x74, 0x20, 0x6f, 0x66, 0x66, 0x69, 0x63,
  0x65, 0x72, 0x73, 0x52, 0x75, 0x73, 0x73, 0x69, 0x61, 0x6e, 0x20, 0x67, 0x65,
  0x6e, 0x65, 0x72, 0x61, 0x74, 0x65, 0x2d, 0x38, 0x38, 0x35, 0x39, 0x2d, 0x31,
  0x22, 0x69, 0x6e, 0x64, 0x69, 0x63, 0x61, 0x74, 0x65, 0x66, 0x61, 0x6d, 0x69,
  0x6c, 0x69, 0x61, 0x72, 0x20, 0x71, 0x75, 0x61, 0x6c, 0x69, 0x74, 0x79, 0x6d,
  0x61, 0x72, 0x67, 0x69, 0x6e, 0x3a, 0x30, 0x20, 0x63, 0x6f, 0x6e, 0x74, 0x65,
  0x6e, 0x74, 0x76, 0x69, 0x65, 0x77, 0x70, 0x6f, 0x72, 0x74, 0x63, 0x6f, 0x6e,
  0x74, 0x61, 0x63, 0x74, 0x73, 0x2d, 0x74, 0x69, 0x74, 0x6c, 0x65, 0x22, 0x3e,
  0x70, 0x6f, 0x72, 0x74, 0x61, 0x62, 0x6c, 0x65, 0x2e, 0x6c, 0x65, 0x6e, 0x67,
  0x74, 0x68, 0x20, 0x65, 0x6c, 0x69, 0x67, 0x69, 0x62, 0x6c, 0x65, 0x69, 0x6e,
  0x76, 0x6f, 0x6c, 0x76, 0x65, 0x73, 0x61, 0x74, 0x6c, 0x61, 0x6e, 0x74, 0x69,
  0x63, 0x6f, 0x6e, 0x6c, 0x6f, 0x61, 0x64, 0x3d, 0x22, 0x64, 0x65, 0x66, 0x61,
  0x75, 0x6c, 0x74, 0x2e, 0x73, 0x75, 0x70, 0x70, 0x6c, 0x69, 0x65, 0x64, 0x70,
  0x61, 0x79, 0x6d, 0x65, 0x6e, 0x74, 0x73, 0x67, 0x6c, 0x6f, 0x73, 0x73, 0x61,
  0x72, 0x79, 0x0a, 0x0a, 0x41, 0x66, 0x74, 0x65, 0x72, 0x20, 0x67, 0x75, 0x69,
  0x64, 0x61, 0x6e, 0x63, 0x65, 0x3c, 0x2f, 0x74, 0x64, 0x3e, 0x3c, 0x74, 0x64,
  0x65, 0x6e, 0x63, 0x6f, 0x64, 0x69, 0x6e, 0x67, 0x6d, 0x69, 0x64, 0x64, 0x6c,
  0x65, 0x22, 0x3e, 0x63, 0x61, 0x6d, 0x65, 0x20, 0x74, 0x6f, 0x20, 0x64, 0x69,
  0x73, 0x70, 0x6c, 0x61, 0x79, 0x73, 0x73, 0x63, 0x6f, 0x74, 0x74, 0x69, 0x73,
  0x68, 0x6a, 0x6f, 0x6e, 0x61, 0x74, 0x68, 0x61, 0x6e, 0x6d, 0x61, 0x6a, 0x6f,
  0x72, 0x69, 0x74, 0x79, 0x77, 0x69, 0x64, 0x67, 0x65, 0x74, 0x73, 0x2e, 0x63,
  0x6c, 0x69, 0x6e, 0x69, 0x63, 0x61, 0x6c, 0x74, 0x68, 0x61, 0x69, 0x6c, 0x61,
  0x6e, 0x64, 0x74, 0x65, 0x61, 0x63, 0x68, 0x65, 0x72, 0x73, 0x3c, 0x68, 0x65,
  0x61, 0x64, 0x3e, 0x0a, 0x09, 0x61, 0x66, 0x66, 0x65, 0x63, 0x74, 0x65, 0x64,
  0x73, 0x75, 0x70, 0x70, 0x6f, 0x72, 0x74, 0x73, 0x70, 0x6f, 0x69, 0x6e, 0x74,
  0x65, 0x72, 0x3b, 0x74, 0x6f, 0x53, 0x74, 0x72, 0x69, 0x6e, 0x67, 0x3c, 0x2f,
  0x73, 0x6d, 0x61, 0x6c, 0x6c, 0x3e, 0x6f, 0x6b, 0x6c, 0x61, 0x68, 0x6f, 0x6d,
  0x61, 0x77, 0x69, 0x6c, 0x6c, 0x20, 0x62, 0x65, 0x20, 0x69, 0x6e, 0x76, 0x65,
  0x73, 0x74, 0x6f, 0x72, 0x30, 0x22, 0x20, 0x61, 0x6c, 0x74, 0x3d, 0x22, 0x68,
  0x6f, 0x6c, 0x69, 0x64, 0x61, 0x79, 0x73, 0x52, 0x65, 0x73, 0x6f, 0x75, 0x72,
  0x63, 0x65, 0x6c, 0x69, 0x63, 0x65, 0x6e, 0x73, 0x65, 0x64, 0x20, 0x28, 0x77,
  0x68, 0x69, 0x63, 0x68, 0x20, 0x2e, 0x20, 0x41, 0x66, 0x74, 0x65, 0x72, 0x20,
  0x63, 0x6f, 0x6e, 0x73, 0x69, 0x64, 0x65, 0x72, 0x76, 0x69, 0x73, 0x69, 0x74,
  0x69, 0x6e, 0x67, 0x65, 0x78, 0x70, 0x6c, 0x6f, 0x72, 0x65, 0x72, 0x70, 0x72,
  0x69, 0x6d, 0x61, 0x72, 0x79, 0x20, 0x73, 0x65, 0x61, 0x72, 0x63, 0x68, 0x22,
  0x20, 0x61, 0x6e, 0x64, 0x72, 0x6f, 0x69, 0x64, 0x22, 0x71, 0x75, 0x69, 0x63,
  0x6b, 0x6c, 0x79, 0x20, 0x6d, 0x65, 0x65, 0x74, 0x69, 0x6e, 0x67, 0x73, 0x65,
  0x73, 0x74, 0x69, 0x6d, 0x61, 0x74, 0x65, 0x3b, 0x72, 0x65, 0x74, 0x75, 0x72,
  0x6e, 0x20, 0x3b, 0x63, 0x6f, 0x6c, 0x6f, 0x72, 0x3a, 0x23, 0x20, 0x68, 0x65,
  0x69, 0x67, 0x68, 0x74, 0x3d, 0x61, 0x70, 0x70, 0x72, 0x6f, 0x76, 0x61, 0x6c,
  0x2c, 0x20, 0x26, 0x71, 0x75, 0x6f, 0x74, 0x3b, 0x20, 0x63, 0x68, 0x65, 0x63,
  0x6b, 0x65, 0x64, 0x2e, 0x6d, 0x69, 0x6e, 0x2e, 0x6a, 0x73, 0x22, 0x6d, 0x61,
  0x67, 0x6e, 0x65, 0x74, 0x69, 0x63, 0x3e, 0x3c, 0x2f, 0x61, 0x3e, 0x3c, 0x2f,
  0x68, 0x66, 0x6f, 0x72, 0x65, 0x63, 0x61, 0x73, 0x74, 0x2e, 0x20, 0x57, 0x68,
  0x69, 0x6c, 0x65, 0x20, 0x74, 0x68, 0x75, 0x72, 0x73, 0x64, 0x61, 0x79, 0x64,
  0x76, 0x65, 0x72, 0x74, 0x69, 0x73, 0x65, 0x26, 0x65, 0x61, 0x63, 0x75, 0x74,
  0x65, 0x3b, 0x68, 0x61, 0x73, 0x43, 0x6c, 0x61, 0x73, 0x73, 0x65, 0x76, 0x61,
  0x6c, 0x75, 0x61, 0x74, 0x65, 0x6f, 0x72, 0x64, 0x65, 0x72, 0x69, 0x6e, 0x67,
  0x65, 0x78, 0x69, 0x73, 0x74, 0x69, 0x6e, 0x67, 0x70, 0x61, 0x74, 0x69, 0x65,
  0x6e, 0x74, 0x73, 0x20, 0x4f, 0x6e, 0x6c, 0x69, 0x6e, 0x65, 0x20, 0x63, 0x6f,
  0x6c, 0x6f, 0x72, 0x61, 0x64, 0x6f, 0x4f, 0x70, 0x74, 0x69, 0x6f, 0x6e, 0x73,
  0x22, 0x63, 0x61, 0x6d, 0x70, 0x62, 0x65, 0x6c, 0x6c, 0x3c, 0x21, 0x2d, 0x2d,
  0x20, 0x65, 0x6e, 0x64, 0x3c, 0x2f, 0x73, 0x70, 0x61, 0x6e, 0x3e, 0x3c, 0x3c,
  0x62, 0x72, 0x20, 0x2f, 0x3e, 0x0d, 0x0a, 0x5f, 0x70, 0x6f, 0x70, 0x75, 0x70,
  0x73, 0x7c, 0x73, 0x63, 0x69, 0x65, 0x6e, 0x63, 0x65, 0x73, 0x2c, 0x26, 0x71,
  0x75, 0x6f, 0x74, 0x3b, 0x20, 0x71, 0x75, 0x61, 0x6c, 0x69, 0x74, 0x79, 0x20,
  0x57, 0x69, 0x6e, 0x64, 0x6f, 0x77, 0x73, 0x20, 0x61, 0x73, 0x73, 0x69, 0x67,
  0x6e, 0x65, 0x64, 0x68, 0x65, 0x69, 0x67, 0x68, 0x74, 0x3a, 0x20, 0x3c, 0x62,
  0x20, 0x63, 0x6c, 0x61, 0x73, 0x73, 0x6c, 0x65, 0x26, 0x71, 0x75, 0x6f, 0x74,
  0x3b, 0x20, 0x76, 0x61, 0x6c, 0x75, 0x65, 0x3d, 0x22, 0x20, 0x43, 0x6f, 0x6d,
  0x70, 0x61, 0x6e, 0x79, 0x65, 0x78, 0x61, 0x6d, 0x70, 0x6c, 0x65, 0x73, 0x3c,
  0x69, 0x66, 0x72, 0x61, 0x6d, 0x65, 0x20, 0x62, 0x65, 0x6c, 0x69, 0x65, 0x76,
  0x65, 0x73, 0x70, 0x72, 0x65, 0x73, 0x65, 0x6e, 0x74, 0x73, 0x6d, 0x61, 0x72,
  0x73, 0x68, 0x61, 0x6c, 0x6c, 0x70, 0x61, 0x72, 0x74, 0x20, 0x6f, 0x66, 0x20,
  0x70, 0x72, 0x6f, 0x70, 0x65, 0x72, 0x6c, 0x79, 0x29, 0x2e, 0x0a, 0x0a, 0x54,
  0x68, 0x65, 0x20, 0x74, 0x61, 0x78, 0x6f, 0x6e, 0x6f, 0x6d, 0x79, 0x6d, 0x75,
  0x63, 0x68, 0x20, 0x6f, 0x66, 0x20, 0x3c, 0x2f, 0x73, 0x70, 0x61, 0x6e, 0x3e,
  0x0a, 0x22, 0x20, 0x64, 0x61, 0x74, 0x61, 0x2d, 0x73, 0x72, 0x74, 0x75, 0x67,
  0x75, 0xc3, 0xaa, 0x73, 0x73, 0x63, 0x72, 0x6f, 0x6c, 0x6c, 0x54, 0x6f, 0x20,
  0x70, 0x72, 0x6f, 0x6a, 0x65, 0x63, 0x74, 0x3c, 0x68, 0x65, 0x61, 0x64, 0x3e,
  0x0d, 0x0a, 0x61, 0x74, 0x74, 0x6f, 0x72, 0x6e, 0x65, 0x79, 0x65, 0x6d, 0x70,
  0x68, 0x61, 0x73, 0x69, 0x73, 0x73, 0x70, 0x6f, 0x6e, 0x73, 0x6f, 0x72, 0x73,
  0x66, 0x61, 0x6e, 0x63, 0x79, 0x62, 0x6f, 0x78, 0x77, 0x6f, 0x72, 0x6c, 0x64,
  0x27, 0x73, 0x20, 0x77, 0x69, 0x6c, 0x64, 0x6c, 0x69, 0x66, 0x65, 0x63, 0x68,
  0x65, 0x63, 0x6b, 0x65, 0x64, 0x3d, 0x73, 0x65, 0x73, 0x73, 0x69, 0x6f, 0x6e,
  0x73, 0x70, 0x72, 0x6f, 0x67, 0x72, 0x61, 0x6d, 0x6d, 0x70, 0x78, 0x3b, 0x66,
  0x6f, 0x6e, 0x74, 0x2d, 0x20, 0x50, 0x72, 0x6f, 0x6a, 0x65, 0x63, 0x74, 0x6a,
  0x6f, 0x75, 0x72, 0x6e, 0x61, 0x6c, 0x73, 0x62, 0x65, 0x6c, 0x69, 0x65, 0x76,
  0x65, 0x64, 0x76, 0x61, 0x63, 0x61, 0x74, 0x69, 0x6f, 0x6e, 0x74, 0x68, 0x6f,
  0x6d, 0x70, 0x73, 0x6f, 0x6e, 0x6c, 0x69, 0x67, 0x68, 0x74, 0x69, 0x6e, 0x67,
  0x61, 0x6e, 0x64, 0x20, 0x74, 0x68, 0x65, 0x20, 0x73, 0x70, 0x65, 0x63, 0x69,
  0x61, 0x6c, 0x20, 0x62, 0x6f, 0x72, 0x64, 0x65, 0x72, 0x3d, 0x30, 0x63, 0x68,
  0x65, 0x63, 0x6b, 0x69, 0x6e, 0x67, 0x3c, 0x2f, 0x74, 0x62, 0x6f, 0x64, 0x79,
  0x3e, 0x3c, 0x62, 0x75, 0x74, 0x74, 0x6f, 0x6e, 0x20, 0x43, 0x6f, 0x6d, 0x70,
  0x6c, 0x65, 0x74, 0x65, 0x63, 0x6c, 0x65, 0x61, 0x72, 0x66, 0x69, 0x78, 0x0a,
  0x3c, 0x68, 0x65, 0x61, 0x64, 0x3e, 0x0a, 0x61, 0x72, 0x74, 0x69, 0x63, 0x6c,
  0x65, 0x20, 0x3c, 0x73, 0x65, 0x63, 0x74, 0x69, 0x6f, 0x6e, 0x66, 0x69, 0x6e,
  0x64, 0x69, 0x6e, 0x67, 0x73, 0x72, 0x6f, 0x6c, 0x65, 0x20, 0x69, 0x6e, 0x20,
  0x70, 0x6f, 0x70, 0x75, 0x6c, 0x61, 0x72, 0x20, 0x20, 0x4f, 0x63, 0x74, 0x6f,
  0x62, 0x65, 0x72, 0x77, 0x65, 0x62, 0x73, 0x69, 0x74, 0x65, 0x20, 0x65, 0x78,
  0x70, 0x6f, 0x73, 0x75, 0x72, 0x65, 0x75, 0x73, 0x65, 0x64, 0x20, 0x74, 0x6f,
  0x20, 0x20, 0x63, 0x68, 0x61, 0x6e, 0x67, 0x65, 0x73, 0x6f, 0x70, 0x65, 0x72,
  0x61, 0x74, 0x65, 0x64, 0x63, 0x6c, 0x69, 0x63, 0x6b, 0x69, 0x6e, 0x67, 0x65,
  0x6e, 0x74, 0x65, 0x72, 0x69, 0x6e, 0x67, 0x63, 0x6f, 0x6d, 0x6d, 0x61, 0x6e,
  0x64, 0x73, 0x69, 0x6e, 0x66, 0x6f, 0x72, 0x6d, 0x65, 0x64, 0x20, 0x6e, 0x75,
  0x6d, 0x62, 0x65, 0x72, 0x73, 0x20, 0x20, 0x3c, 0x2f, 0x64, 0x69, 0x76, 0x3e,
  0x63, 0x72, 0x65, 0x61, 0x74, 0x69, 0x6e, 0x67, 0x6f, 0x6e, 0x53, 0x75, 0x62,
  0x6d, 0x69, 0x74, 0x6d, 0x61, 0x72, 0x79, 0x6c, 0x61, 0x6e, 0x64, 0x63, 0x6f,
  0x6c, 0x6c, 0x65, 0x67, 0x65, 0x73, 0x61, 0x6e, 0x61, 0x6c, 0x79, 0x74, 0x69,
  0x63, 0x6c, 0x69, 0x73, 0x74, 0x69, 0x6e, 0x67, 0x73, 0x63, 0x6f, 0x6e, 0x74,
  0x61, 0x63, 0x74, 0x2e, 0x6c, 0x6f, 0x67, 0x67, 0x65, 0x64, 0x49, 0x6e, 0x61,
  0x64, 0x76, 0x69, 0x73, 0x6f, 0x72, 0x79, 0x73, 0x69, 0x62, 0x6c, 0x69, 0x6e,
  0x67, 0x73, 0x63, 0x6f, 0x6e, 0x74, 0x65, 0x6e, 0x74, 0x22, 0x73, 0x26, 0x71,
  0x75, 0x6f, 0x74, 0x3b, 0x29, 0x73, 0x2e, 0x20, 0x54, 0x68, 0x69, 0x73, 0x20,
  0x70, 0x61, 0x63, 0x6b, 0x61, 0x67, 0x65, 0x73, 0x63, 0x68, 0x65, 0x63, 0x6b,
  0x62, 0x6f, 0x78, 0x73, 0x75, 0x67, 0x67, 0x65, 0x73, 0x74, 0x73, 0x70, 0x72,
  0x65, 0x67, 0x6e, 0x61, 0x6e, 0x74, 0x74, 0x6f, 0x6d, 0x6f, 0x72, 0x72, 0x6f,
  0x77, 0x73, 0x70, 0x61, 0x63, 0x69, 0x6e, 0x67, 0x3d, 0x69, 0x63, 0x6f, 0x6e,
  0x2e, 0x70, 0x6e, 0x67, 0x6a, 0x61, 0x70, 0x61, 0x6e, 0x65, 0x73, 0x65, 0x63,
  0x6f, 0x64, 0x65, 0x62, 0x61, 0x73, 0x65, 0x62, 0x75, 0x74, 0x74, 0x6f, 0x6e,
  0x22, 0x3e, 0x67, 0x61, 0x6d, 0x62, 0x6c, 0x69, 0x6e, 0x67, 0x73, 0x75, 0x63,
  0x68, 0x20, 0x61, 0x73, 0x20, 0x2c, 0x20, 0x77, 0x68, 0x69, 0x6c, 0x65, 0x20,
  0x3c, 0x2f, 0x73, 0x70, 0x61, 0x6e, 0x3e, 0x20, 0x6d, 0x69, 0x73, 0x73, 0x6f,
  0x75, 0x72, 0x69, 0x73, 0x70, 0x6f, 0x72, 0x74, 0x69, 0x6e, 0x67, 0x74, 0x6f,
  0x70, 0x3a, 0x31, 0x70, 0x78, 0x20, 0x2e, 0x3c, 0x2f, 0x73, 0x70, 0x61, 0x6e,
  0x3e, 0x74, 0x65, 0x6e, 0x73, 0x69, 0x6f, 0x6e, 0x73, 0x77, 0x69, 0x64, 0x74,
  0x68, 0x3d, 0x22, 0x32, 0x6c, 0x61, 0x7a, 0x79, 0x6c, 0x6f, 0x61, 0x64, 0x6e,
  0x6f, 0x76, 0x65, 0x6d, 0x62, 0x65, 0x72, 0x75, 0x73, 0x65, 0x64, 0x20, 0x69,
  0x6e, 0x20, 0x68, 0x65, 0x69, 0x67, 0x68, 0x74, 0x3d, 0x22, 0x63, 0x72, 0x69,
  0x70, 0x74, 0x22, 0x3e, 0x0a, 0x26, 0x6e, 0x62, 0x73, 0x70, 0x3b, 0x3c, 0x2f,
  0x3c, 0x74, 0x72, 0x3e, 0x3c, 0x74, 0x64, 0x20, 0x68, 0x65, 0x69, 0x67, 0x68,
  0x74, 0x3a, 0x32, 0x2f, 0x70, 0x72, 0x6f, 0x64, 0x75, 0x63, 0x74, 0x63, 0x6f,
  0x75, 0x6e, 0x74, 0x72, 0x79, 0x20, 0x69, 0x6e, 0x63, 0x6c, 0x75, 0x64, 0x65,
  0x20, 0x66, 0x6f, 0x6f, 0x74, 0x65, 0x72, 0x22, 0x20, 0x26, 0x6c, 0x74, 0x3b,
  0x21, 0x2d, 0x2d, 0x20, 0x74, 0x69, 0x74, 0x6c, 0x65, 0x22, 0x3e, 0x3c, 0x2f,
  0x6a, 0x71, 0x75, 0x65, 0x72, 0x79, 0x2e, 0x3c, 0x2f, 0x66, 0x6f, 0x72, 0x6d,
  0x3e, 0x0a, 0x28, 0xe7, 0xae, 0x80, 0xe4, 0xbd, 0x93, 0x29, 0x28, 0xe7, 0xb9,
  0x81, 0xe9, 0xab, 0x94, 0x29, 0x68, 0x72, 0x76, 0x61, 0x74, 0x73, 0x6b, 0x69,
  0x69, 0x74, 0x61, 0x6c, 0x69, 0x61, 0x6e, 0x6f, 0x72, 0x6f, 0x6d, 0xc3, 0xa2,
  0x6e, 0xc4, 0x83, 0x74, 0xc3, 0xbc, 0x72, 0x6b, 0xc3, 0xa7, 0x65, 0xd8, 0xa7,
  0xd8, 0xb1, 0xd8, 0xaf, 0xd9, 0x88, 0x74, 0x61, 0x6d, 0x62, 0x69, 0xc3, 0xa9,
  0x6e, 0x6e, 0x6f, 0x74, 0x69, 0x63, 0x69, 0x61, 0x73, 0x6d, 0x65, 0x6e, 0x73,
  0x61, 0x6a, 0x65, 0x73, 0x70, 0x65, 0x72, 0x73, 0x6f, 0x6e, 0x61, 0x73, 0x64,
  0x65, 0x72, 0x65, 0x63, 0x68, 0x6f, 0x73, 0x6e, 0x61, 0x63, 0x69, 0x6f, 0x6e,
  0x61, 0x6c, 0x73, 0x65, 0x72, 0x76, 0x69, 0x63, 0x69, 0x6f, 0x63, 0x6f, 0x6e,
  0x74, 0x61, 0x63, 0x74, 0x6f, 0x75, 0x73, 0x75, 0x61, 0x72, 0x69, 0x6f, 0x73,
  0x70, 0x72, 0x6f, 0x67, 0x72, 0x61, 0x6d, 0x61, 0x67, 0x6f, 0x62, 0x69, 0x65,
  0x72, 0x6e, 0x6f, 0x65, 0x6d, 0x70, 0x72, 0x65, 0x73, 0x61, 0x73, 0x61, 0x6e,
  0x75, 0x6e, 0x63, 0x69, 0x6f, 0x73, 0x76, 0x61, 0x6c, 0x65, 0x6e, 0x63, 0x69,
  0x61, 0x63, 0x6f, 0x6c, 0x6f, 0x6d, 0x62, 0x69, 0x61, 0x64, 0x65, 0x73, 0x70,
  0x75, 0xc3, 0xa9, 0x73, 0x64, 0x65, 0x70, 0x6f, 0x72, 0x74, 0x65, 0x73, 0x70,
  0x72, 0x6f, 0x79, 0x65, 0x63, 0x74, 0x6f, 0x70, 0x72, 0x6f, 0x64, 0x75, 0x63,
  0x74, 0x6f, 0x70, 0xc3, 0xba, 0x62, 0x6c, 0x69, 0x63, 0x6f, 0x6e, 0x6f, 0x73,
  0x6f, 0x74, 0x72, 0x6f, 0x73, 0x68, 0x69, 0x73, 0x74, 0x6f, 0x72, 0x69, 0x61,
  0x70, 0x72, 0x65, 0x73, 0x65, 0x6e, 0x74, 0x65, 0x6d, 0x69, 0x6c, 0x6c, 0x6f,
  0x6e, 0x65, 0x73, 0x6d, 0x65, 0x64, 0x69, 0x61, 0x6e, 0x74, 0x65, 0x70, 0x72,
  0x65, 0x67, 0x75, 0x6e, 0x74, 0x61, 0x61, 0x6e, 0x74, 0x65, 0x72, 0x69, 0x6f,
  0x72, 0x72, 0x65, 0x63, 0x75, 0x72, 0x73, 0x6f, 0x73, 0x70, 0x72, 0x6f, 0x62,
  0x6c, 0x65, 0x6d, 0x61, 0x73, 0x61, 0x6e, 0x74, 0x69, 0x61, 0x67, 0x6f, 0x6e,
  0x75, 0x65, 0x73, 0x74, 0x72, 0x6f, 0x73, 0x6f, 0x70, 0x69, 0x6e, 0x69, 0xc3,
  0xb3, 0x6e, 0x69, 0x6d, 0x70, 0x72, 0x69, 0x6d, 0x69, 0x72, 0x6d, 0x69, 0x65,
  0x6e, 0x74, 0x72, 0x61, 0x73, 0x61, 0x6d, 0xc3, 0xa9, 0x72, 0x69, 0x63, 0x61,
  0x76, 0x65, 0x6e, 0x64, 0x65, 0x64, 0x6f, 0x72, 0x73, 0x6f, 0x63, 0x69, 0x65,
  0x64, 0x61, 0x64, 0x72, 0x65, 0x73, 0x70, 0x65, 0x63, 0x74, 0x6f, 0x72, 0x65,
  0x61, 0x6c, 0x69, 0x7a, 0x61, 0x72, 0x72, 0x65, 0x67, 0x69, 0x73, 0x74, 0x72,
  0x6f, 0x70, 0x61, 0x6c, 0x61, 0x62, 0x72, 0x61, 0x73, 0x69, 0x6e, 0x74, 0x65,
  0x72, 0xc3, 0xa9, 0x73, 0x65, 0x6e, 0x74, 0x6f, 0x6e, 0x63, 0x65, 0x73, 0x65,
  0x73, 0x70, 0x65, 0x63, 0x69, 0x61, 0x6c, 0x6d, 0x69, 0x65, 0x6d, 0x62, 0x72,
  0x6f, 0x73, 0x72, 0x65, 0x61, 0x6c, 0x69, 0x64, 0x61, 0x64, 0x63, 0xc3, 0xb3,
  0x72, 0x64, 0x6f, 0x62, 0x61, 0x7a, 0x61, 0x72, 0x61, 0x67, 0x6f, 0x7a, 0x61,
  0x70, 0xc3, 0xa1, 0x67, 0x69, 0x6e, 0x61, 0x73, 0x73, 0x6f, 0x63, 0x69, 0x61,
  0x6c, 0x65, 0x73, 0x62, 0x6c, 0x6f, 0x71, 0x75, 0x65, 0x61, 0x72, 0x67, 0x65,
  0x73, 0x74, 0x69, 0xc3, 0xb3, 0x6e, 0x61, 0x6c, 0x71, 0x75, 0x69, 0x6c, 0x65,
  0x72, 0x73, 0x69, 0x73, 0x74, 0x65, 0x6d, 0x61, 0x73, 0x63, 0x69, 0x65, 0x6e,
  0x63, 0x69, 0x61, 0x73, 0x63, 0x6f, 0x6d, 0x70, 0x6c, 0x65, 0x74, 0x6f, 0x76,
  0x65, 0x72, 0x73, 0x69, 0xc3, 0xb3, 0x6e, 0x63, 0x6f, 0x6d, 0x70, 0x6c, 0x65,
  0x74, 0x61, 0x65, 0x73, 0x74, 0x75, 0x64, 0x69, 0x6f, 0x73, 0x70, 0xc3, 0xba,
  0x62, 0x6c, 0x69, 0x63, 0x61, 0x6f, 0x62, 0x6a, 0x65, 0x74, 0x69, 0x76, 0x6f,
  0x61, 0x6c, 0x69, 0x63, 0x61, 0x6e, 0x74, 0x65, 0x62, 0x75, 0x73, 0x63, 0x61,
  0x64, 0x6f, 0x72, 0x63, 0x61, 0x6e, 0x74, 0x69, 0x64, 0x61, 0x64, 0x65, 0x6e,
  0x74, 0x72, 0x61, 0x64, 0x61, 0x73, 0x61, 0x63, 0x63, 0x69, 0x6f, 0x6e, 0x65,
  0x73, 0x61, 0x72, 0x63, 0x68, 0x69, 0x76, 0x6f, 0x73, 0x73, 0x75, 0x70, 0x65,
  0x72, 0x69, 0x6f, 0x72, 0x6d, 0x61, 0x79, 0x6f, 0x72, 0xc3, 0xad, 0x61, 0x61,
  0x6c, 0x65, 0x6d, 0x61, 0x6e, 0x69, 0x61, 0x66, 0x75, 0x6e, 0x63, 0x69, 0xc3,
  0xb3, 0x6e, 0xc3, 0xba, 0x6c, 0x74, 0x69, 0x6d, 0x6f, 0x73, 0x68, 0x61, 0x63,
  0x69, 0x65, 0x6e, 0x64, 0x6f, 0x61, 0x71, 0x75, 0x65, 0x6c, 0x6c, 0x6f, 0x73,
  0x65, 0x64, 0x69, 0x63, 0x69, 0xc3, 0xb3, 0x6e, 0x66, 0x65, 0x72, 0x6e, 0x61,
  0x6e, 0x64, 0x6f, 0x61, 0x6d, 0x62, 0x69, 0x65, 0x6e, 0x74, 0x65, 0x66, 0x61,
  0x63, 0x65, 0x62, 0x6f, 0x6f, 0x6b, 0x6e, 0x75, 0x65, 0x73, 0x74, 0x72, 0x61,
  0x73, 0x63, 0x6c, 0x69, 0x65, 0x6e, 0x74, 0x65, 0x73, 0x70, 0x72, 0x6f, 0x63,
  0x65, 0x73, 0x6f, 0x73, 0x62, 0x61, 0x73, 0x74, 0x61, 0x6e, 0x74, 0x65, 0x70,
  0x72, 0x65, 0x73, 0x65, 0x6e, 0x74, 0x61, 0x72, 0x65, 0x70, 0x6f, 0x72, 0x74,
  0x61, 0x72, 0x63, 0x6f, 0x6e, 0x67, 0x72, 0x65, 0x73, 0x6f, 0x70, 0x75, 0x62,
  0x6c, 0x69, 0x63, 0x61, 0x72, 0x63, 0x6f, 0x6d, 0x65, 0x72, 0x63, 0x69, 0x6f,
  0x63, 0x6f, 0x6e, 0x74, 0x72, 0x61, 0x74, 0x6f, 0x6a, 0xc3, 0xb3, 0x76, 0x65,
  0x6e, 0x65, 0x73, 0x64, 0x69, 0x73, 0x74, 0x72, 0x69, 0x74, 0x6f, 0x74, 0xc3,
  0xa9, 0x63, 0x6e, 0x69, 0x63, 0x61, 0x63, 0x6f, 0x6e, 0x6a, 0x75, 0x6e, 0x74,
  0x6f, 0x65, 0x6e, 0x65, 0x72, 0x67, 0xc3, 0xad, 0x61, 0x74, 0x72, 0x61, 0x62,
  0x61, 0x6a, 0x61, 0x72, 0x61, 0x73, 0x74, 0x75, 0x72, 0x69, 0x61, 0x73, 0x72,
  0x65, 0x63, 0x69, 0x65, 0x6e, 0x74, 0x65, 0x75, 0x74, 0x69, 0x6c, 0x69, 0x7a,
  0x61, 0x72, 0x62, 0x6f, 0x6c, 0x65, 0x74, 0xc3, 0xad, 0x6e, 0x73, 0x61, 0x6c,
  0x76, 0x61, 0x64, 0x6f, 0x72, 0x63, 0x6f, 0x72, 0x72, 0x65, 0x63, 0x74, 0x61,
  0x74, 0x72, 0x61, 0x62, 0x61, 0x6a, 0x6f, 0x73, 0x70, 0x72, 0x69, 0x6d, 0x65,
  0x72, 0x6f, 0x73, 0x6e, 0x65, 0x67, 0x6f, 0x63, 0x69, 0x6f, 0x73, 0x6c, 0x69,
  0x62, 0x65, 0x72, 0x74, 0x61, 0x64, 0x64, 0x65, 0x74, 0x61, 0x6c, 0x6c, 0x65,
  0x73, 0x70, 0x61, 0x6e, 0x74, 0x61, 0x6c, 0x6c, 0x61, 0x70, 0x72, 0xc3, 0xb3,
  0x78, 0x69, 0x6d, 0x6f, 0x61, 0x6c, 0x6d, 0x65, 0x72, 0xc3, 0xad, 0x61, 0x61,
  0x6e, 0x69, 0x6d, 0x61, 0x6c, 0x65, 0x73, 0x71, 0x75, 0x69, 0xc3, 0xa9, 0x6e,
  0x65, 0x73, 0x63, 0x6f, 0x72, 0x61, 0x7a, 0xc3, 0xb3, 0x6e, 0x73, 0x65, 0x63,
  0x63, 0x69, 0xc3, 0xb3, 0x6e, 0x62, 0x75, 0x73, 0x63, 0x61, 0x6e, 0x64, 0x6f,
  0x6f, 0x70, 0x63, 0x69, 0x6f, 0x6e, 0x65, 0x73, 0x65, 0x78, 0x74, 0x65, 0x72,
  0x69, 0x6f, 0x72, 0x63, 0x6f, 0x6e, 0x63, 0x65, 0x70, 0x74, 0x6f, 0x74, 0x6f,
  0x64, 0x61, 0x76, 0xc3, 0xad, 0x61, 0x67, 0x61, 0x6c, 0x65, 0x72, 0xc3, 0xad,
  0x61, 0x65, 0x73, 0x63, 0x72, 0x69, 0x62, 0x69, 0x72, 0x6d, 0x65, 0x64, 0x69,
  0x63, 0x69, 0x6e, 0x61, 0x6c, 0x69, 0x63, 0x65, 0x6e, 0x63, 0x69, 0x61, 0x63,
  0x6f, 0x6e, 0x73, 0x75, 0x6c, 0x74, 0x61, 0x61, 0x73, 0x70, 0x65, 0x63, 0x74,
  0x6f, 0x73, 0x63, 0x72, 0xc3, 0xad, 0x74, 0x69, 0x63, 0x61, 0x64, 0xc3, 0xb3,
  0x6c, 0x61, 0x72, 0x65, 0x73, 0x6a, 0x75, 0x73, 0x74, 0x69, 0x63, 0x69, 0x61,
  0x64, 0x65, 0x62, 0x65, 0x72, 0xc3, 0xa1, 0x6e, 0x70, 0x65, 0x72, 0xc3, 0xad,
  0x6f, 0x64, 0x6f, 0x6e, 0x65, 0x63, 0x65, 0x73, 0x69, 0x74, 0x61, 0x6d, 0x61,
  0x6e, 0x74, 0x65, 0x6e, 0x65, 0x72, 0x70, 0x65, 0x71, 0x75, 0x65, 0xc3, 0xb1,
  0x6f, 0x72, 0x65, 0x63, 0x69, 0x62, 0x69, 0x64, 0x61, 0x74, 0x72, 0x69, 0x62,
  0x75, 0x6e, 0x61, 0x6c, 0x74, 0x65, 0x6e, 0x65, 0x72, 0x69, 0x66, 0x65, 0x63,
  0x61, 0x6e, 0x63, 0x69, 0xc3, 0xb3, 0x6e, 0x63, 0x61, 0x6e, 0x61, 0x72, 0x69,
  0x61, 0x73, 0x64, 0x65, 0x73, 0x63, 0x61, 0x72, 0x67, 0x61, 0x64, 0x69, 0x76,
  0x65, 0x72, 0x73, 0x6f, 0x73, 0x6d, 0x61, 0x6c, 0x6c, 0x6f, 0x72, 0x63, 0x61,
  0x72, 0x65, 0x71, 0x75, 0x69, 0x65, 0x72, 0x65, 0x74, 0xc3, 0xa9, 0x63, 0x6e,
  0x69, 0x63, 0x6f, 0x64, 0x65, 0x62, 0x65, 0x72, 0xc3, 0xad, 0x61, 0x76, 0x69,
  0x76, 0x69, 0x65, 0x6e, 0x64, 0x61, 0x66, 0x69, 0x6e, 0x61, 0x6e, 0x7a, 0x61,
  0x73, 0x61, 0x64, 0x65, 0x6c, 0x61, 0x6e, 0x74, 0x65, 0x66, 0x75, 0x6e, 0x63,
  0x69, 0x6f, 0x6e, 0x61, 0x63, 0x6f, 0x6e, 0x73, 0x65, 0x6a, 0x6f, 0x73, 0x64,
  0x69, 0x66, 0xc3, 0xad, 0x63, 0x69, 0x6c, 0x63, 0x69, 0x75, 0x64, 0x61, 0x64,
  0x65, 0x73, 0x61, 0x6e, 0x74, 0x69, 0x67, 0x75, 0x61, 0x73, 0x61, 0x76, 0x61,
  0x6e, 0x7a, 0x61, 0x64, 0x61, 0x74, 0xc3, 0xa9, 0x72, 0x6d, 0x69, 0x6e, 0x6f,
  0x75, 0x6e, 0x69, 0x64, 0x61, 0x64, 0x65, 0x73, 0x73, 0xc3, 0xa1, 0x6e, 0x63,
  0x68, 0x65, 0x7a, 0x63, 0x61, 0x6d, 0x70, 0x61, 0xc3, 0xb1, 0x61, 0x73, 0x6f,
  0x66, 0x74, 0x6f, 0x6e, 0x69, 0x63, 0x72, 0x65, 0x76, 0x69, 0x73, 0x74, 0x61,
  0x73, 0x63, 0x6f, 0x6e, 0x74, 0x69, 0x65, 0x6e, 0x65, 0x73, 0x65, 0x63, 0x74,
  0x6f, 0x72, 0x65, 0x73, 0x6d, 0x6f, 0x6d, 0x65, 0x6e, 0x74, 0x6f, 0x73, 0x66,
  0x61, 0x63, 0x75, 0x6c, 0x74, 0x61, 0x64, 0x63, 0x72, 0xc3, 0xa9, 0x64, 0x69,
  0x74, 0x6f, 0x64, 0x69, 0x76, 0x65, 0x72, 0x73, 0x61, 0x73, 0x73, 0x75, 0x70,
  0x75, 0x65, 0x73, 0x74, 0x6f, 0x66, 0x61, 0x63, 0x74, 0x6f, 0x72, 0x65, 0x73,
  0x73, 0x65, 0x67, 0x75, 0x6e, 0x64, 0x6f, 0x73, 0x70, 0x65, 0x71, 0x75, 0x65,
  0xc3, 0xb1, 0x61, 0xd0, 0xb3, 0xd0, 0xbe, 0xd0, 0xb4, 0xd0, 0xb0, 0xd0, 0xb5,
  0xd1, 0x81, 0xd0, 0xbb, 0xd0, 0xb8, 0xd0, 0xb5, 0xd1, 0x81, 0xd1, 0x82, 0xd1,
  0x8c, 0xd0, 0xb1, 0xd1, 0x8b, 0xd0, 0xbb, 0xd0, 0xbe, 0xd0, 0xb1, 0xd1, 0x8b,
  0xd1, 0x82, 0xd1, 0x8c, 0xd1, 0x8d, 0xd1, 0x82, 0xd0, 0xbe, 0xd0, 0xbc, 0xd0,
  0x95, 0xd1, 0x81, 0xd0, 0xbb, 0xd0, 0xb8, 0xd1, 0x82, 0xd0, 0xbe, 0xd0, 0xb3,
  0xd0, 0xbe, 0xd0, 0xbc, 0xd0, 0xb5, 0xd0, 0xbd, 0xd1, 0x8f, 0xd0, 0xb2, 0xd1,
  0x81, 0xd0, 0xb5, 0xd1, 0x85, 0xd1, 0x8d, 0xd1, 0x82, 0xd0, 0xbe, 0xd0, 0xb9,
  0xd0, 0xb4, 0xd0, 0xb0, 0xd0, 0xb6, 0xd0, 0xb5, 0xd0, 0xb1, 0xd1, 0x8b, 0xd0,
  0xbb, 0xd0, 0xb8, 0xd0, 0xb3, 0xd0, 0xbe, 0xd0, 0xb4, 0xd1, 0x83, 0xd0, 0xb4,
  0xd0, 0xb5, 0xd0, 0xbd, 0xd1, 0x8c, 0xd1, 0x8d, 0xd1, 0x82, 0xd0, 0xbe, 0xd1,
  0x82, 0xd0, 0xb1, 0xd1, 0x8b, 0xd0, 0xbb, 0xd0, 0xb0, 0xd1, 0x81, 0xd0, 0xb5,
  0xd0, 0xb1, 0xd1, 0x8f, 0xd0, 0xbe, 0xd0, 0xb4, 0xd0, 0xb8, 0xd0, 0xbd, 0xd1,
  0x81, 0xd0, 0xb5, 0xd0, 0xb1, 0xd0, 0xb5, 0xd0, 0xbd, 0xd0, 0xb0, 0xd0, 0xb4,
  0xd0, 0xbe, 0xd1, 0x81, 0xd0, 0xb0, 0xd0, 0xb9, 0xd1, 0x82, 0xd1, 0x84, 0xd0,
  0xbe, 0xd1, 0x82, 0xd0, 0xbe, 0xd0, 0xbd, 0xd0, 0xb5, 0xd0, 0xb3, 0xd0, 0xbe,
  0xd1, 0x81, 0xd0, 0xb2, 0xd0, 0xbe, 0xd0, 0xb8, 0xd1, 0x81, 0xd0, 0xb2, 0xd0,
  0xbe, 0xd0, 0xb9, 0xd0, 0xb8, 0xd0, 0xb3, 0xd1, 0x80, 0xd1, 0x8b, 0xd1, 0x82,
  0xd0, 0xbe, 0xd0, 0xb6, 0xd0, 0xb5, 0xd0, 0xb2, 0xd1, 0x81, 0xd0, 0xb5, 0xd0,
  0xbc, 0xd1, 0x81, 0xd0, 0xb2, 0xd0, 0xbe, 0xd1, 0x8e, 0xd0, 0xbb, 0xd0, 0xb8,
  0xd1, 0x88, 0xd1, 0x8c, 0xd1, 0x8d, 0xd1, 0x82, 0xd0, 0xb8, 0xd1, 0x85, 0xd0,
  0xbf, 0xd0, 0xbe, 0xd0, 0xba, 0xd0, 0xb0, 0xd0, 0xb4, 0xd0, 0xbd, 0xd0, 0xb5,
  0xd0, 0xb9, 0xd0, 0xb4, 0xd0, 0xbe, 0xd0, 0xbc, 0xd0, 0xb0, 0xd0, 0xbc, 0xd0,
  0xb8, 0xd1, 0x80, 0xd0, 0xb0, 0xd0, 0xbb, 0xd0, 0xb8, 0xd0, 0xb1, 0xd0, 0xbe,
  0xd1, 0x82, 0xd0, 0xb5, 0xd0, 0xbc, 0xd1, 0x83, 0xd1, 0x85, 0xd0, 0xbe, 0xd1,
  0x82, 0xd1, 0x8f, 0xd0, 0xb4, 0xd0, 0xb2, 0xd1, 0x83, 0xd1, 0x85, 0xd1, 0x81,
  0xd0, 0xb5, 0xd1, 0x82, 0xd0, 0xb8, 0xd0, 0xbb, 0xd1, 0x8e, 0xd0, 0xb4, 0xd0,
  0xb8, 0xd0, 0xb4, 0xd0, 0xb5, 0xd0, 0xbb, 0xd0, 0xbe, 0xd0, 0xbc, 0xd0, 0xb8,
  0xd1, 0x80, 0xd0, 0xb5, 0xd1, 0x82, 0xd0, 0xb5, 0xd0, 0xb1, 0xd1, 0x8f, 0xd1,
  0x81, 0xd0, 0xb2, 0xd0, 0xbe, 0xd0, 0xb5, 0xd0, 0xb2, 0xd0, 0xb8, 0xd0, 0xb4,
  0xd0, 0xb5, 0xd1, 0x87, 0xd0, 0xb5, 0xd0, 0xb3, 0xd0, 0xbe, 0xd1, 0x8d, 0xd1,
  0x82, 0xd0, 0xb8, 0xd0, 0xbc, 0xd1, 0x81, 0xd1, 0x87, 0xd0, 0xb5, 0xd1, 0x82,
  0xd1, 0x82, 0xd0, 0xb5, 0xd0, 0xbc, 0xd1, 0x8b, 0xd1, 0x86, 0xd0, 0xb5, 0xd0,
  0xbd, 0xd1, 0x8b, 0xd1, 0x81, 0xd1, 0x82, 0xd0, 0xb0, 0xd0, 0xbb, 0xd0, 0xb2,
  0xd0, 0xb5, 0xd0, 0xb4, 0xd1, 0x8c, 0xd1, 0x82, 0xd0, 0xb5, 0xd0, 0xbc, 0xd0,
  0xb5, 0xd0, 0xb2, 0xd0, 0xbe, 0xd0, 0xb4, 0xd1, 0x8b, 0xd1, 0x82, 0xd0, 0xb5,
  0xd0, 0xb1, 0xd0, 0xb5, 0xd0, 0xb2, 0xd1, 0x8b, 0xd1, 0x88, 0xd0, 0xb5, 0xd0,
  0xbd, 0xd0, 0xb0, 0xd0, 0xbc, 0xd0, 0xb8, 0xd1, 0x82, 0xd0, 0xb8, 0xd0, 0xbf,
  0xd0, 0xb0, 0xd1, 0x82, 0xd0, 0xbe, 0xd0, 0xbc, 0xd1, 0x83, 0xd0, 0xbf, 0xd1,
  0x80, 0xd0, 0xb0, 0xd0, 0xb2, 0xd0, 0xbb, 0xd0, 0xb8, 0xd1, 0x86, 0xd0, 0xb0,
  0xd0, 0xbe, 0xd0, 0xb4, 0xd0, 0xbd, 0xd0, 0xb0, 0xd0, 0xb3, 0xd0, 0xbe, 0xd0,
  0xb4, 0xd1, 0x8b, 0xd0, 0xb7, 0xd0, 0xbd, 0xd0, 0xb0, 0xd1, 0x8e, 0xd0, 0xbc,
  0xd0, 0xbe, 0xd0, 0xb3, 0xd1, 0x83, 0xd0, 0xb4, 0xd1, 0x80, 0xd1, 0x83, 0xd0,
  0xb3, 0xd0, 0xb2, 0xd1, 0x81, 0xd0, 0xb5, 0xd0, 0xb9, 0xd0, 0xb8, 0xd0, 0xb4,
  0xd0, 0xb5, 0xd1, 0x82, 0xd0, 0xba, 0xd0, 0xb8, 0xd0, 0xbd, 0xd0, 0xbe, 0xd0,
  0xbe, 0xd0, 0xb4, 0xd0, 0xbd, 0xd0, 0xbe, 0xd0, 0xb4, 0xd0, 0xb5, 0xd0, 0xbb,
  0xd0, 0xb0, 0xd0, 0xb4, 0xd0, 0xb5, 0xd0, 0xbb, 0xd0, 0xb5, 0xd1, 0x81, 0xd1,
  0x80, 0xd0, 0xbe, 0xd0, 0xba, 0xd0, 0xb8, 0xd1, 0x8e, 0xd0, 0xbd, 0xd1, 0x8f,
  0xd0, 0xb2, 0xd0, 0xb5, 0xd1, 0x81, 0xd1, 0x8c, 0xd0, 0x95, 0xd1, 0x81, 0xd1,
  0x82, 0xd1, 0x8c, 0xd1, 0x80, 0xd0, 0xb0, 0xd0, 0xb7, 0xd0, 0xb0, 0xd0, 0xbd,
  0xd0, 0xb0, 0xd1, 0x88, 0xd0, 0xb8, 0xd8, 0xa7, 0xd9, 0x84, 0xd9, 0x84, 0xd9,
  0x87, 0xd8, 0xa7, 0xd9, 0x84, 0xd8, 0xaa, 0xd9, 0x8a, 0xd8, 0xac, 0xd9, 0x85,
  0xd9, 0x8a, 0xd8, 0xb9, 0xd8, 0xae, 0xd8, 0xa7, 0xd8, 0xb5, 0xd8, 0xa9, 0xd8,
  0xa7, 0xd9, 0x84, 0xd8, 0xb0, 0xd9, 0x8a, 0xd8, 0xb9, 0xd9, 0x84, 0xd9, 0x8a,
  0xd9, 0x87, 0xd8, 0xac, 0xd8, 0xaf, 0xd9, 0x8a, 0xd8, 0xaf, 0xd8, 0xa7, 0xd9,
  0x84, 0xd8, 0xa2, 0xd9, 0x86, 0xd8, 0xa7, 0xd9, 0x84, 0xd8, 0xb1, 0xd8, 0xaf,
  0xd8, 0xaa, 0xd8, 0xad, 0xd9, 0x83, 0xd9, 0x85, 0xd8, 0xb5, 0xd9, 0x81, 0xd8,
  0xad, 0xd8, 0xa9, 0xd9, 0x83, 0xd8, 0xa7, 0xd9, 0x86, 0xd8, 0xaa, 0xd8, 0xa7,
  0xd9, 0x84, 0xd9, 0x84, 0xd9, 0x8a, 0xd9, 0x8a, 0xd9, 0x83, 0xd9, 0x88, 0xd9,
  0x86, 0xd8, 0xb4, 0xd8, 0xa8, 0xd9, 0x83, 0xd8, 0xa9, 0xd9, 0x81, 0xd9, 0x8a,
  0xd9, 0x87, 0xd8, 0xa7, 0xd8, 0xa8, 0xd9, 0x86, 0xd8, 0xa7, 0xd8, 0xaa, 0xd8,
  0xad, 0xd9, 0x88, 0xd8, 0xa7, 0xd8, 0xa1, 0xd8, 0xa3, 0xd9, 0x83, 0xd8, 0xab,
  0xd8, 0xb1, 0xd8, 0xae, 0xd9, 0x84, 0xd8, 0xa7, 0xd9, 0x84, 0xd8, 0xa7, 0xd9,
  0x84, 0xd8, 0xad, 0xd8, 0xa8, 0xd8, 0xaf, 0xd9, 0x84, 0xd9, 0x8a, 0xd9, 0x84,
  0xd8, 0xaf, 0xd8, 0xb1, 0xd9, 0x88, 0xd8, 0xb3, 0xd8, 0xa7, 0xd8, 0xb6, 0xd8,
  0xba, 0xd8, 0xb7, 0xd8, 0xaa, 0xd9, 0x83, 0xd9, 0x88, 0xd9, 0x86, 0xd9, 0x87,
  0xd9, 0x86, 0xd8, 0xa7, 0xd9, 0x83, 0xd8, 0xb3, 0xd8, 0xa7, 0xd8, 0xad, 0xd8,
  0xa9, 0xd9, 0x86, 0xd8, 0xa7, 0xd8, 0xaf, 0xd9, 0x8a, 0xd8, 0xa7, 0xd9, 0x84,
  0xd8, 0xb7, 0xd8, 0xa8, 0xd8, 0xb9, 0xd9, 0x84, 0xd9, 0x8a, 0xd9, 0x83, 0xd8,
  0xb4, 0xd9, 0x83, 0xd8, 0xb1, 0xd8, 0xa7, 0xd9, 0x8a, 0xd9, 0x85, 0xd9, 0x83,
  0xd9, 0x86, 0xd9, 0x85, 0xd9, 0x86, 0xd9, 0x87, 0xd8, 0xa7, 0xd8, 0xb4, 0xd8,
  0xb1, 0xd9, 0x83, 0xd8, 0xa9, 0xd8, 0xb1, 0xd8, 0xa6, 0xd9, 0x8a, 0xd8, 0xb3,
  0xd9, 0x86, 0xd8, 0xb4, 0xd9, 0x8a, 0xd8, 0xb7, 0xd9, 0x85, 0xd8, 0xa7, 0xd8,
  0xb0, 0xd8, 0xa7, 0xd8, 0xa7, 0xd9, 0x84, 0xd9, 0x81, 0xd9, 0x86, 0xd8, 0xb4,
  0xd8, 0xa8, 0xd8, 0xa7, 0xd8, 0xa8, 0xd8, 0xaa, 0xd8, 0xb9, 0xd8, 0xa8, 0xd8,
  0xb1, 0xd8, 0xb1, 0xd8, 0xad, 0xd9, 0x85, 0xd8, 0xa9, 0xd9, 0x83, 0xd8, 0xa7,
  0xd9, 0x81, 0xd8, 0xa9, 0xd9, 0x8a, 0xd9, 0x82, 0xd9, 0x88, 0xd9, 0x84, 0xd9,
  0x85, 0xd8, 0xb1, 0xd9, 0x83, 0xd8, 0xb2, 0xd9, 0x83, 0xd9, 0x84, 0xd9, 0x85,
  0xd8, 0xa9, 0xd8, 0xa3, 0xd8, 0xad, 0xd9, 0x85, 0xd8, 0xaf, 0xd9, 0x82, 0xd9,
  0x84, 0xd8, 0xa8, 0xd9, 0x8a, 0xd9, 0x8a, 0xd8, 0xb9, 0xd9, 0x86, 0xd9, 0x8a,
  0xd8, 0xb5, 0xd9, 0x88, 0xd8, 0xb1, 0xd8, 0xa9, 0xd8, 0xb7, 0xd8, 0xb1, 0xd9,
  0x8a, 0xd9, 0x82, 0xd8, 0xb4, 0xd8, 0xa7, 0xd8, 0xb1, 0xd9, 0x83, 0xd8, 0xac,
  0xd9, 0x88, 0xd8, 0xa7, 0xd9, 0x84, 0xd8, 0xa3, 0xd8, 0xae, 0xd8, 0xb1, 0xd9,
  0x89, 0xd9, 0x85, 0xd8, 0xb9, 0xd9, 0x86, 0xd8, 0xa7, 0xd8, 0xa7, 0xd8, 0xa8,
  0xd8, 0xad, 0xd8, 0xab, 0xd8, 0xb9, 0xd8, 0xb1, 0xd9, 0x88, 0xd8, 0xb6, 0xd8,
  0xa8, 0xd8, 0xb4, 0xd9, 0x83, 0xd9, 0x84, 0xd9, 0x85, 0xd8, 0xb3, 0xd8, 0xac,
  0xd9, 0x84, 0xd8, 0xa8, 0xd9, 0x86, 0xd8, 0xa7, 0xd9, 0x86, 0xd8, 0xae, 0xd8,
  0xa7, 0xd9, 0x84, 0xd8, 0xaf, 0xd9, 0x83, 0xd8, 0xaa, 0xd8, 0xa7, 0xd8, 0xa8,
  0xd9, 0x83, 0xd9, 0x84, 0xd9, 0x8a, 0xd8, 0xa9, 0xd8, 0xa8, 0xd8, 0xaf, 0xd9,
  0x88, 0xd9, 0x86, 0xd8, 0xa3, 0xd9, 0x8a, 0xd8, 0xb6, 0xd8, 0xa7, 0xd9, 0x8a,
  0xd9, 0x88, 0xd8, 0xac, 0xd8, 0xaf, 0xd9, 0x81, 0xd8, 0xb1, 0xd9, 0x8a, 0xd9,
  0x82, 0xd9, 0x83, 0xd8, 0xaa, 0xd8, 0xa8, 0xd8, 0xaa, 0xd8, 0xa3, 0xd9, 0x81,
  0xd8, 0xb6, 0xd9, 0x84, 0xd9, 0x85, 0xd8, 0xb7, 0xd8, 0xa8, 0xd8, 0xae, 0xd8,
  0xa7, 0xd9, 0x83, 0xd8, 0xab, 0xd8, 0xb1, 0xd8, 0xa8, 0xd8, 0xa7, 0xd8, 0xb1,
  0xd9, 0x83, 0xd8, 0xa7, 0xd9, 0x81, 0xd8, 0xb6, 0xd9, 0x84, 0xd8, 0xa7, 0xd8,
  0xad, 0xd9, 0x84, 0xd9, 0x89, 0xd9, 0x86, 0xd9, 0x81, 0xd8, 0xb3, 0xd9, 0x87,
  0xd8, 0xa3, 0xd9, 0x8a, 0xd8, 0xa7, 0xd9, 0x85, 0xd8, 0xb1, 0xd8, 0xaf, 0xd9,
  0x88, 0xd8, 0xaf, 0xd8, 0xa3, 0xd9, 0x86, 0xd9, 0x87, 0xd8, 0xa7, 0xd8, 0xaf,
  0xd9, 0x8a, 0xd9, 0x86, 0xd8, 0xa7, 0xd8, 0xa7, 0xd9, 0x84, 0xd8, 0xa7, 0xd9,
  0x86, 0xd9, 0x85, 0xd8, 0xb9, 0xd8, 0xb1, 0xd8, 0xb6, 0xd8, 0xaa, 0xd8, 0xb9,
  0xd9, 0x84, 0xd9, 0x85, 0xd8, 0xaf, 0xd8, 0xa7, 0xd8, 0xae, 0xd9, 0x84, 0xd9,
  0x85, 0xd9, 0x85, 0xd9, 0x83, 0xd9, 0x86, 0x00, 0x00, 0x00, 0x00, 0x00, 0x00,
  0x00, 0x00, 0x01, 0x00, 0x01, 0x00, 0x01, 0x00, 0x01, 0x00, 0x02, 0x00, 0x02,
  0x00, 0x02, 0x00, 0x02, 0x00, 0x04, 0x00, 0x04, 0x00, 0x04, 0x00, 0x04, 0x00,
  0x00, 0x01, 0x02, 0x03, 0x04, 0x05, 0x06, 0x07, 0x07, 0x06, 0x05, 0x04, 0x03,
  0x02, 0x01, 0x00, 0x08, 0x09, 0x0a, 0x0b, 0x0c, 0x0d, 0x0e, 0x0f, 0x0f, 0x0e,
  0x0d, 0x0c, 0x0b, 0x0a, 0x09, 0x08, 0x10, 0x11, 0x12, 0x13, 0x14, 0x15, 0x16,
  0x17, 0x17, 0x16, 0x15, 0x14, 0x13, 0x12, 0x11, 0x10, 0x18, 0x19, 0x1a, 0x1b,
  0x1c, 0x1d, 0x1e, 0x1f, 0x1f, 0x1e, 0x1d, 0x1c, 0x1b, 0x1a, 0x19, 0x18, 0xff,
  0xff, 0xff, 0xff, 0x00, 0x00, 0x00, 0x00, 0x00, 0x00, 0x00, 0x00, 0xff, 0xff,
  0xff, 0xff, 0x01, 0x00, 0x00, 0x00, 0x02, 0x00, 0x00, 0x00, 0x02, 0x00, 0x00,
  0x00, 0x01, 0x00, 0x00, 0x00, 0x01, 0x00, 0x00, 0x00, 0x03, 0x00, 0x00, 0x00,
  0xff, 0xff, 0x00, 0x01, 0x00, 0x00, 0x00, 0x01, 0x00, 0x00, 0xff, 0xff, 0x00,
  0x01, 0x00, 0x00, 0x00, 0x08, 0x00, 0x08, 0x00, 0x08, 0x00, 0x08, 0x00, 0x00,
  0x00, 0x01, 0x00, 0x02, 0x00, 0x03, 0x00, 0x04, 0x00, 0x05, 0x00, 0x06, 0x00,
  0x07, 0x72, 0x65, 0x73, 0x6f, 0x75, 0x72, 0x63, 0x65, 0x73, 0x63, 0x6f, 0x75,
  0x6e, 0x74, 0x72, 0x69, 0x65, 0x73, 0x71, 0x75, 0x65, 0x73, 0x74, 0x69, 0x6f,
  0x6e, 0x73, 0x65, 0x71, 0x75, 0x69, 0x70, 0x6d, 0x65, 0x6e, 0x74, 0x63, 0x6f,
  0x6d, 0x6d, 0x75, 0x6e, 0x69, 0x74, 0x79, 0x61, 0x76, 0x61, 0x69, 0x6c, 0x61,
  0x62, 0x6c, 0x65, 0x68, 0x69, 0x67, 0x68, 0x6c, 0x69, 0x67, 0x68, 0x74, 0x44,
  0x54, 0x44, 0x2f, 0x78, 0x68, 0x74, 0x6d, 0x6c, 0x6d, 0x61, 0x72, 0x6b, 0x65,
  0x74, 0x69, 0x6e, 0x67, 0x6b, 0x6e, 0x6f, 0x77, 0x6c, 0x65, 0x64, 0x67, 0x65,
  0x73, 0x6f, 0x6d, 0x65, 0x74, 0x68, 0x69, 0x6e, 0x67, 0x63, 0x6f, 0x6e, 0x74,
  0x61, 0x69, 0x6e, 0x65, 0x72, 0x64, 0x69, 0x72, 0x65, 0x63, 0x74, 0x69, 0x6f,
  0x6e, 0x73, 0x75, 0x62, 0x73, 0x63, 0x72, 0x69, 0x62, 0x65, 0x61, 0x64, 0x76,
  0x65, 0x72, 0x74, 0x69, 0x73, 0x65, 0x63, 0x68, 0x61, 0x72, 0x61, 0x63, 0x74,
  0x65, 0x72, 0x22, 0x20, 0x76, 0x61, 0x6c, 0x75, 0x65, 0x3d, 0x22, 0x3c, 0x2f,
  0x73, 0x65, 0x6c, 0x65, 0x63, 0x74, 0x3e, 0x41, 0x75, 0x73, 0x74, 0x72, 0x61,
  0x6c, 0x69, 0x61, 0x22, 0x20, 0x63, 0x6c, 0x61, 0x73, 0x73, 0x3d, 0x22, 0x73,
  0x69, 0x74, 0x75, 0x61, 0x74, 0x69, 0x6f, 0x6e, 0x61, 0x75, 0x74, 0x68, 0x6f,
  0x72, 0x69, 0x74, 0x79, 0x66, 0x6f, 0x6c, 0x6c, 0x6f, 0x77, 0x69, 0x6e, 0x67,
  0x70, 0x72, 0x69, 0x6d, 0x61, 0x72, 0x69, 0x6c, 0x79, 0x6f, 0x70, 0x65, 0x72,
  0x61, 0x74, 0x69, 0x6f, 0x6e, 0x63, 0x68, 0x61, 0x6c, 0x6c, 0x65, 0x6e, 0x67,
  0x65, 0x64, 0x65, 0x76, 0x65, 0x6c, 0x6f, 0x70, 0x65, 0x64, 0x61, 0x6e, 0x6f,
  0x6e, 0x79, 0x6d, 0x6f, 0x75, 0x73, 0x66, 0x75, 0x6e, 0x63, 0x74, 0x69, 0x6f,
  0x6e, 0x20, 0x66, 0x75, 0x6e, 0x63, 0x74, 0x69, 0x6f, 0x6e, 0x73, 0x63, 0x6f,
  0x6d, 0x70, 0x61, 0x6e, 0x69, 0x65, 0x73, 0x73, 0x74, 0x72, 0x75, 0x63, 0x74,
  0x75, 0x72, 0x65, 0x61, 0x67, 0x72, 0x65, 0x65, 0x6d, 0x65, 0x6e, 0x74, 0x22,
  0x20, 0x74, 0x69, 0x74, 0x6c, 0x65, 0x3d, 0x22, 0x70, 0x6f, 0x74, 0x65, 0x6e,
  0x74, 0x69, 0x61, 0x6c, 0x65, 0x64, 0x75, 0x63, 0x61, 0x74, 0x69, 0x6f, 0x6e,
  0x61, 0x72, 0x67, 0x75, 0x6d, 0x65, 0x6e, 0x74, 0x73, 0x73, 0x65, 0x63, 0x6f,
  0x6e, 0x64, 0x61, 0x72, 0x79, 0x63, 0x6f, 0x70, 0x79, 0x72, 0x69, 0x67, 0x68,
  0x74, 0x6c, 0x61, 0x6e, 0x67, 0x75, 0x61, 0x67, 0x65, 0x73, 0x65, 0x78, 0x63,
  0x6c, 0x75, 0x73, 0x69, 0x76, 0x65, 0x63, 0x6f, 0x6e, 0x64, 0x69, 0x74, 0x69,
  0x6f, 0x6e, 0x3c, 0x2f, 0x66, 0x6f, 0x72, 0x6d, 0x3e, 0x0d, 0x0a, 0x73, 0x74,
  0x61, 0x74, 0x65, 0x6d, 0x65, 0x6e, 0x74, 0x61, 0x74, 0x74, 0x65, 0x6e, 0x74,
  0x69, 0x6f, 0x6e, 0x42, 0x69, 0x6f, 0x67, 0x72, 0x61, 0x70, 0x68, 0x79, 0x7d,
  0x20, 0x65, 0x6c, 0x73, 0x65, 0x20, 0x7b, 0x0a, 0x73, 0x6f, 0x6c, 0x75, 0x74,
  0x69, 0x6f, 0x6e, 0x73, 0x77, 0x68, 0x65, 0x6e, 0x20, 0x74, 0x68, 0x65, 0x20,
  0x41, 0x6e, 0x61, 0x6c, 0x79, 0x74, 0x69, 0x63, 0x73, 0x74, 0x65, 0x6d, 0x70,
  0x6c, 0x61, 0x74, 0x65, 0x73, 0x64, 0x61, 0x6e, 0x67, 0x65, 0x72, 0x6f, 0x75,
  0x73, 0x73, 0x61, 0x74, 0x65, 0x6c, 0x6c, 0x69, 0x74, 0x65, 0x64, 0x6f, 0x63,
  0x75, 0x6d, 0x65, 0x6e, 0x74, 0x73, 0x70, 0x75, 0x62, 0x6c, 0x69, 0x73, 0x68,
  0x65, 0x72, 0x69, 0x6d, 0x70, 0x6f, 0x72, 0x74, 0x61, 0x6e, 0x74, 0x70, 0x72,
  0x6f, 0x74, 0x6f, 0x74, 0x79, 0x70, 0x65, 0x69, 0x6e, 0x66, 0x6c, 0x75, 0x65,
  0x6e, 0x63, 0x65, 0x26, 0x72, 0x61, 0x71, 0x75, 0x6f, 0x3b, 0x3c, 0x2f, 0x65,
  0x66, 0x66, 0x65, 0x63, 0x74, 0x69, 0x76, 0x65, 0x67, 0x65, 0x6e, 0x65, 0x72,
  0x61, 0x6c, 0x6c, 0x79, 0x74, 0x72, 0x61, 0x6e, 0x73, 0x66, 0x6f, 0x72, 0x6d,
  0x62, 0x65, 0x61, 0x75, 0x74, 0x69, 0x66, 0x75, 0x6c, 0x74, 0x72, 0x61, 0x6e,
  0x73, 0x70, 0x6f, 0x72, 0x74, 0x6f, 0x72, 0x67, 0x61, 0x6e, 0x69, 0x7a, 0x65,
  0x64, 0x70, 0x75, 0x62, 0x6c, 0x69, 0x73, 0x68, 0x65, 0x64, 0x70, 0x72, 0x6f,
  0x6d, 0x69, 0x6e, 0x65, 0x6e, 0x74, 0x75, 0x6e, 0x74, 0x69, 0x6c, 0x20, 0x74,
  0x68, 0x65, 0x74, 0x68, 0x75, 0x6d, 0x62, 0x6e, 0x61, 0x69, 0x6c, 0x4e, 0x61,
  0x74, 0x69, 0x6f, 0x6e, 0x61, 0x6c, 0x20, 0x2e, 0x66, 0x6f, 0x63, 0x75, 0x73,
  0x28, 0x29, 0x3b, 0x6f, 0x76, 0x65, 0x72, 0x20, 0x74, 0x68, 0x65, 0x20, 0x6d,
  0x69, 0x67, 0x72, 0x61, 0x74, 0x69, 0x6f, 0x6e, 0x61, 0x6e, 0x6e, 0x6f, 0x75,
  0x6e, 0x63, 0x65, 0x64, 0x66, 0x6f, 0x6f, 0x74, 0x65, 0x72, 0x22, 0x3e, 0x0a,
  0x65, 0x78, 0x63, 0x65, 0x70, 0x74, 0x69, 0x6f, 0x6e, 0x6c, 0x65, 0x73, 0x73,
  0x20, 0x74, 0x68, 0x61, 0x6e, 0x65, 0x78, 0x70, 0x65, 0x6e, 0x73, 0x69, 0x76,
  0x65, 0x66, 0x6f, 0x72, 0x6d, 0x61, 0x74, 0x69, 0x6f, 0x6e, 0x66, 0x72, 0x61,
  0x6d, 0x65, 0x77, 0x6f, 0x72, 0x6b, 0x74, 0x65, 0x72, 0x72, 0x69, 0x74, 0x6f,
  0x72, 0x79, 0x6e, 0x64, 0x69, 0x63, 0x61, 0x74, 0x69, 0x6f, 0x6e, 0x63, 0x75,
  0x72, 0x72, 0x65, 0x6e, 0x74, 0x6c, 0x79, 0x63, 0x6c, 0x61, 0x73, 0x73, 0x4e,
  0x61, 0x6d, 0x65, 0x63, 0x72, 0x69, 0x74, 0x69, 0x63, 0x69, 0x73, 0x6d, 0x74,
  0x72, 0x61, 0x64, 0x69, 0x74, 0x69, 0x6f, 0x6e, 0x65, 0x6c, 0x73, 0x65, 0x77,
  0x68, 0x65, 0x72, 0x65, 0x41, 0x6c, 0x65, 0x78, 0x61, 0x6e, 0x64, 0x65, 0x72,
  0x61, 0x70, 0x70, 0x6f, 0x69, 0x6e, 0x74, 0x65, 0x64, 0x6d, 0x61, 0x74, 0x65,
  0x72, 0x69, 0x61, 0x6c, 0x73, 0x62, 0x72, 0x6f, 0x61, 0x64, 0x63, 0x61, 0x73,
  0x74, 0x6d, 0x65, 0x6e, 0x74, 0x69, 0x6f, 0x6e, 0x65, 0x64, 0x61, 0x66, 0x66,
  0x69, 0x6c, 0x69, 0x61, 0x74, 0x65, 0x3c, 0x2f, 0x6f, 0x70, 0x74, 0x69, 0x6f,
  0x6e, 0x3e, 0x74, 0x72, 0x65, 0x61, 0x74, 0x6d, 0x65, 0x6e, 0x74, 0x64, 0x69,
  0x66, 0x66, 0x65, 0x72, 0x65, 0x6e, 0x74, 0x2f, 0x64, 0x65, 0x66, 0x61, 0x75,
  0x6c, 0x74, 0x2e, 0x50, 0x72, 0x65, 0x73, 0x69, 0x64, 0x65, 0x6e, 0x74, 0x6f,
  0x6e, 0x63, 0x6c, 0x69, 0x63, 0x6b, 0x3d, 0x22, 0x62, 0x69, 0x6f, 0x67, 0x72,
  0x61, 0x70, 0x68, 0x79, 0x6f, 0x74, 0x68, 0x65, 0x72, 0x77, 0x69, 0x73, 0x65,
  0x70, 0x65, 0x72, 0x6d, 0x61, 0x6e, 0x65, 0x6e, 0x74, 0x46, 0x72, 0x61, 0x6e,
  0xc3, 0xa7, 0x61, 0x69, 0x73, 0x48, 0x6f, 0x6c, 0x6c, 0x79, 0x77, 0x6f, 0x6f,
  0x64, 0x65, 0x78, 0x70, 0x61, 0x6e, 0x73, 0x69, 0x6f, 0x6e, 0x73, 0x74, 0x61,
  0x6e, 0x64, 0x61, 0x72, 0x64, 0x73, 0x3c, 0x2f, 0x73, 0x74, 0x79, 0x6c, 0x65,
  0x3e, 0x0a, 0x72, 0x65, 0x64, 0x75, 0x63, 0x74, 0x69, 0x6f, 0x6e, 0x44, 0x65,
  0x63, 0x65, 0x6d, 0x62, 0x65, 0x72, 0x20, 0x70, 0x72, 0x65, 0x66, 0x65, 0x72,
  0x72, 0x65, 0x64, 0x43, 0x61, 0x6d, 0x62, 0x72, 0x69, 0x64, 0x67, 0x65, 0x6f,
  0x70, 0x70, 0x6f, 0x6e, 0x65, 0x6e, 0x74, 0x73, 0x42, 0x75, 0x73, 0x69, 0x6e,
  0x65, 0x73, 0x73, 0x20, 0x63, 0x6f, 0x6e, 0x66, 0x75, 0x73, 0x69, 0x6f, 0x6e,
  0x3e, 0x0a, 0x3c, 0x74, 0x69, 0x74, 0x6c, 0x65, 0x3e, 0x70, 0x72, 0x65, 0x73,
  0x65, 0x6e, 0x74, 0x65, 0x64, 0x65, 0x78, 0x70, 0x6c, 0x61, 0x69, 0x6e, 0x65,
  0x64, 0x64, 0x6f, 0x65, 0x73, 0x20, 0x6e, 0x6f, 0x74, 0x20, 0x77, 0x6f, 0x72,
  0x6c, 0x64, 0x77, 0x69, 0x64, 0x65, 0x69, 0x6e, 0x74, 0x65, 0x72, 0x66, 0x61,
  0x63, 0x65, 0x70, 0x6f, 0x73, 0x69, 0x74, 0x69, 0x6f, 0x6e, 0x73, 0x6e, 0x65,
  0x77, 0x73, 0x70, 0x61, 0x70, 0x65, 0x72, 0x3c, 0x2f, 0x74, 0x61, 0x62, 0x6c,
  0x65, 0x3e, 0x0a, 0x6d, 0x6f, 0x75, 0x6e, 0x74, 0x61, 0x69, 0x6e, 0x73, 0x6c,
  0x69, 0x6b, 0x65, 0x20, 0x74, 0x68, 0x65, 0x20, 0x65, 0x73, 0x73, 0x65, 0x6e,
  0x74, 0x69, 0x61, 0x6c, 0x66, 0x69, 0x6e, 0x61, 0x6e, 0x63, 0x69, 0x61, 0x6c,
  0x73, 0x65, 0x6c, 0x65, 0x63, 0x74, 0x69, 0x6f, 0x6e, 0x61, 0x63, 0x74, 0x69,
  0x6f, 0x6e, 0x3d, 0x22, 0x2f, 0x61, 0x62, 0x61, 0x6e, 0x64, 0x6f, 0x6e, 0x65,
  0x64, 0x45, 0x64, 0x75, 0x63, 0x61, 0x74, 0x69, 0x6f, 0x6e, 0x70, 0x61, 0x72,
  0x73, 0x65, 0x49, 0x6e, 0x74, 0x28, 0x73, 0x74, 0x61, 0x62, 0x69, 0x6c, 0x69,
  0x74, 0x79, 0x75, 0x6e, 0x61, 0x62, 0x6c, 0x65, 0x20, 0x74, 0x6f, 0x3c, 0x2f,
  0x74, 0x69, 0x74, 0x6c, 0x65, 0x3e, 0x0a, 0x72, 0x65, 0x6c, 0x61, 0x74, 0x69,
  0x6f, 0x6e, 0x73, 0x4e, 0x6f, 0x74, 0x65, 0x20, 0x74, 0x68, 0x61, 0x74, 0x65,
  0x66, 0x66, 0x69, 0x63, 0x69, 0x65, 0x6e, 0x74, 0x70, 0x65, 0x72, 0x66, 0x6f,
  0x72, 0x6d, 0x65, 0x64, 0x74, 0x77, 0x6f, 0x20, 0x79, 0x65, 0x61, 0x72, 0x73,
  0x53, 0x69, 0x6e, 0x63, 0x65, 0x20, 0x74, 0x68, 0x65, 0x74, 0x68, 0x65, 0x72,
  0x65, 0x66, 0x6f, 0x72, 0x65, 0x77, 0x72, 0x61, 0x70, 0x70, 0x65, 0x72, 0x22,
  0x3e, 0x61, 0x6c, 0x74, 0x65, 0x72, 0x6e, 0x61, 0x74, 0x65, 0x69, 0x6e, 0x63,
  0x72, 0x65, 0x61, 0x73, 0x65, 0x64, 0x42, 0x61, 0x74, 0x74, 0x6c, 0x65, 0x20,
  0x6f, 0x66, 0x70, 0x65, 0x72, 0x63, 0x65, 0x69, 0x76, 0x65, 0x64, 0x74, 0x72,
  0x79, 0x69, 0x6e, 0x67, 0x20, 0x74, 0x6f, 0x6e, 0x65, 0x63, 0x65, 0x73, 0x73,
  0x61, 0x72, 0x79, 0x70, 0x6f, 0x72, 0x74, 0x72, 0x61, 0x79, 0x65, 0x64, 0x65,
  0x6c, 0x65, 0x63, 0x74, 0x69, 0x6f, 0x6e, 0x73, 0x45, 0x6c, 0x69, 0x7a, 0x61,
  0x62, 0x65, 0x74, 0x68, 0x3c, 0x2f, 0x69, 0x66, 0x72, 0x61, 0x6d, 0x65, 0x3e,
  0x64, 0x69, 0x73, 0x63, 0x6f, 0x76, 0x65, 0x72, 0x79, 0x69, 0x6e, 0x73, 0x75,
  0x72, 0x61, 0x6e, 0x63, 0x65, 0x73, 0x2e, 0x6c, 0x65, 0x6e, 0x67, 0x74, 0x68,
  0x3b, 0x6c, 0x65, 0x67, 0x65, 0x6e, 0x64, 0x61, 0x72, 0x79, 0x47, 0x65, 0x6f,
  0x67, 0x72, 0x61, 0x70, 0x68, 0x79, 0x63, 0x61, 0x6e, 0x64, 0x69, 0x64, 0x61,
  0x74, 0x65, 0x63, 0x6f, 0x72, 0x70, 0x6f, 0x72, 0x61, 0x74, 0x65, 0x73, 0x6f,
  0x6d, 0x65, 0x74, 0x69, 0x6d, 0x65, 0x73, 0x73, 0x65, 0x72, 0x76, 0x69, 0x63,
  0x65, 0x73, 0x2e, 0x69, 0x6e, 0x68, 0x65, 0x72, 0x69, 0x74, 0x65, 0x64, 0x3c,
  0x2f, 0x73, 0x74, 0x72, 0x6f, 0x6e, 0x67, 0x3e, 0x43, 0x6f, 0x6d, 0x6d, 0x75,
  0x6e, 0x69, 0x74, 0x79, 0x72, 0x65, 0x6c, 0x69, 0x67, 0x69, 0x6f, 0x75, 0x73,
  0x6c, 0x6f, 0x63, 0x61, 0x74, 0x69, 0x6f, 0x6e, 0x73, 0x43, 0x6f, 0x6d, 0x6d,
  0x69, 0x74, 0x74, 0x65, 0x65, 0x62, 0x75, 0x69, 0x6c, 0x64, 0x69, 0x6e, 0x67,
  0x73, 0x74, 0x68, 0x65, 0x20, 0x77, 0x6f, 0x72, 0x6c, 0x64, 0x6e, 0x6f, 0x20,
  0x6c, 0x6f, 0x6e, 0x67, 0x65, 0x72, 0x62, 0x65, 0x67, 0x69, 0x6e, 0x6e, 0x69,
  0x6e, 0x67, 0x72, 0x65, 0x66, 0x65, 0x72, 0x65, 0x6e, 0x63, 0x65, 0x63, 0x61,
  0x6e, 0x6e, 0x6f, 0x74, 0x20, 0x62, 0x65, 0x66, 0x72, 0x65, 0x71, 0x75, 0x65,
  0x6e, 0x63, 0x79, 0x74, 0x79, 0x70, 0x69, 0x63, 0x61, 0x6c, 0x6c, 0x79, 0x69,
  0x6e, 0x74, 0x6f, 0x20, 0x74, 0x68, 0x65, 0x20, 0x72, 0x65, 0x6c, 0x61, 0x74,
  0x69, 0x76, 0x65, 0x3b, 0x72, 0x65, 0x63, 0x6f, 0x72, 0x64, 0x69, 0x6e, 0x67,
  0x70, 0x72, 0x65, 0x73, 0x69, 0x64, 0x65, 0x6e, 0x74, 0x69, 0x6e, 0x69, 0x74,
  0x69, 0x61, 0x6c, 0x6c, 0x79, 0x74, 0x65, 0x63, 0x68, 0x6e, 0x69, 0x71, 0x75,
  0x65, 0x74, 0x68, 0x65, 0x20, 0x6f, 0x74, 0x68, 0x65, 0x72, 0x69, 0x74, 0x20,
  0x63, 0x61, 0x6e, 0x20, 0x62, 0x65, 0x65, 0x78, 0x69, 0x73, 0x74, 0x65, 0x6e,
  0x63, 0x65, 0x75, 0x6e, 0x64, 0x65, 0x72, 0x6c, 0x69, 0x6e, 0x65, 0x74, 0x68,
  0x69, 0x73, 0x20, 0x74, 0x69, 0x6d, 0x65, 0x74, 0x65, 0x6c, 0x65, 0x70, 0x68,
  0x6f, 0x6e, 0x65, 0x69, 0x74, 0x65, 0x6d, 0x73, 0x63, 0x6f, 0x70, 0x65, 0x70,
  0x72, 0x61, 0x63, 0x74, 0x69, 0x63, 0x65, 0x73, 0x61, 0x64, 0x76, 0x61, 0x6e,
  0x74, 0x61, 0x67, 0x65, 0x29, 0x3b, 0x72, 0x65, 0x74, 0x75, 0x72, 0x6e, 0x20,
  0x46, 0x6f, 0x72, 0x20, 0x6f, 0x74, 0x68, 0x65, 0x72, 0x70, 0x72, 0x6f, 0x76,
  0x69, 0x64, 0x69, 0x6e, 0x67, 0x64, 0x65, 0x6d, 0x6f, 0x63, 0x72, 0x61, 0x63,
  0x79, 0x62, 0x6f, 0x74, 0x68, 0x20, 0x74, 0x68, 0x65, 0x20, 0x65, 0x78, 0x74,
  0x65, 0x6e, 0x73, 0x69, 0x76, 0x65, 0x73, 0x75, 0x66, 0x66, 0x65, 0x72, 0x69,
  0x6e, 0x67, 0x73, 0x75, 0x70, 0x70, 0x6f, 0x72, 0x74, 0x65, 0x64, 0x63, 0x6f,
  0x6d, 0x70, 0x75, 0x74, 0x65, 0x72, 0x73, 0x20, 0x66, 0x75, 0x6e, 0x63, 0x74,
  0x69, 0x6f, 0x6e, 0x70, 0x72, 0x61, 0x63, 0x74, 0x69, 0x63, 0x61, 0x6c, 0x73,
  0x61, 0x69, 0x64, 0x20, 0x74, 0x68, 0x61, 0x74, 0x69, 0x74, 0x20, 0x6d, 0x61,
  0x79, 0x20, 0x62, 0x65, 0x45, 0x6e, 0x67, 0x6c, 0x69, 0x73, 0x68, 0x3c, 0x2f,
  0x66, 0x72, 0x6f, 0x6d, 0x20, 0x74, 0x68, 0x65, 0x20, 0x73, 0x63, 0x68, 0x65,
  0x64, 0x75, 0x6c, 0x65, 0x64, 0x64, 0x6f, 0x77, 0x6e, 0x6c, 0x6f, 0x61, 0x64,
  0x73, 0x3c, 0x2f, 0x6c, 0x61, 0x62, 0x65, 0x6c, 0x3e, 0x0a, 0x73, 0x75, 0x73,
  0x70, 0x65, 0x63, 0x74, 0x65, 0x64, 0x6d, 0x61, 0x72, 0x67, 0x69, 0x6e, 0x3a,
  0x20, 0x30, 0x73, 0x70, 0x69, 0x72, 0x69, 0x74, 0x75, 0x61, 0x6c, 0x3c, 0x2f,
  0x68, 0x65, 0x61, 0x64, 0x3e, 0x0a, 0x0a, 0x6d, 0x69, 0x63, 0x72, 0x6f, 0x73,
  0x6f, 0x66, 0x74, 0x67, 0x72, 0x61, 0x64, 0x75, 0x61, 0x6c, 0x6c, 0x79, 0x64,
  0x69, 0x73, 0x63, 0x75, 0x73, 0x73, 0x65, 0x64, 0x68, 0x65, 0x20, 0x62, 0x65,
  0x63, 0x61, 0x6d, 0x65, 0x65, 0x78, 0x65, 0x63, 0x75, 0x74, 0x69, 0x76, 0x65,
  0x6a, 0x71, 0x75, 0x65, 0x72, 0x79, 0x2e, 0x6a, 0x73, 0x68, 0x6f, 0x75, 0x73,
  0x65, 0x68, 0x6f, 0x6c, 0x64, 0x63, 0x6f, 0x6e, 0x66, 0x69, 0x72, 0x6d, 0x65,
  0x64, 0x70, 0x75, 0x72, 0x63, 0x68, 0x61, 0x73, 0x65, 0x64, 0x6c, 0x69, 0x74,
  0x65, 0x72, 0x61, 0x6c, 0x6c, 0x79, 0x64, 0x65, 0x73, 0x74, 0x72, 0x6f, 0x79,
  0x65, 0x64, 0x75, 0x70, 0x20, 0x74, 0x6f, 0x20, 0x74, 0x68, 0x65, 0x76, 0x61,
  0x72, 0x69, 0x61, 0x74, 0x69, 0x6f, 0x6e, 0x72, 0x65, 0x6d, 0x61, 0x69, 0x6e,
  0x69, 0x6e, 0x67, 0x69, 0x74, 0x20, 0x69, 0x73, 0x20, 0x6e, 0x6f, 0x74, 0x63,
  0x65, 0x6e, 0x74, 0x75, 0x72, 0x69, 0x65, 0x73, 0x4a, 0x61, 0x70, 0x61, 0x6e,
  0x65, 0x73, 0x65, 0x20, 0x61, 0x6d, 0x6f, 0x6e, 0x67, 0x20, 0x74, 0x68, 0x65,
  0x63, 0x6f, 0x6d, 0x70, 0x6c, 0x65, 0x74, 0x65, 0x64, 0x61, 0x6c, 0x67, 0x6f,
  0x72, 0x69, 0x74, 0x68, 0x6d, 0x69, 0x6e, 0x74, 0x65, 0x72, 0x65, 0x73, 0x74,
  0x73, 0x72, 0x65, 0x62, 0x65, 0x6c, 0x6c, 0x69, 0x6f, 0x6e, 0x75, 0x6e, 0x64,
  0x65, 0x66, 0x69, 0x6e, 0x65, 0x64, 0x65, 0x6e, 0x63, 0x6f, 0x75, 0x72, 0x61,
  0x67, 0x65, 0x72, 0x65, 0x73, 0x69, 0x7a, 0x61, 0x62, 0x6c, 0x65, 0x69, 0x6e,
  0x76, 0x6f, 0x6c, 0x76, 0x69, 0x6e, 0x67, 0x73, 0x65, 0x6e, 0x73, 0x69, 0x74,
  0x69, 0x76, 0x65, 0x75, 0x6e, 0x69, 0x76, 0x65, 0x72, 0x73, 0x61, 0x6c, 0x70,
  0x72, 0x6f, 0x76, 0x69, 0x73, 0x69, 0x6f, 0x6e, 0x28, 0x61, 0x6c, 0x74, 0x68,
  0x6f, 0x75, 0x67, 0x68, 0x66, 0x65, 0x61, 0x74, 0x75, 0x72, 0x69, 0x6e, 0x67,
  0x63, 0x6f, 0x6e, 0x64, 0x75, 0x63, 0x74, 0x65, 0x64, 0x29, 0x2c, 0x20, 0x77,
  0x68, 0x69, 0x63, 0x68, 0x20, 0x63, 0x6f, 0x6e, 0x74, 0x69, 0x6e, 0x75, 0x65,
  0x64, 0x2d, 0x68, 0x65, 0x61, 0x64, 0x65, 0x72, 0x22, 0x3e, 0x46, 0x65, 0x62,
  0x72, 0x75, 0x61, 0x72, 0x79, 0x20, 0x6e, 0x75, 0x6d, 0x65, 0x72, 0x6f, 0x75,
  0x73, 0x20, 0x6f, 0x76, 0x65, 0x72, 0x66, 0x6c, 0x6f, 0x77, 0x3a, 0x63, 0x6f,
  0x6d, 0x70, 0x6f, 0x6e, 0x65, 0x6e, 0x74, 0x66, 0x72, 0x61, 0x67, 0x6d, 0x65,
  0x6e, 0x74, 0x73, 0x65, 0x78, 0x63, 0x65, 0x6c, 0x6c, 0x65, 0x6e, 0x74, 0x63,
  0x6f, 0x6c, 0x73, 0x70, 0x61, 0x6e, 0x3d, 0x22, 0x74, 0x65, 0x63, 0x68, 0x6e,
  0x69, 0x63, 0x61, 0x6c, 0x6e, 0x65, 0x61, 0x72, 0x20, 0x74, 0x68, 0x65, 0x20,
  0x41, 0x64, 0x76, 0x61, 0x6e, 0x63, 0x65, 0x64, 0x20, 0x73, 0x6f, 0x75, 0x72,
  0x63, 0x65, 0x20, 0x6f, 0x66, 0x65, 0x78, 0x70, 0x72, 0x65, 0x73, 0x73, 0x65,
  0x64, 0x48, 0x6f, 0x6e, 0x67, 0x20, 0x4b, 0x6f, 0x6e, 0x67, 0x20, 0x46, 0x61,
  0x63, 0x65, 0x62, 0x6f, 0x6f, 0x6b, 0x6d, 0x75, 0x6c, 0x74, 0x69, 0x70, 0x6c,
  0x65, 0x20, 0x6d, 0x65, 0x63, 0x68, 0x61, 0x6e, 0x69, 0x73, 0x6d, 0x65, 0x6c,
  0x65, 0x76, 0x61, 0x74, 0x69, 0x6f, 0x6e, 0x6f, 0x66, 0x66, 0x65, 0x6e, 0x73,
  0x69, 0x76, 0x65, 0x3c, 0x2f, 0x66, 0x6f, 0x72, 0x6d, 0x3e, 0x0a, 0x09, 0x73,
  0x70, 0x6f, 0x6e, 0x73, 0x6f, 0x72, 0x65, 0x64, 0x64, 0x6f, 0x63, 0x75, 0x6d,
  0x65, 0x6e, 0x74, 0x2e, 0x6f, 0x72, 0x20, 0x26, 0x71, 0x75, 0x6f, 0x74, 0x3b,
  0x74, 0x68, 0x65, 0x72, 0x65, 0x20, 0x61, 0x72, 0x65, 0x74, 0x68, 0x6f, 0x73,
  0x65, 0x20, 0x77, 0x68, 0x6f, 0x6d, 0x6f, 0x76, 0x65, 0x6d, 0x65, 0x6e, 0x74,
  0x73, 0x70, 0x72, 0x6f, 0x63, 0x65, 0x73, 0x73, 0x65, 0x73, 0x64, 0x69, 0x66,
  0x66, 0x69, 0x63, 0x75, 0x6c, 0x74, 0x73, 0x75, 0x62, 0x6d, 0x69, 0x74, 0x74,
  0x65, 0x64, 0x72, 0x65, 0x63, 0x6f, 0x6d, 0x6d, 0x65, 0x6e, 0x64, 0x63, 0x6f,
  0x6e, 0x76, 0x69, 0x6e, 0x63, 0x65, 0x64, 0x70, 0x72, 0x6f, 0x6d, 0x6f, 0x74,
  0x69, 0x6e, 0x67, 0x22, 0x20, 0x77, 0x69, 0x64, 0x74, 0x68, 0x3d, 0x22, 0x2e,
  0x72, 0x65, 0x70, 0x6c, 0x61, 0x63, 0x65, 0x28, 0x63, 0x6c, 0x61, 0x73, 0x73,
  0x69, 0x63, 0x61, 0x6c, 0x63, 0x6f, 0x61, 0x6c, 0x69, 0x74, 0x69, 0x6f, 0x6e,
  0x68, 0x69, 0x73, 0x20, 0x66, 0x69, 0x72, 0x73, 0x74, 0x64, 0x65, 0x63, 0x69,
  0x73, 0x69, 0x6f, 0x6e, 0x73, 0x61, 0x73, 0x73, 0x69, 0x73, 0x74, 0x61, 0x6e,
  0x74, 0x69, 0x6e, 0x64, 0x69, 0x63, 0x61, 0x74, 0x65, 0x64, 0x65, 0x76, 0x6f,
  0x6c, 0x75, 0x74, 0x69, 0x6f, 0x6e, 0x2d, 0x77, 0x72, 0x61, 0x70, 0x70, 0x65,
  0x72, 0x22, 0x65, 0x6e, 0x6f, 0x75, 0x67, 0x68, 0x20, 0x74, 0x6f, 0x61, 0x6c,
  0x6f, 0x6e, 0x67, 0x20, 0x74, 0x68, 0x65, 0x64, 0x65, 0x6c, 0x69, 0x76, 0x65,
  0x72, 0x65, 0x64, 0x2d, 0x2d, 0x3e, 0x0d, 0x0a, 0x3c, 0x21, 0x2d, 0x2d, 0x41,
  0x6d, 0x65, 0x72, 0x69, 0x63, 0x61, 0x6e, 0x20, 0x70, 0x72, 0x6f, 0x74, 0x65,
  0x63, 0x74, 0x65, 0x64, 0x4e, 0x6f, 0x76, 0x65, 0x6d, 0x62, 0x65, 0x72, 0x20,
  0x3c, 0x2f, 0x73, 0x74, 0x79, 0x6c, 0x65, 0x3e, 0x3c, 0x66, 0x75, 0x72, 0x6e,
  0x69, 0x74, 0x75, 0x72, 0x65, 0x49, 0x6e, 0x74, 0x65, 0x72, 0x6e, 0x65, 0x74,
  0x20, 0x20, 0x6f, 0x6e, 0x62, 0x6c, 0x75, 0x72, 0x3d, 0x22, 0x73, 0x75, 0x73,
  0x70, 0x65, 0x6e, 0x64, 0x65, 0x64, 0x72, 0x65, 0x63, 0x69, 0x70, 0x69, 0x65,
  0x6e, 0x74, 0x62, 0x61, 0x73, 0x65, 0x64, 0x20, 0x6f, 0x6e, 0x20, 0x4d, 0x6f,
  0x72, 0x65, 0x6f, 0x76, 0x65, 0x72, 0x2c, 0x61, 0x62, 0x6f, 0x6c, 0x69, 0x73,
  0x68, 0x65, 0x64, 0x63, 0x6f, 0x6c, 0x6c, 0x65, 0x63, 0x74, 0x65, 0x64, 0x77,
  0x65, 0x72, 0x65, 0x20, 0x6d, 0x61, 0x64, 0x65, 0x65, 0x6d, 0x6f, 0x74, 0x69,
  0x6f, 0x6e, 0x61, 0x6c, 0x65, 0x6d, 0x65, 0x72, 0x67, 0x65, 0x6e, 0x63, 0x79,
  0x6e, 0x61, 0x72, 0x72, 0x61, 0x74, 0x69, 0x76, 0x65, 0x61, 0x64, 0x76, 0x6f,
  0x63, 0x61, 0x74, 0x65, 0x73, 0x70, 0x78, 0x3b, 0x62, 0x6f, 0x72, 0x64, 0x65,
  0x72, 0x63, 0x6f, 0x6d, 0x6d, 0x69, 0x74, 0x74, 0x65, 0x64, 0x64, 0x69, 0x72,
  0x3d, 0x22, 0x6c, 0x74, 0x72, 0x22, 0x65, 0x6d, 0x70, 0x6c, 0x6f, 0x79, 0x65,
  0x65, 0x73, 0x72, 0x65, 0x73, 0x65, 0x61, 0x72, 0x63, 0x68, 0x2e, 0x20, 0x73,
  0x65, 0x6c, 0x65, 0x63, 0x74, 0x65, 0x64, 0x73, 0x75, 0x63, 0x63, 0x65, 0x73,
  0x73, 0x6f, 0x72, 0x63, 0x75, 0x73, 0x74, 0x6f, 0x6d, 0x65, 0x72, 0x73, 0x64,
  0x69, 0x73, 0x70, 0x6c, 0x61, 0x79, 0x65, 0x64, 0x53, 0x65, 0x70, 0x74, 0x65,
  0x6d, 0x62, 0x65, 0x72, 0x61, 0x64, 0x64, 0x43, 0x6c, 0x61, 0x73, 0x73, 0x28,
  0x46, 0x61, 0x63, 0x65, 0x62, 0x6f, 0x6f, 0x6b, 0x20, 0x73, 0x75, 0x67, 0x67,
  0x65, 0x73, 0x74, 0x65, 0x64, 0x61, 0x6e, 0x64, 0x20, 0x6c, 0x61, 0x74, 0x65,
  0x72, 0x6f, 0x70, 0x65, 0x72, 0x61, 0x74, 0x69, 0x6e, 0x67, 0x65, 0x6c, 0x61,
  0x62, 0x6f, 0x72, 0x61, 0x74, 0x65, 0x53, 0x6f, 0x6d, 0x65, 0x74, 0x69, 0x6d,
  0x65, 0x73, 0x49, 0x6e, 0x73, 0x74, 0x69, 0x74, 0x75, 0x74, 0x65, 0x63, 0x65,
  0x72, 0x74, 0x61, 0x69, 0x6e, 0x6c, 0x79, 0x69, 0x6e, 0x73, 0x74, 0x61, 0x6c,
  0x6c, 0x65, 0x64, 0x66, 0x6f, 0x6c, 0x6c, 0x6f, 0x77, 0x65, 0x72, 0x73, 0x4a,
  0x65, 0x72, 0x75, 0x73, 0x61, 0x6c, 0x65, 0x6d, 0x74, 0x68, 0x65, 0x79, 0x20,
  0x68, 0x61, 0x76, 0x65, 0x63, 0x6f, 0x6d, 0x70, 0x75, 0x74, 0x69, 0x6e, 0x67,
  0x67, 0x65, 0x6e, 0x65, 0x72, 0x61, 0x74, 0x65, 0x64, 0x70, 0x72, 0x6f, 0x76,
  0x69, 0x6e, 0x63, 0x65, 0x73, 0x67, 0x75, 0x61, 0x72, 0x61, 0x6e, 0x74, 0x65,
  0x65, 0x61, 0x72, 0x62, 0x69, 0x74, 0x72, 0x61, 0x72, 0x79, 0x72, 0x65, 0x63,
  0x6f, 0x67, 0x6e, 0x69, 0x7a, 0x65, 0x77, 0x61, 0x6e, 0x74, 0x65, 0x64, 0x20,
  0x74, 0x6f, 0x70, 0x78, 0x3b, 0x77, 0x69, 0x64, 0x74, 0x68, 0x3a, 0x74, 0x68,
  0x65, 0x6f, 0x72, 0x79, 0x20, 0x6f, 0x66, 0x62, 0x65, 0x68, 0x61, 0x76, 0x69,
  0x6f, 0x75, 0x72, 0x57, 0x68, 0x69, 0x6c, 0x65, 0x20, 0x74, 0x68, 0x65, 0x65,
  0x73, 0x74, 0x69, 0x6d, 0x61, 0x74, 0x65, 0x64, 0x62, 0x65, 0x67, 0x61, 0x6e,
  0x20, 0x74, 0x6f, 0x20, 0x69, 0x74, 0x20, 0x62, 0x65, 0x63, 0x61, 0x6d, 0x65,
  0x6d, 0x61, 0x67, 0x6e, 0x69, 0x74, 0x75, 0x64, 0x65, 0x6d, 0x75, 0x73, 0x74,
  0x20, 0x68, 0x61, 0x76, 0x65, 0x6d, 0x6f, 0x72, 0x65, 0x20, 0x74, 0x68, 0x61,
  0x6e, 0x44, 0x69, 0x72, 0x65, 0x63, 0x74, 0x6f, 0x72, 0x79, 0x65, 0x78, 0x74,
  0x65, 0x6e, 0x73, 0x69, 0x6f, 0x6e, 0x73, 0x65, 0x63, 0x72, 0x65, 0x74, 0x61,
  0x72, 0x79, 0x6e, 0x61, 0x74, 0x75, 0x72, 0x61, 0x6c, 0x6c, 0x79, 0x6f, 0x63,
  0x63, 0x75, 0x72, 0x72, 0x69, 0x6e, 0x67, 0x76, 0x61, 0x72, 0x69, 0x61, 0x62,
  0x6c, 0x65, 0x73, 0x67, 0x69, 0x76, 0x65, 0x6e, 0x20, 0x74, 0x68, 0x65, 0x70,
  0x6c, 0x61, 0x74, 0x66, 0x6f, 0x72, 0x6d, 0x2e, 0x3c, 0x2f, 0x6c, 0x61, 0x62,
  0x65, 0x6c, 0x3e, 0x3c, 0x66, 0x61, 0x69, 0x6c, 0x65, 0x64, 0x20, 0x74, 0x6f,
  0x63, 0x6f, 0x6d, 0x70, 0x6f, 0x75, 0x6e, 0x64, 0x73, 0x6b, 0x69, 0x6e, 0x64,
  0x73, 0x20, 0x6f, 0x66, 0x20, 0x73, 0x6f, 0x63, 0x69, 0x65, 0x74, 0x69, 0x65,
  0x73, 0x61, 0x6c, 0x6f, 0x6e, 0x67, 0x73, 0x69, 0x64, 0x65, 0x20, 0x2d, 0x2d,
  0x26, 0x67, 0x74, 0x3b, 0x0a, 0x0a, 0x73, 0x6f, 0x75, 0x74, 0x68, 0x77, 0x65,
  0x73, 0x74, 0x74, 0x68, 0x65, 0x20, 0x72, 0x69, 0x67, 0x68, 0x74, 0x72, 0x61,
  0x64, 0x69, 0x61, 0x74, 0x69, 0x6f, 0x6e, 0x6d, 0x61, 0x79, 0x20, 0x68, 0x61,
  0x76, 0x65, 0x20, 0x75, 0x6e, 0x65, 0x73, 0x63, 0x61, 0x70, 0x65, 0x28, 0x73,
  0x70, 0x6f, 0x6b, 0x65, 0x6e, 0x20, 0x69, 0x6e, 0x22, 0x20, 0x68, 0x72, 0x65,
  0x66, 0x3d, 0x22, 0x2f, 0x70, 0x72, 0x6f, 0x67, 0x72, 0x61, 0x6d, 0x6d, 0x65,
  0x6f, 0x6e, 0x6c, 0x79, 0x20, 0x74, 0x68, 0x65, 0x20, 0x63, 0x6f, 0x6d, 0x65,
  0x20, 0x66, 0x72, 0x6f, 0x6d, 0x64, 0x69, 0x72, 0x65, 0x63, 0x74, 0x6f, 0x72,
  0x79, 0x62, 0x75, 0x72, 0x69, 0x65, 0x64, 0x20, 0x69, 0x6e, 0x61, 0x20, 0x73,
  0x69, 0x6d, 0x69, 0x6c, 0x61, 0x72, 0x74, 0x68, 0x65, 0x79, 0x20, 0x77, 0x65,
  0x72, 0x65, 0x3c, 0x2f, 0x66, 0x6f, 0x6e, 0x74, 0x3e, 0x3c, 0x2f, 0x4e, 0x6f,
  0x72, 0x77, 0x65, 0x67, 0x69, 0x61, 0x6e, 0x73, 0x70, 0x65, 0x63, 0x69, 0x66,
  0x69, 0x65, 0x64, 0x70, 0x72, 0x6f, 0x64, 0x75, 0x63, 0x69, 0x6e, 0x67, 0x70,
  0x61, 0x73, 0x73, 0x65, 0x6e, 0x67, 0x65, 0x72, 0x28, 0x6e, 0x65, 0x77, 0x20,
  0x44, 0x61, 0x74, 0x65, 0x74, 0x65, 0x6d, 0x70, 0x6f, 0x72, 0x61, 0x72, 0x79,
  0x66, 0x69, 0x63, 0x74, 0x69, 0x6f, 0x6e, 0x61, 0x6c, 0x41, 0x66, 0x74, 0x65,
  0x72, 0x20, 0x74, 0x68, 0x65, 0x65, 0x71, 0x75, 0x61, 0x74, 0x69, 0x6f, 0x6e,
  0x73, 0x64, 0x6f, 0x77, 0x6e, 0x6c, 0x6f, 0x61, 0x64, 0x2e, 0x72, 0x65, 0x67,
  0x75, 0x6c, 0x61, 0x72, 0x6c, 0x79, 0x64, 0x65, 0x76, 0x65, 0x6c, 0x6f, 0x70,
  0x65, 0x72, 0x61, 0x62, 0x6f, 0x76, 0x65, 0x20, 0x74, 0x68, 0x65, 0x6c, 0x69,
  0x6e, 0x6b, 0x65, 0x64, 0x20, 0x74, 0x6f, 0x70, 0x68, 0x65, 0x6e, 0x6f, 0x6d,
  0x65, 0x6e, 0x61, 0x70, 0x65, 0x72, 0x69, 0x6f, 0x64, 0x20, 0x6f, 0x66, 0x74,
  0x6f, 0x6f, 0x6c, 0x74, 0x69, 0x70, 0x22, 0x3e, 0x73, 0x75, 0x62, 0x73, 0x74,
  0x61, 0x6e, 0x63, 0x65, 0x61, 0x75, 0x74, 0x6f, 0x6d, 0x61, 0x74, 0x69, 0x63,
  0x61, 0x73, 0x70, 0x65, 0x63, 0x74, 0x20, 0x6f, 0x66, 0x41, 0x6d, 0x6f, 0x6e,
  0x67, 0x20, 0x74, 0x68, 0x65, 0x63, 0x6f, 0x6e, 0x6e, 0x65, 0x63, 0x74, 0x65,
  0x64, 0x65, 0x73, 0x74, 0x69, 0x6d, 0x61, 0x74, 0x65, 0x73, 0x41, 0x69, 0x72,
  0x20, 0x46, 0x6f, 0x72, 0x63, 0x65, 0x73, 0x79, 0x73, 0x74, 0x65, 0x6d, 0x20,
  0x6f, 0x66, 0x6f, 0x62, 0x6a, 0x65, 0x63, 0x74, 0x69, 0x76, 0x65, 0x69, 0x6d,
  0x6d, 0x65, 0x64, 0x69, 0x61, 0x74, 0x65, 0x6d, 0x61, 0x6b, 0x69, 0x6e, 0x67,
  0x20, 0x69, 0x74, 0x70, 0x61, 0x69, 0x6e, 0x74, 0x69, 0x6e, 0x67, 0x73, 0x63,
  0x6f, 0x6e, 0x71, 0x75, 0x65, 0x72, 0x65, 0x64, 0x61, 0x72, 0x65, 0x20, 0x73,
  0x74, 0x69, 0x6c, 0x6c, 0x70, 0x72, 0x6f, 0x63, 0x65, 0x64, 0x75, 0x72, 0x65,
  0x67, 0x72, 0x6f, 0x77, 0x74, 0x68, 0x20, 0x6f, 0x66, 0x68, 0x65, 0x61, 0x64,
  0x65, 0x64, 0x20, 0x62, 0x79, 0x45, 0x75, 0x72, 0x6f, 0x70, 0x65, 0x61, 0x6e,
  0x20, 0x64, 0x69, 0x76, 0x69, 0x73, 0x69, 0x6f, 0x6e, 0x73, 0x6d, 0x6f, 0x6c,
  0x65, 0x63, 0x75, 0x6c, 0x65, 0x73, 0x66, 0x72, 0x61, 0x6e, 0x63, 0x68, 0x69,
  0x73, 0x65, 0x69, 0x6e, 0x74, 0x65, 0x6e, 0x74, 0x69, 0x6f, 0x6e, 0x61, 0x74,
  0x74, 0x72, 0x61, 0x63, 0x74, 0x65, 0x64, 0x63, 0x68, 0x69, 0x6c, 0x64, 0x68,
  0x6f, 0x6f, 0x64, 0x61, 0x6c, 0x73, 0x6f, 0x20, 0x75, 0x73, 0x65, 0x64, 0x64,
  0x65, 0x64, 0x69, 0x63, 0x61, 0x74, 0x65, 0x64, 0x73, 0x69, 0x6e, 0x67, 0x61,
  0x70, 0x6f, 0x72, 0x65, 0x64, 0x65, 0x67, 0x72, 0x65, 0x65, 0x20, 0x6f, 0x66,
  0x66, 0x61, 0x74, 0x68, 0x65, 0x72, 0x20, 0x6f, 0x66, 0x63, 0x6f, 0x6e, 0x66,
  0x6c, 0x69, 0x63, 0x74, 0x73, 0x3c, 0x2f, 0x61, 0x3e, 0x3c, 0x2f, 0x70, 0x3e,
  0x0a, 0x63, 0x61, 0x6d, 0x65, 0x20, 0x66, 0x72, 0x6f, 0x6d, 0x77, 0x65, 0x72,
  0x65, 0x20, 0x75, 0x73, 0x65, 0x64, 0x6e, 0x6f, 0x74, 0x65, 0x20, 0x74, 0x68,
  0x61, 0x74, 0x72, 0x65, 0x63, 0x65, 0x69, 0x76, 0x69, 0x6e, 0x67, 0x45, 0x78,
  0x65, 0x63, 0x75, 0x74, 0x69, 0x76, 0x65, 0x65, 0x76, 0x65, 0x6e, 0x20, 0x6d,
  0x6f, 0x72, 0x65, 0x61, 0x63, 0x63, 0x65, 0x73, 0x73, 0x20, 0x74, 0x6f, 0x63,
  0x6f, 0x6d, 0x6d, 0x61, 0x6e, 0x64, 0x65, 0x72, 0x50, 0x6f, 0x6c, 0x69, 0x74,
  0x69, 0x63, 0x61, 0x6c, 0x6d, 0x75, 0x73, 0x69, 0x63, 0x69, 0x61, 0x6e, 0x73,
  0x64, 0x65, 0x6c, 0x69, 0x63, 0x69, 0x6f, 0x75, 0x73, 0x70, 0x72, 0x69, 0x73,
  0x6f, 0x6e, 0x65, 0x72, 0x73, 0x61, 0x64, 0x76, 0x65, 0x6e, 0x74, 0x20, 0x6f,
  0x66, 0x55, 0x54, 0x46, 0x2d, 0x38, 0x22, 0x20, 0x2f, 0x3e, 0x3c, 0x21, 0x5b,
  0x43, 0x44, 0x41, 0x54, 0x41, 0x5b, 0x22, 0x3e, 0x43, 0x6f, 0x6e, 0x74, 0x61,
  0x63, 0x74, 0x53, 0x6f, 0x75, 0x74, 0x68, 0x65, 0x72, 0x6e, 0x20, 0x62, 0x67,
  0x63, 0x6f, 0x6c, 0x6f, 0x72, 0x3d, 0x22, 0x73, 0x65, 0x72, 0x69, 0x65, 0x73,
  0x20, 0x6f, 0x66, 0x2e, 0x20, 0x49, 0x74, 0x20, 0x77, 0x61, 0x73, 0x20, 0x69,
  0x6e, 0x20, 0x45, 0x75, 0x72, 0x6f, 0x70, 0x65, 0x70, 0x65, 0x72, 0x6d, 0x69,
  0x74, 0x74, 0x65, 0x64, 0x76, 0x61, 0x6c, 0x69, 0x64, 0x61, 0x74, 0x65, 0x2e,
  0x61, 0x70, 0x70, 0x65, 0x61, 0x72, 0x69, 0x6e, 0x67, 0x6f, 0x66, 0x66, 0x69,
  0x63, 0x69, 0x61, 0x6c, 0x73, 0x73, 0x65, 0x72, 0x69, 0x6f, 0x75, 0x73, 0x6c,
  0x79, 0x2d, 0x6c, 0x61, 0x6e, 0x67, 0x75, 0x61, 0x67, 0x65, 0x69, 0x6e, 0x69,
  0x74, 0x69, 0x61, 0x74, 0x65, 0x64, 0x65, 0x78, 0x74, 0x65, 0x6e, 0x64, 0x69,
  0x6e, 0x67, 0x6c, 0x6f, 0x6e, 0x67, 0x2d, 0x74, 0x65, 0x72, 0x6d, 0x69, 0x6e,
  0x66, 0x6c, 0x61, 0x74, 0x69, 0x6f, 0x6e, 0x73, 0x75, 0x63, 0x68, 0x20, 0x74,
  0x68, 0x61, 0x74, 0x67, 0x65, 0x74, 0x43, 0x6f, 0x6f, 0x6b, 0x69, 0x65, 0x6d,
  0x61, 0x72, 0x6b, 0x65, 0x64, 0x20, 0x62, 0x79, 0x3c, 0x2f, 0x62, 0x75, 0x74,
  0x74, 0x6f, 0x6e, 0x3e, 0x69, 0x6d, 0x70, 0x6c, 0x65, 0x6d, 0x65, 0x6e, 0x74,
  0x62, 0x75, 0x74, 0x20, 0x69, 0x74, 0x20, 0x69, 0x73, 0x69, 0x6e, 0x63, 0x72,
  0x65, 0x61, 0x73, 0x65, 0x73, 0x64, 0x6f, 0x77, 0x6e, 0x20, 0x74, 0x68, 0x65,
  0x20, 0x72, 0x65, 0x71, 0x75, 0x69, 0x72, 0x69, 0x6e, 0x67, 0x64, 0x65, 0x70,
  0x65, 0x6e, 0x64, 0x65, 0x6e, 0x74, 0x2d, 0x2d, 0x3e, 0x0a, 0x3c, 0x21, 0x2d,
  0x2d, 0x20, 0x69, 0x6e, 0x74, 0x65, 0x72, 0x76, 0x69, 0x65, 0x77, 0x57, 0x69,
  0x74, 0x68, 0x20, 0x74, 0x68, 0x65, 0x20, 0x63, 0x6f, 0x70, 0x69, 0x65, 0x73,
  0x20, 0x6f, 0x66, 0x63, 0x6f, 0x6e, 0x73, 0x65, 0x6e, 0x73, 0x75, 0x73, 0x77,
  0x61, 0x73, 0x20, 0x62, 0x75, 0x69, 0x6c, 0x74, 0x56, 0x65, 0x6e, 0x65, 0x7a,
  0x75, 0x65, 0x6c, 0x61, 0x28, 0x66, 0x6f, 0x72, 0x6d, 0x65, 0x72, 0x6c, 0x79,
  0x74, 0x68, 0x65, 0x20, 0x73, 0x74, 0x61, 0x74, 0x65, 0x70, 0x65, 0x72, 0x73,
  0x6f, 0x6e, 0x6e, 0x65, 0x6c, 0x73, 0x74, 0x72, 0x61, 0x74, 0x65, 0x67, 0x69,
  0x63, 0x66, 0x61, 0x76, 0x6f, 0x75, 0x72, 0x20, 0x6f, 0x66, 0x69, 0x6e, 0x76,
  0x65, 0x6e, 0x74, 0x69, 0x6f, 0x6e, 0x57, 0x69, 0x6b, 0x69, 0x70, 0x65, 0x64,
  0x69, 0x61, 0x63, 0x6f, 0x6e, 0x74, 0x69, 0x6e, 0x65, 0x6e, 0x74, 0x76, 0x69,
  0x72, 0x74, 0x75, 0x61, 0x6c, 0x6c, 0x79, 0x77, 0x68, 0x69, 0x63, 0x68, 0x20,
  0x77, 0x61, 0x73, 0x70, 0x72, 0x69, 0x6e, 0x63, 0x69, 0x70, 0x6c, 0x65, 0x43,
  0x6f, 0x6d, 0x70, 0x6c, 0x65, 0x74, 0x65, 0x20, 0x69, 0x64, 0x65, 0x6e, 0x74,
  0x69, 0x63, 0x61, 0x6c, 0x73, 0x68, 0x6f, 0x77, 0x20, 0x74, 0x68, 0x61, 0x74,
  0x70, 0x72, 0x69, 0x6d, 0x69, 0x74, 0x69, 0x76, 0x65, 0x61, 0x77, 0x61, 0x79,
  0x20, 0x66, 0x72, 0x6f, 0x6d, 0x6d, 0x6f, 0x6c, 0x65, 0x63, 0x75, 0x6c, 0x61,
  0x72, 0x70, 0x72, 0x65, 0x63, 0x69, 0x73, 0x65, 0x6c, 0x79, 0x64, 0x69, 0x73,
  0x73, 0x6f, 0x6c, 0x76, 0x65, 0x64, 0x55, 0x6e, 0x64, 0x65, 0x72, 0x20, 0x74,
  0x68, 0x65, 0x76, 0x65, 0x72, 0x73, 0x69, 0x6f, 0x6e, 0x3d, 0x22, 0x3e, 0x26,
  0x6e, 0x62, 0x73, 0x70, 0x3b, 0x3c, 0x2f, 0x49, 0x74, 0x20, 0x69, 0x73, 0x20,
  0x74, 0x68, 0x65, 0x20, 0x54, 0x68, 0x69, 0x73, 0x20, 0x69, 0x73, 0x20, 0x77,
  0x69, 0x6c, 0x6c, 0x20, 0x68, 0x61, 0x76, 0x65, 0x6f, 0x72, 0x67, 0x61, 0x6e,
  0x69, 0x73, 0x6d, 0x73, 0x73, 0x6f, 0x6d, 0x65, 0x20, 0x74, 0x69, 0x6d, 0x65,
  0x46, 0x72, 0x69, 0x65, 0x64, 0x72, 0x69, 0x63, 0x68, 0x77, 0x61, 0x73, 0x20,
  0x66, 0x69, 0x72, 0x73, 0x74, 0x74, 0x68, 0x65, 0x20, 0x6f, 0x6e, 0x6c, 0x79,
  0x20, 0x66, 0x61, 0x63, 0x74, 0x20, 0x74, 0x68, 0x61, 0x74, 0x66, 0x6f, 0x72,
  0x6d, 0x20, 0x69, 0x64, 0x3d, 0x22, 0x70, 0x72, 0x65, 0x63, 0x65, 0x64, 0x69,
  0x6e, 0x67, 0x54, 0x65, 0x63, 0x68, 0x6e, 0x69, 0x63, 0x61, 0x6c, 0x70, 0x68,
  0x79, 0x73, 0x69, 0x63, 0x69, 0x73, 0x74, 0x6f, 0x63, 0x63, 0x75, 0x72, 0x73,
  0x20, 0x69, 0x6e, 0x6e, 0x61, 0x76, 0x69, 0x67, 0x61, 0x74, 0x6f, 0x72, 0x73,
  0x65, 0x63, 0x74, 0x69, 0x6f, 0x6e, 0x22, 0x3e, 0x73, 0x70, 0x61, 0x6e, 0x20,
  0x69, 0x64, 0x3d, 0x22, 0x73, 0x6f, 0x75, 0x67, 0x68, 0x74, 0x20, 0x74, 0x6f,
  0x62, 0x65, 0x6c, 0x6f, 0x77, 0x20, 0x74, 0x68, 0x65, 0x73, 0x75, 0x72, 0x76,
  0x69, 0x76, 0x69, 0x6e, 0x67, 0x7d, 0x3c, 0x2f, 0x73, 0x74, 0x79, 0x6c, 0x65,
  0x3e, 0x68, 0x69, 0x73, 0x20, 0x64, 0x65, 0x61, 0x74, 0x68, 0x61, 0x73, 0x20,
  0x69, 0x6e, 0x20, 0x74, 0x68, 0x65, 0x63, 0x61, 0x75, 0x73, 0x65, 0x64, 0x20,
  0x62, 0x79, 0x70, 0x61, 0x72, 0x74, 0x69, 0x61, 0x6c, 0x6c, 0x79, 0x65, 0x78,
  0x69, 0x73, 0x74, 0x69, 0x6e, 0x67, 0x20, 0x75, 0x73, 0x69, 0x6e, 0x67, 0x20,
  0x74, 0x68, 0x65, 0x77, 0x61, 0x73, 0x20, 0x67, 0x69, 0x76, 0x65, 0x6e, 0x61,
  0x20, 0x6c, 0x69, 0x73, 0x74, 0x20, 0x6f, 0x66, 0x6c, 0x65, 0x76, 0x65, 0x6c,
  0x73, 0x20, 0x6f, 0x66, 0x6e, 0x6f, 0x74, 0x69, 0x6f, 0x6e, 0x20, 0x6f, 0x66,
  0x4f, 0x66, 0x66, 0x69, 0x63, 0x69, 0x61, 0x6c, 0x20, 0x64, 0x69, 0x73, 0x6d,
  0x69, 0x73, 0x73, 0x65, 0x64, 0x73, 0x63, 0x69, 0x65, 0x6e, 0x74, 0x69, 0x73,
  0x74, 0x72, 0x65, 0x73, 0x65, 0x6d, 0x62, 0x6c, 0x65, 0x73, 0x64, 0x75, 0x70,
  0x6c, 0x69, 0x63, 0x61, 0x74, 0x65, 0x65, 0x78, 0x70, 0x6c, 0x6f, 0x73, 0x69,
  0x76, 0x65, 0x72, 0x65, 0x63, 0x6f, 0x76, 0x65, 0x72, 0x65, 0x64, 0x61, 0x6c,
  0x6c, 0x20, 0x6f, 0x74, 0x68, 0x65, 0x72, 0x67, 0x61, 0x6c, 0x6c, 0x65, 0x72,
  0x69, 0x65, 0x73, 0x7b, 0x70, 0x61, 0x64, 0x64, 0x69, 0x6e, 0x67, 0x3a, 0x70,
  0x65, 0x6f, 0x70, 0x6c, 0x65, 0x20, 0x6f, 0x66, 0x72, 0x65, 0x67, 0x69, 0x6f,
  0x6e, 0x20, 0x6f, 0x66, 0x61, 0x64, 0x64, 0x72, 0x65, 0x73, 0x73, 0x65, 0x73,
  0x61, 0x73, 0x73, 0x6f, 0x63, 0x69, 0x61, 0x74, 0x65, 0x69, 0x6d, 0x67, 0x20,
  0x61, 0x6c, 0x74, 0x3d, 0x22, 0x69, 0x6e, 0x20, 0x6d, 0x6f, 0x64, 0x65, 0x72,
  0x6e, 0x73, 0x68, 0x6f, 0x75, 0x6c, 0x64, 0x20, 0x62, 0x65, 0x6d, 0x65, 0x74,
  0x68, 0x6f, 0x64, 0x20, 0x6f, 0x66, 0x72, 0x65, 0x70, 0x6f, 0x72, 0x74, 0x69,
  0x6e, 0x67, 0x74, 0x69, 0x6d, 0x65, 0x73, 0x74, 0x61, 0x6d, 0x70, 0x6e, 0x65,
  0x65, 0x64, 0x65, 0x64, 0x20, 0x74, 0x6f, 0x74, 0x68, 0x65, 0x20, 0x47, 0x72,
  0x65, 0x61, 0x74, 0x72, 0x65, 0x67, 0x61, 0x72, 0x64, 0x69, 0x6e, 0x67, 0x73,
  0x65, 0x65, 0x6d, 0x65, 0x64, 0x20, 0x74, 0x6f, 0x76, 0x69, 0x65, 0x77, 0x65,
  0x64, 0x20, 0x61, 0x73, 0x69, 0x6d, 0x70, 0x61, 0x63, 0x74, 0x20, 0x6f, 0x6e,
  0x69, 0x64, 0x65, 0x61, 0x20, 0x74, 0x68, 0x61, 0x74, 0x74, 0x68, 0x65, 0x20,
  0x57, 0x6f, 0x72, 0x6c, 0x64, 0x68, 0x65, 0x69, 0x67, 0x68, 0x74, 0x20, 0x6f,
  0x66, 0x65, 0x78, 0x70, 0x61, 0x6e, 0x64, 0x69, 0x6e, 0x67, 0x54, 0x68, 0x65,
  0x73, 0x65, 0x20, 0x61, 0x72, 0x65, 0x63, 0x75, 0x72, 0x72, 0x65, 0x6e, 0x74,
  0x22, 0x3e, 0x63, 0x61, 0x72, 0x65, 0x66, 0x75, 0x6c, 0x6c, 0x79, 0x6d, 0x61,
  0x69, 0x6e, 0x74, 0x61, 0x69, 0x6e, 0x73, 0x63, 0x68, 0x61, 0x72, 0x67, 0x65,
  0x20, 0x6f, 0x66, 0x43, 0x6c, 0x61, 0x73, 0x73, 0x69, 0x63, 0x61, 0x6c, 0x61,
  0x64, 0x64, 0x72, 0x65, 0x73, 0x73, 0x65, 0x64, 0x70, 0x72, 0x65, 0x64, 0x69,
  0x63, 0x74, 0x65, 0x64, 0x6f, 0x77, 0x6e, 0x65, 0x72, 0x73, 0x68, 0x69, 0x70,
  0x3c, 0x64, 0x69, 0x76, 0x20, 0x69, 0x64, 0x3d, 0x22, 0x72, 0x69, 0x67, 0x68,
  0x74, 0x22, 0x3e, 0x0d, 0x0a, 0x72, 0x65, 0x73, 0x69, 0x64, 0x65, 0x6e, 0x63,
  0x65, 0x6c, 0x65, 0x61, 0x76, 0x65, 0x20, 0x74, 0x68, 0x65, 0x63, 0x6f, 0x6e,
  0x74, 0x65, 0x6e, 0x74, 0x22, 0x3e, 0x61, 0x72, 0x65, 0x20, 0x6f, 0x66, 0x74,
  0x65, 0x6e, 0x20, 0x20, 0x7d, 0x29, 0x28, 0x29, 0x3b, 0x0d, 0x0a, 0x70, 0x72,
  0x6f, 0x62, 0x61, 0x62, 0x6c, 0x79, 0x20, 0x50, 0x72, 0x6f, 0x66, 0x65, 0x73,
  0x73, 0x6f, 0x72, 0x2d, 0x62, 0x75, 0x74, 0x74, 0x6f, 0x6e, 0x22, 0x20, 0x72,
  0x65, 0x73, 0x70, 0x6f, 0x6e, 0x64, 0x65, 0x64, 0x73, 0x61, 0x79, 0x73, 0x20,
  0x74, 0x68, 0x61, 0x74, 0x68, 0x61, 0x64, 0x20, 0x74, 0x6f, 0x20, 0x62, 0x65,
  0x70, 0x6c, 0x61, 0x63, 0x65, 0x64, 0x20, 0x69, 0x6e, 0x48, 0x75, 0x6e, 0x67,
  0x61, 0x72, 0x69, 0x61, 0x6e, 0x73, 0x74, 0x61, 0x74, 0x75, 0x73, 0x20, 0x6f,
  0x66, 0x73, 0x65, 0x72, 0x76, 0x65, 0x73, 0x20, 0x61, 0x73, 0x55, 0x6e, 0x69,
  0x76, 0x65, 0x72, 0x73, 0x61, 0x6c, 0x65, 0x78, 0x65, 0x63, 0x75, 0x74, 0x69,
  0x6f, 0x6e, 0x61, 0x67, 0x67, 0x72, 0x65, 0x67, 0x61, 0x74, 0x65, 0x66, 0x6f,
  0x72, 0x20, 0x77, 0x68, 0x69, 0x63, 0x68, 0x69, 0x6e, 0x66, 0x65, 0x63, 0x74,
  0x69, 0x6f, 0x6e, 0x61, 0x67, 0x72, 0x65, 0x65, 0x64, 0x20, 0x74, 0x6f, 0x68,
  0x6f, 0x77, 0x65, 0x76, 0x65, 0x72, 0x2c, 0x20, 0x70, 0x6f, 0x70, 0x75, 0x6c,
  0x61, 0x72, 0x22, 0x3e, 0x70, 0x6c, 0x61, 0x63, 0x65, 0x64, 0x20, 0x6f, 0x6e,
  0x63, 0x6f, 0x6e, 0x73, 0x74, 0x72, 0x75, 0x63, 0x74, 0x65, 0x6c, 0x65, 0x63,
  0x74, 0x6f, 0x72, 0x61, 0x6c, 0x73, 0x79, 0x6d, 0x62, 0x6f, 0x6c, 0x20, 0x6f,
  0x66, 0x69, 0x6e, 0x63, 0x6c, 0x75, 0x64, 0x69, 0x6e, 0x67, 0x72, 0x65, 0x74,
  0x75, 0x72, 0x6e, 0x20, 0x74, 0x6f, 0x61, 0x72, 0x63, 0x68, 0x69, 0x74, 0x65,
  0x63, 0x74, 0x43, 0x68, 0x72, 0x69, 0x73, 0x74, 0x69, 0x61, 0x6e, 0x70, 0x72,
  0x65, 0x76, 0x69, 0x6f, 0x75, 0x73, 0x20, 0x6c, 0x69, 0x76, 0x69, 0x6e, 0x67,
  0x20, 0x69, 0x6e, 0x65, 0x61, 0x73, 0x69, 0x65, 0x72, 0x20, 0x74, 0x6f, 0x70,
  0x72, 0x6f, 0x66, 0x65, 0x73, 0x73, 0x6f, 0x72, 0x0a, 0x26, 0x6c, 0x74, 0x3b,
  0x21, 0x2d, 0x2d, 0x20, 0x65, 0x66, 0x66, 0x65, 0x63, 0x74, 0x20, 0x6f, 0x66,
  0x61, 0x6e, 0x61, 0x6c, 0x79, 0x74, 0x69, 0x63, 0x73, 0x77, 0x61, 0x73, 0x20,
  0x74, 0x61, 0x6b, 0x65, 0x6e, 0x77, 0x68, 0x65, 0x72, 0x65, 0x20, 0x74, 0x68,
  0x65, 0x74, 0x6f, 0x6f, 0x6b, 0x20, 0x6f, 0x76, 0x65, 0x72, 0x62, 0x65, 0x6c,
  0x69, 0x65, 0x66, 0x20, 0x69, 0x6e, 0x41, 0x66, 0x72, 0x69, 0x6b, 0x61, 0x61,
  0x6e, 0x73, 0x61, 0x73, 0x20, 0x66, 0x61, 0x72, 0x20, 0x61, 0x73, 0x70, 0x72,
  0x65, 0x76, 0x65, 0x6e, 0x74, 0x65, 0x64, 0x77, 0x6f, 0x72, 0x6b, 0x20, 0x77,
  0x69, 0x74, 0x68, 0x61, 0x20, 0x73, 0x70, 0x65, 0x63, 0x69, 0x61, 0x6c, 0x3c,
  0x66, 0x69, 0x65, 0x6c, 0x64, 0x73, 0x65, 0x74, 0x43, 0x68, 0x72, 0x69, 0x73,
  0x74, 0x6d, 0x61, 0x73, 0x52, 0x65, 0x74, 0x72, 0x69, 0x65, 0x76, 0x65, 0x64,
  0x0a, 0x0a, 0x49, 0x6e, 0x20, 0x74, 0x68, 0x65, 0x20, 0x62, 0x61, 0x63, 0x6b,
  0x20, 0x69, 0x6e, 0x74, 0x6f, 0x6e, 0x6f, 0x72, 0x74, 0x68, 0x65, 0x61, 0x73,
  0x74, 0x6d, 0x61, 0x67, 0x61, 0x7a, 0x69, 0x6e, 0x65, 0x73, 0x3e, 0x3c, 0x73,
  0x74, 0x72, 0x6f, 0x6e, 0x67, 0x3e, 0x63, 0x6f, 0x6d, 0x6d, 0x69, 0x74, 0x74,
  0x65, 0x65, 0x67, 0x6f, 0x76, 0x65, 0x72, 0x6e, 0x69, 0x6e, 0x67, 0x67, 0x72,
  0x6f, 0x75, 0x70, 0x73, 0x20, 0x6f, 0x66, 0x73, 0x74, 0x6f, 0x72, 0x65, 0x64,
  0x20, 0x69, 0x6e, 0x65, 0x73, 0x74, 0x61, 0x62, 0x6c, 0x69, 0x73, 0x68, 0x61,
  0x20, 0x67, 0x65, 0x6e, 0x65, 0x72, 0x61, 0x6c, 0x69, 0x74, 0x73, 0x20, 0x66,
  0x69, 0x72, 0x73, 0x74, 0x74, 0x68, 0x65, 0x69, 0x72, 0x20, 0x6f, 0x77, 0x6e,
  0x70, 0x6f, 0x70, 0x75, 0x6c, 0x61, 0x74, 0x65, 0x64, 0x61, 0x6e, 0x20, 0x6f,
  0x62, 0x6a, 0x65, 0x63, 0x74, 0x43, 0x61, 0x72, 0x69, 0x62, 0x62, 0x65, 0x61,
  0x6e, 0x61, 0x6c, 0x6c, 0x6f, 0x77, 0x20, 0x74, 0x68, 0x65, 0x64, 0x69, 0x73,
  0x74, 0x72, 0x69, 0x63, 0x74, 0x73, 0x77, 0x69, 0x73, 0x63, 0x6f, 0x6e, 0x73,
  0x69, 0x6e, 0x6c, 0x6f, 0x63, 0x61, 0x74, 0x69, 0x6f, 0x6e, 0x2e, 0x3b, 0x20,
  0x77, 0x69, 0x64, 0x74, 0x68, 0x3a, 0x20, 0x69, 0x6e, 0x68, 0x61, 0x62, 0x69,
  0x74, 0x65, 0x64, 0x53, 0x6f, 0x63, 0x69, 0x61, 0x6c, 0x69, 0x73, 0x74, 0x4a,
  0x61, 0x6e, 0x75, 0x61, 0x72, 0x79, 0x20, 0x31, 0x3c, 0x2f, 0x66, 0x6f, 0x6f,
  0x74, 0x65, 0x72, 0x3e, 0x73, 0x69, 0x6d, 0x69, 0x6c, 0x61, 0x72, 0x6c, 0x79,
  0x63, 0x68, 0x6f, 0x69, 0x63, 0x65, 0x20, 0x6f, 0x66, 0x74, 0x68, 0x65, 0x20,
  0x73, 0x61, 0x6d, 0x65, 0x20, 0x73, 0x70, 0x65, 0x63, 0x69, 0x66, 0x69, 0x63,
  0x20, 0x62, 0x75, 0x73, 0x69, 0x6e, 0x65, 0x73, 0x73, 0x20, 0x54, 0x68, 0x65,
  0x20, 0x66, 0x69, 0x72, 0x73, 0x74, 0x2e, 0x6c, 0x65, 0x6e, 0x67, 0x74, 0x68,
  0x3b, 0x20, 0x64, 0x65, 0x73, 0x69, 0x72, 0x65, 0x20, 0x74, 0x6f, 0x64, 0x65,
  0x61, 0x6c, 0x20, 0x77, 0x69, 0x74, 0x68, 0x73, 0x69, 0x6e, 0x63, 0x65, 0x20,
  0x74, 0x68, 0x65, 0x75, 0x73, 0x65, 0x72, 0x41, 0x67, 0x65, 0x6e, 0x74, 0x63,
  0x6f, 0x6e, 0x63, 0x65, 0x69, 0x76, 0x65, 0x64, 0x69, 0x6e, 0x64, 0x65, 0x78,
  0x2e, 0x70, 0x68, 0x70, 0x61, 0x73, 0x20, 0x26, 0x71, 0x75, 0x6f, 0x74, 0x3b,
  0x65, 0x6e, 0x67, 0x61, 0x67, 0x65, 0x20, 0x69, 0x6e, 0x72, 0x65, 0x63, 0x65,
  0x6e, 0x74, 0x6c, 0x79, 0x2c, 0x66, 0x65, 0x77, 0x20, 0x79, 0x65, 0x61, 0x72,
  0x73, 0x77, 0x65, 0x72, 0x65, 0x20, 0x61, 0x6c, 0x73, 0x6f, 0x0a, 0x3c, 0x68,
  0x65, 0x61, 0x64, 0x3e, 0x0a, 0x3c, 0x65, 0x64, 0x69, 0x74, 0x65, 0x64, 0x20,
  0x62, 0x79, 0x61, 0x72, 0x65, 0x20, 0x6b, 0x6e, 0x6f, 0x77, 0x6e, 0x63, 0x69,
  0x74, 0x69, 0x65, 0x73, 0x20, 0x69, 0x6e, 0x61, 0x63, 0x63, 0x65, 0x73, 0x73,
  0x6b, 0x65, 0x79, 0x63, 0x6f, 0x6e, 0x64, 0x65, 0x6d, 0x6e, 0x65, 0x64, 0x61,
  0x6c, 0x73, 0x6f, 0x20, 0x68, 0x61, 0x76, 0x65, 0x73, 0x65, 0x72, 0x76, 0x69,
  0x63, 0x65, 0x73, 0x2c, 0x66, 0x61, 0x6d, 0x69, 0x6c, 0x79, 0x20, 0x6f, 0x66,
  0x53, 0x63, 0x68, 0x6f, 0x6f, 0x6c, 0x20, 0x6f, 0x66, 0x63, 0x6f, 0x6e, 0x76,
  0x65, 0x72, 0x74, 0x65, 0x64, 0x6e, 0x61, 0x74, 0x75, 0x72, 0x65, 0x20, 0x6f,
  0x66, 0x20, 0x6c, 0x61, 0x6e, 0x67, 0x75, 0x61, 0x67, 0x65, 0x6d, 0x69, 0x6e,
  0x69, 0x73, 0x74, 0x65, 0x72, 0x73, 0x3c, 0x2f, 0x6f, 0x62, 0x6a, 0x65, 0x63,
  0x74, 0x3e, 0x74, 0x68, 0x65, 0x72, 0x65, 0x20, 0x69, 0x73, 0x20, 0x61, 0x20,
  0x70, 0x6f, 0x70, 0x75, 0x6c, 0x61, 0x72, 0x73, 0x65, 0x71, 0x75, 0x65, 0x6e,
  0x63, 0x65, 0x73, 0x61, 0x64, 0x76, 0x6f, 0x63, 0x61, 0x74, 0x65, 0x64, 0x54,
  0x68, 0x65, 0x79, 0x20, 0x77, 0x65, 0x72, 0x65, 0x61, 0x6e, 0x79, 0x20, 0x6f,
  0x74, 0x68, 0x65, 0x72, 0x6c, 0x6f, 0x63, 0x61, 0x74, 0x69, 0x6f, 0x6e, 0x3d,
  0x65, 0x6e, 0x74, 0x65, 0x72, 0x20, 0x74, 0x68, 0x65, 0x6d, 0x75, 0x63, 0x68,
  0x20, 0x6d, 0x6f, 0x72, 0x65, 0x72, 0x65, 0x66, 0x6c, 0x65, 0x63, 0x74, 0x65,
  0x64, 0x77, 0x61, 0x73, 0x20, 0x6e, 0x61, 0x6d, 0x65, 0x64, 0x6f, 0x72, 0x69,
  0x67, 0x69, 0x6e, 0x61, 0x6c, 0x20, 0x61, 0x20, 0x74, 0x79, 0x70, 0x69, 0x63,
  0x61, 0x6c, 0x77, 0x68, 0x65, 0x6e, 0x20, 0x74, 0x68, 0x65, 0x79, 0x65, 0x6e,
  0x67, 0x69, 0x6e, 0x65, 0x65, 0x72, 0x73, 0x63, 0x6f, 0x75, 0x6c, 0x64, 0x20,
  0x6e, 0x6f, 0x74, 0x72, 0x65, 0x73, 0x69, 0x64, 0x65, 0x6e, 0x74, 0x73, 0x77,
  0x65, 0x64, 0x6e, 0x65, 0x73, 0x64, 0x61, 0x79, 0x74, 0x68, 0x65, 0x20, 0x74,
  0x68, 0x69, 0x72, 0x64, 0x20, 0x70, 0x72, 0x6f, 0x64, 0x75, 0x63, 0x74, 0x73,
  0x4a, 0x61, 0x6e, 0x75, 0x61, 0x72, 0x79, 0x20, 0x32, 0x77, 0x68, 0x61, 0x74,
  0x20, 0x74, 0x68, 0x65, 0x79, 0x61, 0x20, 0x63, 0x65, 0x72, 0x74, 0x61, 0x69,
  0x6e, 0x72, 0x65, 0x61, 0x63, 0x74, 0x69, 0x6f, 0x6e, 0x73, 0x70, 0x72, 0x6f,
  0x63, 0x65, 0x73, 0x73, 0x6f, 0x72, 0x61, 0x66, 0x74, 0x65, 0x72, 0x20, 0x68,
  0x69, 0x73, 0x74, 0x68, 0x65, 0x20, 0x6c, 0x61, 0x73, 0x74, 0x20, 0x63, 0x6f,
  0x6e, 0x74, 0x61, 0x69, 0x6e, 0x65, 0x64, 0x22, 0x3e, 0x3c, 0x2f, 0x64, 0x69,
  0x76, 0x3e, 0x0a, 0x3c, 0x2f, 0x61, 0x3e, 0x3c, 0x2f, 0x74, 0x64, 0x3e, 0x64,
  0x65, 0x70, 0x65, 0x6e, 0x64, 0x20, 0x6f, 0x6e, 0x73, 0x65, 0x61, 0x72, 0x63,
  0x68, 0x22, 0x3e, 0x0a, 0x70, 0x69, 0x65, 0x63, 0x65, 0x73, 0x20, 0x6f, 0x66,
  0x63, 0x6f, 0x6d, 0x70, 0x65, 0x74, 0x69, 0x6e, 0x67, 0x52, 0x65, 0x66, 0x65,
  0x72, 0x65, 0x6e, 0x63, 0x65, 0x74, 0x65, 0x6e, 0x6e, 0x65, 0x73, 0x73, 0x65,
  0x65, 0x77, 0x68, 0x69, 0x63, 0x68, 0x20, 0x68, 0x61, 0x73, 0x20, 0x76, 0x65,
  0x72, 0x73, 0x69, 0x6f, 0x6e, 0x3d, 0x3c, 0x2f, 0x73, 0x70, 0x61, 0x6e, 0x3e,
  0x20, 0x3c, 0x3c, 0x2f, 0x68, 0x65, 0x61, 0x64, 0x65, 0x72, 0x3e, 0x67, 0x69,
  0x76, 0x65, 0x73, 0x20, 0x74, 0x68, 0x65, 0x68, 0x69, 0x73, 0x74, 0x6f, 0x72,
  0x69, 0x61, 0x6e, 0x76, 0x61, 0x6c, 0x75, 0x65, 0x3d, 0x22, 0x22, 0x3e, 0x70,
  0x61, 0x64, 0x64, 0x69, 0x6e, 0x67, 0x3a, 0x30, 0x76, 0x69, 0x65, 0x77, 0x20,
  0x74, 0x68, 0x61, 0x74, 0x74, 0x6f, 0x67, 0x65, 0x74, 0x68, 0x65, 0x72, 0x2c,
  0x74, 0x68, 0x65, 0x20, 0x6d, 0x6f, 0x73, 0x74, 0x20, 0x77, 0x61, 0x73, 0x20,
  0x66, 0x6f, 0x75, 0x6e, 0x64, 0x73, 0x75, 0x62, 0x73, 0x65, 0x74, 0x20, 0x6f,
  0x66, 0x61, 0x74, 0x74, 0x61, 0x63, 0x6b, 0x20, 0x6f, 0x6e, 0x63, 0x68, 0x69,
  0x6c, 0x64, 0x72, 0x65, 0x6e, 0x2c, 0x70, 0x6f, 0x69, 0x6e, 0x74, 0x73, 0x20,
  0x6f, 0x66, 0x70, 0x65, 0x72, 0x73, 0x6f, 0x6e, 0x61, 0x6c, 0x20, 0x70, 0x6f,
  0x73, 0x69, 0x74, 0x69, 0x6f, 0x6e, 0x3a, 0x61, 0x6c, 0x6c, 0x65, 0x67, 0x65,
  0x64, 0x6c, 0x79, 0x43, 0x6c, 0x65, 0x76, 0x65, 0x6c, 0x61, 0x6e, 0x64, 0x77,
  0x61, 0x73, 0x20, 0x6c, 0x61, 0x74, 0x65, 0x72, 0x61, 0x6e, 0x64, 0x20, 0x61,
  0x66, 0x74, 0x65, 0x72, 0x61, 0x72, 0x65, 0x20, 0x67, 0x69, 0x76, 0x65, 0x6e,
  0x77, 0x61, 0x73, 0x20, 0x73, 0x74, 0x69, 0x6c, 0x6c, 0x73, 0x63, 0x72, 0x6f,
  0x6c, 0x6c, 0x69, 0x6e, 0x67, 0x64, 0x65, 0x73, 0x69, 0x67, 0x6e, 0x20, 0x6f,
  0x66, 0x6d, 0x61, 0x6b, 0x65, 0x73, 0x20, 0x74, 0x68, 0x65, 0x6d, 0x75, 0x63,
  0x68, 0x20, 0x6c, 0x65, 0x73, 0x73, 0x41, 0x6d, 0x65, 0x72, 0x69, 0x63, 0x61,
  0x6e, 0x73, 0x2e, 0x0a, 0x0a, 0x41, 0x66, 0x74, 0x65, 0x72, 0x20, 0x2c, 0x20,
  0x62, 0x75, 0x74, 0x20, 0x74, 0x68, 0x65, 0x4d, 0x75, 0x73, 0x65, 0x75, 0x6d,
  0x20, 0x6f, 0x66, 0x6c, 0x6f, 0x75, 0x69, 0x73, 0x69, 0x61, 0x6e, 0x61, 0x28,
  0x66, 0x72, 0x6f, 0x6d, 0x20, 0x74, 0x68, 0x65, 0x6d, 0x69, 0x6e, 0x6e, 0x65,
  0x73, 0x6f, 0x74, 0x61, 0x70, 0x61, 0x72, 0x74, 0x69, 0x63, 0x6c, 0x65, 0x73,
  0x61, 0x20, 0x70, 0x72, 0x6f, 0x63, 0x65, 0x73, 0x73, 0x44, 0x6f, 0x6d, 0x69,
  0x6e, 0x69, 0x63, 0x61, 0x6e, 0x76, 0x6f, 0x6c, 0x75, 0x6d, 0x65, 0x20, 0x6f,
  0x66, 0x72, 0x65, 0x74, 0x75, 0x72, 0x6e, 0x69, 0x6e, 0x67, 0x64, 0x65, 0x66,
  0x65, 0x6e, 0x73, 0x69, 0x76, 0x65, 0x30, 0x30, 0x70, 0x78, 0x7c, 0x72, 0x69,
  0x67, 0x68, 0x6d, 0x61, 0x64, 0x65, 0x20, 0x66, 0x72, 0x6f, 0x6d, 0x6d, 0x6f,
  0x75, 0x73, 0x65, 0x6f, 0x76, 0x65, 0x72, 0x22, 0x20, 0x73, 0x74, 0x79, 0x6c,
  0x65, 0x3d, 0x22, 0x73, 0x74, 0x61, 0x74, 0x65, 0x73, 0x20, 0x6f, 0x66, 0x28,
  0x77, 0x68, 0x69, 0x63, 0x68, 0x20, 0x69, 0x73, 0x63, 0x6f, 0x6e, 0x74, 0x69,
  0x6e, 0x75, 0x65, 0x73, 0x46, 0x72, 0x61, 0x6e, 0x63, 0x69, 0x73, 0x63, 0x6f,
  0x62, 0x75, 0x69, 0x6c, 0x64, 0x69, 0x6e, 0x67, 0x20, 0x77, 0x69, 0x74, 0x68,
  0x6f, 0x75, 0x74, 0x20, 0x61, 0x77, 0x69, 0x74, 0x68, 0x20, 0x73, 0x6f, 0x6d,
  0x65, 0x77, 0x68, 0x6f, 0x20, 0x77, 0x6f, 0x75, 0x6c, 0x64, 0x61, 0x20, 0x66,
  0x6f, 0x72, 0x6d, 0x20, 0x6f, 0x66, 0x61, 0x20, 0x70, 0x61, 0x72, 0x74, 0x20,
  0x6f, 0x66, 0x62, 0x65, 0x66, 0x6f, 0x72, 0x65, 0x20, 0x69, 0x74, 0x6b, 0x6e,
  0x6f, 0x77, 0x6e, 0x20, 0x61, 0x73, 0x20, 0x20, 0x53, 0x65, 0x72, 0x76, 0x69,
  0x63, 0x65, 0x73, 0x6c, 0x6f, 0x63, 0x61, 0x74, 0x69, 0x6f, 0x6e, 0x20, 0x61,
  0x6e, 0x64, 0x20, 0x6f, 0x66, 0x74, 0x65, 0x6e, 0x6d, 0x65, 0x61, 0x73, 0x75,
  0x72, 0x69, 0x6e, 0x67, 0x61, 0x6e, 0x64, 0x20, 0x69, 0x74, 0x20, 0x69, 0x73,
  0x70, 0x61, 0x70, 0x65, 0x72, 0x62, 0x61, 0x63, 0x6b, 0x76, 0x61, 0x6c, 0x75,
  0x65, 0x73, 0x20, 0x6f, 0x66, 0x0d, 0x0a, 0x3c, 0x74, 0x69, 0x74, 0x6c, 0x65,
  0x3e, 0x3d, 0x20, 0x77, 0x69, 0x6e, 0x64, 0x6f, 0x77, 0x2e, 0x64, 0x65, 0x74,
  0x65, 0x72, 0x6d, 0x69, 0x6e, 0x65, 0x65, 0x72, 0x26, 0x71, 0x75, 0x6f, 0x74,
  0x3b, 0x20, 0x70, 0x6c, 0x61, 0x79, 0x65, 0x64, 0x20, 0x62, 0x79, 0x61, 0x6e,
  0x64, 0x20, 0x65, 0x61, 0x72, 0x6c, 0x79, 0x3c, 0x2f, 0x63, 0x65, 0x6e, 0x74,
  0x65, 0x72, 0x3e, 0x66, 0x72, 0x6f, 0x6d, 0x20, 0x74, 0x68, 0x69, 0x73, 0x74,
  0x68, 0x65, 0x20, 0x74, 0x68, 0x72, 0x65, 0x65, 0x70, 0x6f, 0x77, 0x65, 0x72,
  0x20, 0x61, 0x6e, 0x64, 0x6f, 0x66, 0x20, 0x26, 0x71, 0x75, 0x6f, 0x74, 0x3b,
  0x69, 0x6e, 0x6e, 0x65, 0x72, 0x48, 0x54, 0x4d, 0x4c, 0x3c, 0x61, 0x20, 0x68,
  0x72, 0x65, 0x66, 0x3d, 0x22, 0x79, 0x3a, 0x69, 0x6e, 0x6c, 0x69, 0x6e, 0x65,
  0x3b, 0x43, 0x68, 0x75, 0x72, 0x63, 0x68, 0x20, 0x6f, 0x66, 0x74, 0x68, 0x65,
  0x20, 0x65, 0x76, 0x65, 0x6e, 0x74, 0x76, 0x65, 0x72, 0x79, 0x20, 0x68, 0x69,
  0x67, 0x68, 0x6f, 0x66, 0x66, 0x69, 0x63, 0x69, 0x61, 0x6c, 0x20, 0x2d, 0x68,
  0x65, 0x69, 0x67, 0x68, 0x74, 0x3a, 0x20, 0x63, 0x6f, 0x6e, 0x74, 0x65, 0x6e,
  0x74, 0x3d, 0x22, 0x2f, 0x63, 0x67, 0x69, 0x2d, 0x62, 0x69, 0x6e, 0x2f, 0x74,
  0x6f, 0x20, 0x63, 0x72, 0x65, 0x61, 0x74, 0x65, 0x61, 0x66, 0x72, 0x69, 0x6b,
  0x61, 0x61, 0x6e, 0x73, 0x65, 0x73, 0x70, 0x65, 0x72, 0x61, 0x6e, 0x74, 0x6f,
  0x66, 0x72, 0x61, 0x6e, 0xc3, 0xa7, 0x61, 0x69, 0x73, 0x6c, 0x61, 0x74, 0x76,
  0x69, 0x65, 0xc5, 0xa1, 0x75, 0x6c, 0x69, 0x65, 0x74, 0x75, 0x76, 0x69, 0xc5,
  0xb3, 0xc4, 0x8c, 0x65, 0xc5, 0xa1, 0x74, 0x69, 0x6e, 0x61, 0xc4, 0x8d, 0x65,
  0xc5, 0xa1, 0x74, 0x69, 0x6e, 0x61, 0xe0, 0xb9, 0x84, 0xe0, 0xb8, 0x97, 0xe0,
  0xb8, 0xa2, 0xe6, 0x97, 0xa5, 0xe6, 0x9c, 0xac, 0xe8, 0xaa, 0x9e, 0xe7, 0xae,
  0x80, 0xe4, 0xbd, 0x93, 0xe5, 0xad, 0x97, 0xe7, 0xb9, 0x81, 0xe9, 0xab, 0x94,
  0xe5, 0xad, 0x97, 0xed, 0x95, 0x9c, 0xea, 0xb5, 0xad, 0xec, 0x96, 0xb4, 0xe4,
  0xb8, 0xba, 0xe4, 0xbb, 0x80, 0xe4, 0xb9, 0x88, 0xe8, 0xae, 0xa1, 0xe7, 0xae,
  0x97, 0xe6, 0x9c, 0xba, 0xe7, 0xac, 0x94, 0xe8, 0xae, 0xb0, 0xe6, 0x9c, 0xac,
  0xe8, 0xa8, 0x8e, 0xe8, 0xab, 0x96, 0xe5, 0x8d, 0x80, 0xe6, 0x9c, 0x8d, 0xe5,
  0x8a, 0xa1, 0xe5, 0x99, 0xa8, 0xe4, 0xba, 0x92, 0xe8, 0x81, 0x94, 0xe7, 0xbd,
  0x91, 0xe6, 0x88, 0xbf, 0xe5, 0x9c, 0xb0, 0xe4, 0xba, 0xa7, 0xe4, 0xbf, 0xb1,
  0xe4, 0xb9, 0x90, 0xe9, 0x83, 0xa8, 0xe5, 0x87, 0xba, 0xe7, 0x89, 0x88, 0xe7,
  0xa4, 0xbe, 0xe6, 0x8e, 0x92, 0xe8, 0xa1, 0x8c, 0xe6, 0xa6, 0x9c, 0xe9, 0x83,
  0xa8, 0xe8, 0x90, 0xbd, 0xe6, 0xa0, 0xbc, 0xe8, 0xbf, 0x9b, 0xe4, 0xb8, 0x80,
  0xe6, 0xad, 0xa5, 0xe6, 0x94, 0xaf, 0xe4, 0xbb, 0x98, 0xe5, 0xae, 0x9d, 0xe9,
  0xaa, 0x8c, 0xe8, 0xaf, 0x81, 0xe7, 0xa0, 0x81, 0xe5, 0xa7, 0x94, 0xe5, 0x91,
  0x98, 0xe4, 0xbc, 0x9a, 0xe6, 0x95, 0xb0, 0xe6, 0x8d, 0xae, 0xe5, 0xba, 0x93,
  0xe6, 0xb6, 0x88, 0xe8, 0xb4, 0xb9, 0xe8, 0x80, 0x85, 0xe5, 0x8a, 0x9e, 0xe5,
  0x85, 0xac, 0xe5, 0xae, 0xa4, 0xe8, 0xae, 0xa8, 0xe8, 0xae, 0xba, 0xe5, 0x8c,
  0xba, 0xe6, 0xb7, 0xb1, 0xe5, 0x9c, 0xb3, 0xe5, 0xb8, 0x82, 0xe6, 0x92, 0xad,
  0xe6, 0x94, 0xbe, 0xe5, 0x99, 0xa8, 0xe5, 0x8c, 0x97, 0xe4, 0xba, 0xac, 0xe5,
  0xb8, 0x82, 0xe5, 0xa4, 0xa7, 0xe5, 0xad, 0xa6, 0xe7, 0x94, 0x9f, 0xe8, 0xb6,
  0x8a, 0xe6, 0x9d, 0xa5, 0xe8, 0xb6, 0x8a, 0xe7, 0xae, 0xa1, 0xe7, 0x90, 0x86,
  0xe5, 0x91, 0x98, 0xe4, 0xbf, 0xa1, 0xe6, 0x81, 0xaf, 0xe7, 0xbd, 0x91, 0x73,
  0x65, 0x72, 0x76, 0x69, 0x63, 0x69, 0x6f, 0x73, 0x61, 0x72, 0x74, 0xc3, 0xad,
  0x63, 0x75, 0x6c, 0x6f, 0x61, 0x72, 0x67, 0x65, 0x6e, 0x74, 0x69, 0x6e, 0x61,
  0x62, 0x61, 0x72, 0x63, 0x65, 0x6c, 0x6f, 0x6e, 0x61, 0x63, 0x75, 0x61, 0x6c,
  0x71, 0x75, 0x69, 0x65, 0x72, 0x70, 0x75, 0x62, 0x6c, 0x69, 0x63, 0x61, 0x64,
  0x6f, 0x70, 0x72, 0x6f, 0x64, 0x75, 0x63, 0x74, 0x6f, 0x73, 0x70, 0x6f, 0x6c,
  0xc3, 0xad, 0x74, 0x69, 0x63, 0x61, 0x72, 0x65, 0x73, 0x70, 0x75, 0x65, 0x73,
  0x74, 0x61, 0x77, 0x69, 0x6b, 0x69, 0x70, 0x65, 0x64, 0x69, 0x61, 0x73, 0x69,
  0x67, 0x75, 0x69, 0x65, 0x6e, 0x74, 0x65, 0x62, 0xc3, 0xba, 0x73, 0x71, 0x75,
  0x65, 0x64, 0x61, 0x63, 0x6f, 0x6d, 0x75, 0x6e, 0x69, 0x64, 0x61, 0x64, 0x73,
  0x65, 0x67, 0x75, 0x72, 0x69, 0x64, 0x61, 0x64, 0x70, 0x72, 0x69, 0x6e, 0x63,
  0x69, 0x70, 0x61, 0x6c, 0x70, 0x72, 0x65, 0x67, 0x75, 0x6e, 0x74, 0x61, 0x73,
  0x63, 0x6f, 0x6e, 0x74, 0x65, 0x6e, 0x69, 0x64, 0x6f, 0x72, 0x65, 0x73, 0x70,
  0x6f, 0x6e, 0x64, 0x65, 0x72, 0x76, 0x65, 0x6e, 0x65, 0x7a, 0x75, 0x65, 0x6c,
  0x61, 0x70, 0x72, 0x6f, 0x62, 0x6c, 0x65, 0x6d, 0x61, 0x73, 0x64, 0x69, 0x63,
  0x69, 0x65, 0x6d, 0x62, 0x72, 0x65, 0x72, 0x65, 0x6c, 0x61, 0x63, 0x69, 0xc3,
  0xb3, 0x6e, 0x6e, 0x6f, 0x76, 0x69, 0x65, 0x6d, 0x62, 0x72, 0x65, 0x73, 0x69,
  0x6d, 0x69, 0x6c, 0x61, 0x72, 0x65, 0x73, 0x70, 0x72, 0x6f, 0x79, 0x65, 0x63,
  0x74, 0x6f, 0x73, 0x70, 0x72, 0x6f, 0x67, 0x72, 0x61, 0x6d, 0x61, 0x73, 0x69,
  0x6e, 0x73, 0x74, 0x69, 0x74, 0x75, 0x74, 0x6f, 0x61, 0x63, 0x74, 0x69, 0x76,
  0x69, 0x64, 0x61, 0x64, 0x65, 0x6e, 0x63, 0x75, 0x65, 0x6e, 0x74, 0x72, 0x61,
  0x65, 0x63, 0x6f, 0x6e, 0x6f, 0x6d, 0xc3, 0xad, 0x61, 0x69, 0x6d, 0xc3, 0xa1,
  0x67, 0x65, 0x6e, 0x65, 0x73, 0x63, 0x6f, 0x6e, 0x74, 0x61, 0x63, 0x74, 0x61,
  0x72, 0x64, 0x65, 0x73, 0x63, 0x61, 0x72, 0x67, 0x61, 0x72, 0x6e, 0x65, 0x63,
  0x65, 0x73, 0x61, 0x72, 0x69, 0x6f, 0x61, 0x74, 0x65, 0x6e, 0x63, 0x69, 0xc3,
  0xb3, 0x6e, 0x74, 0x65, 0x6c, 0xc3, 0xa9, 0x66, 0x6f, 0x6e, 0x6f, 0x63, 0x6f,
  0x6d, 0x69, 0x73, 0x69, 0xc3, 0xb3, 0x6e, 0x63, 0x61, 0x6e, 0x63, 0x69, 0x6f,
  0x6e, 0x65, 0x73, 0x63, 0x61, 0x70, 0x61, 0x63, 0x69, 0x64, 0x61, 0x64, 0x65,
  0x6e, 0x63, 0x6f, 0x6e, 0x74, 0x72, 0x61, 0x72, 0x61, 0x6e, 0xc3, 0xa1, 0x6c,
  0x69, 0x73, 0x69, 0x73, 0x66, 0x61, 0x76, 0x6f, 0x72, 0x69, 0x74, 0x6f, 0x73,
  0x74, 0xc3, 0xa9, 0x72, 0x6d, 0x69, 0x6e, 0x6f, 0x73, 0x70, 0x72, 0x6f, 0x76,
  0x69, 0x6e, 0x63, 0x69, 0x61, 0x65, 0x74, 0x69, 0x71, 0x75, 0x65, 0x74, 0x61,
  0x73, 0x65, 0x6c, 0x65, 0x6d, 0x65, 0x6e, 0x74, 0x6f, 0x73, 0x66, 0x75, 0x6e,
  0x63, 0x69, 0x6f, 0x6e, 0x65, 0x73, 0x72, 0x65, 0x73, 0x75, 0x6c, 0x74, 0x61,
  0x64, 0x6f, 0x63, 0x61, 0x72, 0xc3, 0xa1, 0x63, 0x74, 0x65, 0x72, 0x70, 0x72,
  0x6f, 0x70, 0x69, 0x65, 0x64, 0x61, 0x64, 0x70, 0x72, 0x69, 0x6e, 0x63, 0x69,
  0x70, 0x69, 0x6f, 0x6e, 0x65, 0x63, 0x65, 0x73, 0x69, 0x64, 0x61, 0x64, 0x6d,
  0x75, 0x6e, 0x69, 0x63, 0x69, 0x70, 0x61, 0x6c, 0x63, 0x72, 0x65, 0x61, 0x63,
  0x69, 0xc3, 0xb3, 0x6e, 0x64, 0x65, 0x73, 0x63, 0x61, 0x72, 0x67, 0x61, 0x73,
  0x70, 0x72, 0x65, 0x73, 0x65, 0x6e, 0x63, 0x69, 0x61, 0x63, 0x6f, 0x6d, 0x65,
  0x72, 0x63, 0x69, 0x61, 0x6c, 0x6f, 0x70, 0x69, 0x6e, 0x69, 0x6f, 0x6e, 0x65,
  0x73, 0x65, 0x6a, 0x65, 0x72, 0x63, 0x69, 0x63, 0x69, 0x6f, 0x65, 0x64, 0x69,
  0x74, 0x6f, 0x72, 0x69, 0x61, 0x6c, 0x73, 0x61, 0x6c, 0x61, 0x6d, 0x61, 0x6e,
  0x63, 0x61, 0x67, 0x6f, 0x6e, 0x7a, 0xc3, 0xa1, 0x6c, 0x65, 0x7a, 0x64, 0x6f,
  0x63, 0x75, 0x6d, 0x65, 0x6e, 0x74, 0x6f, 0x70, 0x65, 0x6c, 0xc3, 0xad, 0x63,
  0x75, 0x6c, 0x61, 0x72, 0x65, 0x63, 0x69, 0x65, 0x6e, 0x74, 0x65, 0x73, 0x67,
  0x65, 0x6e, 0x65, 0x72, 0x61, 0x6c, 0x65, 0x73, 0x74, 0x61, 0x72, 0x72, 0x61,
  0x67, 0x6f, 0x6e, 0x61, 0x70, 0x72, 0xc3, 0xa1, 0x63, 0x74, 0x69, 0x63, 0x61,
  0x6e, 0x6f, 0x76, 0x65, 0x64, 0x61, 0x64, 0x65, 0x73, 0x70, 0x72, 0x6f, 0x70,
  0x75, 0x65, 0x73, 0x74, 0x61, 0x70, 0x61, 0x63, 0x69, 0x65, 0x6e, 0x74, 0x65,
  0x73, 0x74, 0xc3, 0xa9, 0x63, 0x6e, 0x69, 0x63, 0x61, 0x73, 0x6f, 0x62, 0x6a,
  0x65, 0x74, 0x69, 0x76, 0x6f, 0x73, 0x63, 0x6f, 0x6e, 0x74, 0x61, 0x63, 0x74,
  0x6f, 0x73, 0xe0, 0xa4, 0xae, 0xe0, 0xa5, 0x87, 0xe0, 0xa4, 0x82, 0xe0, 0xa4,
  0xb2, 0xe0, 0xa4, 0xbf, 0xe0, 0xa4, 0x8f, 0xe0, 0xa4, 0xb9, 0xe0, 0xa5, 0x88,
  0xe0, 0xa4, 0x82, 0xe0, 0xa4, 0x97, 0xe0, 0xa4, 0xaf, 0xe0, 0xa4, 0xbe, 0xe0,
  0xa4, 0xb8, 0xe0, 0xa4, 0xbe, 0xe0, 0xa4, 0xa5, 0xe0, 0xa4, 0x8f, 0xe0, 0xa4,
  0xb5, 0xe0, 0xa4, 0x82, 0xe0, 0xa4, 0xb0, 0xe0, 0xa4, 0xb9, 0xe0, 0xa5, 0x87,
  0xe0, 0xa4, 0x95, 0xe0, 0xa5, 0x8b, 0xe0, 0xa4, 0x88, 0xe0, 0xa4, 0x95, 0xe0,
  0xa5, 0x81, 0xe0, 0xa4, 0x9b, 0xe0, 0xa4, 0xb0, 0xe0, 0xa4, 0xb9, 0xe0, 0xa4,
  0xbe, 0xe0, 0xa4, 0xac, 0xe0, 0xa4, 0xbe, 0xe0, 0xa4, 0xa6, 0xe0, 0xa4, 0x95,
  0xe0, 0xa4, 0xb9, 0xe0, 0xa4, 0xbe, 0xe0, 0xa4, 0xb8, 0xe0, 0xa4, 0xad, 0xe0,
  0xa5, 0x80, 0xe0, 0xa4, 0xb9, 0xe0, 0xa5, 0x81, 0xe0, 0xa4, 0x8f, 0xe0, 0xa4,
  0xb0, 0xe0, 0xa4, 0xb9, 0xe0, 0xa5, 0x80, 0xe0, 0xa4, 0xae, 0xe0, 0xa5, 0x88,
  0xe0, 0xa4, 0x82, 0xe0, 0xa4, 0xa6, 0xe0, 0xa4, 0xbf, 0xe0, 0xa4, 0xa8, 0xe0,
  0xa4, 0xac, 0xe0, 0xa4, 0xbe, 0xe0, 0xa4, 0xa4, 0x64, 0x69, 0x70, 0x6c, 0x6f,
  0x64, 0x6f, 0x63, 0x73, 0xe0, 0xa4, 0xb8, 0xe0, 0xa4, 0xae, 0xe0, 0xa4, 0xaf,
  0xe0, 0xa4, 0xb0, 0xe0, 0xa5, 0x82, 0xe0, 0xa4, 0xaa, 0xe0, 0xa4, 0xa8, 0xe0,
  0xa4, 0xbe, 0xe0, 0xa4, 0xae, 0xe0, 0xa4, 0xaa, 0xe0, 0xa4, 0xa4, 0xe0, 0xa4,
  0xbe, 0xe0, 0xa4, 0xab, 0xe0, 0xa4, 0xbf, 0xe0, 0xa4, 0xb0, 0xe0, 0xa4, 0x94,
  0xe0, 0xa4, 0xb8, 0xe0, 0xa4, 0xa4, 0xe0, 0xa4, 0xa4, 0xe0, 0xa4, 0xb0, 0xe0,
  0xa4, 0xb9, 0xe0, 0xa4, 0xb2, 0xe0, 0xa5, 0x8b, 0xe0, 0xa4, 0x97, 0xe0, 0xa4,
  0xb9, 0xe0, 0xa5, 0x81, 0xe0, 0xa4, 0x86, 0xe0, 0xa4, 0xac, 0xe0, 0xa4, 0xbe,
  0xe0, 0xa4, 0xb0, 0xe0, 0xa4, 0xa6, 0xe0, 0xa5, 0x87, 0xe0, 0xa4, 0xb6, 0xe0,
  0xa4, 0xb9, 0xe0, 0xa5, 0x81, 0xe0, 0xa4, 0x88, 0xe0, 0xa4, 0x96, 0xe0, 0xa5,
  0x87, 0xe0, 0xa4, 0xb2, 0xe0, 0xa4, 0xaf, 0xe0, 0xa4, 0xa6, 0xe0, 0xa4, 0xbf,
  0xe0, 0xa4, 0x95, 0xe0, 0xa4, 0xbe, 0xe0, 0xa4, 0xae, 0xe0, 0xa4, 0xb5, 0xe0,
  0xa5, 0x87, 0xe0, 0xa4, 0xac, 0xe0, 0xa4, 0xa4, 0xe0, 0xa5, 0x80, 0xe0, 0xa4,
  0xa8, 0xe0, 0xa4, 0xac, 0xe0, 0xa5, 0x80, 0xe0, 0xa4, 0x9a, 0xe0, 0xa4, 0xae,
  0xe0, 0xa5, 0x8c, 0xe0, 0xa4, 0xa4, 0xe0, 0xa4, 0xb8, 0xe0, 0xa4, 0xbe, 0xe0,
  0xa4, 0xb2, 0xe0, 0xa4, 0xb2, 0xe0, 0xa5, 0x87, 0xe0, 0xa4, 0x96, 0xe0, 0xa4,
  0x9c, 0xe0, 0xa5, 0x89, 0xe0, 0xa4, 0xac, 0xe0, 0xa4, 0xae, 0xe0, 0xa4, 0xa6,
  0xe0, 0xa4, 0xa6, 0xe0, 0xa4, 0xa4, 0xe0, 0xa4, 0xa5, 0xe0, 0xa4, 0xbe, 0xe0,
  0xa4, 0xa8, 0xe0, 0xa4, 0xb9, 0xe0, 0xa5, 0x80, 0xe0, 0xa4, 0xb6, 0xe0, 0xa4,
  0xb9, 0xe0, 0xa4, 0xb0, 0xe0, 0xa4, 0x85, 0xe0, 0xa4, 0xb2, 0xe0, 0xa4, 0x97,
  0xe0, 0xa4, 0x95, 0xe0, 0xa4, 0xad, 0xe0, 0xa5, 0x80, 0xe0, 0xa4, 0xa8, 0xe0,
  0xa4, 0x97, 0xe0, 0xa4, 0xb0, 0xe0, 0xa4, 0xaa, 0xe0, 0xa4, 0xbe, 0xe0, 0xa4,
  0xb8, 0xe0, 0xa4, 0xb0, 0xe0, 0xa4, 0xbe, 0xe0, 0xa4, 0xa4, 0xe0, 0xa4, 0x95,
  0xe0, 0xa4, 0xbf, 0xe0, 0xa4, 0x8f, 0xe0, 0xa4, 0x89, 0xe0, 0xa4, 0xb8, 0xe0,
  0xa5, 0x87, 0xe0, 0xa4, 0x97, 0xe0, 0xa4, 0xaf, 0xe0, 0xa5, 0x80, 0xe0, 0xa4,
  0xb9, 0xe0, 0xa5, 0x82, 0xe0, 0xa4, 0x81, 0xe0, 0xa4, 0x86, 0xe0, 0xa4, 0x97,
  0xe0, 0xa5, 0x87, 0xe0, 0xa4, 0x9f, 0xe0, 0xa5, 0x80, 0xe0, 0xa4, 0xae, 0xe0,
  0xa4, 0x96, 0xe0, 0xa5, 0x8b, 0xe0, 0xa4, 0x9c, 0xe0, 0xa4, 0x95, 0xe0, 0xa4,
  0xbe, 0xe0, 0xa4, 0xb0, 0xe0, 0xa4, 0x85, 0xe0, 0xa4, 0xad, 0xe0, 0xa5, 0x80,
  0xe0, 0xa4, 0x97, 0xe0, 0xa4, 0xaf, 0xe0, 0xa5, 0x87, 0xe0, 0xa4, 0xa4, 0xe0,
  0xa5, 0x81, 0xe0, 0xa4, 0xae, 0xe0, 0xa4, 0xb5, 0xe0, 0xa5, 0x8b, 0xe0, 0xa4,
  0x9f, 0xe0, 0xa4, 0xa6, 0xe0, 0xa5, 0x87, 0xe0, 0xa4, 0x82, 0xe0, 0xa4, 0x85,
  0xe0, 0xa4, 0x97, 0xe0, 0xa4, 0xb0, 0xe0, 0xa4, 0x90, 0xe0, 0xa4, 0xb8, 0xe0,
  0xa5, 0x87, 0xe0, 0xa4, 0xae, 0xe0, 0xa5, 0x87, 0xe0, 0xa4, 0xb2, 0xe0, 0xa4,
  0xb2, 0xe0, 0xa4, 0x97, 0xe0, 0xa4, 0xbe, 0xe0, 0xa4, 0xb9, 0xe0, 0xa4, 0xbe,
  0xe0, 0xa4, 0xb2, 0xe0, 0xa4, 0x8a, 0xe0, 0xa4, 0xaa, 0xe0, 0xa4, 0xb0, 0xe0,
  0xa4, 0x9a, 0xe0, 0xa4, 0xbe, 0xe0, 0xa4, 0xb0, 0xe0, 0xa4, 0x90, 0xe0, 0xa4,
  0xb8, 0xe0, 0xa4, 0xbe, 0xe0, 0xa4, 0xa6, 0xe0, 0xa5, 0x87, 0xe0, 0xa4, 0xb0,
  0xe0, 0xa4, 0x9c, 0xe0, 0xa4, 0xbf, 0xe0, 0xa4, 0xb8, 0xe0, 0xa4, 0xa6, 0xe0,
  0xa4, 0xbf, 0xe0, 0xa4, 0xb2, 0xe0, 0xa4, 0xac, 0xe0, 0xa4, 0x82, 0xe0, 0xa4,
  0xa6, 0xe0, 0xa4, 0xac, 0xe0, 0xa4, 0xa8, 0xe0, 0xa4, 0xbe, 0xe0, 0xa4, 0xb9,
  0xe0, 0xa5, 0x82, 0xe0, 0xa4, 0x82, 0xe0, 0xa4, 0xb2, 0xe0, 0xa4, 0xbe, 0xe0,
  0xa4, 0x96, 0xe0, 0xa4, 0x9c, 0xe0, 0xa5, 0x80, 0xe0, 0xa4, 0xa4, 0xe0, 0xa4,
  0xac, 0xe0, 0xa4, 0x9f, 0xe0, 0xa4, 0xa8, 0xe0, 0xa4, 0xae, 0xe0, 0xa4, 0xbf,
  0xe0, 0xa4, 0xb2, 0xe0, 0xa4, 0x87, 0xe0, 0xa4, 0xb8, 0xe0, 0xa5, 0x87, 0xe0,
  0xa4, 0x86, 0xe0, 0xa4, 0xa8, 0xe0, 0xa5, 0x87, 0xe0, 0xa4, 0xa8, 0xe0, 0xa4,
  0xaf, 0xe0, 0xa4, 0xbe, 0xe0, 0xa4, 0x95, 0xe0, 0xa5, 0x81, 0xe0, 0xa4, 0xb2,
  0xe0, 0xa4, 0xb2, 0xe0, 0xa5, 0x89, 0xe0, 0xa4, 0x97, 0xe0, 0xa4, 0xad, 0xe0,
  0xa4, 0xbe, 0xe0, 0xa4, 0x97, 0xe0, 0xa4, 0xb0, 0xe0, 0xa5, 0x87, 0xe0, 0xa4,
  0xb2, 0xe0, 0xa4, 0x9c, 0xe0, 0xa4, 0x97, 0xe0, 0xa4, 0xb9, 0xe0, 0xa4, 0xb0,
  0xe0, 0xa4, 0xbe, 0xe0, 0xa4, 0xae, 0xe0, 0xa4, 0xb2, 0xe0, 0xa4, 0x97, 0xe0,
  0xa5, 0x87, 0xe0, 0xa4, 0xaa, 0xe0, 0xa5, 0x87, 0xe0, 0xa4, 0x9c, 0xe0, 0xa4,
  0xb9, 0xe0, 0xa4, 0xbe, 0xe0, 0xa4, 0xa5, 0xe0, 0xa4, 0x87, 0xe0, 0xa4, 0xb8,
  0xe0, 0xa5, 0x80, 0xe0, 0xa4, 0xb8, 0xe0, 0xa4, 0xb9, 0xe0, 0xa5, 0x80, 0xe0,
  0xa4, 0x95, 0xe0, 0xa4, 0xb2, 0xe0, 0xa4, 0xbe, 0xe0, 0xa4, 0xa0, 0xe0, 0xa5,
  0x80, 0xe0, 0xa4, 0x95, 0xe0, 0xa4, 0xb9, 0xe0, 0xa4, 0xbe, 0xe0, 0xa4, 0x81,
  0xe0, 0xa4, 0xa6, 0xe0, 0xa5, 0x82, 0xe0, 0xa4, 0xb0, 0xe0, 0xa4, 0xa4, 0xe0,
  0xa4, 0xb9, 0xe0, 0xa4, 0xa4, 0xe0, 0xa4, 0xb8, 0xe0, 0xa4, 0xbe, 0xe0, 0xa4,
  0xa4, 0xe0, 0xa4, 0xaf, 0xe0, 0xa4, 0xbe, 0xe0, 0xa4, 0xa6, 0xe0, 0xa4, 0x86,
  0xe0, 0xa4, 0xaf, 0xe0, 0xa4, 0xbe, 0xe0, 0xa4, 0xaa, 0xe0, 0xa4, 0xbe, 0xe0,
  0xa4, 0x95, 0xe0, 0xa4, 0x95, 0xe0, 0xa5, 0x8c, 0xe0, 0xa4, 0xa8, 0xe0, 0xa4,
  0xb6, 0xe0, 0xa4, 0xbe, 0xe0, 0xa4, 0xae, 0xe0, 0xa4, 0xa6, 0xe0, 0xa5, 0x87,
  0xe0, 0xa4, 0x96, 0xe0, 0xa4, 0xaf, 0xe0, 0xa4, 0xb9, 0xe0, 0xa5, 0x80, 0xe0,
  0xa4, 0xb0, 0xe0, 0xa4, 0xbe, 0xe0, 0xa4, 0xaf, 0xe0, 0xa4, 0x96, 0xe0, 0xa5,
  0x81, 0xe0, 0xa4, 0xa6, 0xe0, 0xa4, 0xb2, 0xe0, 0xa4, 0x97, 0xe0, 0xa5, 0x80,
  0x63, 0x61, 0x74, 0x65, 0x67, 0x6f, 0x72, 0x69, 0x65, 0x73, 0x65, 0x78, 0x70,
  0x65, 0x72, 0x69, 0x65, 0x6e, 0x63, 0x65, 0x3c, 0x2f, 0x74, 0x69, 0x74, 0x6c,
  0x65, 0x3e, 0x0d, 0x0a, 0x43, 0x6f, 0x70, 0x79, 0x72, 0x69, 0x67, 0x68, 0x74,
  0x20, 0x6a, 0x61, 0x76, 0x61, 0x73, 0x63, 0x72, 0x69, 0x70, 0x74, 0x63, 0x6f,
  0x6e, 0x64, 0x69, 0x74, 0x69, 0x6f, 0x6e, 0x73, 0x65, 0x76, 0x65, 0x72, 0x79,
  0x74, 0x68, 0x69, 0x6e, 0x67, 0x3c, 0x70, 0x20, 0x63, 0x6c, 0x61, 0x73, 0x73,
  0x3d, 0x22, 0x74, 0x65, 0x63, 0x68, 0x6e, 0x6f, 0x6c, 0x6f, 0x67, 0x79, 0x62,
  0x61, 0x63, 0x6b, 0x67, 0x72, 0x6f, 0x75, 0x6e, 0x64, 0x3c, 0x61, 0x20, 0x63,
  0x6c, 0x61, 0x73, 0x73, 0x3d, 0x22, 0x6d, 0x61, 0x6e, 0x61, 0x67, 0x65, 0x6d,
  0x65, 0x6e, 0x74, 0x26, 0x63, 0x6f, 0x70, 0x79, 0x3b, 0x20, 0x32, 0x30, 0x31,
  0x6a, 0x61, 0x76, 0x61, 0x53, 0x63, 0x72, 0x69, 0x70, 0x74, 0x63, 0x68, 0x61,
  0x72, 0x61, 0x63, 0x74, 0x65, 0x72, 0x73, 0x62, 0x72, 0x65, 0x61, 0x64, 0x63,
  0x72, 0x75, 0x6d, 0x62, 0x74, 0x68, 0x65, 0x6d, 0x73, 0x65, 0x6c, 0x76, 0x65,
  0x73, 0x68, 0x6f, 0x72, 0x69, 0x7a, 0x6f, 0x6e, 0x74, 0x61, 0x6c, 0x67, 0x6f,
  0x76, 0x65, 0x72, 0x6e, 0x6d, 0x65, 0x6e, 0x74, 0x43, 0x61, 0x6c, 0x69, 0x66,
  0x6f, 0x72, 0x6e, 0x69, 0x61, 0x61, 0x63, 0x74, 0x69, 0x76, 0x69, 0x74, 0x69,
  0x65, 0x73, 0x64, 0x69, 0x73, 0x63, 0x6f, 0x76, 0x65, 0x72, 0x65, 0x64, 0x4e,
  0x61, 0x76, 0x69, 0x67, 0x61, 0x74, 0x69, 0x6f, 0x6e, 0x74, 0x72, 0x61, 0x6e,
  0x73, 0x69, 0x74, 0x69, 0x6f, 0x6e, 0x63, 0x6f, 0x6e, 0x6e, 0x65, 0x63, 0x74,
  0x69, 0x6f, 0x6e, 0x6e, 0x61, 0x76, 0x69, 0x67, 0x61, 0x74, 0x69, 0x6f, 0x6e,
  0x61, 0x70, 0x70, 0x65, 0x61, 0x72, 0x61, 0x6e, 0x63, 0x65, 0x3c, 0x2f, 0x74,
  0x69, 0x74, 0x6c, 0x65, 0x3e, 0x3c, 0x6d, 0x63, 0x68, 0x65, 0x63, 0x6b, 0x62,
  0x6f, 0x78, 0x22, 0x20, 0x74, 0x65, 0x63, 0x68, 0x6e, 0x69, 0x71, 0x75, 0x65,
  0x73, 0x70, 0x72, 0x6f, 0x74, 0x65, 0x63, 0x74, 0x69, 0x6f, 0x6e, 0x61, 0x70,
  0x70, 0x61, 0x72, 0x65, 0x6e, 0x74, 0x6c, 0x79, 0x61, 0x73, 0x20, 0x77, 0x65,
  0x6c, 0x6c, 0x20, 0x61, 0x73, 0x75, 0x6e, 0x74, 0x27, 0x2c, 0x20, 0x27, 0x55,
  0x41, 0x2d, 0x72, 0x65, 0x73, 0x6f, 0x6c, 0x75, 0x74, 0x69, 0x6f, 0x6e, 0x6f,
  0x70, 0x65, 0x72, 0x61, 0x74, 0x69, 0x6f, 0x6e, 0x73, 0x74, 0x65, 0x6c, 0x65,
  0x76, 0x69, 0x73, 0x69, 0x6f, 0x6e, 0x74, 0x72, 0x61, 0x6e, 0x73, 0x6c, 0x61,
  0x74, 0x65, 0x64, 0x57, 0x61, 0x73, 0x68, 0x69, 0x6e, 0x67, 0x74, 0x6f, 0x6e,
  0x6e, 0x61, 0x76, 0x69, 0x67, 0x61, 0x74, 0x6f, 0x72, 0x2e, 0x20, 0x3d, 0x20,
  0x77, 0x69, 0x6e, 0x64, 0x6f, 0x77, 0x2e, 0x69, 0x6d, 0x70, 0x72, 0x65, 0x73,
  0x73, 0x69, 0x6f, 0x6e, 0x26, 0x6c, 0x74, 0x3b, 0x62, 0x72, 0x26, 0x67, 0x74,
  0x3b, 0x6c, 0x69, 0x74, 0x65, 0x72, 0x61, 0x74, 0x75, 0x72, 0x65, 0x70, 0x6f,
  0x70, 0x75, 0x6c, 0x61, 0x74, 0x69, 0x6f, 0x6e, 0x62, 0x67, 0x63, 0x6f, 0x6c,
  0x6f, 0x72, 0x3d, 0x22, 0x23, 0x65, 0x73, 0x70, 0x65, 0x63, 0x69, 0x61, 0x6c,
  0x6c, 0x79, 0x20, 0x63, 0x6f, 0x6e, 0x74, 0x65, 0x6e, 0x74, 0x3d, 0x22, 0x70,
  0x72, 0x6f, 0x64, 0x75, 0x63, 0x74, 0x69, 0x6f, 0x6e, 0x6e, 0x65, 0x77, 0x73,
  0x6c, 0x65, 0x74, 0x74, 0x65, 0x72, 0x70, 0x72, 0x6f, 0x70, 0x65, 0x72, 0x74,
  0x69, 0x65, 0x73, 0x64, 0x65, 0x66, 0x69, 0x6e, 0x69, 0x74, 0x69, 0x6f, 0x6e,
  0x6c, 0x65, 0x61, 0x64, 0x65, 0x72, 0x73, 0x68, 0x69, 0x70, 0x54, 0x65, 0x63,
  0x68, 0x6e, 0x6f, 0x6c, 0x6f, 0x67, 0x79, 0x50, 0x61, 0x72, 0x6c, 0x69, 0x61,
  0x6d, 0x65, 0x6e, 0x74, 0x63, 0x6f, 0x6d, 0x70, 0x61, 0x72, 0x69, 0x73, 0x6f,
  0x6e, 0x75, 0x6c, 0x20, 0x63, 0x6c, 0x61, 0x73, 0x73, 0x3d, 0x22, 0x2e, 0x69,
  0x6e, 0x64, 0x65, 0x78, 0x4f, 0x66, 0x28, 0x22, 0x63, 0x6f, 0x6e, 0x63, 0x6c,
  0x75, 0x73, 0x69, 0x6f, 0x6e, 0x64, 0x69, 0x73, 0x63, 0x75, 0x73, 0x73, 0x69,
  0x6f, 0x6e, 0x63, 0x6f, 0x6d, 0x70, 0x6f, 0x6e, 0x65, 0x6e, 0x74, 0x73, 0x62,
  0x69, 0x6f, 0x6c, 0x6f, 0x67, 0x69, 0x63, 0x61, 0x6c, 0x52, 0x65, 0x76, 0x6f,
  0x6c, 0x75, 0x74, 0x69, 0x6f, 0x6e, 0x5f, 0x63, 0x6f, 0x6e, 0x74, 0x61, 0x69,
  0x6e, 0x65, 0x72, 0x75, 0x6e, 0x64, 0x65, 0x72, 0x73, 0x74, 0x6f, 0x6f, 0x64,
  0x6e, 0x6f, 0x73, 0x63, 0x72, 0x69, 0x70, 0x74, 0x3e, 0x3c, 0x70, 0x65, 0x72,
  0x6d, 0x69, 0x73, 0x73, 0x69, 0x6f, 0x6e, 0x65, 0x61, 0x63, 0x68, 0x20, 0x6f,
  0x74, 0x68, 0x65, 0x72, 0x61, 0x74, 0x6d, 0x6f, 0x73, 0x70, 0x68, 0x65, 0x72,
  0x65, 0x20, 0x6f, 0x6e, 0x66, 0x6f, 0x63, 0x75, 0x73, 0x3d, 0x22, 0x3c, 0x66,
  0x6f, 0x72, 0x6d, 0x20, 0x69, 0x64, 0x3d, 0x22, 0x70, 0x72, 0x6f, 0x63, 0x65,
  0x73, 0x73, 0x69, 0x6e, 0x67, 0x74, 0x68, 0x69, 0x73, 0x2e, 0x76, 0x61, 0x6c,
  0x75, 0x65, 0x67, 0x65, 0x6e, 0x65, 0x72, 0x61, 0x74, 0x69, 0x6f, 0x6e, 0x43,
  0x6f, 0x6e, 0x66, 0x65, 0x72, 0x65, 0x6e, 0x63, 0x65, 0x73, 0x75, 0x62, 0x73,
  0x65, 0x71, 0x75, 0x65, 0x6e, 0x74, 0x77, 0x65, 0x6c, 0x6c, 0x2d, 0x6b, 0x6e,
  0x6f, 0x77, 0x6e, 0x76, 0x61, 0x72, 0x69, 0x61, 0x74, 0x69, 0x6f, 0x6e, 0x73,
  0x72, 0x65, 0x70, 0x75, 0x74, 0x61, 0x74, 0x69, 0x6f, 0x6e, 0x70, 0x68, 0x65,
  0x6e, 0x6f, 0x6d, 0x65, 0x6e, 0x6f, 0x6e, 0x64, 0x69, 0x73, 0x63, 0x69, 0x70,
  0x6c, 0x69, 0x6e, 0x65, 0x6c, 0x6f, 0x67, 0x6f, 0x2e, 0x70, 0x6e, 0x67, 0x22,
  0x20, 0x28, 0x64, 0x6f, 0x63, 0x75, 0x6d, 0x65, 0x6e, 0x74, 0x2c, 0x62, 0x6f,
  0x75, 0x6e, 0x64, 0x61, 0x72, 0x69, 0x65, 0x73, 0x65, 0x78, 0x70, 0x72, 0x65,
  0x73, 0x73, 0x69, 0x6f, 0x6e, 0x73, 0x65, 0x74, 0x74, 0x6c, 0x65, 0x6d, 0x65,
  0x6e, 0x74, 0x42, 0x61, 0x63, 0x6b, 0x67, 0x72, 0x6f, 0x75, 0x6e, 0x64, 0x6f,
  0x75, 0x74, 0x20, 0x6f, 0x66, 0x20, 0x74, 0x68, 0x65, 0x65, 0x6e, 0x74, 0x65,
  0x72, 0x70, 0x72, 0x69, 0x73, 0x65, 0x28, 0x22, 0x68, 0x74, 0x74, 0x70, 0x73,
  0x3a, 0x22, 0x20, 0x75, 0x6e, 0x65, 0x73, 0x63, 0x61, 0x70, 0x65, 0x28, 0x22,
  0x70, 0x61, 0x73, 0x73, 0x77, 0x6f, 0x72, 0x64, 0x22, 0x20, 0x64, 0x65, 0x6d,
  0x6f, 0x63, 0x72, 0x61, 0x74, 0x69, 0x63, 0x3c, 0x61, 0x20, 0x68, 0x72, 0x65,
  0x66, 0x3d, 0x22, 0x2f, 0x77, 0x72, 0x61, 0x70, 0x70, 0x65, 0x72, 0x22, 0x3e,
  0x0a, 0x6d, 0x65, 0x6d, 0x62, 0x65, 0x72, 0x73, 0x68, 0x69, 0x70, 0x6c, 0x69,
  0x6e, 0x67, 0x75, 0x69, 0x73, 0x74, 0x69, 0x63, 0x70, 0x78, 0x3b, 0x70, 0x61,
  0x64, 0x64, 0x69, 0x6e, 0x67, 0x70, 0x68, 0x69, 0x6c, 0x6f, 0x73, 0x6f, 0x70,
  0x68, 0x79, 0x61, 0x73, 0x73, 0x69, 0x73, 0x74, 0x61, 0x6e, 0x63, 0x65, 0x75,
  0x6e, 0x69, 0x76, 0x65, 0x72, 0x73, 0x69, 0x74, 0x79, 0x66, 0x61, 0x63, 0x69,
  0x6c, 0x69, 0x74, 0x69, 0x65, 0x73, 0x72, 0x65, 0x63, 0x6f, 0x67, 0x6e, 0x69,
  0x7a, 0x65, 0x64, 0x70, 0x72, 0x65, 0x66, 0x65, 0x72, 0x65, 0x6e, 0x63, 0x65,
  0x69, 0x66, 0x20, 0x28, 0x74, 0x79, 0x70, 0x65, 0x6f, 0x66, 0x6d, 0x61, 0x69,
  0x6e, 0x74, 0x61, 0x69, 0x6e, 0x65, 0x64, 0x76, 0x6f, 0x63, 0x61, 0x62, 0x75,
  0x6c, 0x61, 0x72, 0x79, 0x68, 0x79, 0x70, 0x6f, 0x74, 0x68, 0x65, 0x73, 0x69,
  0x73, 0x2e, 0x73, 0x75, 0x62, 0x6d, 0x69, 0x74, 0x28, 0x29, 0x3b, 0x26, 0x61,
  0x6d, 0x70, 0x3b, 0x6e, 0x62, 0x73, 0x70, 0x3b, 0x61, 0x6e, 0x6e, 0x6f, 0x74,
  0x61, 0x74, 0x69, 0x6f, 0x6e, 0x62, 0x65, 0x68, 0x69, 0x6e, 0x64, 0x20, 0x74,
  0x68, 0x65, 0x46, 0x6f, 0x75, 0x6e, 0x64, 0x61, 0x74, 0x69, 0x6f, 0x6e, 0x70,
  0x75, 0x62, 0x6c, 0x69, 0x73, 0x68, 0x65, 0x72, 0x22, 0x61, 0x73, 0x73, 0x75,
  0x6d, 0x70, 0x74, 0x69, 0x6f, 0x6e, 0x69, 0x6e, 0x74, 0x72, 0x6f, 0x64, 0x75,
  0x63, 0x65, 0x64, 0x63, 0x6f, 0x72, 0x72, 0x75, 0x70, 0x74, 0x69, 0x6f, 0x6e,
  0x73, 0x63, 0x69, 0x65, 0x6e, 0x74, 0x69, 0x73, 0x74, 0x73, 0x65, 0x78, 0x70,
  0x6c, 0x69, 0x63, 0x69, 0x74, 0x6c, 0x79, 0x69, 0x6e, 0x73, 0x74, 0x65, 0x61,
  0x64, 0x20, 0x6f, 0x66, 0x64, 0x69, 0x6d, 0x65, 0x6e, 0x73, 0x69, 0x6f, 0x6e,
  0x73, 0x20, 0x6f, 0x6e, 0x43, 0x6c, 0x69, 0x63, 0x6b, 0x3d, 0x22, 0x63, 0x6f,
  0x6e, 0x73, 0x69, 0x64, 0x65, 0x72, 0x65, 0x64, 0x64, 0x65, 0x70, 0x61, 0x72,
  0x74, 0x6d, 0x65, 0x6e, 0x74, 0x6f, 0x63, 0x63, 0x75, 0x70, 0x61, 0x74, 0x69,
  0x6f, 0x6e, 0x73, 0x6f, 0x6f, 0x6e, 0x20, 0x61, 0x66, 0x74, 0x65, 0x72, 0x69,
  0x6e, 0x76, 0x65, 0x73, 0x74, 0x6d, 0x65, 0x6e, 0x74, 0x70, 0x72, 0x6f, 0x6e,
  0x6f, 0x75, 0x6e, 0x63, 0x65, 0x64, 0x69, 0x64, 0x65, 0x6e, 0x74, 0x69, 0x66,
  0x69, 0x65, 0x64, 0x65, 0x78, 0x70, 0x65, 0x72, 0x69, 0x6d, 0x65, 0x6e, 0x74,
  0x4d, 0x61, 0x6e, 0x61, 0x67, 0x65, 0x6d, 0x65, 0x6e, 0x74, 0x67, 0x65, 0x6f,
  0x67, 0x72, 0x61, 0x70, 0x68, 0x69, 0x63, 0x22, 0x20, 0x68, 0x65, 0x69, 0x67,
  0x68, 0x74, 0x3d, 0x22, 0x6c, 0x69, 0x6e, 0x6b, 0x20, 0x72, 0x65, 0x6c, 0x3d,
  0x22, 0x2e, 0x72, 0x65, 0x70, 0x6c, 0x61, 0x63, 0x65, 0x28, 0x2f, 0x64, 0x65,
  0x70, 0x72, 0x65, 0x73, 0x73, 0x69, 0x6f, 0x6e, 0x63, 0x6f, 0x6e, 0x66, 0x65,
  0x72, 0x65, 0x6e, 0x63, 0x65, 0x70, 0x75, 0x6e, 0x69, 0x73, 0x68, 0x6d, 0x65,
  0x6e, 0x74, 0x65, 0x6c, 0x69, 0x6d, 0x69, 0x6e, 0x61, 0x74, 0x65, 0x64, 0x72,
  0x65, 0x73, 0x69, 0x73, 0x74, 0x61, 0x6e, 0x63, 0x65, 0x61, 0x64, 0x61, 0x70,
  0x74, 0x61, 0x74, 0x69, 0x6f, 0x6e, 0x6f, 0x70, 0x70, 0x6f, 0x73, 0x69, 0x74,
  0x69, 0x6f, 0x6e, 0x77, 0x65, 0x6c, 0x6c, 0x20, 0x6b, 0x6e, 0x6f, 0x77, 0x6e,
  0x73, 0x75, 0x70, 0x70, 0x6c, 0x65, 0x6d, 0x65, 0x6e, 0x74, 0x64, 0x65, 0x74,
  0x65, 0x72, 0x6d, 0x69, 0x6e, 0x65, 0x64, 0x68, 0x31, 0x20, 0x63, 0x6c, 0x61,
  0x73, 0x73, 0x3d, 0x22, 0x30, 0x70, 0x78, 0x3b, 0x6d, 0x61, 0x72, 0x67, 0x69,
  0x6e, 0x6d, 0x65, 0x63, 0x68, 0x61, 0x6e, 0x69, 0x63, 0x61, 0x6c, 0x73, 0x74,
  0x61, 0x74, 0x69, 0x73, 0x74, 0x69, 0x63, 0x73, 0x63, 0x65, 0x6c, 0x65, 0x62,
  0x72, 0x61, 0x74, 0x65, 0x64, 0x47, 0x6f, 0x76, 0x65, 0x72, 0x6e, 0x6d, 0x65,
  0x6e, 0x74, 0x0a, 0x0a, 0x44, 0x75, 0x72, 0x69, 0x6e, 0x67, 0x20, 0x74, 0x64,
  0x65, 0x76, 0x65, 0x6c, 0x6f, 0x70, 0x65, 0x72, 0x73, 0x61, 0x72, 0x74, 0x69,
  0x66, 0x69, 0x63, 0x69, 0x61, 0x6c, 0x65, 0x71, 0x75, 0x69, 0x76, 0x61, 0x6c,
  0x65, 0x6e, 0x74, 0x6f, 0x72, 0x69, 0x67, 0x69, 0x6e, 0x61, 0x74, 0x65, 0x64,
  0x43, 0x6f, 0x6d, 0x6d, 0x69, 0x73, 0x73, 0x69, 0x6f, 0x6e, 0x61, 0x74, 0x74,
  0x61, 0x63, 0x68, 0x6d, 0x65, 0x6e, 0x74, 0x3c, 0x73, 0x70, 0x61, 0x6e, 0x20,
  0x69, 0x64, 0x3d, 0x22, 0x74, 0x68, 0x65, 0x72, 0x65, 0x20, 0x77, 0x65, 0x72,
  0x65, 0x4e, 0x65, 0x64, 0x65, 0x72, 0x6c, 0x61, 0x6e, 0x64, 0x73, 0x62, 0x65,
  0x79, 0x6f, 0x6e, 0x64, 0x20, 0x74, 0x68, 0x65, 0x72, 0x65, 0x67, 0x69, 0x73,
  0x74, 0x65, 0x72, 0x65, 0x64, 0x6a, 0x6f, 0x75, 0x72, 0x6e, 0x61, 0x6c, 0x69,
  0x73, 0x74, 0x66, 0x72, 0x65, 0x71, 0x75, 0x65, 0x6e, 0x74, 0x6c, 0x79, 0x61,
  0x6c, 0x6c, 0x20, 0x6f, 0x66, 0x20, 0x74, 0x68, 0x65, 0x6c, 0x61, 0x6e, 0x67,
  0x3d, 0x22, 0x65, 0x6e, 0x22, 0x20, 0x3c, 0x2f, 0x73, 0x74, 0x79, 0x6c, 0x65,
  0x3e, 0x0d, 0x0a, 0x61, 0x62, 0x73, 0x6f, 0x6c, 0x75, 0x74, 0x65, 0x3b, 0x20,
  0x73, 0x75, 0x70, 0x70, 0x6f, 0x72, 0x74, 0x69, 0x6e, 0x67, 0x65, 0x78, 0x74,
  0x72, 0x65, 0x6d, 0x65, 0x6c, 0x79, 0x20, 0x6d, 0x61, 0x69, 0x6e, 0x73, 0x74,
  0x72, 0x65, 0x61, 0x6d, 0x3c, 0x2f, 0x73, 0x74, 0x72, 0x6f, 0x6e, 0x67, 0x3e,
  0x20, 0x70, 0x6f, 0x70, 0x75, 0x6c, 0x61, 0x72, 0x69, 0x74, 0x79, 0x65, 0x6d,
  0x70, 0x6c, 0x6f, 0x79, 0x6d, 0x65, 0x6e, 0x74, 0x3c, 0x2f, 0x74, 0x61, 0x62,
  0x6c, 0x65, 0x3e, 0x0d, 0x0a, 0x20, 0x63, 0x6f, 0x6c, 0x73, 0x70, 0x61, 0x6e,
  0x3d, 0x22, 0x3c, 0x2f, 0x66, 0x6f, 0x72, 0x6d, 0x3e, 0x0a, 0x20, 0x20, 0x63,
  0x6f, 0x6e, 0x76, 0x65, 0x72, 0x73, 0x69, 0x6f, 0x6e, 0x61, 0x62, 0x6f, 0x75,
  0x74, 0x20, 0x74, 0x68, 0x65, 0x20, 0x3c, 0x2f, 0x70, 0x3e, 0x3c, 0x2f, 0x64,
  0x69, 0x76, 0x3e, 0x69, 0x6e, 0x74, 0x65, 0x67, 0x72, 0x61, 0x74, 0x65, 0x64,
  0x22, 0x20, 0x6c, 0x61, 0x6e, 0x67, 0x3d, 0x22, 0x65, 0x6e, 0x50, 0x6f, 0x72,
  0x74, 0x75, 0x67, 0x75, 0x65, 0x73, 0x65, 0x73, 0x75, 0x62, 0x73, 0x74, 0x69,
  0x74, 0x75, 0x74, 0x65, 0x69, 0x6e, 0x64, 0x69, 0x76, 0x69, 0x64, 0x75, 0x61,
  0x6c, 0x69, 0x6d, 0x70, 0x6f, 0x73, 0x73, 0x69, 0x62, 0x6c, 0x65, 0x6d, 0x75,
  0x6c, 0x74, 0x69, 0x6d, 0x65, 0x64, 0x69, 0x61, 0x61, 0x6c, 0x6d, 0x6f, 0x73,
  0x74, 0x20, 0x61, 0x6c, 0x6c, 0x70, 0x78, 0x20, 0x73, 0x6f, 0x6c, 0x69, 0x64,
  0x20, 0x23, 0x61, 0x70, 0x61, 0x72, 0x74, 0x20, 0x66, 0x72, 0x6f, 0x6d, 0x73,
  0x75, 0x62, 0x6a, 0x65, 0x63, 0x74, 0x20, 0x74, 0x6f, 0x69, 0x6e, 0x20, 0x45,
  0x6e, 0x67, 0x6c, 0x69, 0x73, 0x68, 0x63, 0x72, 0x69, 0x74, 0x69, 0x63, 0x69,
  0x7a, 0x65, 0x64, 0x65, 0x78, 0x63, 0x65, 0x70, 0x74, 0x20, 0x66, 0x6f, 0x72,
  0x67, 0x75, 0x69, 0x64, 0x65, 0x6c, 0x69, 0x6e, 0x65, 0x73, 0x6f, 0x72, 0x69,
  0x67, 0x69, 0x6e, 0x61, 0x6c, 0x6c, 0x79, 0x72, 0x65, 0x6d, 0x61, 0x72, 0x6b,
  0x61, 0x62, 0x6c, 0x65, 0x74, 0x68, 0x65, 0x20, 0x73, 0x65, 0x63, 0x6f, 0x6e,
  0x64, 0x68, 0x32, 0x20, 0x63, 0x6c, 0x61, 0x73, 0x73, 0x3d, 0x22, 0x3c, 0x61,
  0x20, 0x74, 0x69, 0x74, 0x6c, 0x65, 0x3d, 0x22, 0x28, 0x69, 0x6e, 0x63, 0x6c,
  0x75, 0x64, 0x69, 0x6e, 0x67, 0x70, 0x61, 0x72, 0x61, 0x6d, 0x65, 0x74, 0x65,
  0x72, 0x73, 0x70, 0x72, 0x6f, 0x68, 0x69, 0x62, 0x69, 0x74, 0x65, 0x64, 0x3d,
  0x20, 0x22, 0x68, 0x74, 0x74, 0x70, 0x3a, 0x2f, 0x2f, 0x64, 0x69, 0x63, 0x74,
  0x69, 0x6f, 0x6e, 0x61, 0x72, 0x79, 0x70, 0x65, 0x72, 0x63, 0x65, 0x70, 0x74,
  0x69, 0x6f, 0x6e, 0x72, 0x65, 0x76, 0x6f, 0x6c, 0x75, 0x74, 0x69, 0x6f, 0x6e,
  0x66, 0x6f, 0x75, 0x6e, 0x64, 0x61, 0x74, 0x69, 0x6f, 0x6e, 0x70, 0x78, 0x3b,
  0x68, 0x65, 0x69, 0x67, 0x68, 0x74, 0x3a, 0x73, 0x75, 0x63, 0x63, 0x65, 0x73,
  0x73, 0x66, 0x75, 0x6c, 0x73, 0x75, 0x70, 0x70, 0x6f, 0x72, 0x74, 0x65, 0x72,
  0x73, 0x6d, 0x69, 0x6c, 0x6c, 0x65, 0x6e, 0x6e, 0x69, 0x75, 0x6d, 0x68, 0x69,
  0x73, 0x20, 0x66, 0x61, 0x74, 0x68, 0x65, 0x72, 0x74, 0x68, 0x65, 0x20, 0x26,
  0x71, 0x75, 0x6f, 0x74, 0x3b, 0x6e, 0x6f, 0x2d, 0x72, 0x65, 0x70, 0x65, 0x61,
  0x74, 0x3b, 0x63, 0x6f, 0x6d, 0x6d, 0x65, 0x72, 0x63, 0x69, 0x61, 0x6c, 0x69,
  0x6e, 0x64, 0x75, 0x73, 0x74, 0x72, 0x69, 0x61, 0x6c, 0x65, 0x6e, 0x63, 0x6f,
  0x75, 0x72, 0x61, 0x67, 0x65, 0x64, 0x61, 0x6d, 0x6f, 0x75, 0x6e, 0x74, 0x20,
  0x6f, 0x66, 0x20, 0x75, 0x6e, 0x6f, 0x66, 0x66, 0x69, 0x63, 0x69, 0x61, 0x6c,
  0x65, 0x66, 0x66, 0x69, 0x63, 0x69, 0x65, 0x6e, 0x63, 0x79, 0x52, 0x65, 0x66,
  0x65, 0x72, 0x65, 0x6e, 0x63, 0x65, 0x73, 0x63, 0x6f, 0x6f, 0x72, 0x64, 0x69,
  0x6e, 0x61, 0x74, 0x65, 0x64, 0x69, 0x73, 0x63, 0x6c, 0x61, 0x69, 0x6d, 0x65,
  0x72, 0x65, 0x78, 0x70, 0x65, 0x64, 0x69, 0x74, 0x69, 0x6f, 0x6e, 0x64, 0x65,
  0x76, 0x65, 0x6c, 0x6f, 0x70, 0x69, 0x6e, 0x67, 0x63, 0x61, 0x6c, 0x63, 0x75,
  0x6c, 0x61, 0x74, 0x65, 0x64, 0x73, 0x69, 0x6d, 0x70, 0x6c, 0x69, 0x66, 0x69,
  0x65, 0x64, 0x6c, 0x65, 0x67, 0x69, 0x74, 0x69, 0x6d, 0x61, 0x74, 0x65, 0x73,
  0x75, 0x62, 0x73, 0x74, 0x72, 0x69, 0x6e, 0x67, 0x28, 0x30, 0x22, 0x20, 0x63,
  0x6c, 0x61, 0x73, 0x73, 0x3d, 0x22, 0x63, 0x6f, 0x6d, 0x70, 0x6c, 0x65, 0x74,
  0x65, 0x6c, 0x79, 0x69, 0x6c, 0x6c, 0x75, 0x73, 0x74, 0x72, 0x61, 0x74, 0x65,
  0x66, 0x69, 0x76, 0x65, 0x20, 0x79, 0x65, 0x61, 0x72, 0x73, 0x69, 0x6e, 0x73,
  0x74, 0x72, 0x75, 0x6d, 0x65, 0x6e, 0x74, 0x50, 0x75, 0x62, 0x6c, 0x69, 0x73,
  0x68, 0x69, 0x6e, 0x67, 0x31, 0x22, 0x20, 0x63, 0x6c, 0x61, 0x73, 0x73, 0x3d,
  0x22, 0x70, 0x73, 0x79, 0x63, 0x68, 0x6f, 0x6c, 0x6f, 0x67, 0x79, 0x63, 0x6f,
  0x6e, 0x66, 0x69, 0x64, 0x65, 0x6e, 0x63, 0x65, 0x6e, 0x75, 0x6d, 0x62, 0x65,
  0x72, 0x20, 0x6f, 0x66, 0x20, 0x61, 0x62, 0x73, 0x65, 0x6e, 0x63, 0x65, 0x20,
  0x6f, 0x66, 0x66, 0x6f, 0x63, 0x75, 0x73, 0x65, 0x64, 0x20, 0x6f, 0x6e, 0x6a,
  0x6f, 0x69, 0x6e, 0x65, 0x64, 0x20, 0x74, 0x68, 0x65, 0x73, 0x74, 0x72, 0x75,
  0x63, 0x74, 0x75, 0x72, 0x65, 0x73, 0x70, 0x72, 0x65, 0x76, 0x69, 0x6f, 0x75,
  0x73, 0x6c, 0x79, 0x3e, 0x3c, 0x2f, 0x69, 0x66, 0x72, 0x61, 0x6d, 0x65, 0x3e,
  0x6f, 0x6e, 0x63, 0x65, 0x20, 0x61, 0x67, 0x61, 0x69, 0x6e, 0x62, 0x75, 0x74,
  0x20, 0x72, 0x61, 0x74, 0x68, 0x65, 0x72, 0x69, 0x6d, 0x6d, 0x69, 0x67, 0x72,
  0x61, 0x6e, 0x74, 0x73, 0x6f, 0x66, 0x20, 0x63, 0x6f, 0x75, 0x72, 0x73, 0x65,
  0x2c, 0x61, 0x20, 0x67, 0x72, 0x6f, 0x75, 0x70, 0x20, 0x6f, 0x66, 0x4c, 0x69,
  0x74, 0x65, 0x72, 0x61, 0x74, 0x75, 0x72, 0x65, 0x55, 0x6e, 0x6c, 0x69, 0x6b,
  0x65, 0x20, 0x74, 0x68, 0x65, 0x3c, 0x2f, 0x61, 0x3e, 0x26, 0x6e, 0x62, 0x73,
  0x70, 0x3b, 0x0a, 0x66, 0x75, 0x6e, 0x63, 0x74, 0x69, 0x6f, 0x6e, 0x20, 0x69,
  0x74, 0x20, 0x77, 0x61, 0x73, 0x20, 0x74, 0x68, 0x65, 0x43, 0x6f, 0x6e, 0x76,
  0x65, 0x6e, 0x74, 0x69, 0x6f, 0x6e, 0x61, 0x75, 0x74, 0x6f, 0x6d, 0x6f, 0x62,
  0x69, 0x6c, 0x65, 0x50, 0x72, 0x6f, 0x74, 0x65, 0x73, 0x74, 0x61, 0x6e, 0x74,
  0x61, 0x67, 0x67, 0x72, 0x65, 0x73, 0x73, 0x69, 0x76, 0x65, 0x61, 0x66, 0x74,
  0x65, 0x72, 0x20, 0x74, 0x68, 0x65, 0x20, 0x53, 0x69, 0x6d, 0x69, 0x6c, 0x61,
  0x72, 0x6c, 0x79, 0x2c, 0x22, 0x20, 0x2f, 0x3e, 0x3c, 0x2f, 0x64, 0x69, 0x76,
  0x3e, 0x63, 0x6f, 0x6c, 0x6c, 0x65, 0x63, 0x74, 0x69, 0x6f, 0x6e, 0x0d, 0x0a,
  0x66, 0x75, 0x6e, 0x63, 0x74, 0x69, 0x6f, 0x6e, 0x76, 0x69, 0x73, 0x69, 0x62,
  0x69, 0x6c, 0x69, 0x74, 0x79, 0x74, 0x68, 0x65, 0x20, 0x75, 0x73, 0x65, 0x20,
  0x6f, 0x66, 0x76, 0x6f, 0x6c, 0x75, 0x6e, 0x74, 0x65, 0x65, 0x72, 0x73, 0x61,
  0x74, 0x74, 0x72, 0x61, 0x63, 0x74, 0x69, 0x6f, 0x6e, 0x75, 0x6e, 0x64, 0x65,
  0x72, 0x20, 0x74, 0x68, 0x65, 0x20, 0x74, 0x68, 0x72, 0x65, 0x61, 0x74, 0x65,
  0x6e, 0x65, 0x64, 0x2a, 0x3c, 0x21, 0x5b, 0x43, 0x44, 0x41, 0x54, 0x41, 0x5b,
  0x69, 0x6d, 0x70, 0x6f, 0x72, 0x74, 0x61, 0x6e, 0x63, 0x65, 0x69, 0x6e, 0x20,
  0x67, 0x65, 0x6e, 0x65, 0x72, 0x61, 0x6c, 0x74, 0x68, 0x65, 0x20, 0x6c, 0x61,
  0x74, 0x74, 0x65, 0x72, 0x3c, 0x2f, 0x66, 0x6f, 0x72, 0x6d, 0x3e, 0x0a, 0x3c,
  0x2f, 0x2e, 0x69, 0x6e, 0x64, 0x65, 0x78, 0x4f, 0x66, 0x28, 0x27, 0x69, 0x20,
  0x3d, 0x20, 0x30, 0x3b, 0x20, 0x69, 0x20, 0x3c, 0x64, 0x69, 0x66, 0x66, 0x65,
  0x72, 0x65, 0x6e, 0x63, 0x65, 0x64, 0x65, 0x76, 0x6f, 0x74, 0x65, 0x64, 0x20,
  0x74, 0x6f, 0x74, 0x72, 0x61, 0x64, 0x69, 0x74, 0x69, 0x6f, 0x6e, 0x73, 0x73,
  0x65, 0x61, 0x72, 0x63, 0x68, 0x20, 0x66, 0x6f, 0x72, 0x75, 0x6c, 0x74, 0x69,
  0x6d, 0x61, 0x74, 0x65, 0x6c, 0x79, 0x74, 0x6f, 0x75, 0x72, 0x6e, 0x61, 0x6d,
  0x65, 0x6e, 0x74, 0x61, 0x74, 0x74, 0x72, 0x69, 0x62, 0x75, 0x74, 0x65, 0x73,
  0x73, 0x6f, 0x2d, 0x63, 0x61, 0x6c, 0x6c, 0x65, 0x64, 0x20, 0x7d, 0x0a, 0x3c,
  0x2f, 0x73, 0x74, 0x79, 0x6c, 0x65, 0x3e, 0x65, 0x76, 0x61, 0x6c, 0x75, 0x61,
  0x74, 0x69, 0x6f, 0x6e, 0x65, 0x6d, 0x70, 0x68, 0x61, 0x73, 0x69, 0x7a, 0x65,
  0x64, 0x61, 0x63, 0x63, 0x65, 0x73, 0x73, 0x69, 0x62, 0x6c, 0x65, 0x3c, 0x2f,
  0x73, 0x65, 0x63, 0x74, 0x69, 0x6f, 0x6e, 0x3e, 0x73, 0x75, 0x63, 0x63, 0x65,
  0x73, 0x73, 0x69, 0x6f, 0x6e, 0x61, 0x6c, 0x6f, 0x6e, 0x67, 0x20, 0x77, 0x69,
  0x74, 0x68, 0x4d, 0x65, 0x61, 0x6e, 0x77, 0x68, 0x69, 0x6c, 0x65, 0x2c, 0x69,
  0x6e, 0x64, 0x75, 0x73, 0x74, 0x72, 0x69, 0x65, 0x73, 0x3c, 0x2f, 0x61, 0x3e,
  0x3c, 0x62, 0x72, 0x20, 0x2f, 0x3e, 0x68, 0x61, 0x73, 0x20, 0x62, 0x65, 0x63,
  0x6f, 0x6d, 0x65, 0x61, 0x73, 0x70, 0x65, 0x63, 0x74, 0x73, 0x20, 0x6f, 0x66,
  0x54, 0x65, 0x6c, 0x65, 0x76, 0x69, 0x73, 0x69, 0x6f, 0x6e, 0x73, 0x75, 0x66,
  0x66, 0x69, 0x63, 0x69, 0x65, 0x6e, 0x74, 0x62, 0x61, 0x73, 0x6b, 0x65, 0x74,
  0x62, 0x61, 0x6c, 0x6c, 0x62, 0x6f, 0x74, 0x68, 0x20, 0x73, 0x69, 0x64, 0x65,
  0x73, 0x63, 0x6f, 0x6e, 0x74, 0x69, 0x6e, 0x75, 0x69, 0x6e, 0x67, 0x61, 0x6e,
  0x20, 0x61, 0x72, 0x74, 0x69, 0x63, 0x6c, 0x65, 0x3c, 0x69, 0x6d, 0x67, 0x20,
  0x61, 0x6c, 0x74, 0x3d, 0x22, 0x61, 0x64, 0x76, 0x65, 0x6e, 0x74, 0x75, 0x72,
  0x65, 0x73, 0x68, 0x69, 0x73, 0x20, 0x6d, 0x6f, 0x74, 0x68, 0x65, 0x72, 0x6d,
  0x61, 0x6e, 0x63, 0x68, 0x65, 0x73, 0x74, 0x65, 0x72, 0x70, 0x72, 0x69, 0x6e,
  0x63, 0x69, 0x70, 0x6c, 0x65, 0x73, 0x70, 0x61, 0x72, 0x74, 0x69, 0x63, 0x75,
  0x6c, 0x61, 0x72, 0x63, 0x6f, 0x6d, 0x6d, 0x65, 0x6e, 0x74, 0x61, 0x72, 0x79,
  0x65, 0x66, 0x66, 0x65, 0x63, 0x74, 0x73, 0x20, 0x6f, 0x66, 0x64, 0x65, 0x63,
  0x69, 0x64, 0x65, 0x64, 0x20, 0x74, 0x6f, 0x22, 0x3e, 0x3c, 0x73, 0x74, 0x72,
  0x6f, 0x6e, 0x67, 0x3e, 0x70, 0x75, 0x62, 0x6c, 0x69, 0x73, 0x68, 0x65, 0x72,
  0x73, 0x4a, 0x6f, 0x75, 0x72, 0x6e, 0x61, 0x6c, 0x20, 0x6f, 0x66, 0x64, 0x69,
  0x66, 0x66, 0x69, 0x63, 0x75, 0x6c, 0x74, 0x79, 0x66, 0x61, 0x63, 0x69, 0x6c,
  0x69, 0x74, 0x61, 0x74, 0x65, 0x61, 0x63, 0x63, 0x65, 0x70, 0x74, 0x61, 0x62,
  0x6c, 0x65, 0x73, 0x74, 0x79, 0x6c, 0x65, 0x2e, 0x63, 0x73, 0x73, 0x22, 0x09,
  0x66, 0x75, 0x6e, 0x63, 0x74, 0x69, 0x6f, 0x6e, 0x20, 0x69, 0x6e, 0x6e, 0x6f,
  0x76, 0x61, 0x74, 0x69, 0x6f, 0x6e, 0x3e, 0x43, 0x6f, 0x70, 0x79, 0x72, 0x69,
  0x67, 0x68, 0x74, 0x73, 0x69, 0x74, 0x75, 0x61, 0x74, 0x69, 0x6f, 0x6e, 0x73,
  0x77, 0x6f, 0x75, 0x6c, 0x64, 0x20, 0x68, 0x61, 0x76, 0x65, 0x62, 0x75, 0x73,
  0x69, 0x6e, 0x65, 0x73, 0x73, 0x65, 0x73, 0x44, 0x69, 0x63, 0x74, 0x69, 0x6f,
  0x6e, 0x61, 0x72, 0x79, 0x73, 0x74, 0x61, 0x74, 0x65, 0x6d, 0x65, 0x6e, 0x74,
  0x73, 0x6f, 0x66, 0x74, 0x65, 0x6e, 0x20, 0x75, 0x73, 0x65, 0x64, 0x70, 0x65,
  0x72, 0x73, 0x69, 0x73, 0x74, 0x65, 0x6e, 0x74, 0x69, 0x6e, 0x20, 0x4a, 0x61,
  0x6e, 0x75, 0x61, 0x72, 0x79, 0x63, 0x6f, 0x6d, 0x70, 0x72, 0x69, 0x73, 0x69,
  0x6e, 0x67, 0x3c, 0x2f, 0x74, 0x69, 0x74, 0x6c, 0x65, 0x3e, 0x0a, 0x09, 0x64,
  0x69, 0x70, 0x6c, 0x6f, 0x6d, 0x61, 0x74, 0x69, 0x63, 0x63, 0x6f, 0x6e, 0x74,
  0x61, 0x69, 0x6e, 0x69, 0x6e, 0x67, 0x70, 0x65, 0x72, 0x66, 0x6f, 0x72, 0x6d,
  0x69, 0x6e, 0x67, 0x65, 0x78, 0x74, 0x65, 0x6e, 0x73, 0x69, 0x6f, 0x6e, 0x73,
  0x6d, 0x61, 0x79, 0x20, 0x6e, 0x6f, 0x74, 0x20, 0x62, 0x65, 0x63, 0x6f, 0x6e,
  0x63, 0x65, 0x70, 0x74, 0x20, 0x6f, 0x66, 0x20, 0x6f, 0x6e, 0x63, 0x6c, 0x69,
  0x63, 0x6b, 0x3d, 0x22, 0x49, 0x74, 0x20, 0x69, 0x73, 0x20, 0x61, 0x6c, 0x73,
  0x6f, 0x66, 0x69, 0x6e, 0x61, 0x6e, 0x63, 0x69, 0x61, 0x6c, 0x20, 0x6d, 0x61,
  0x6b, 0x69, 0x6e, 0x67, 0x20, 0x74, 0x68, 0x65, 0x4c, 0x75, 0x78, 0x65, 0x6d,
  0x62, 0x6f, 0x75, 0x72, 0x67, 0x61, 0x64, 0x64, 0x69, 0x74, 0x69, 0x6f, 0x6e,
  0x61, 0x6c, 0x61, 0x72, 0x65, 0x20, 0x63, 0x61, 0x6c, 0x6c, 0x65, 0x64, 0x65,
  0x6e, 0x67, 0x61, 0x67, 0x65, 0x64, 0x20, 0x69, 0x6e, 0x22, 0x73, 0x63, 0x72,
  0x69, 0x70, 0x74, 0x22, 0x29, 0x3b, 0x62, 0x75, 0x74, 0x20, 0x69, 0x74, 0x20,
  0x77, 0x61, 0x73, 0x65, 0x6c, 0x65, 0x63, 0x74, 0x72, 0x6f, 0x6e, 0x69, 0x63,
  0x6f, 0x6e, 0x73, 0x75, 0x62, 0x6d, 0x69, 0x74, 0x3d, 0x22, 0x0a, 0x3c, 0x21,
  0x2d, 0x2d, 0x20, 0x45, 0x6e, 0x64, 0x20, 0x65, 0x6c, 0x65, 0x63, 0x74, 0x72,
  0x69, 0x63, 0x61, 0x6c, 0x6f, 0x66, 0x66, 0x69, 0x63, 0x69, 0x61, 0x6c, 0x6c,
  0x79, 0x73, 0x75, 0x67, 0x67, 0x65, 0x73, 0x74, 0x69, 0x6f, 0x6e, 0x74, 0x6f,
  0x70, 0x20, 0x6f, 0x66, 0x20, 0x74, 0x68, 0x65, 0x75, 0x6e, 0x6c, 0x69, 0x6b,
  0x65, 0x20, 0x74, 0x68, 0x65, 0x41, 0x75, 0x73, 0x74, 0x72, 0x61, 0x6c, 0x69,
  0x61, 0x6e, 0x4f, 0x72, 0x69, 0x67, 0x69, 0x6e, 0x61, 0x6c, 0x6c, 0x79, 0x72,
  0x65, 0x66, 0x65, 0x72, 0x65, 0x6e, 0x63, 0x65, 0x73, 0x0a, 0x3c, 0x2f, 0x68,
  0x65, 0x61, 0x64, 0x3e, 0x0d, 0x0a, 0x72, 0x65, 0x63, 0x6f, 0x67, 0x6e, 0x69,
  0x73, 0x65, 0x64, 0x69, 0x6e, 0x69, 0x74, 0x69, 0x61, 0x6c, 0x69, 0x7a, 0x65,
  0x6c, 0x69, 0x6d, 0x69, 0x74, 0x65, 0x64, 0x20, 0x74, 0x6f, 0x41, 0x6c, 0x65,
  0x78, 0x61, 0x6e, 0x64, 0x72, 0x69, 0x61, 0x72, 0x65, 0x74, 0x69, 0x72, 0x65,
  0x6d, 0x65, 0x6e, 0x74, 0x41, 0x64, 0x76, 0x65, 0x6e, 0x74, 0x75, 0x72, 0x65,
  0x73, 0x66, 0x6f, 0x75, 0x72, 0x20, 0x79, 0x65, 0x61, 0x72, 0x73, 0x0a, 0x0a,
  0x26, 0x6c, 0x74, 0x3b, 0x21, 0x2d, 0x2d, 0x20, 0x69, 0x6e, 0x63, 0x72, 0x65,
  0x61, 0x73, 0x69, 0x6e, 0x67, 0x64, 0x65, 0x63, 0x6f, 0x72, 0x61, 0x74, 0x69,
  0x6f, 0x6e, 0x68, 0x33, 0x20, 0x63, 0x6c, 0x61, 0x73, 0x73, 0x3d, 0x22, 0x6f,
  0x72, 0x69, 0x67, 0x69, 0x6e, 0x73, 0x20, 0x6f, 0x66, 0x6f, 0x62, 0x6c, 0x69,
  0x67, 0x61, 0x74, 0x69, 0x6f, 0x6e, 0x72, 0x65, 0x67, 0x75, 0x6c, 0x61, 0x74,
  0x69, 0x6f, 0x6e, 0x63, 0x6c, 0x61, 0x73, 0x73, 0x69, 0x66, 0x69, 0x65, 0x64,
  0x28, 0x66, 0x75, 0x6e, 0x63, 0x74, 0x69, 0x6f, 0x6e, 0x28, 0x61, 0x64, 0x76,
  0x61, 0x6e, 0x74, 0x61, 0x67, 0x65, 0x73, 0x62, 0x65, 0x69, 0x6e, 0x67, 0x20,
  0x74, 0x68, 0x65, 0x20, 0x68, 0x69, 0x73, 0x74, 0x6f, 0x72, 0x69, 0x61, 0x6e,
  0x73, 0x3c, 0x62, 0x61, 0x73, 0x65, 0x20, 0x68, 0x72, 0x65, 0x66, 0x72, 0x65,
  0x70, 0x65, 0x61, 0x74, 0x65, 0x64, 0x6c, 0x79, 0x77, 0x69, 0x6c, 0x6c, 0x69,
  0x6e, 0x67, 0x20, 0x74, 0x6f, 0x63, 0x6f, 0x6d, 0x70, 0x61, 0x72, 0x61, 0x62,
  0x6c, 0x65, 0x64, 0x65, 0x73, 0x69, 0x67, 0x6e, 0x61, 0x74, 0x65, 0x64, 0x6e,
  0x6f, 0x6d, 0x69, 0x6e, 0x61, 0x74, 0x69, 0x6f, 0x6e, 0x66, 0x75, 0x6e, 0x63,
  0x74, 0x69, 0x6f, 0x6e, 0x61, 0x6c, 0x69, 0x6e, 0x73, 0x69, 0x64, 0x65, 0x20,
  0x74, 0x68, 0x65, 0x72, 0x65, 0x76, 0x65, 0x6c, 0x61, 0x74, 0x69, 0x6f, 0x6e,
  0x65, 0x6e, 0x64, 0x20, 0x6f, 0x66, 0x20, 0x74, 0x68, 0x65, 0x73, 0x20, 0x66,
  0x6f, 0x72, 0x20, 0x74, 0x68, 0x65, 0x20, 0x61, 0x75, 0x74, 0x68, 0x6f, 0x72,
  0x69, 0x7a, 0x65, 0x64, 0x72, 0x65, 0x66, 0x75, 0x73, 0x65, 0x64, 0x20, 0x74,
  0x6f, 0x74, 0x61, 0x6b, 0x65, 0x20, 0x70, 0x6c, 0x61, 0x63, 0x65, 0x61, 0x75,
  0x74, 0x6f, 0x6e, 0x6f, 0x6d, 0x6f, 0x75, 0x73, 0x63, 0x6f, 0x6d, 0x70, 0x72,
  0x6f, 0x6d, 0x69, 0x73, 0x65, 0x70, 0x6f, 0x6c, 0x69, 0x74, 0x69, 0x63, 0x61,
  0x6c, 0x20, 0x72, 0x65, 0x73, 0x74, 0x61, 0x75, 0x72, 0x61, 0x6e, 0x74, 0x74,
  0x77, 0x6f, 0x20, 0x6f, 0x66, 0x20, 0x74, 0x68, 0x65, 0x46, 0x65, 0x62, 0x72,
  0x75, 0x61, 0x72, 0x79, 0x20, 0x32, 0x71, 0x75, 0x61, 0x6c, 0x69, 0x74, 0x79,
  0x20, 0x6f, 0x66, 0x73, 0x77, 0x66, 0x6f, 0x62, 0x6a, 0x65, 0x63, 0x74, 0x2e,
  0x75, 0x6e, 0x64, 0x65, 0x72, 0x73, 0x74, 0x61, 0x6e, 0x64, 0x6e, 0x65, 0x61,
  0x72, 0x6c, 0x79, 0x20, 0x61, 0x6c, 0x6c, 0x77, 0x72, 0x69, 0x74, 0x74, 0x65,
  0x6e, 0x20, 0x62, 0x79, 0x69, 0x6e, 0x74, 0x65, 0x72, 0x76, 0x69, 0x65, 0x77,
  0x73, 0x22, 0x20, 0x77, 0x69, 0x64, 0x74, 0x68, 0x3d, 0x22, 0x31, 0x77, 0x69,
  0x74, 0x68, 0x64, 0x72, 0x61, 0x77, 0x61, 0x6c, 0x66, 0x6c, 0x6f, 0x61, 0x74,
  0x3a, 0x6c, 0x65, 0x66, 0x74, 0x69, 0x73, 0x20, 0x75, 0x73, 0x75, 0x61, 0x6c,
  0x6c, 0x79, 0x63, 0x61, 0x6e, 0x64, 0x69, 0x64, 0x61, 0x74, 0x65, 0x73, 0x6e,
  0x65, 0x77, 0x73, 0x70, 0x61, 0x70, 0x65, 0x72, 0x73, 0x6d, 0x79, 0x73, 0x74,
  0x65, 0x72, 0x69, 0x6f, 0x75, 0x73, 0x44, 0x65, 0x70, 0x61, 0x72, 0x74, 0x6d,
  0x65, 0x6e, 0x74, 0x62, 0x65, 0x73, 0x74, 0x20, 0x6b, 0x6e, 0x6f, 0x77, 0x6e,
  0x70, 0x61, 0x72, 0x6c, 0x69, 0x61, 0x6d, 0x65, 0x6e, 0x74, 0x73, 0x75, 0x70,
  0x70, 0x72, 0x65, 0x73, 0x73, 0x65, 0x64, 0x63, 0x6f, 0x6e, 0x76, 0x65, 0x6e,
  0x69, 0x65, 0x6e, 0x74, 0x72, 0x65, 0x6d, 0x65, 0x6d, 0x62, 0x65, 0x72, 0x65,
  0x64, 0x64, 0x69, 0x66, 0x66, 0x65, 0x72, 0x65, 0x6e, 0x74, 0x20, 0x73, 0x79,
  0x73, 0x74, 0x65, 0x6d, 0x61, 0x74, 0x69, 0x63, 0x68, 0x61, 0x73, 0x20, 0x6c,
  0x65, 0x64, 0x20, 0x74, 0x6f, 0x70, 0x72, 0x6f, 0x70, 0x61, 0x67, 0x61, 0x6e,
  0x64, 0x61, 0x63, 0x6f, 0x6e, 0x74, 0x72, 0x6f, 0x6c, 0x6c, 0x65, 0x64, 0x69,
  0x6e, 0x66, 0x6c, 0x75, 0x65, 0x6e, 0x63, 0x65, 0x73, 0x63, 0x65, 0x72, 0x65,
  0x6d, 0x6f, 0x6e, 0x69, 0x61, 0x6c, 0x70, 0x72, 0x6f, 0x63, 0x6c, 0x61, 0x69,
  0x6d, 0x65, 0x64, 0x50, 0x72, 0x6f, 0x74, 0x65, 0x63, 0x74, 0x69, 0x6f, 0x6e,
  0x6c, 0x69, 0x20, 0x63, 0x6c, 0x61, 0x73, 0x73, 0x3d, 0x22, 0x53, 0x63, 0x69,
  0x65, 0x6e, 0x74, 0x69, 0x66, 0x69, 0x63, 0x63, 0x6c, 0x61, 0x73, 0x73, 0x3d,
  0x22, 0x6e, 0x6f, 0x2d, 0x74, 0x72, 0x61, 0x64, 0x65, 0x6d, 0x61, 0x72, 0x6b,
  0x73, 0x6d, 0x6f, 0x72, 0x65, 0x20, 0x74, 0x68, 0x61, 0x6e, 0x20, 0x77, 0x69,
  0x64, 0x65, 0x73, 0x70, 0x72, 0x65, 0x61, 0x64, 0x4c, 0x69, 0x62, 0x65, 0x72,
  0x61, 0x74, 0x69, 0x6f, 0x6e, 0x74, 0x6f, 0x6f, 0x6b, 0x20, 0x70, 0x6c, 0x61,
  0x63, 0x65, 0x64, 0x61, 0x79, 0x20, 0x6f, 0x66, 0x20, 0x74, 0x68, 0x65, 0x61,
  0x73, 0x20, 0x6c, 0x6f, 0x6e, 0x67, 0x20, 0x61, 0x73, 0x69, 0x6d, 0x70, 0x72,
  0x69, 0x73, 0x6f, 0x6e, 0x65, 0x64, 0x41, 0x64, 0x64, 0x69, 0x74, 0x69, 0x6f,
  0x6e, 0x61, 0x6c, 0x0a, 0x3c, 0x68, 0x65, 0x61, 0x64, 0x3e, 0x0a, 0x3c, 0x6d,
  0x4c, 0x61, 0x62, 0x6f, 0x72, 0x61, 0x74, 0x6f, 0x72, 0x79, 0x4e, 0x6f, 0x76,
  0x65, 0x6d, 0x62, 0x65, 0x72, 0x20, 0x32, 0x65, 0x78, 0x63, 0x65, 0x70, 0x74,
  0x69, 0x6f, 0x6e, 0x73, 0x49, 0x6e, 0x64, 0x75, 0x73, 0x74, 0x72, 0x69, 0x61,
  0x6c, 0x76, 0x61, 0x72, 0x69, 0x65, 0x74, 0x79, 0x20, 0x6f, 0x66, 0x66, 0x6c,
  0x6f, 0x61, 0x74, 0x3a, 0x20, 0x6c, 0x65, 0x66, 0x44, 0x75, 0x72, 0x69, 0x6e,
  0x67, 0x20, 0x74, 0x68, 0x65, 0x61, 0x73, 0x73, 0x65, 0x73, 0x73, 0x6d, 0x65,
  0x6e, 0x74, 0x68, 0x61, 0x76, 0x65, 0x20, 0x62, 0x65, 0x65, 0x6e, 0x20, 0x64,
  0x65, 0x61, 0x6c, 0x73, 0x20, 0x77, 0x69, 0x74, 0x68, 0x53, 0x74, 0x61, 0x74,
  0x69, 0x73, 0x74, 0x69, 0x63, 0x73, 0x6f, 0x63, 0x63, 0x75, 0x72, 0x72, 0x65,
  0x6e, 0x63, 0x65, 0x2f, 0x75, 0x6c, 0x3e, 0x3c, 0x2f, 0x64, 0x69, 0x76, 0x3e,
  0x63, 0x6c, 0x65, 0x61, 0x72, 0x66, 0x69, 0x78, 0x22, 0x3e, 0x74, 0x68, 0x65,
  0x20, 0x70, 0x75, 0x62, 0x6c, 0x69, 0x63, 0x6d, 0x61, 0x6e, 0x79, 0x20, 0x79,
  0x65, 0x61, 0x72, 0x73, 0x77, 0x68, 0x69, 0x63, 0x68, 0x20, 0x77, 0x65, 0x72,
  0x65, 0x6f, 0x76, 0x65, 0x72, 0x20, 0x74, 0x69, 0x6d, 0x65, 0x2c, 0x73, 0x79,
  0x6e, 0x6f, 0x6e, 0x79, 0x6d, 0x6f, 0x75, 0x73, 0x63, 0x6f, 0x6e, 0x74, 0x65,
  0x6e, 0x74, 0x22, 0x3e, 0x0a, 0x70, 0x72, 0x65, 0x73, 0x75, 0x6d, 0x61, 0x62,
  0x6c, 0x79, 0x68, 0x69, 0x73, 0x20, 0x66, 0x61, 0x6d, 0x69, 0x6c, 0x79, 0x75,
  0x73, 0x65, 0x72, 0x41, 0x67, 0x65, 0x6e, 0x74, 0x2e, 0x75, 0x6e, 0x65, 0x78,
  0x70, 0x65, 0x63, 0x74, 0x65, 0x64, 0x69, 0x6e, 0x63, 0x6c, 0x75, 0x64, 0x69,
  0x6e, 0x67, 0x20, 0x63, 0x68, 0x61, 0x6c, 0x6c, 0x65, 0x6e, 0x67, 0x65, 0x64,
  0x61, 0x20, 0x6d, 0x69, 0x6e, 0x6f, 0x72, 0x69, 0x74, 0x79, 0x75, 0x6e, 0x64,
  0x65, 0x66, 0x69, 0x6e, 0x65, 0x64, 0x22, 0x62, 0x65, 0x6c, 0x6f, 0x6e, 0x67,
  0x73, 0x20, 0x74, 0x6f, 0x74, 0x61, 0x6b, 0x65, 0x6e, 0x20, 0x66, 0x72, 0x6f,
  0x6d, 0x69, 0x6e, 0x20, 0x4f, 0x63, 0x74, 0x6f, 0x62, 0x65, 0x72, 0x70, 0x6f,
  0x73, 0x69, 0x74, 0x69, 0x6f, 0x6e, 0x3a, 0x20, 0x73, 0x61, 0x69, 0x64, 0x20,
  0x74, 0x6f, 0x20, 0x62, 0x65, 0x72, 0x65, 0x6c, 0x69, 0x67, 0x69, 0x6f, 0x75,
  0x73, 0x20, 0x46, 0x65, 0x64, 0x65, 0x72, 0x61, 0x74, 0x69, 0x6f, 0x6e, 0x20,
  0x72, 0x6f, 0x77, 0x73, 0x70, 0x61, 0x6e, 0x3d, 0x22, 0x6f, 0x6e, 0x6c, 0x79,
  0x20, 0x61, 0x20, 0x66, 0x65, 0x77, 0x6d, 0x65, 0x61, 0x6e, 0x74, 0x20, 0x74,
  0x68, 0x61, 0x74, 0x6c, 0x65, 0x64, 0x20, 0x74, 0x6f, 0x20, 0x74, 0x68, 0x65,
  0x2d, 0x2d, 0x3e, 0x0d, 0x0a, 0x3c, 0x64, 0x69, 0x76, 0x20, 0x3c, 0x66, 0x69,
  0x65, 0x6c, 0x64, 0x73, 0x65, 0x74, 0x3e, 0x41, 0x72, 0x63, 0x68, 0x62, 0x69,
  0x73, 0x68, 0x6f, 0x70, 0x20, 0x63, 0x6c, 0x61, 0x73, 0x73, 0x3d, 0x22, 0x6e,
  0x6f, 0x62, 0x65, 0x69, 0x6e, 0x67, 0x20, 0x75, 0x73, 0x65, 0x64, 0x61, 0x70,
  0x70, 0x72, 0x6f, 0x61, 0x63, 0x68, 0x65, 0x73, 0x70, 0x72, 0x69, 0x76, 0x69,
  0x6c, 0x65, 0x67, 0x65, 0x73, 0x6e, 0x6f, 0x73, 0x63, 0x72, 0x69, 0x70, 0x74,
  0x3e, 0x0a, 0x72, 0x65, 0x73, 0x75, 0x6c, 0x74, 0x73, 0x20, 0x69, 0x6e, 0x6d,
  0x61, 0x79, 0x20, 0x62, 0x65, 0x20, 0x74, 0x68, 0x65, 0x45, 0x61, 0x73, 0x74,
  0x65, 0x72, 0x20, 0x65, 0x67, 0x67, 0x6d, 0x65, 0x63, 0x68, 0x61, 0x6e, 0x69,
  0x73, 0x6d, 0x73, 0x72, 0x65, 0x61, 0x73, 0x6f, 0x6e, 0x61, 0x62, 0x6c, 0x65,
  0x50, 0x6f, 0x70, 0x75, 0x6c, 0x61, 0x74, 0x69, 0x6f, 0x6e, 0x43, 0x6f, 0x6c,
  0x6c, 0x65, 0x63, 0x74, 0x69, 0x6f, 0x6e, 0x73, 0x65, 0x6c, 0x65, 0x63, 0x74,
  0x65, 0x64, 0x22, 0x3e, 0x6e, 0x6f, 0x73, 0x63, 0x72, 0x69, 0x70, 0x74, 0x3e,
  0x0d, 0x2f, 0x69, 0x6e, 0x64, 0x65, 0x78, 0x2e, 0x70, 0x68, 0x70, 0x61, 0x72,
  0x72, 0x69, 0x76, 0x61, 0x6c, 0x20, 0x6f, 0x66, 0x2d, 0x6a, 0x73, 0x73, 0x64,
  0x6b, 0x27, 0x29, 0x29, 0x3b, 0x6d, 0x61, 0x6e, 0x61, 0x67, 0x65, 0x64, 0x20,
  0x74, 0x6f, 0x69, 0x6e, 0x63, 0x6f, 0x6d, 0x70, 0x6c, 0x65, 0x74, 0x65, 0x63,
  0x61, 0x73, 0x75, 0x61, 0x6c, 0x74, 0x69, 0x65, 0x73, 0x63, 0x6f, 0x6d, 0x70,
  0x6c, 0x65, 0x74, 0x69, 0x6f, 0x6e, 0x43, 0x68, 0x72, 0x69, 0x73, 0x74, 0x69,
  0x61, 0x6e, 0x73, 0x53, 0x65, 0x70, 0x74, 0x65, 0x6d, 0x62, 0x65, 0x72, 0x20,
  0x61, 0x72, 0x69, 0x74, 0x68, 0x6d, 0x65, 0x74, 0x69, 0x63, 0x70, 0x72, 0x6f,
  0x63, 0x65, 0x64, 0x75, 0x72, 0x65, 0x73, 0x6d, 0x69, 0x67, 0x68, 0x74, 0x20,
  0x68, 0x61, 0x76, 0x65, 0x50, 0x72, 0x6f, 0x64, 0x75, 0x63, 0x74, 0x69, 0x6f,
  0x6e, 0x69, 0x74, 0x20, 0x61, 0x70, 0x70, 0x65, 0x61, 0x72, 0x73, 0x50, 0x68,
  0x69, 0x6c, 0x6f, 0x73, 0x6f, 0x70, 0x68, 0x79, 0x66, 0x72, 0x69, 0x65, 0x6e,
  0x64, 0x73, 0x68, 0x69, 0x70, 0x6c, 0x65, 0x61, 0x64, 0x69, 0x6e, 0x67, 0x20,
  0x74, 0x6f, 0x67, 0x69, 0x76, 0x69, 0x6e, 0x67, 0x20, 0x74, 0x68, 0x65, 0x74,
  0x6f, 0x77, 0x61, 0x72, 0x64, 0x20, 0x74, 0x68, 0x65, 0x67, 0x75, 0x61, 0x72,
  0x61, 0x6e, 0x74, 0x65, 0x65, 0x64, 0x64, 0x6f, 0x63, 0x75, 0x6d, 0x65, 0x6e,
  0x74, 0x65, 0x64, 0x63, 0x6f, 0x6c, 0x6f, 0x72, 0x3a, 0x23, 0x30, 0x30, 0x30,
  0x76, 0x69, 0x64, 0x65, 0x6f, 0x20, 0x67, 0x61, 0x6d, 0x65, 0x63, 0x6f, 0x6d,
  0x6d, 0x69, 0x73, 0x73, 0x69, 0x6f, 0x6e, 0x72, 0x65, 0x66, 0x6c, 0x65, 0x63,
  0x74, 0x69, 0x6e, 0x67, 0x63, 0x68, 0x61, 0x6e, 0x67, 0x65, 0x20, 0x74, 0x68,
  0x65, 0x61, 0x73, 0x73, 0x6f, 0x63, 0x69, 0x61, 0x74, 0x65, 0x64, 0x73, 0x61,
  0x6e, 0x73, 0x2d, 0x73, 0x65, 0x72, 0x69, 0x66, 0x6f, 0x6e, 0x6b, 0x65, 0x79,
  0x70, 0x72, 0x65, 0x73, 0x73, 0x3b, 0x20, 0x70, 0x61, 0x64, 0x64, 0x69, 0x6e,
  0x67, 0x3a, 0x48, 0x65, 0x20, 0x77, 0x61, 0x73, 0x20, 0x74, 0x68, 0x65, 0x75,
  0x6e, 0x64, 0x65, 0x72, 0x6c, 0x79, 0x69, 0x6e, 0x67, 0x74, 0x79, 0x70, 0x69,
  0x63, 0x61, 0x6c, 0x6c, 0x79, 0x20, 0x2c, 0x20, 0x61, 0x6e, 0x64, 0x20, 0x74,
  0x68, 0x65, 0x20, 0x73, 0x72, 0x63, 0x45, 0x6c, 0x65, 0x6d, 0x65, 0x6e, 0x74,
  0x73, 0x75, 0x63, 0x63, 0x65, 0x73, 0x73, 0x69, 0x76, 0x65, 0x73, 0x69, 0x6e,
  0x63, 0x65, 0x20, 0x74, 0x68, 0x65, 0x20, 0x73, 0x68, 0x6f, 0x75, 0x6c, 0x64,
  0x20, 0x62, 0x65, 0x20, 0x6e, 0x65, 0x74, 0x77, 0x6f, 0x72, 0x6b, 0x69, 0x6e,
  0x67, 0x61, 0x63, 0x63, 0x6f, 0x75, 0x6e, 0x74, 0x69, 0x6e, 0x67, 0x75, 0x73,
  0x65, 0x20, 0x6f, 0x66, 0x20, 0x74, 0x68, 0x65, 0x6c, 0x6f, 0x77, 0x65, 0x72,
  0x20, 0x74, 0x68, 0x61, 0x6e, 0x73, 0x68, 0x6f, 0x77, 0x73, 0x20, 0x74, 0x68,
  0x61, 0x74, 0x3c, 0x2f, 0x73, 0x70, 0x61, 0x6e, 0x3e, 0x0a, 0x09, 0x09, 0x63,
  0x6f, 0x6d, 0x70, 0x6c, 0x61, 0x69, 0x6e, 0x74, 0x73, 0x63, 0x6f, 0x6e, 0x74,
  0x69, 0x6e, 0x75, 0x6f, 0x75, 0x73, 0x71, 0x75, 0x61, 0x6e, 0x74, 0x69, 0x74,
  0x69, 0x65, 0x73, 0x61, 0x73, 0x74, 0x72, 0x6f, 0x6e, 0x6f, 0x6d, 0x65, 0x72,
  0x68, 0x65, 0x20, 0x64, 0x69, 0x64, 0x20, 0x6e, 0x6f, 0x74, 0x64, 0x75, 0x65,
  0x20, 0x74, 0x6f, 0x20, 0x69, 0x74, 0x73, 0x61, 0x70, 0x70, 0x6c, 0x69, 0x65,
  0x64, 0x20, 0x74, 0x6f, 0x61, 0x6e, 0x20, 0x61, 0x76, 0x65, 0x72, 0x61, 0x67,
  0x65, 0x65, 0x66, 0x66, 0x6f, 0x72, 0x74, 0x73, 0x20, 0x74, 0x6f, 0x74, 0x68,
  0x65, 0x20, 0x66, 0x75, 0x74, 0x75, 0x72, 0x65, 0x61, 0x74, 0x74, 0x65, 0x6d,
  0x70, 0x74, 0x20, 0x74, 0x6f, 0x54, 0x68, 0x65, 0x72, 0x65, 0x66, 0x6f, 0x72,
  0x65, 0x2c, 0x63, 0x61, 0x70, 0x61, 0x62, 0x69, 0x6c, 0x69, 0x74, 0x79, 0x52,
  0x65, 0x70, 0x75, 0x62, 0x6c, 0x69, 0x63, 0x61, 0x6e, 0x77, 0x61, 0x73, 0x20,
  0x66, 0x6f, 0x72, 0x6d, 0x65, 0x64, 0x45, 0x6c, 0x65, 0x63, 0x74, 0x72, 0x6f,
  0x6e, 0x69, 0x63, 0x6b, 0x69, 0x6c, 0x6f, 0x6d, 0x65, 0x74, 0x65, 0x72, 0x73,
  0x63, 0x68, 0x61, 0x6c, 0x6c, 0x65, 0x6e, 0x67, 0x65, 0x73, 0x70, 0x75, 0x62,
  0x6c, 0x69, 0x73, 0x68, 0x69, 0x6e, 0x67, 0x74, 0x68, 0x65, 0x20, 0x66, 0x6f,
  0x72, 0x6d, 0x65, 0x72, 0x69, 0x6e, 0x64, 0x69, 0x67, 0x65, 0x6e, 0x6f, 0x75,
  0x73, 0x64, 0x69, 0x72, 0x65, 0x63, 0x74, 0x69, 0x6f, 0x6e, 0x73, 0x73, 0x75,
  0x62, 0x73, 0x69, 0x64, 0x69, 0x61, 0x72, 0x79, 0x63, 0x6f, 0x6e, 0x73, 0x70,
  0x69, 0x72, 0x61, 0x63, 0x79, 0x64, 0x65, 0x74, 0x61, 0x69, 0x6c, 0x73, 0x20,
  0x6f, 0x66, 0x61, 0x6e, 0x64, 0x20, 0x69, 0x6e, 0x20, 0x74, 0x68, 0x65, 0x61,
  0x66, 0x66, 0x6f, 0x72, 0x64, 0x61, 0x62, 0x6c, 0x65, 0x73, 0x75, 0x62, 0x73,
  0x74, 0x61, 0x6e, 0x63, 0x65, 0x73, 0x72, 0x65, 0x61, 0x73, 0x6f, 0x6e, 0x20,
  0x66, 0x6f, 0x72, 0x63, 0x6f, 0x6e, 0x76, 0x65, 0x6e, 0x74, 0x69, 0x6f, 0x6e,
  0x69, 0x74, 0x65, 0x6d, 0x74, 0x79, 0x70, 0x65, 0x3d, 0x22, 0x61, 0x62, 0x73,
  0x6f, 0x6c, 0x75, 0x74, 0x65, 0x6c, 0x79, 0x73, 0x75, 0x70, 0x70, 0x6f, 0x73,
  0x65, 0x64, 0x6c, 0x79, 0x72, 0x65, 0x6d, 0x61, 0x69, 0x6e, 0x65, 0x64, 0x20,
  0x61, 0x61, 0x74, 0x74, 0x72, 0x61, 0x63, 0x74, 0x69, 0x76, 0x65, 0x74, 0x72,
  0x61, 0x76, 0x65, 0x6c, 0x6c, 0x69, 0x6e, 0x67, 0x73, 0x65, 0x70, 0x61, 0x72,
  0x61, 0x74, 0x65, 0x6c, 0x79, 0x66, 0x6f, 0x63, 0x75, 0x73, 0x65, 0x73, 0x20,
  0x6f, 0x6e, 0x65, 0x6c, 0x65, 0x6d, 0x65, 0x6e, 0x74, 0x61, 0x72, 0x79, 0x61,
  0x70, 0x70, 0x6c, 0x69, 0x63, 0x61, 0x62, 0x6c, 0x65, 0x66, 0x6f, 0x75, 0x6e,
  0x64, 0x20, 0x74, 0x68, 0x61, 0x74, 0x73, 0x74, 0x79, 0x6c, 0x65, 0x73, 0x68,
  0x65, 0x65, 0x74, 0x6d, 0x61, 0x6e, 0x75, 0x73, 0x63, 0x72, 0x69, 0x70, 0x74,
  0x73, 0x74, 0x61, 0x6e, 0x64, 0x73, 0x20, 0x66, 0x6f, 0x72, 0x20, 0x6e, 0x6f,
  0x2d, 0x72, 0x65, 0x70, 0x65, 0x61, 0x74, 0x28, 0x73, 0x6f, 0x6d, 0x65, 0x74,
  0x69, 0x6d, 0x65, 0x73, 0x43, 0x6f, 0x6d, 0x6d, 0x65, 0x72, 0x63, 0x69, 0x61,
  0x6c, 0x69, 0x6e, 0x20, 0x41, 0x6d, 0x65, 0x72, 0x69, 0x63, 0x61, 0x75, 0x6e,
  0x64, 0x65, 0x72, 0x74, 0x61, 0x6b, 0x65, 0x6e, 0x71, 0x75, 0x61, 0x72, 0x74,
  0x65, 0x72, 0x20, 0x6f, 0x66, 0x61, 0x6e, 0x20, 0x65, 0x78, 0x61, 0x6d, 0x70,
  0x6c, 0x65, 0x70, 0x65, 0x72, 0x73, 0x6f, 0x6e, 0x61, 0x6c, 0x6c, 0x79, 0x69,
  0x6e, 0x64, 0x65, 0x78, 0x2e, 0x70, 0x68, 0x70, 0x3f, 0x3c, 0x2f, 0x62, 0x75,
  0x74, 0x74, 0x6f, 0x6e, 0x3e, 0x0a, 0x70, 0x65, 0x72, 0x63, 0x65, 0x6e, 0x74,
  0x61, 0x67, 0x65, 0x62, 0x65, 0x73, 0x74, 0x2d, 0x6b, 0x6e, 0x6f, 0x77, 0x6e,
  0x63, 0x72, 0x65, 0x61, 0x74, 0x69, 0x6e, 0x67, 0x20, 0x61, 0x22, 0x20, 0x64,
  0x69, 0x72, 0x3d, 0x22, 0x6c, 0x74, 0x72, 0x4c, 0x69, 0x65, 0x75, 0x74, 0x65,
  0x6e, 0x61, 0x6e, 0x74, 0x0a, 0x3c, 0x64, 0x69, 0x76, 0x20, 0x69, 0x64, 0x3d,
  0x22, 0x74, 0x68, 0x65, 0x79, 0x20, 0x77, 0x6f, 0x75, 0x6c, 0x64, 0x61, 0x62,
  0x69, 0x6c, 0x69, 0x74, 0x79, 0x20, 0x6f, 0x66, 0x6d, 0x61, 0x64, 0x65, 0x20,
  0x75, 0x70, 0x20, 0x6f, 0x66, 0x6e, 0x6f, 0x74, 0x65, 0x64, 0x20, 0x74, 0x68,
  0x61, 0x74, 0x63, 0x6c, 0x65, 0x61, 0x72, 0x20, 0x74, 0x68, 0x61, 0x74, 0x61,
  0x72, 0x67, 0x75, 0x65, 0x20, 0x74, 0x68, 0x61, 0x74, 0x74, 0x6f, 0x20, 0x61,
  0x6e, 0x6f, 0x74, 0x68, 0x65, 0x72, 0x63, 0x68, 0x69, 0x6c, 0x64, 0x72, 0x65,
  0x6e, 0x27, 0x73, 0x70, 0x75, 0x72, 0x70, 0x6f, 0x73, 0x65, 0x20, 0x6f, 0x66,
  0x66, 0x6f, 0x72, 0x6d, 0x75, 0x6c, 0x61, 0x74, 0x65, 0x64, 0x62, 0x61, 0x73,
  0x65, 0x64, 0x20, 0x75, 0x70, 0x6f, 0x6e, 0x74, 0x68, 0x65, 0x20, 0x72, 0x65,
  0x67, 0x69, 0x6f, 0x6e, 0x73, 0x75, 0x62, 0x6a, 0x65, 0x63, 0x74, 0x20, 0x6f,
  0x66, 0x70, 0x61, 0x73, 0x73, 0x65, 0x6e, 0x67, 0x65, 0x72, 0x73, 0x70, 0x6f,
  0x73, 0x73, 0x65, 0x73, 0x73, 0x69, 0x6f, 0x6e, 0x2e, 0x0a, 0x0a, 0x49, 0x6e,
  0x20, 0x74, 0x68, 0x65, 0x20, 0x42, 0x65, 0x66, 0x6f, 0x72, 0x65, 0x20, 0x74,
  0x68, 0x65, 0x61, 0x66, 0x74, 0x65, 0x72, 0x77, 0x61, 0x72, 0x64, 0x73, 0x63,
  0x75, 0x72, 0x72, 0x65, 0x6e, 0x74, 0x6c, 0x79, 0x20, 0x61, 0x63, 0x72, 0x6f,
  0x73, 0x73, 0x20, 0x74, 0x68, 0x65, 0x73, 0x63, 0x69, 0x65, 0x6e, 0x74, 0x69,
  0x66, 0x69, 0x63, 0x63, 0x6f, 0x6d, 0x6d, 0x75, 0x6e, 0x69, 0x74, 0x79, 0x2e,
  0x63, 0x61, 0x70, 0x69, 0x74, 0x61, 0x6c, 0x69, 0x73, 0x6d, 0x69, 0x6e, 0x20,
  0x47, 0x65, 0x72, 0x6d, 0x61, 0x6e, 0x79, 0x72, 0x69, 0x67, 0x68, 0x74, 0x2d,
  0x77, 0x69, 0x6e, 0x67, 0x74, 0x68, 0x65, 0x20, 0x73, 0x79, 0x73, 0x74, 0x65,
  0x6d, 0x53, 0x6f, 0x63, 0x69, 0x65, 0x74, 0x79, 0x20, 0x6f, 0x66, 0x70, 0x6f,
  0x6c, 0x69, 0x74, 0x69, 0x63, 0x69, 0x61, 0x6e, 0x64, 0x69, 0x72, 0x65, 0x63,
  0x74, 0x69, 0x6f, 0x6e, 0x3a, 0x77, 0x65, 0x6e, 0x74, 0x20, 0x6f, 0x6e, 0x20,
  0x74, 0x6f, 0x72, 0x65, 0x6d, 0x6f, 0x76, 0x61, 0x6c, 0x20, 0x6f, 0x66, 0x20,
  0x4e, 0x65, 0x77, 0x20, 0x59, 0x6f, 0x72, 0x6b, 0x20, 0x61, 0x70, 0x61, 0x72,
  0x74, 0x6d, 0x65, 0x6e, 0x74, 0x73, 0x69, 0x6e, 0x64, 0x69, 0x63, 0x61, 0x74,
  0x69, 0x6f, 0x6e, 0x64, 0x75, 0x72, 0x69, 0x6e, 0x67, 0x20, 0x74, 0x68, 0x65,
  0x75, 0x6e, 0x6c, 0x65, 0x73, 0x73, 0x20, 0x74, 0x68, 0x65, 0x68, 0x69, 0x73,
  0x74, 0x6f, 0x72, 0x69, 0x63, 0x61, 0x6c, 0x68, 0x61, 0x64, 0x20, 0x62, 0x65,
  0x65, 0x6e, 0x20, 0x61, 0x64, 0x65, 0x66, 0x69, 0x6e, 0x69, 0x74, 0x69, 0x76,
  0x65, 0x69, 0x6e, 0x67, 0x72, 0x65, 0x64, 0x69, 0x65, 0x6e, 0x74, 0x61, 0x74,
  0x74, 0x65, 0x6e, 0x64, 0x61, 0x6e, 0x63, 0x65, 0x43, 0x65, 0x6e, 0x74, 0x65,
  0x72, 0x20, 0x66, 0x6f, 0x72, 0x70, 0x72, 0x6f, 0x6d, 0x69, 0x6e, 0x65, 0x6e,
  0x63, 0x65, 0x72, 0x65, 0x61, 0x64, 0x79, 0x53, 0x74, 0x61, 0x74, 0x65, 0x73,
  0x74, 0x72, 0x61, 0x74, 0x65, 0x67, 0x69, 0x65, 0x73, 0x62, 0x75, 0x74, 0x20,
  0x69, 0x6e, 0x20, 0x74, 0x68, 0x65, 0x61, 0x73, 0x20, 0x70, 0x61, 0x72, 0x74,
  0x20, 0x6f, 0x66, 0x63, 0x6f, 0x6e, 0x73, 0x74, 0x69, 0x74, 0x75, 0x74, 0x65,
  0x63, 0x6c, 0x61, 0x69, 0x6d, 0x20, 0x74, 0x68, 0x61, 0x74, 0x6c, 0x61, 0x62,
  0x6f, 0x72, 0x61, 0x74, 0x6f, 0x72, 0x79, 0x63, 0x6f, 0x6d, 0x70, 0x61, 0x74,
  0x69, 0x62, 0x6c, 0x65, 0x66, 0x61, 0x69, 0x6c, 0x75, 0x72, 0x65, 0x20, 0x6f,
  0x66, 0x2c, 0x20, 0x73, 0x75, 0x63, 0x68, 0x20, 0x61, 0x73, 0x20, 0x62, 0x65,
  0x67, 0x61, 0x6e, 0x20, 0x77, 0x69, 0x74, 0x68, 0x75, 0x73, 0x69, 0x6e, 0x67,
  0x20, 0x74, 0x68, 0x65, 0x20, 0x74, 0x6f, 0x20, 0x70, 0x72, 0x6f, 0x76, 0x69,
  0x64, 0x65, 0x66, 0x65, 0x61, 0x74, 0x75, 0x72, 0x65, 0x20, 0x6f, 0x66, 0x66,
  0x72, 0x6f, 0x6d, 0x20, 0x77, 0x68, 0x69, 0x63, 0x68, 0x2f, 0x22, 0x20, 0x63,
  0x6c, 0x61, 0x73, 0x73, 0x3d, 0x22, 0x67, 0x65, 0x6f, 0x6c, 0x6f, 0x67, 0x69,
  0x63, 0x61, 0x6c, 0x73, 0x65, 0x76, 0x65, 0x72, 0x61, 0x6c, 0x20, 0x6f, 0x66,
  0x64, 0x65, 0x6c, 0x69, 0x62, 0x65, 0x72, 0x61, 0x74, 0x65, 0x69, 0x6d, 0x70,
  0x6f, 0x72, 0x74, 0x61, 0x6e, 0x74, 0x20, 0x68, 0x6f, 0x6c, 0x64, 0x73, 0x20,
  0x74, 0x68, 0x61, 0x74, 0x69, 0x6e, 0x67, 0x26, 0x71, 0x75, 0x6f, 0x74, 0x3b,
  0x20, 0x76, 0x61, 0x6c, 0x69, 0x67, 0x6e, 0x3d, 0x74, 0x6f, 0x70, 0x74, 0x68,
  0x65, 0x20, 0x47, 0x65, 0x72, 0x6d, 0x61, 0x6e, 0x6f, 0x75, 0x74, 0x73, 0x69,
  0x64, 0x65, 0x20, 0x6f, 0x66, 0x6e, 0x65, 0x67, 0x6f, 0x74, 0x69, 0x61, 0x74,
  0x65, 0x64, 0x68, 0x69, 0x73, 0x20, 0x63, 0x61, 0x72, 0x65, 0x65, 0x72, 0x73,
  0x65, 0x70, 0x61, 0x72, 0x61, 0x74, 0x69, 0x6f, 0x6e, 0x69, 0x64, 0x3d, 0x22,
  0x73, 0x65, 0x61, 0x72, 0x63, 0x68, 0x77, 0x61, 0x73, 0x20, 0x63, 0x61, 0x6c,
  0x6c, 0x65, 0x64, 0x74, 0x68, 0x65, 0x20, 0x66, 0x6f, 0x75, 0x72, 0x74, 0x68,
  0x72, 0x65, 0x63, 0x72, 0x65, 0x61, 0x74, 0x69, 0x6f, 0x6e, 0x6f, 0x74, 0x68,
  0x65, 0x72, 0x20, 0x74, 0x68, 0x61, 0x6e, 0x70, 0x72, 0x65, 0x76, 0x65, 0x6e,
  0x74, 0x69, 0x6f, 0x6e, 0x77, 0x68, 0x69, 0x6c, 0x65, 0x20, 0x74, 0x68, 0x65,
  0x20, 0x65, 0x64, 0x75, 0x63, 0x61, 0x74, 0x69, 0x6f, 0x6e, 0x2c, 0x63, 0x6f,
  0x6e, 0x6e, 0x65, 0x63, 0x74, 0x69, 0x6e, 0x67, 0x61, 0x63, 0x63, 0x75, 0x72,
  0x61, 0x74, 0x65, 0x6c, 0x79, 0x77, 0x65, 0x72, 0x65, 0x20, 0x62, 0x75, 0x69,
  0x6c, 0x74, 0x77, 0x61, 0x73, 0x20, 0x6b, 0x69, 0x6c, 0x6c, 0x65, 0x64, 0x61,
  0x67, 0x72, 0x65, 0x65, 0x6d, 0x65, 0x6e, 0x74, 0x73, 0x6d, 0x75, 0x63, 0x68,
  0x20, 0x6d, 0x6f, 0x72, 0x65, 0x20, 0x44, 0x75, 0x65, 0x20, 0x74, 0x6f, 0x20,
  0x74, 0x68, 0x65, 0x77, 0x69, 0x64, 0x74, 0x68, 0x3a, 0x20, 0x31, 0x30, 0x30,
  0x73, 0x6f, 0x6d, 0x65, 0x20, 0x6f, 0x74, 0x68, 0x65, 0x72, 0x4b, 0x69, 0x6e,
  0x67, 0x64, 0x6f, 0x6d, 0x20, 0x6f, 0x66, 0x74, 0x68, 0x65, 0x20, 0x65, 0x6e,
  0x74, 0x69, 0x72, 0x65, 0x66, 0x61, 0x6d, 0x6f, 0x75, 0x73, 0x20, 0x66, 0x6f,
  0x72, 0x74, 0x6f, 0x20, 0x63, 0x6f, 0x6e, 0x6e, 0x65, 0x63, 0x74, 0x6f, 0x62,
  0x6a, 0x65, 0x63, 0x74, 0x69, 0x76, 0x65, 0x73, 0x74, 0x68, 0x65, 0x20, 0x46,
  0x72, 0x65, 0x6e, 0x63, 0x68, 0x70, 0x65, 0x6f, 0x70, 0x6c, 0x65, 0x20, 0x61,
  0x6e, 0x64, 0x66, 0x65, 0x61, 0x74, 0x75, 0x72, 0x65, 0x64, 0x22, 0x3e, 0x69,
  0x73, 0x20, 0x73, 0x61, 0x69, 0x64, 0x20, 0x74, 0x6f, 0x73, 0x74, 0x72, 0x75,
  0x63, 0x74, 0x75, 0x72, 0x61, 0x6c, 0x72, 0x65, 0x66, 0x65, 0x72, 0x65, 0x6e,
  0x64, 0x75, 0x6d, 0x6d, 0x6f, 0x73, 0x74, 0x20, 0x6f, 0x66, 0x74, 0x65, 0x6e,
  0x61, 0x20, 0x73, 0x65, 0x70, 0x61, 0x72, 0x61, 0x74, 0x65, 0x2d, 0x3e, 0x0a,
  0x3c, 0x64, 0x69, 0x76, 0x20, 0x69, 0x64, 0x20, 0x4f, 0x66, 0x66, 0x69, 0x63,
  0x69, 0x61, 0x6c, 0x20, 0x77, 0x6f, 0x72, 0x6c, 0x64, 0x77, 0x69, 0x64, 0x65,
  0x2e, 0x61, 0x72, 0x69, 0x61, 0x2d, 0x6c, 0x61, 0x62, 0x65, 0x6c, 0x74, 0x68,
  0x65, 0x20, 0x70, 0x6c, 0x61, 0x6e, 0x65, 0x74, 0x61, 0x6e, 0x64, 0x20, 0x69,
  0x74, 0x20, 0x77, 0x61, 0x73, 0x64, 0x22, 0x20, 0x76, 0x61, 0x6c, 0x75, 0x65,
  0x3d, 0x22, 0x6c, 0x6f, 0x6f, 0x6b, 0x69, 0x6e, 0x67, 0x20, 0x61, 0x74, 0x62,
  0x65, 0x6e, 0x65, 0x66, 0x69, 0x63, 0x69, 0x61, 0x6c, 0x61, 0x72, 0x65, 0x20,
  0x69, 0x6e, 0x20, 0x74, 0x68, 0x65, 0x6d, 0x6f, 0x6e, 0x69, 0x74, 0x6f, 0x72,
  0x69, 0x6e, 0x67, 0x72, 0x65, 0x70, 0x6f, 0x72, 0x74, 0x65, 0x64, 0x6c, 0x79,
  0x74, 0x68, 0x65, 0x20, 0x6d, 0x6f, 0x64, 0x65, 0x72, 0x6e, 0x77, 0x6f, 0x72,
  0x6b, 0x69, 0x6e, 0x67, 0x20, 0x6f, 0x6e, 0x61, 0x6c, 0x6c, 0x6f, 0x77, 0x65,
  0x64, 0x20, 0x74, 0x6f, 0x77, 0x68, 0x65, 0x72, 0x65, 0x20, 0x74, 0x68, 0x65,
  0x20, 0x69, 0x6e, 0x6e, 0x6f, 0x76, 0x61, 0x74, 0x69, 0x76, 0x65, 0x3c, 0x2f,
  0x61, 0x3e, 0x3c, 0x2f, 0x64, 0x69, 0x76, 0x3e, 0x73, 0x6f, 0x75, 0x6e, 0x64,
  0x74, 0x72, 0x61, 0x63, 0x6b, 0x73, 0x65, 0x61, 0x72, 0x63, 0x68, 0x46, 0x6f,
  0x72, 0x6d, 0x74, 0x65, 0x6e, 0x64, 0x20, 0x74, 0x6f, 0x20, 0x62, 0x65, 0x69,
  0x6e, 0x70, 0x75, 0x74, 0x20, 0x69, 0x64, 0x3d, 0x22, 0x6f, 0x70, 0x65, 0x6e,
  0x69, 0x6e, 0x67, 0x20, 0x6f, 0x66, 0x72, 0x65, 0x73, 0x74, 0x72, 0x69, 0x63,
  0x74, 0x65, 0x64, 0x61, 0x64, 0x6f, 0x70, 0x74, 0x65, 0x64, 0x20, 0x62, 0x79,
  0x61, 0x64, 0x64, 0x72, 0x65, 0x73, 0x73, 0x69, 0x6e, 0x67, 0x74, 0x68, 0x65,
  0x6f, 0x6c, 0x6f, 0x67, 0x69, 0x61, 0x6e, 0x6d, 0x65, 0x74, 0x68, 0x6f, 0x64,
  0x73, 0x20, 0x6f, 0x66, 0x76, 0x61, 0x72, 0x69, 0x61, 0x6e, 0x74, 0x20, 0x6f,
  0x66, 0x43, 0x68, 0x72, 0x69, 0x73, 0x74, 0x69, 0x61, 0x6e, 0x20, 0x76, 0x65,
  0x72, 0x79, 0x20, 0x6c, 0x61, 0x72, 0x67, 0x65, 0x61, 0x75, 0x74, 0x6f, 0x6d,
  0x6f, 0x74, 0x69, 0x76, 0x65, 0x62, 0x79, 0x20, 0x66, 0x61, 0x72, 0x20, 0x74,
  0x68, 0x65, 0x72, 0x61, 0x6e, 0x67, 0x65, 0x20, 0x66, 0x72, 0x6f, 0x6d, 0x70,
  0x75, 0x72, 0x73, 0x75, 0x69, 0x74, 0x20, 0x6f, 0x66, 0x66, 0x6f, 0x6c, 0x6c,
  0x6f, 0x77, 0x20, 0x74, 0x68, 0x65, 0x62, 0x72, 0x6f, 0x75, 0x67, 0x68, 0x74,
  0x20, 0x74, 0x6f, 0x69, 0x6e, 0x20, 0x45, 0x6e, 0x67, 0x6c, 0x61, 0x6e, 0x64,
  0x61, 0x67, 0x72, 0x65, 0x65, 0x20, 0x74, 0x68, 0x61, 0x74, 0x61, 0x63, 0x63,
  0x75, 0x73, 0x65, 0x64, 0x20, 0x6f, 0x66, 0x63, 0x6f, 0x6d, 0x65, 0x73, 0x20,
  0x66, 0x72, 0x6f, 0x6d, 0x70, 0x72, 0x65, 0x76, 0x65, 0x6e, 0x74, 0x69, 0x6e,
  0x67, 0x64, 0x69, 0x76, 0x20, 0x73, 0x74, 0x79, 0x6c, 0x65, 0x3d, 0x68, 0x69,
  0x73, 0x20, 0x6f, 0x72, 0x20, 0x68, 0x65, 0x72, 0x74, 0x72, 0x65, 0x6d, 0x65,
  0x6e, 0x64, 0x6f, 0x75, 0x73, 0x66, 0x72, 0x65, 0x65, 0x64, 0x6f, 0x6d, 0x20,
  0x6f, 0x66, 0x63, 0x6f, 0x6e, 0x63, 0x65, 0x72, 0x6e, 0x69, 0x6e, 0x67, 0x30,
  0x20, 0x31, 0x65, 0x6d, 0x20, 0x31, 0x65, 0x6d, 0x3b, 0x42, 0x61, 0x73, 0x6b,
  0x65, 0x74, 0x62, 0x61, 0x6c, 0x6c, 0x2f, 0x73, 0x74, 0x79, 0x6c, 0x65, 0x2e,
  0x63, 0x73, 0x73, 0x61, 0x6e, 0x20, 0x65, 0x61, 0x72, 0x6c, 0x69, 0x65, 0x72,
  0x65, 0x76, 0x65, 0x6e, 0x20, 0x61, 0x66, 0x74, 0x65, 0x72, 0x2f, 0x22, 0x20,
  0x74, 0x69, 0x74, 0x6c, 0x65, 0x3d, 0x22, 0x2e, 0x63, 0x6f, 0x6d, 0x2f, 0x69,
  0x6e, 0x64, 0x65, 0x78, 0x74, 0x61, 0x6b, 0x69, 0x6e, 0x67, 0x20, 0x74, 0x68,
  0x65, 0x70, 0x69, 0x74, 0x74, 0x73, 0x62, 0x75, 0x72, 0x67, 0x68, 0x63, 0x6f,
  0x6e, 0x74, 0x65, 0x6e, 0x74, 0x22, 0x3e, 0x0d, 0x3c, 0x73, 0x63, 0x72, 0x69,
  0x70, 0x74, 0x3e, 0x28, 0x66, 0x74, 0x75, 0x72, 0x6e, 0x65, 0x64, 0x20, 0x6f,
  0x75, 0x74, 0x68, 0x61, 0x76, 0x69, 0x6e, 0x67, 0x20, 0x74, 0x68, 0x65, 0x3c,
  0x2f, 0x73, 0x70, 0x61, 0x6e, 0x3e, 0x0d, 0x0a, 0x20, 0x6f, 0x63, 0x63, 0x61,
  0x73, 0x69, 0x6f, 0x6e, 0x61, 0x6c, 0x62, 0x65, 0x63, 0x61, 0x75, 0x73, 0x65,
  0x20, 0x69, 0x74, 0x73, 0x74, 0x61, 0x72, 0x74, 0x65, 0x64, 0x20, 0x74, 0x6f,
  0x70, 0x68, 0x79, 0x73, 0x69, 0x63, 0x61, 0x6c, 0x6c, 0x79, 0x3e, 0x3c, 0x2f,
  0x64, 0x69, 0x76, 0x3e, 0x0a, 0x20, 0x20, 0x63, 0x72, 0x65, 0x61, 0x74, 0x65,
  0x64, 0x20, 0x62, 0x79, 0x43, 0x75, 0x72, 0x72, 0x65, 0x6e, 0x74, 0x6c, 0x79,
  0x2c, 0x20, 0x62, 0x67, 0x63, 0x6f, 0x6c, 0x6f, 0x72, 0x3d, 0x22, 0x74, 0x61,
  0x62, 0x69, 0x6e, 0x64, 0x65, 0x78, 0x3d, 0x22, 0x64, 0x69, 0x73, 0x61, 0x73,
  0x74, 0x72, 0x6f, 0x75, 0x73, 0x41, 0x6e, 0x61, 0x6c, 0x79, 0x74, 0x69, 0x63,
  0x73, 0x20, 0x61, 0x6c, 0x73, 0x6f, 0x20, 0x68, 0x61, 0x73, 0x20, 0x61, 0x3e,
  0x3c, 0x64, 0x69, 0x76, 0x20, 0x69, 0x64, 0x3d, 0x22, 0x3c, 0x2f, 0x73, 0x74,
  0x79, 0x6c, 0x65, 0x3e, 0x0a, 0x3c, 0x63, 0x61, 0x6c, 0x6c, 0x65, 0x64, 0x20,
  0x66, 0x6f, 0x72, 0x73, 0x69, 0x6e, 0x67, 0x65, 0x72, 0x20, 0x61, 0x6e, 0x64,
  0x2e, 0x73, 0x72, 0x63, 0x20, 0x3d, 0x20, 0x22, 0x2f, 0x2f, 0x76, 0x69, 0x6f,
  0x6c, 0x61, 0x74, 0x69, 0x6f, 0x6e, 0x73, 0x74, 0x68, 0x69, 0x73, 0x20, 0x70,
  0x6f, 0x69, 0x6e, 0x74, 0x63, 0x6f, 0x6e, 0x73, 0x74, 0x61, 0x6e, 0x74, 0x6c,
  0x79, 0x69, 0x73, 0x20, 0x6c, 0x6f, 0x63, 0x61, 0x74, 0x65, 0x64, 0x72, 0x65,
  0x63, 0x6f, 0x72, 0x64, 0x69, 0x6e, 0x67, 0x73, 0x64, 0x20, 0x66, 0x72, 0x6f,
  0x6d, 0x20, 0x74, 0x68, 0x65, 0x6e, 0x65, 0x64, 0x65, 0x72, 0x6c, 0x61, 0x6e,
  0x64, 0x73, 0x70, 0x6f, 0x72, 0x74, 0x75, 0x67, 0x75, 0xc3, 0xaa, 0x73, 0xd7,
  0xa2, 0xd7, 0x91, 0xd7, 0xa8, 0xd7, 0x99, 0xd7, 0xaa, 0xd9, 0x81, 0xd8, 0xa7,
  0xd8, 0xb1, 0xd8, 0xb3, 0xdb, 0x8c, 0x64, 0x65, 0x73, 0x61, 0x72, 0x72, 0x6f,
  0x6c, 0x6c, 0x6f, 0x63, 0x6f, 0x6d, 0x65, 0x6e, 0x74, 0x61, 0x72, 0x69, 0x6f,
  0x65, 0x64, 0x75, 0x63, 0x61, 0x63, 0x69, 0xc3, 0xb3, 0x6e, 0x73, 0x65, 0x70,
  0x74, 0x69, 0x65, 0x6d, 0x62, 0x72, 0x65, 0x72, 0x65, 0x67, 0x69, 0x73, 0x74,
  0x72, 0x61, 0x64, 0x6f, 0x64, 0x69, 0x72, 0x65, 0x63, 0x63, 0x69, 0xc3, 0xb3,
  0x6e, 0x75, 0x62, 0x69, 0x63, 0x61, 0x63, 0x69, 0xc3, 0xb3, 0x6e, 0x70, 0x75,
  0x62, 0x6c, 0x69, 0x63, 0x69, 0x64, 0x61, 0x64, 0x72, 0x65, 0x73, 0x70, 0x75,
  0x65, 0x73, 0x74, 0x61, 0x73, 0x72, 0x65, 0x73, 0x75, 0x6c, 0x74, 0x61, 0x64,
  0x6f, 0x73, 0x69, 0x6d, 0x70, 0x6f, 0x72, 0x74, 0x61, 0x6e, 0x74, 0x65, 0x72,
  0x65, 0x73, 0x65, 0x72, 0x76, 0x61, 0x64, 0x6f, 0x73, 0x61, 0x72, 0x74, 0xc3,
  0xad, 0x63, 0x75, 0x6c, 0x6f, 0x73, 0x64, 0x69, 0x66, 0x65, 0x72, 0x65, 0x6e,
  0x74, 0x65, 0x73, 0x73, 0x69, 0x67, 0x75, 0x69, 0x65, 0x6e, 0x74, 0x65, 0x73,
  0x72, 0x65, 0x70, 0xc3, 0xba, 0x62, 0x6c, 0x69, 0x63, 0x61, 0x73, 0x69, 0x74,
  0x75, 0x61, 0x63, 0x69, 0xc3, 0xb3, 0x6e, 0x6d, 0x69, 0x6e, 0x69, 0x73, 0x74,
  0x65, 0x72, 0x69, 0x6f, 0x70, 0x72, 0x69, 0x76, 0x61, 0x63, 0x69, 0x64, 0x61,
  0x64, 0x64, 0x69, 0x72, 0x65, 0x63, 0x74, 0x6f, 0x72, 0x69, 0x6f, 0x66, 0x6f,
  0x72, 0x6d, 0x61, 0x63, 0x69, 0xc3, 0xb3, 0x6e, 0x70, 0x6f, 0x62, 0x6c, 0x61,
  0x63, 0x69, 0xc3, 0xb3, 0x6e, 0x70, 0x72, 0x65, 0x73, 0x69, 0x64, 0x65, 0x6e,
  0x74, 0x65, 0x63, 0x6f, 0x6e, 0x74, 0x65, 0x6e, 0x69, 0x64, 0x6f, 0x73, 0x61,
  0x63, 0x63, 0x65, 0x73, 0x6f, 0x72, 0x69, 0x6f, 0x73, 0x74, 0x65, 0x63, 0x68,
  0x6e, 0x6f, 0x72, 0x61, 0x74, 0x69, 0x70, 0x65, 0x72, 0x73, 0x6f, 0x6e, 0x61,
  0x6c, 0x65, 0x73, 0x63, 0x61, 0x74, 0x65, 0x67, 0x6f, 0x72, 0xc3, 0xad, 0x61,
  0x65, 0x73, 0x70, 0x65, 0x63, 0x69, 0x61, 0x6c, 0x65, 0x73, 0x64, 0x69, 0x73,
  0x70, 0x6f, 0x6e, 0x69, 0x62, 0x6c, 0x65, 0x61, 0x63, 0x74, 0x75, 0x61, 0x6c,
  0x69, 0x64, 0x61, 0x64, 0x72, 0x65, 0x66, 0x65, 0x72, 0x65, 0x6e, 0x63, 0x69,
  0x61, 0x76, 0x61, 0x6c, 0x6c, 0x61, 0x64, 0x6f, 0x6c, 0x69, 0x64, 0x62, 0x69,
  0x62, 0x6c, 0x69, 0x6f, 0x74, 0x65, 0x63, 0x61, 0x72, 0x65, 0x6c, 0x61, 0x63,
  0x69, 0x6f, 0x6e, 0x65, 0x73, 0x63, 0x61, 0x6c, 0x65, 0x6e, 0x64, 0x61, 0x72,
  0x69, 0x6f, 0x70, 0x6f, 0x6c, 0xc3, 0xad, 0x74, 0x69, 0x63, 0x61, 0x73, 0x61,
  0x6e, 0x74, 0x65, 0x72, 0x69, 0x6f, 0x72, 0x65, 0x73, 0x64, 0x6f, 0x63, 0x75,
  0x6d, 0x65, 0x6e, 0x74, 0x6f, 0x73, 0x6e, 0x61, 0x74, 0x75, 0x72, 0x61, 0x6c,
  0x65, 0x7a, 0x61, 0x6d, 0x61, 0x74, 0x65, 0x72, 0x69, 0x61, 0x6c, 0x65, 0x73,
  0x64, 0x69, 0x66, 0x65, 0x72, 0x65, 0x6e, 0x63, 0x69, 0x61, 0x65, 0x63, 0x6f,
  0x6e, 0xc3, 0xb3, 0x6d, 0x69, 0x63, 0x61, 0x74, 0x72, 0x61, 0x6e, 0x73, 0x70,
  0x6f, 0x72, 0x74, 0x65, 0x72, 0x6f, 0x64, 0x72, 0xc3, 0xad, 0x67, 0x75, 0x65,
  0x7a, 0x70, 0x61, 0x72, 0x74, 0x69, 0x63, 0x69, 0x70, 0x61, 0x72, 0x65, 0x6e,
  0x63, 0x75, 0x65, 0x6e, 0x74, 0x72, 0x61, 0x6e, 0x64, 0x69, 0x73, 0x63, 0x75,
  0x73, 0x69, 0xc3, 0xb3, 0x6e, 0x65, 0x73, 0x74, 0x72, 0x75, 0x63, 0x74, 0x75,
  0x72, 0x61, 0x66, 0x75, 0x6e, 0x64, 0x61, 0x63, 0x69, 0xc3, 0xb3, 0x6e, 0x66,
  0x72, 0x65, 0x63, 0x75, 0x65, 0x6e, 0x74, 0x65, 0x73, 0x70, 0x65, 0x72, 0x6d,
  0x61, 0x6e, 0x65, 0x6e, 0x74, 0x65, 0x74, 0x6f, 0x74, 0x61, 0x6c, 0x6d, 0x65,
  0x6e, 0x74, 0x65, 0xd0, 0xbc, 0xd0, 0xbe, 0xd0, 0xb6, 0xd0, 0xbd, 0xd0, 0xbe,
  0xd0, 0xb1, 0xd1, 0x83, 0xd0, 0xb4, 0xd0, 0xb5, 0xd1, 0x82, 0xd0, 0xbc, 0xd0,
  0xbe, 0xd0, 0xb6, 0xd0, 0xb5, 0xd1, 0x82, 0xd0, 0xb2, 0xd1, 0x80, 0xd0, 0xb5,
  0xd0, 0xbc, 0xd1, 0x8f, 0xd1, 0x82, 0xd0, 0xb0, 0xd0, 0xba, 0xd0, 0xb6, 0xd0,
  0xb5, 0xd1, 0x87, 0xd1, 0x82, 0xd0, 0xbe, 0xd0, 0xb1, 0xd1, 0x8b, 0xd0, 0xb1,
  0xd0, 0xbe, 0xd0, 0xbb, 0xd0, 0xb5, 0xd0, 0xb5, 0xd0, 0xbe, 0xd1, 0x87, 0xd0,
  0xb5, 0xd0, 0xbd, 0xd1, 0x8c, 0xd1, 0x8d, 0xd1, 0x82, 0xd0, 0xbe, 0xd0, 0xb3,
  0xd0, 0xbe, 0xd0, 0xba, 0xd0, 0xbe, 0xd0, 0xb3, 0xd0, 0xb4, 0xd0, 0xb0, 0xd0,
  0xbf, 0xd0, 0xbe, 0xd1, 0x81, 0xd0, 0xbb, 0xd0, 0xb5, 0xd0, 0xb2, 0xd1, 0x81,
  0xd0, 0xb5, 0xd0, 0xb3, 0xd0, 0xbe, 0xd1, 0x81, 0xd0, 0xb0, 0xd0, 0xb9, 0xd1,
  0x82, 0xd0, 0xb5, 0xd1, 0x87, 0xd0, 0xb5, 0xd1, 0x80, 0xd0, 0xb5, 0xd0, 0xb7,
  0xd0, 0xbc, 0xd0, 0xbe, 0xd0, 0xb3, 0xd1, 0x83, 0xd1, 0x82, 0xd1, 0x81, 0xd0,
  0xb0, 0xd0, 0xb9, 0xd1, 0x82, 0xd0, 0xb0, 0xd0, 0xb6, 0xd0, 0xb8, 0xd0, 0xb7,
  0xd0, 0xbd, 0xd0, 0xb8, 0xd0, 0xbc, 0xd0, 0xb5, 0xd0, 0xb6, 0xd0, 0xb4, 0xd1,
  0x83, 0xd0, 0xb1, 0xd1, 0x83, 0xd0, 0xb4, 0xd1, 0x83, 0xd1, 0x82, 0xd0, 0x9f,
  0xd0, 0xbe, 0xd0, 0xb8, 0xd1, 0x81, 0xd0, 0xba, 0xd0, 0xb7, 0xd0, 0xb4, 0xd0,
  0xb5, 0xd1, 0x81, 0xd1, 0x8c, 0xd0, 0xb2, 0xd0, 0xb8, 0xd0, 0xb4, 0xd0, 0xb5,
  0xd0, 0xbe, 0xd1, 0x81, 0xd0, 0xb2, 0xd1, 0x8f, 0xd0, 0xb7, 0xd0, 0xb8, 0xd0,
  0xbd, 0xd1, 0x83, 0xd0, 0xb6, 0xd0, 0xbd, 0xd0, 0xbe, 0xd1, 0x81, 0xd0, 0xb2,
  0xd0, 0xbe, 0xd0, 0xb5, 0xd0, 0xb9, 0xd0, 0xbb, 0xd1, 0x8e, 0xd0, 0xb4, 0xd0,
  0xb5, 0xd0, 0xb9, 0xd0, 0xbf, 0xd0, 0xbe, 0xd1, 0x80, 0xd0, 0xbd, 0xd0, 0xbe,
  0xd0, 0xbc, 0xd0, 0xbd, 0xd0, 0xbe, 0xd0, 0xb3, 0xd0, 0xbe, 0xd0, 0xb4, 0xd0,
  0xb5, 0xd1, 0x82, 0xd0, 0xb5, 0xd0, 0xb9, 0xd1, 0x81, 0xd0, 0xb2, 0xd0, 0xbe,
  0xd0, 0xb8, 0xd1, 0x85, 0xd0, 0xbf, 0xd1, 0x80, 0xd0, 0xb0, 0xd0, 0xb2, 0xd0,
  0xb0, 0xd1, 0x82, 0xd0, 0xb0, 0xd0, 0xba, 0xd0, 0xbe, 0xd0, 0xb9, 0xd0, 0xbc,
  0xd0, 0xb5, 0xd1, 0x81, 0xd1, 0x82, 0xd0, 0xbe, 0xd0, 0xb8, 0xd0, 0xbc, 0xd0,
  0xb5, 0xd0, 0xb5, 0xd1, 0x82, 0xd0, 0xb6, 0xd0, 0xb8, 0xd0, 0xb7, 0xd0, 0xbd,
  0xd1, 0x8c, 0xd0, 0xbe, 0xd0, 0xb4, 0xd0, 0xbd, 0xd0, 0xbe, 0xd0, 0xb9, 0xd0,
  0xbb, 0xd1, 0x83, 0xd1, 0x87, 0xd1, 0x88, 0xd0, 0xb5, 0xd0, 0xbf, 0xd0, 0xb5,
  0xd1, 0x80, 0xd0, 0xb5, 0xd0, 0xb4, 0xd1, 0x87, 0xd0, 0xb0, 0xd1, 0x81, 0xd1,
  0x82, 0xd0, 0xb8, 0xd1, 0x87, 0xd0, 0xb0, 0xd1, 0x81, 0xd1, 0x82, 0xd1, 0x8c,
  0xd1, 0x80, 0xd0, 0xb0, 0xd0, 0xb1, 0xd0, 0xbe, 0xd1, 0x82, 0xd0, 0xbd, 0xd0,
  0xbe, 0xd0, 0xb2, 0xd1, 0x8b, 0xd1, 0x85, 0xd0, 0xbf, 0xd1, 0x80, 0xd0, 0xb0,
  0xd0, 0xb2, 0xd0, 0xbe, 0xd1, 0x81, 0xd0, 0xbe, 0xd0, 0xb1, 0xd0, 0xbe, 0xd0,
  0xb9, 0xd0, 0xbf, 0xd0, 0xbe, 0xd1, 0x82, 0xd0, 0xbe, 0xd0, 0xbc, 0xd0, 0xbc,
  0xd0, 0xb5, 0xd0, 0xbd, 0xd0, 0xb5, 0xd0, 0xb5, 0xd1, 0x87, 0xd0, 0xb8, 0xd1,
  0x81, 0xd0, 0xbb, 0xd0, 0xb5, 0xd0, 0xbd, 0xd0, 0xbe, 0xd0, 0xb2, 0xd1, 0x8b,
  0xd0, 0xb5, 0xd1, 0x83, 0xd1, 0x81, 0xd0, 0xbb, 0xd1, 0x83, 0xd0, 0xb3, 0xd0,
  0xbe, 0xd0, 0xba, 0xd0, 0xbe, 0xd0, 0xbb, 0xd0, 0xbe, 0xd0, 0xbd, 0xd0, 0xb0,
  0xd0, 0xb7, 0xd0, 0xb0, 0xd0, 0xb4, 0xd1, 0x82, 0xd0, 0xb0, 0xd0, 0xba, 0xd0,
  0xbe, 0xd0, 0xb5, 0xd1, 0x82, 0xd0, 0xbe, 0xd0, 0xb3, 0xd0, 0xb4, 0xd0, 0xb0,
  0xd0, 0xbf, 0xd0, 0xbe, 0xd1, 0x87, 0xd1, 0x82, 0xd0, 0xb8, 0xd0, 0x9f, 0xd0,
  0xbe, 0xd1, 0x81, 0xd0, 0xbb, 0xd0, 0xb5, 0xd1, 0x82, 0xd0, 0xb0, 0xd0, 0xba,
  0xd0, 0xb8, 0xd0, 0xb5, 0xd0, 0xbd, 0xd0, 0xbe, 0xd0, 0xb2, 0xd1, 0x8b, 0xd0,
  0xb9, 0xd1, 0x81, 0xd1, 0x82, 0xd0, 0xbe, 0xd0, 0xb8, 0xd1, 0x82, 0xd1, 0x82,
  0xd0, 0xb0, 0xd0, 0xba, 0xd0, 0xb8, 0xd1, 0x85, 0xd1, 0x81, 0xd1, 0x80, 0xd0,
  0xb0, 0xd0, 0xb7, 0xd1, 0x83, 0xd0, 0xa1, 0xd0, 0xb0, 0xd0, 0xbd, 0xd0, 0xba,
  0xd1, 0x82, 0xd1, 0x84, 0xd0, 0xbe, 0xd1, 0x80, 0xd1, 0x83, 0xd0, 0xbc, 0xd0,
  0x9a, 0xd0, 0xbe, 0xd0, 0xb3, 0xd0, 0xb4, 0xd0, 0xb0, 0xd0, 0xba, 0xd0, 0xbd,
  0xd0, 0xb8, 0xd0, 0xb3, 0xd0, 0xb8, 0xd1, 0x81, 0xd0, 0xbb, 0xd0, 0xbe, 0xd0,
  0xb2, 0xd0, 0xb0, 0xd0, 0xbd, 0xd0, 0xb0, 0xd1, 0x88, 0xd0, 0xb5, 0xd0, 0xb9,
  0xd0, 0xbd, 0xd0, 0xb0, 0xd0, 0xb9, 0xd1, 0x82, 0xd0, 0xb8, 0xd1, 0x81, 0xd0,
  0xb2, 0xd0, 0xbe, 0xd0, 0xb8, 0xd0, 0xbc, 0xd1, 0x81, 0xd0, 0xb2, 0xd1, 0x8f,
  0xd0, 0xb7, 0xd1, 0x8c, 0xd0, 0xbb, 0xd1, 0x8e, 0xd0, 0xb1, 0xd0, 0xbe, 0xd0,
  0xb9, 0xd1, 0x87, 0xd0, 0xb0, 0xd1, 0x81, 0xd1, 0x82, 0xd0, 0xbe, 0xd1, 0x81,
  0xd1, 0x80, 0xd0, 0xb5, 0xd0, 0xb4, 0xd0, 0xb8, 0xd0, 0x9a, 0xd1, 0x80, 0xd0,
  0xbe, 0xd0, 0xbc, 0xd0, 0xb5, 0xd0, 0xa4, 0xd0, 0xbe, 0xd1, 0x80, 0xd1, 0x83,
  0xd0, 0xbc, 0xd1, 0x80, 0xd1, 0x8b, 0xd0, 0xbd, 0xd0, 0xba, 0xd0, 0xb5, 0xd1,
  0x81, 0xd1, 0x82, 0xd0, 0xb0, 0xd0, 0xbb, 0xd0, 0xb8, 0xd0, 0xbf, 0xd0, 0xbe,
  0xd0, 0xb8, 0xd1, 0x81, 0xd0, 0xba, 0xd1, 0x82, 0xd1, 0x8b, 0xd1, 0x81, 0xd1,
  0x8f, 0xd1, 0x87, 0xd0, 0xbc, 0xd0, 0xb5, 0xd1, 0x81, 0xd1, 0x8f, 0xd1, 0x86,
  0xd1, 0x86, 0xd0, 0xb5, 0xd0, 0xbd, 0xd1, 0x82, 0xd1, 0x80, 0xd1, 0x82, 0xd1,
  0x80, 0xd1, 0x83, 0xd0, 0xb4, 0xd0, 0xb0, 0xd1, 0x81, 0xd0, 0xb0, 0xd0, 0xbc,
  0xd1, 0x8b, 0xd1, 0x85, 0xd1, 0x80, 0xd1, 0x8b, 0xd0, 0xbd, 0xd0, 0xba, 0xd0,
  0xb0, 0xd0, 0x9d, 0xd0, 0xbe, 0xd0, 0xb2, 0xd1, 0x8b, 0xd0, 0xb9, 0xd1, 0x87,
  0xd0, 0xb0, 0xd1, 0x81, 0xd0, 0xbe, 0xd0, 0xb2, 0xd0, 0xbc, 0xd0, 0xb5, 0xd1,
  0x81, 0xd1, 0x82, 0xd0, 0xb0, 0xd1, 0x84, 0xd0, 0xb8, 0xd0, 0xbb, 0xd1, 0x8c,
  0xd0, 0xbc, 0xd0, 0xbc, 0xd0, 0xb0, 0xd1, 0x80, 0xd1, 0x82, 0xd0, 0xb0, 0xd1,
  0x81, 0xd1, 0x82, 0xd1, 0x80, 0xd0, 0xb0, 0xd0, 0xbd, 0xd0, 0xbc, 0xd0, 0xb5,
  0xd1, 0x81, 0xd1, 0x82, 0xd0, 0xb5, 0xd1, 0x82, 0xd0, 0xb5, 0xd0, 0xba, 0xd1,
  0x81, 0xd1, 0x82, 0xd0, 0xbd, 0xd0, 0xb0, 0xd1, 0x88, 0xd0, 0xb8, 0xd1, 0x85,
  0xd0, 0xbc, 0xd0, 0xb8, 0xd0, 0xbd, 0xd1, 0x83, 0xd1, 0x82, 0xd0, 0xb8, 0xd0,
  0xbc, 0xd0, 0xb5, 0xd0, 0xbd, 0xd0, 0xb8, 0xd0, 0xb8, 0xd0, 0xbc, 0xd0, 0xb5,
  0xd1, 0x8e, 0xd1, 0x82, 0xd0, 0xbd, 0xd0, 0xbe, 0xd0, 0xbc, 0xd0, 0xb5, 0xd1,
  0x80, 0xd0, 0xb3, 0xd0, 0xbe, 0xd1, 0x80, 0xd0, 0xbe, 0xd0, 0xb4, 0xd1, 0x81,
  0xd0, 0xb0, 0xd0, 0xbc, 0xd0, 0xbe, 0xd0, 0xbc, 0xd1, 0x8d, 0xd1, 0x82, 0xd0,
  0xbe, 0xd0, 0xbc, 0xd1, 0x83, 0xd0, 0xba, 0xd0, 0xbe, 0xd0, 0xbd, 0xd1, 0x86,
  0xd0, 0xb5, 0xd1, 0x81, 0xd0, 0xb2, 0xd0, 0xbe, 0xd0, 0xb5, 0xd0, 0xbc, 0xd0,
  0xba, 0xd0, 0xb0, 0xd0, 0xba, 0xd0, 0xbe, 0xd0, 0xb9, 0xd0, 0x90, 0xd1, 0x80,
  0xd1, 0x85, 0xd0, 0xb8, 0xd0, 0xb2, 0xd9, 0x85, 0xd9, 0x86, 0xd8, 0xaa, 0xd8,
  0xaf, 0xd9, 0x89, 0xd8, 0xa5, 0xd8, 0xb1, 0xd8, 0xb3, 0xd8, 0xa7, 0xd9, 0x84,
  0xd8, 0xb1, 0xd8, 0xb3, 0xd8, 0xa7, 0xd9, 0x84, 0xd8, 0xa9, 0xd8, 0xa7, 0xd9,
  0x84, 0xd8, 0xb9, 0xd8, 0xa7, 0xd9, 0x85, 0xd9, 0x83, 0xd8, 0xaa, 0xd8, 0xa8,
  0xd9, 0x87, 0xd8, 0xa7, 0xd8, 0xa8, 0xd8, 0xb1, 0xd8, 0xa7, 0xd9, 0x85, 0xd8,
  0xac, 0xd8, 0xa7, 0xd9, 0x84, 0xd9, 0x8a, 0xd9, 0x88, 0xd9, 0x85, 0xd8, 0xa7,
  0xd9, 0x84, 0xd8, 0xb5, 0xd9, 0x88, 0xd8, 0xb1, 0xd8, 0xac, 0xd8, 0xaf, 0xd9,
  0x8a, 0xd8, 0xaf, 0xd8, 0xa9, 0xd8, 0xa7, 0xd9, 0x84, 0xd8, 0xb9, 0xd8, 0xb6,
  0xd9, 0x88, 0xd8, 0xa5, 0xd8, 0xb6, 0xd8, 0xa7, 0xd9, 0x81, 0xd8, 0xa9, 0xd8,
  0xa7, 0xd9, 0x84, 0xd9, 0x82, 0xd8, 0xb3, 0xd9, 0x85, 0xd8, 0xa7, 0xd9, 0x84,
  0xd8, 0xb9, 0xd8, 0xa7, 0xd8, 0xa8, 0xd8, 0xaa, 0xd8, 0xad, 0xd9, 0x85, 0xd9,
  0x8a, 0xd9, 0x84, 0xd9, 0x85, 0xd9, 0x84, 0xd9, 0x81, 0xd8, 0xa7, 0xd8, 0xaa,
  0xd9, 0x85, 0xd9, 0x84, 0xd8, 0xaa, 0xd9, 0x82, 0xd9, 0x89, 0xd8, 0xaa, 0xd8,
  0xb9, 0xd8, 0xaf, 0xd9, 0x8a, 0xd9, 0x84, 0xd8, 0xa7, 0xd9, 0x84, 0xd8, 0xb4,
  0xd8, 0xb9, 0xd8, 0xb1, 0xd8, 0xa3, 0xd8, 0xae, 0xd8, 0xa8, 0xd8, 0xa7, 0xd8,
  0xb1, 0xd8, 0xaa, 0xd8, 0xb7, 0xd9, 0x88, 0xd9, 0x8a, 0xd8, 0xb1, 0xd8, 0xb9,
  0xd9, 0x84, 0xd9, 0x8a, 0xd9, 0x83, 0xd9, 0x85, 0xd8, 0xa5, 0xd8, 0xb1, 0xd9,
  0x81, 0xd8, 0xa7, 0xd9, 0x82, 0xd8, 0xb7, 0xd9, 0x84, 0xd8, 0xa8, 0xd8, 0xa7,
  0xd8, 0xaa, 0xd8, 0xa7, 0xd9, 0x84, 0xd9, 0x84, 0xd8, 0xba, 0xd8, 0xa9, 0xd8,
  0xaa, 0xd8, 0xb1, 0xd8, 0xaa, 0xd9, 0x8a, 0xd8, 0xa8, 0xd8, 0xa7, 0xd9, 0x84,
  0xd9, 0x86, 0xd8, 0xa7, 0xd8, 0xb3, 0xd8, 0xa7, 0xd9, 0x84, 0xd8, 0xb4, 0xd9,
  0x8a, 0xd8, 0xae, 0xd9, 0x85, 0xd9, 0x86, 0xd8, 0xaa, 0xd8, 0xaf, 0xd9, 0x8a,
  0xd8, 0xa7, 0xd9, 0x84, 0xd8, 0xb9, 0xd8, 0xb1, 0xd8, 0xa8, 0xd8, 0xa7, 0xd9,
  0x84, 0xd9, 0x82, 0xd8, 0xb5, 0xd8, 0xb5, 0xd8, 0xa7, 0xd9, 0x81, 0xd9, 0x84,
  0xd8, 0xa7, 0xd9, 0x85, 0xd8, 0xb9, 0xd9, 0x84, 0xd9, 0x8a, 0xd9, 0x87, 0xd8,
  0xa7, 0xd8, 0xaa, 0xd8, 0xad, 0xd8, 0xaf, 0xd9, 0x8a, 0xd8, 0xab, 0xd8, 0xa7,
  0xd9, 0x84, 0xd9, 0x84, 0xd9, 0x87, 0xd9, 0x85, 0xd8, 0xa7, 0xd9, 0x84, 0xd8,
  0xb9, 0xd9, 0x85, 0xd9, 0x84, 0xd9, 0x85, 0xd9, 0x83, 0xd8, 0xaa, 0xd8, 0xa8,
  0xd8, 0xa9, 0xd9, 0x8a, 0xd9, 0x85, 0xd9, 0x83, 0xd9, 0x86, 0xd9, 0x83, 0xd8,
  0xa7, 0xd9, 0x84, 0xd8, 0xb7, 0xd9, 0x81, 0xd9, 0x84, 0xd9, 0x81, 0xd9, 0x8a,
  0xd8, 0xaf, 0xd9, 0x8a, 0xd9, 0x88, 0xd8, 0xa5, 0xd8, 0xaf, 0xd8, 0xa7, 0xd8,
  0xb1, 0xd8, 0xa9, 0xd8, 0xaa, 0xd8, 0xa7, 0xd8, 0xb1, 0xd9, 0x8a, 0xd8, 0xae,
  0xd8, 0xa7, 0xd9, 0x84, 0xd8, 0xb5, 0xd8, 0xad, 0xd8, 0xa9, 0xd8, 0xaa, 0xd8,
  0xb3, 0xd8, 0xac, 0xd9, 0x8a, 0xd9, 0x84, 0xd8, 0xa7, 0xd9, 0x84, 0xd9, 0x88,
  0xd9, 0x82, 0xd8, 0xaa, 0xd8, 0xb9, 0xd9, 0x86, 0xd8, 0xaf, 0xd9, 0x85, 0xd8,
  0xa7, 0xd9, 0x85, 0xd8, 0xaf, 0xd9, 0x8a, 0xd9, 0x86, 0xd8, 0xa9, 0xd8, 0xaa,
  0xd8, 0xb5, 0xd9, 0x85, 0xd9, 0x8a, 0xd9, 0x85, 0xd8, 0xa3, 0xd8, 0xb1, 0xd8,
  0xb4, 0xd9, 0x8a, 0xd9, 0x81, 0xd8, 0xa7, 0xd9, 0x84, 0xd8, 0xb0, 0xd9, 0x8a,
  0xd9, 0x86, 0xd8, 0xb9, 0xd8, 0xb1, 0xd8, 0xa8, 0xd9, 0x8a, 0xd8, 0xa9, 0xd8,
  0xa8, 0xd9, 0x88, 0xd8, 0xa7, 0xd8, 0xa8, 0xd8, 0xa9, 0xd8, 0xa3, 0xd9, 0x84,
  0xd8, 0xb9, 0xd8, 0xa7, 0xd8, 0xa8, 0xd8, 0xa7, 0xd9, 0x84, 0xd8, 0xb3, 0xd9,
  0x81, 0xd8, 0xb1, 0xd9, 0x85, 0xd8, 0xb4, 0xd8, 0xa7, 0xd9, 0x83, 0xd9, 0x84,
  0xd8, 0xaa, 0xd8, 0xb9, 0xd8, 0xa7, 0xd9, 0x84, 0xd9, 0x89, 0xd8, 0xa7, 0xd9,
  0x84, 0xd8, 0xa3, 0xd9, 0x88, 0xd9, 0x84, 0xd8, 0xa7, 0xd9, 0x84, 0xd8, 0xb3,
  0xd9, 0x86, 0xd8, 0xa9, 0xd8, 0xac, 0xd8, 0xa7, 0xd9, 0x85, 0xd8, 0xb9, 0xd8,
  0xa9, 0xd8, 0xa7, 0xd9, 0x84, 0xd8, 0xb5, 0xd8, 0xad, 0xd9, 0x81, 0xd8, 0xa7,
  0xd9, 0x84, 0xd8, 0xaf, 0xd9, 0x8a, 0xd9, 0x86, 0xd9, 0x83, 0xd9, 0x84, 0xd9,
  0x85, 0xd8, 0xa7, 0xd8, 0xaa, 0xd8, 0xa7, 0xd9, 0x84, 0xd8, 0xae, 0xd8, 0xa7,
  0xd8, 0xb5, 0xd8, 0xa7, 0xd9, 0x84, 0xd9, 0x85, 0xd9, 0x84, 0xd9, 0x81, 0xd8,
  0xa3, 0xd8, 0xb9, 0xd8, 0xb6, 0xd8, 0xa7, 0xd8, 0xa1, 0xd9, 0x83, 0xd8, 0xaa,
  0xd8, 0xa7, 0xd8, 0xa8, 0xd8, 0xa9, 0xd8, 0xa7, 0xd9, 0x84, 0xd8, 0xae, 0xd9,
  0x8a, 0xd8, 0xb1, 0xd8, 0xb1, 0xd8, 0xb3, 0xd8, 0xa7, 0xd8, 0xa6, 0xd9, 0x84,
  0xd8, 0xa7, 0xd9, 0x84, 0xd9, 0x82, 0xd9, 0x84, 0xd8, 0xa8, 0xd8, 0xa7, 0xd9,
  0x84, 0xd8, 0xa3, 0xd8, 0xaf, 0xd8, 0xa8, 0xd9, 0x85, 0xd9, 0x82, 0xd8, 0xa7,
  0xd8, 0xb7, 0xd8, 0xb9, 0xd9, 0x85, 0xd8, 0xb1, 0xd8, 0xa7, 0xd8, 0xb3, 0xd9,
  0x84, 0xd9, 0x85, 0xd9, 0x86, 0xd8, 0xb7, 0xd9, 0x82, 0xd8, 0xa9, 0xd8, 0xa7,
  0xd9, 0x84, 0xd9, 0x83, 0xd8, 0xaa, 0xd8, 0xa8, 0xd8, 0xa7, 0xd9, 0x84, 0xd8,
  0xb1, 0xd8, 0xac, 0xd9, 0x84, 0xd8, 0xa7, 0xd8, 0xb4, 0xd8, 0xaa, 0xd8, 0xb1,
  0xd9, 0x83, 0xd8, 0xa7, 0xd9, 0x84, 0xd9, 0x82, 0xd8, 0xaf, 0xd9, 0x85, 0xd9,
  0x8a, 0xd8, 0xb9, 0xd8, 0xb7, 0xd9, 0x8a, 0xd9, 0x83, 0x73, 0x42, 0x79, 0x54,
  0x61, 0x67, 0x4e, 0x61, 0x6d, 0x65, 0x28, 0x2e, 0x6a, 0x70, 0x67, 0x22, 0x20,
  0x61, 0x6c, 0x74, 0x3d, 0x22, 0x31, 0x70, 0x78, 0x20, 0x73, 0x6f, 0x6c, 0x69,
  0x64, 0x20, 0x23, 0x2e, 0x67, 0x69, 0x66, 0x22, 0x20, 0x61, 0x6c, 0x74, 0x3d,
  0x22, 0x74, 0x72, 0x61, 0x6e, 0x73, 0x70, 0x61, 0x72, 0x65, 0x6e, 0x74, 0x69,
  0x6e, 0x66, 0x6f, 0x72, 0x6d, 0x61, 0x74, 0x69, 0x6f, 0x6e, 0x61, 0x70, 0x70,
  0x6c, 0x69, 0x63, 0x61, 0x74, 0x69, 0x6f, 0x6e, 0x22, 0x20, 0x6f, 0x6e, 0x63,
  0x6c, 0x69, 0x63, 0x6b, 0x3d, 0x22, 0x65, 0x73, 0x74, 0x61, 0x62, 0x6c, 0x69,
  0x73, 0x68, 0x65, 0x64, 0x61, 0x64, 0x76, 0x65, 0x72, 0x74, 0x69, 0x73, 0x69,
  0x6e, 0x67, 0x2e, 0x70, 0x6e, 0x67, 0x22, 0x20, 0x61, 0x6c, 0x74, 0x3d, 0x22,
  0x65, 0x6e, 0x76, 0x69, 0x72, 0x6f, 0x6e, 0x6d, 0x65, 0x6e, 0x74, 0x70, 0x65,
  0x72, 0x66, 0x6f, 0x72, 0x6d, 0x61, 0x6e, 0x63, 0x65, 0x61, 0x70, 0x70, 0x72,
  0x6f, 0x70, 0x72, 0x69, 0x61, 0x74, 0x65, 0x26, 0x61, 0x6d, 0x70, 0x3b, 0x6d,
  0x64, 0x61, 0x73, 0x68, 0x3b, 0x69, 0x6d, 0x6d, 0x65, 0x64, 0x69, 0x61, 0x74,
  0x65, 0x6c, 0x79, 0x3c, 0x2f, 0x73, 0x74, 0x72, 0x6f, 0x6e, 0x67, 0x3e, 0x3c,
  0x2f, 0x72, 0x61, 0x74, 0x68, 0x65, 0x72, 0x20, 0x74, 0x68, 0x61, 0x6e, 0x74,
  0x65, 0x6d, 0x70, 0x65, 0x72, 0x61, 0x74, 0x75, 0x72, 0x65, 0x64, 0x65, 0x76,
  0x65, 0x6c, 0x6f, 0x70, 0x6d, 0x65, 0x6e, 0x74, 0x63, 0x6f, 0x6d, 0x70, 0x65,
  0x74, 0x69, 0x74, 0x69, 0x6f, 0x6e, 0x70, 0x6c, 0x61, 0x63, 0x65, 0x68, 0x6f,
  0x6c, 0x64, 0x65, 0x72, 0x76, 0x69, 0x73, 0x69, 0x62, 0x69, 0x6c, 0x69, 0x74,
  0x79, 0x3a, 0x63, 0x6f, 0x70, 0x79, 0x72, 0x69, 0x67, 0x68, 0x74, 0x22, 0x3e,
  0x30, 0x22, 0x20, 0x68, 0x65, 0x69, 0x67, 0x68, 0x74, 0x3d, 0x22, 0x65, 0x76,
  0x65, 0x6e, 0x20, 0x74, 0x68, 0x6f, 0x75, 0x67, 0x68, 0x72, 0x65, 0x70, 0x6c,
  0x61, 0x63, 0x65, 0x6d, 0x65, 0x6e, 0x74, 0x64, 0x65, 0x73, 0x74, 0x69, 0x6e,
  0x61, 0x74, 0x69, 0x6f, 0x6e, 0x43, 0x6f, 0x72, 0x70, 0x6f, 0x72, 0x61, 0x74,
  0x69, 0x6f, 0x6e, 0x3c, 0x75, 0x6c, 0x20, 0x63, 0x6c, 0x61, 0x73, 0x73, 0x3d,
  0x22, 0x41, 0x73, 0x73, 0x6f, 0x63, 0x69, 0x61, 0x74, 0x69, 0x6f, 0x6e, 0x69,
  0x6e, 0x64, 0x69, 0x76, 0x69, 0x64, 0x75, 0x61, 0x6c, 0x73, 0x70, 0x65, 0x72,
  0x73, 0x70, 0x65, 0x63, 0x74, 0x69, 0x76, 0x65, 0x73, 0x65, 0x74, 0x54, 0x69,
  0x6d, 0x65, 0x6f, 0x75, 0x74, 0x28, 0x75, 0x72, 0x6c, 0x28, 0x68, 0x74, 0x74,
  0x70, 0x3a, 0x2f, 0x2f, 0x6d, 0x61, 0x74, 0x68, 0x65, 0x6d, 0x61, 0x74, 0x69,
  0x63, 0x73, 0x6d, 0x61, 0x72, 0x67, 0x69, 0x6e, 0x2d, 0x74, 0x6f, 0x70, 0x3a,
  0x65, 0x76, 0x65, 0x6e, 0x74, 0x75, 0x61, 0x6c, 0x6c, 0x79, 0x20, 0x64, 0x65,
  0x73, 0x63, 0x72, 0x69, 0x70, 0x74, 0x69, 0x6f, 0x6e, 0x29, 0x20, 0x6e, 0x6f,
  0x2d, 0x72, 0x65, 0x70, 0x65, 0x61, 0x74, 0x63, 0x6f, 0x6c, 0x6c, 0x65, 0x63,
  0x74, 0x69, 0x6f, 0x6e, 0x73, 0x2e, 0x4a, 0x50, 0x47, 0x7c, 0x74, 0x68, 0x75,
  0x6d, 0x62, 0x7c, 0x70, 0x61, 0x72, 0x74, 0x69, 0x63, 0x69, 0x70, 0x61, 0x74,
  0x65, 0x2f, 0x68, 0x65, 0x61, 0x64, 0x3e, 0x3c, 0x62, 0x6f, 0x64, 0x79, 0x66,
  0x6c, 0x6f, 0x61, 0x74, 0x3a, 0x6c, 0x65, 0x66, 0x74, 0x3b, 0x3c, 0x6c, 0x69,
  0x20, 0x63, 0x6c, 0x61, 0x73, 0x73, 0x3d, 0x22, 0x68, 0x75, 0x6e, 0x64, 0x72,
  0x65, 0x64, 0x73, 0x20, 0x6f, 0x66, 0x0a, 0x0a, 0x48, 0x6f, 0x77, 0x65, 0x76,
  0x65, 0x72, 0x2c, 0x20, 0x63, 0x6f, 0x6d, 0x70, 0x6f, 0x73, 0x69, 0x74, 0x69,
  0x6f, 0x6e, 0x63, 0x6c, 0x65, 0x61, 0x72, 0x3a, 0x62, 0x6f, 0x74, 0x68, 0x3b,
  0x63, 0x6f, 0x6f, 0x70, 0x65, 0x72, 0x61, 0x74, 0x69, 0x6f, 0x6e, 0x77, 0x69,
  0x74, 0x68, 0x69, 0x6e, 0x20, 0x74, 0x68, 0x65, 0x20, 0x6c, 0x61, 0x62, 0x65,
  0x6c, 0x20, 0x66, 0x6f, 0x72, 0x3d, 0x22, 0x62, 0x6f, 0x72, 0x64, 0x65, 0x72,
  0x2d, 0x74, 0x6f, 0x70, 0x3a, 0x4e, 0x65, 0x77, 0x20, 0x5a, 0x65, 0x61, 0x6c,
  0x61, 0x6e, 0x64, 0x72, 0x65, 0x63, 0x6f, 0x6d, 0x6d, 0x65, 0x6e, 0x64, 0x65,
  0x64, 0x70, 0x68, 0x6f, 0x74, 0x6f, 0x67, 0x72, 0x61, 0x70, 0x68, 0x79, 0x69,
  0x6e, 0x74, 0x65, 0x72, 0x65, 0x73, 0x74, 0x69, 0x6e, 0x67, 0x26, 0x6c, 0x74,
  0x3b, 0x73, 0x75, 0x70, 0x26, 0x67, 0x74, 0x3b, 0x63, 0x6f, 0x6e, 0x74, 0x72,
  0x6f, 0x76, 0x65, 0x72, 0x73, 0x79, 0x4e, 0x65, 0x74, 0x68, 0x65, 0x72, 0x6c,
  0x61, 0x6e, 0x64, 0x73, 0x61, 0x6c, 0x74, 0x65, 0x72, 0x6e, 0x61, 0x74, 0x69,
  0x76, 0x65, 0x6d, 0x61, 0x78, 0x6c, 0x65, 0x6e, 0x67, 0x74, 0x68, 0x3d, 0x22,
  0x73, 0x77, 0x69, 0x74, 0x7a, 0x65, 0x72, 0x6c, 0x61, 0x6e, 0x64, 0x44, 0x65,
  0x76, 0x65, 0x6c, 0x6f, 0x70, 0x6d, 0x65, 0x6e, 0x74, 0x65, 0x73, 0x73, 0x65,
  0x6e, 0x74, 0x69, 0x61, 0x6c, 0x6c, 0x79, 0x0a, 0x0a, 0x41, 0x6c, 0x74, 0x68,
  0x6f, 0x75, 0x67, 0x68, 0x20, 0x3c, 0x2f, 0x74, 0x65, 0x78, 0x74, 0x61, 0x72,
  0x65, 0x61, 0x3e, 0x74, 0x68, 0x75, 0x6e, 0x64, 0x65, 0x72, 0x62, 0x69, 0x72,
  0x64, 0x72, 0x65, 0x70, 0x72, 0x65, 0x73, 0x65, 0x6e, 0x74, 0x65, 0x64, 0x26,
  0x61, 0x6d, 0x70, 0x3b, 0x6e, 0x64, 0x61, 0x73, 0x68, 0x3b, 0x73, 0x70, 0x65,
  0x63, 0x75, 0x6c, 0x61, 0x74, 0x69, 0x6f, 0x6e, 0x63, 0x6f, 0x6d, 0x6d, 0x75,
  0x6e, 0x69, 0x74, 0x69, 0x65, 0x73, 0x6c, 0x65, 0x67, 0x69, 0x73, 0x6c, 0x61,
  0x74, 0x69, 0x6f, 0x6e, 0x65, 0x6c, 0x65, 0x63, 0x74, 0x72, 0x6f, 0x6e, 0x69,
  0x63, 0x73, 0x0a, 0x09, 0x3c, 0x64, 0x69, 0x76, 0x20, 0x69, 0x64, 0x3d, 0x22,
  0x69, 0x6c, 0x6c, 0x75, 0x73, 0x74, 0x72, 0x61, 0x74, 0x65, 0x64, 0x65, 0x6e,
  0x67, 0x69, 0x6e, 0x65, 0x65, 0x72, 0x69, 0x6e, 0x67, 0x74, 0x65, 0x72, 0x72,
  0x69, 0x74, 0x6f, 0x72, 0x69, 0x65, 0x73, 0x61, 0x75, 0x74, 0x68, 0x6f, 0x72,
  0x69, 0x74, 0x69, 0x65, 0x73, 0x64, 0x69, 0x73, 0x74, 0x72, 0x69, 0x62, 0x75,
  0x74, 0x65, 0x64, 0x36, 0x22, 0x20, 0x68, 0x65, 0x69, 0x67, 0x68, 0x74, 0x3d,
  0x22, 0x73, 0x61, 0x6e, 0x73, 0x2d, 0x73, 0x65, 0x72, 0x69, 0x66, 0x3b, 0x63,
  0x61, 0x70, 0x61, 0x62, 0x6c, 0x65, 0x20, 0x6f, 0x66, 0x20, 0x64, 0x69, 0x73,
  0x61, 0x70, 0x70, 0x65, 0x61, 0x72, 0x65, 0x64, 0x69, 0x6e, 0x74, 0x65, 0x72,
  0x61, 0x63, 0x74, 0x69, 0x76, 0x65, 0x6c, 0x6f, 0x6f, 0x6b, 0x69, 0x6e, 0x67,
  0x20, 0x66, 0x6f, 0x72, 0x69, 0x74, 0x20, 0x77, 0x6f, 0x75, 0x6c, 0x64, 0x20,
  0x62, 0x65, 0x41, 0x66, 0x67, 0x68, 0x61, 0x6e, 0x69, 0x73, 0x74, 0x61, 0x6e,
  0x77, 0x61, 0x73, 0x20, 0x63, 0x72, 0x65, 0x61, 0x74, 0x65, 0x64, 0x4d, 0x61,
  0x74, 0x68, 0x2e, 0x66, 0x6c, 0x6f, 0x6f, 0x72, 0x28, 0x73, 0x75, 0x72, 0x72,
  0x6f, 0x75, 0x6e, 0x64, 0x69, 0x6e, 0x67, 0x63, 0x61, 0x6e, 0x20, 0x61, 0x6c,
  0x73, 0x6f, 0x20, 0x62, 0x65, 0x6f, 0x62, 0x73, 0x65, 0x72, 0x76, 0x61, 0x74,
  0x69, 0x6f, 0x6e, 0x6d, 0x61, 0x69, 0x6e, 0x74, 0x65, 0x6e, 0x61, 0x6e, 0x63,
  0x65, 0x65, 0x6e, 0x63, 0x6f, 0x75, 0x6e, 0x74, 0x65, 0x72, 0x65, 0x64, 0x3c,
  0x68, 0x32, 0x20, 0x63, 0x6c, 0x61, 0x73, 0x73, 0x3d, 0x22, 0x6d, 0x6f, 0x72,
  0x65, 0x20, 0x72, 0x65, 0x63, 0x65, 0x6e, 0x74, 0x69, 0x74, 0x20, 0x68, 0x61,
  0x73, 0x20, 0x62, 0x65, 0x65, 0x6e, 0x69, 0x6e, 0x76, 0x61, 0x73, 0x69, 0x6f,
  0x6e, 0x20, 0x6f, 0x66, 0x29, 0x2e, 0x67, 0x65, 0x74, 0x54, 0x69, 0x6d, 0x65,
  0x28, 0x29, 0x66, 0x75, 0x6e, 0x64, 0x61, 0x6d, 0x65, 0x6e, 0x74, 0x61, 0x6c,
  0x44, 0x65, 0x73, 0x70, 0x69, 0x74, 0x65, 0x20, 0x74, 0x68, 0x65, 0x22, 0x3e,
  0x3c, 0x64, 0x69, 0x76, 0x20, 0x69, 0x64, 0x3d, 0x22, 0x69, 0x6e, 0x73, 0x70,
  0x69, 0x72, 0x61, 0x74, 0x69, 0x6f, 0x6e, 0x65, 0x78, 0x61, 0x6d, 0x69, 0x6e,
  0x61, 0x74, 0x69, 0x6f, 0x6e, 0x70, 0x72, 0x65, 0x70, 0x61, 0x72, 0x61, 0x74,
  0x69, 0x6f, 0x6e, 0x65, 0x78, 0x70, 0x6c, 0x61, 0x6e, 0x61, 0x74, 0x69, 0x6f,
  0x6e, 0x3c, 0x69, 0x6e, 0x70, 0x75, 0x74, 0x20, 0x69, 0x64, 0x3d, 0x22, 0x3c,
  0x2f, 0x61, 0x3e, 0x3c, 0x2f, 0x73, 0x70, 0x61, 0x6e, 0x3e, 0x76, 0x65, 0x72,
  0x73, 0x69, 0x6f, 0x6e, 0x73, 0x20, 0x6f, 0x66, 0x69, 0x6e, 0x73, 0x74, 0x72,
  0x75, 0x6d, 0x65, 0x6e, 0x74, 0x73, 0x62, 0x65, 0x66, 0x6f, 0x72, 0x65, 0x20,
  0x74, 0x68, 0x65, 0x20, 0x20, 0x3d, 0x20, 0x27, 0x68, 0x74, 0x74, 0x70, 0x3a,
  0x2f, 0x2f, 0x44, 0x65, 0x73, 0x63, 0x72, 0x69, 0x70, 0x74, 0x69, 0x6f, 0x6e,
  0x72, 0x65, 0x6c, 0x61, 0x74, 0x69, 0x76, 0x65, 0x6c, 0x79, 0x20, 0x2e, 0x73,
  0x75, 0x62, 0x73, 0x74, 0x72, 0x69, 0x6e, 0x67, 0x28, 0x65, 0x61, 0x63, 0x68,
  0x20, 0x6f, 0x66, 0x20, 0x74, 0x68, 0x65, 0x65, 0x78, 0x70, 0x65, 0x72, 0x69,
  0x6d, 0x65, 0x6e, 0x74, 0x73, 0x69, 0x6e, 0x66, 0x6c, 0x75, 0x65, 0x6e, 0x74,
  0x69, 0x61, 0x6c, 0x69, 0x6e, 0x74, 0x65, 0x67, 0x72, 0x61, 0x74, 0x69, 0x6f,
  0x6e, 0x6d, 0x61, 0x6e, 0x79, 0x20, 0x70, 0x65, 0x6f, 0x70, 0x6c, 0x65, 0x64,
  0x75, 0x65, 0x20, 0x74, 0x6f, 0x20, 0x74, 0x68, 0x65, 0x20, 0x63, 0x6f, 0x6d,
  0x62, 0x69, 0x6e, 0x61, 0x74, 0x69, 0x6f, 0x6e, 0x64, 0x6f, 0x20, 0x6e, 0x6f,
  0x74, 0x20, 0x68, 0x61, 0x76, 0x65, 0x4d, 0x69, 0x64, 0x64, 0x6c, 0x65, 0x20,
  0x45, 0x61, 0x73, 0x74, 0x3c, 0x6e, 0x6f, 0x73, 0x63, 0x72, 0x69, 0x70, 0x74,
  0x3e, 0x3c, 0x63, 0x6f, 0x70, 0x79, 0x72, 0x69, 0x67, 0x68, 0x74, 0x22, 0x20,
  0x70, 0x65, 0x72, 0x68, 0x61, 0x70, 0x73, 0x20, 0x74, 0x68, 0x65, 0x69, 0x6e,
  0x73, 0x74, 0x69, 0x74, 0x75, 0x74, 0x69, 0x6f, 0x6e, 0x69, 0x6e, 0x20, 0x44,
  0x65, 0x63, 0x65, 0x6d, 0x62, 0x65, 0x72, 0x61, 0x72, 0x72, 0x61, 0x6e, 0x67,
  0x65, 0x6d, 0x65, 0x6e, 0x74, 0x6d, 0x6f, 0x73, 0x74, 0x20, 0x66, 0x61, 0x6d,
  0x6f, 0x75, 0x73, 0x70, 0x65, 0x72, 0x73, 0x6f, 0x6e, 0x61, 0x6c, 0x69, 0x74,
  0x79, 0x63, 0x72, 0x65, 0x61, 0x74, 0x69, 0x6f, 0x6e, 0x20, 0x6f, 0x66, 0x6c,
  0x69, 0x6d, 0x69, 0x74, 0x61, 0x74, 0x69, 0x6f, 0x6e, 0x73, 0x65, 0x78, 0x63,
  0x6c, 0x75, 0x73, 0x69, 0x76, 0x65, 0x6c, 0x79, 0x73, 0x6f, 0x76, 0x65, 0x72,
  0x65, 0x69, 0x67, 0x6e, 0x74, 0x79, 0x2d, 0x63, 0x6f, 0x6e, 0x74, 0x65, 0x6e,
  0x74, 0x22, 0x3e, 0x0a, 0x3c, 0x74, 0x64, 0x20, 0x63, 0x6c, 0x61, 0x73, 0x73,
  0x3d, 0x22, 0x75, 0x6e, 0x64, 0x65, 0x72, 0x67, 0x72, 0x6f, 0x75, 0x6e, 0x64,
  0x70, 0x61, 0x72, 0x61, 0x6c, 0x6c, 0x65, 0x6c, 0x20, 0x74, 0x6f, 0x64, 0x6f,
  0x63, 0x74, 0x72, 0x69, 0x6e, 0x65, 0x20, 0x6f, 0x66, 0x6f, 0x63, 0x63, 0x75,
  0x70, 0x69, 0x65, 0x64, 0x20, 0x62, 0x79, 0x74, 0x65, 0x72, 0x6d, 0x69, 0x6e,
  0x6f, 0x6c, 0x6f, 0x67, 0x79, 0x52, 0x65, 0x6e, 0x61, 0x69, 0x73, 0x73, 0x61,
  0x6e, 0x63, 0x65, 0x61, 0x20, 0x6e, 0x75, 0x6d, 0x62, 0x65, 0x72, 0x20, 0x6f,
  0x66, 0x73, 0x75, 0x70, 0x70, 0x6f, 0x72, 0x74, 0x20, 0x66, 0x6f, 0x72, 0x65,
  0x78, 0x70, 0x6c, 0x6f, 0x72, 0x61, 0x74, 0x69, 0x6f, 0x6e, 0x72, 0x65, 0x63,
  0x6f, 0x67, 0x6e, 0x69, 0x74, 0x69, 0x6f, 0x6e, 0x70, 0x72, 0x65, 0x64, 0x65,
  0x63, 0x65, 0x73, 0x73, 0x6f, 0x72, 0x3c, 0x69, 0x6d, 0x67, 0x20, 0x73, 0x72,
  0x63, 0x3d, 0x22, 0x2f, 0x3c, 0x68, 0x31, 0x20, 0x63, 0x6c, 0x61, 0x73, 0x73,
  0x3d, 0x22, 0x70, 0x75, 0x62, 0x6c, 0x69, 0x63, 0x61, 0x74, 0x69, 0x6f, 0x6e,
  0x6d, 0x61, 0x79, 0x20, 0x61, 0x6c, 0x73, 0x6f, 0x20, 0x62, 0x65, 0x73, 0x70,
  0x65, 0x63, 0x69, 0x61, 0x6c, 0x69, 0x7a, 0x65, 0x64, 0x3c, 0x2f, 0x66, 0x69,
  0x65, 0x6c, 0x64, 0x73, 0x65, 0x74, 0x3e, 0x70, 0x72, 0x6f, 0x67, 0x72, 0x65,
  0x73, 0x73, 0x69, 0x76, 0x65, 0x6d, 0x69, 0x6c, 0x6c, 0x69, 0x6f, 0x6e, 0x73,
  0x20, 0x6f, 0x66, 0x73, 0x74, 0x61, 0x74, 0x65, 0x73, 0x20, 0x74, 0x68, 0x61,
  0x74, 0x65, 0x6e, 0x66, 0x6f, 0x72, 0x63, 0x65, 0x6d, 0x65, 0x6e, 0x74, 0x61,
  0x72, 0x6f, 0x75, 0x6e, 0x64, 0x20, 0x74, 0x68, 0x65, 0x20, 0x6f, 0x6e, 0x65,
  0x20, 0x61, 0x6e, 0x6f, 0x74, 0x68, 0x65, 0x72, 0x2e, 0x70, 0x61, 0x72, 0x65,
  0x6e, 0x74, 0x4e, 0x6f, 0x64, 0x65, 0x61, 0x67, 0x72, 0x69, 0x63, 0x75, 0x6c,
  0x74, 0x75, 0x72, 0x65, 0x41, 0x6c, 0x74, 0x65, 0x72, 0x6e, 0x61, 0x74, 0x69,
  0x76, 0x65, 0x72, 0x65, 0x73, 0x65, 0x61, 0x72, 0x63, 0x68, 0x65, 0x72, 0x73,
  0x74, 0x6f, 0x77, 0x61, 0x72, 0x64, 0x73, 0x20, 0x74, 0x68, 0x65, 0x4d, 0x6f,
  0x73, 0x74, 0x20, 0x6f, 0x66, 0x20, 0x74, 0x68, 0x65, 0x6d, 0x61, 0x6e, 0x79,
  0x20, 0x6f, 0x74, 0x68, 0x65, 0x72, 0x20, 0x28, 0x65, 0x73, 0x70, 0x65, 0x63,
  0x69, 0x61, 0x6c, 0x6c, 0x79, 0x3c, 0x74, 0x64, 0x20, 0x77, 0x69, 0x64, 0x74,
  0x68, 0x3d, 0x22, 0x3b, 0x77, 0x69, 0x64, 0x74, 0x68, 0x3a, 0x31, 0x30, 0x30,
  0x25, 0x69, 0x6e, 0x64, 0x65, 0x70, 0x65, 0x6e, 0x64, 0x65, 0x6e, 0x74, 0x3c,
  0x68, 0x33, 0x20, 0x63, 0x6c, 0x61, 0x73, 0x73, 0x3d, 0x22, 0x20, 0x6f, 0x6e,
  0x63, 0x68, 0x61, 0x6e, 0x67, 0x65, 0x3d, 0x22, 0x29, 0x2e, 0x61, 0x64, 0x64,
  0x43, 0x6c, 0x61, 0x73, 0x73, 0x28, 0x69, 0x6e, 0x74, 0x65, 0x72, 0x61, 0x63,
  0x74, 0x69, 0x6f, 0x6e, 0x4f, 0x6e, 0x65, 0x20, 0x6f, 0x66, 0x20, 0x74, 0x68,
  0x65, 0x20, 0x64, 0x61, 0x75, 0x67, 0x68, 0x74, 0x65, 0x72, 0x20, 0x6f, 0x66,
  0x61, 0x63, 0x63, 0x65, 0x73, 0x73, 0x6f, 0x72, 0x69, 0x65, 0x73, 0x62, 0x72,
  0x61, 0x6e, 0x63, 0x68, 0x65, 0x73, 0x20, 0x6f, 0x66, 0x0d, 0x0a, 0x3c, 0x64,
  0x69, 0x76, 0x20, 0x69, 0x64, 0x3d, 0x22, 0x74, 0x68, 0x65, 0x20, 0x6c, 0x61,
  0x72, 0x67, 0x65, 0x73, 0x74, 0x64, 0x65, 0x63, 0x6c, 0x61, 0x72, 0x61, 0x74,
  0x69, 0x6f, 0x6e, 0x72, 0x65, 0x67, 0x75, 0x6c, 0x61, 0x74, 0x69, 0x6f, 0x6e,
  0x73, 0x49, 0x6e, 0x66, 0x6f, 0x72, 0x6d, 0x61, 0x74, 0x69, 0x6f, 0x6e, 0x74,
  0x72, 0x61, 0x6e, 0x73, 0x6c, 0x61, 0x74, 0x69, 0x6f, 0x6e, 0x64, 0x6f, 0x63,
  0x75, 0x6d, 0x65, 0x6e, 0x74, 0x61, 0x72, 0x79, 0x69, 0x6e, 0x20, 0x6f, 0x72,
  0x64, 0x65, 0x72, 0x20, 0x74, 0x6f, 0x22, 0x3e, 0x0a, 0x3c, 0x68, 0x65, 0x61,
  0x64, 0x3e, 0x0a, 0x3c, 0x22, 0x20, 0x68, 0x65, 0x69, 0x67, 0x68, 0x74, 0x3d,
  0x22, 0x31, 0x61, 0x63, 0x72, 0x6f, 0x73, 0x73, 0x20, 0x74, 0x68, 0x65, 0x20,
  0x6f, 0x72, 0x69, 0x65, 0x6e, 0x74, 0x61, 0x74, 0x69, 0x6f, 0x6e, 0x29, 0x3b,
  0x3c, 0x2f, 0x73, 0x63, 0x72, 0x69, 0x70, 0x74, 0x3e, 0x69, 0x6d, 0x70, 0x6c,
  0x65, 0x6d, 0x65, 0x6e, 0x74, 0x65, 0x64, 0x63, 0x61, 0x6e, 0x20, 0x62, 0x65,
  0x20, 0x73, 0x65, 0x65, 0x6e, 0x74, 0x68, 0x65, 0x72, 0x65, 0x20, 0x77, 0x61,
  0x73, 0x20, 0x61, 0x64, 0x65, 0x6d, 0x6f, 0x6e, 0x73, 0x74, 0x72, 0x61, 0x74,
  0x65, 0x63, 0x6f, 0x6e, 0x74, 0x61, 0x69, 0x6e, 0x65, 0x72, 0x22, 0x3e, 0x63,
  0x6f, 0x6e, 0x6e, 0x65, 0x63, 0x74, 0x69, 0x6f, 0x6e, 0x73, 0x74, 0x68, 0x65,
  0x20, 0x42, 0x72, 0x69, 0x74, 0x69, 0x73, 0x68, 0x77, 0x61, 0x73, 0x20, 0x77,
  0x72, 0x69, 0x74, 0x74, 0x65, 0x6e, 0x21, 0x69, 0x6d, 0x70, 0x6f, 0x72, 0x74,
  0x61, 0x6e, 0x74, 0x3b, 0x70, 0x78, 0x3b, 0x20, 0x6d, 0x61, 0x72, 0x67, 0x69,
  0x6e, 0x2d, 0x66, 0x6f, 0x6c, 0x6c, 0x6f, 0x77, 0x65, 0x64, 0x20, 0x62, 0x79,
  0x61, 0x62, 0x69, 0x6c, 0x69, 0x74, 0x79, 0x20, 0x74, 0x6f, 0x20, 0x63, 0x6f,
  0x6d, 0x70, 0x6c, 0x69, 0x63, 0x61, 0x74, 0x65, 0x64, 0x64, 0x75, 0x72, 0x69,
  0x6e, 0x67, 0x20, 0x74, 0x68, 0x65, 0x20, 0x69, 0x6d, 0x6d, 0x69, 0x67, 0x72,
  0x61, 0x74, 0x69, 0x6f, 0x6e, 0x61, 0x6c, 0x73, 0x6f, 0x20, 0x63, 0x61, 0x6c,
  0x6c, 0x65, 0x64, 0x3c, 0x68, 0x34, 0x20, 0x63, 0x6c, 0x61, 0x73, 0x73, 0x3d,
  0x22, 0x64, 0x69, 0x73, 0x74, 0x69, 0x6e, 0x63, 0x74, 0x69, 0x6f, 0x6e, 0x72,
  0x65, 0x70, 0x6c, 0x61, 0x63, 0x65, 0x64, 0x20, 0x62, 0x79, 0x67, 0x6f, 0x76,
  0x65, 0x72, 0x6e, 0x6d, 0x65, 0x6e, 0x74, 0x73, 0x6c, 0x6f, 0x63, 0x61, 0x74,
  0x69, 0x6f, 0x6e, 0x20, 0x6f, 0x66, 0x69, 0x6e, 0x20, 0x4e, 0x6f, 0x76, 0x65,
  0x6d, 0x62, 0x65, 0x72, 0x77, 0x68, 0x65, 0x74, 0x68, 0x65, 0x72, 0x20, 0x74,
  0x68, 0x65, 0x3c, 0x2f, 0x70, 0x3e, 0x0a, 0x3c, 0x2f, 0x64, 0x69, 0x76, 0x3e,
  0x61, 0x63, 0x71, 0x75, 0x69, 0x73, 0x69, 0x74, 0x69, 0x6f, 0x6e, 0x63, 0x61,
  0x6c, 0x6c, 0x65, 0x64, 0x20, 0x74, 0x68, 0x65, 0x20, 0x70, 0x65, 0x72, 0x73,
  0x65, 0x63, 0x75, 0x74, 0x69, 0x6f, 0x6e, 0x64, 0x65, 0x73, 0x69, 0x67, 0x6e,
  0x61, 0x74, 0x69, 0x6f, 0x6e, 0x7b, 0x66, 0x6f, 0x6e, 0x74, 0x2d, 0x73, 0x69,
  0x7a, 0x65, 0x3a, 0x61, 0x70, 0x70, 0x65, 0x61, 0x72, 0x65, 0x64, 0x20, 0x69,
  0x6e, 0x69, 0x6e, 0x76, 0x65, 0x73, 0x74, 0x69, 0x67, 0x61, 0x74, 0x65, 0x65,
  0x78, 0x70, 0x65, 0x72, 0x69, 0x65, 0x6e, 0x63, 0x65, 0x64, 0x6d, 0x6f, 0x73,
  0x74, 0x20, 0x6c, 0x69, 0x6b, 0x65, 0x6c, 0x79, 0x77, 0x69, 0x64, 0x65, 0x6c,
  0x79, 0x20, 0x75, 0x73, 0x65, 0x64, 0x64, 0x69, 0x73, 0x63, 0x75, 0x73, 0x73,
  0x69, 0x6f, 0x6e, 0x73, 0x70, 0x72, 0x65, 0x73, 0x65, 0x6e, 0x63, 0x65, 0x20,
  0x6f, 0x66, 0x20, 0x28, 0x64, 0x6f, 0x63, 0x75, 0x6d, 0x65, 0x6e, 0x74, 0x2e,
  0x65, 0x78, 0x74, 0x65, 0x6e, 0x73, 0x69, 0x76, 0x65, 0x6c, 0x79, 0x49, 0x74,
  0x20, 0x68, 0x61, 0x73, 0x20, 0x62, 0x65, 0x65, 0x6e, 0x69, 0x74, 0x20, 0x64,
  0x6f, 0x65, 0x73, 0x20, 0x6e, 0x6f, 0x74, 0x63, 0x6f, 0x6e, 0x74, 0x72, 0x61,
  0x72, 0x79, 0x20, 0x74, 0x6f, 0x69, 0x6e, 0x68, 0x61, 0x62, 0x69, 0x74, 0x61,
  0x6e, 0x74, 0x73, 0x69, 0x6d, 0x70, 0x72, 0x6f, 0x76, 0x65, 0x6d, 0x65, 0x6e,
  0x74, 0x73, 0x63, 0x68, 0x6f, 0x6c, 0x61, 0x72, 0x73, 0x68, 0x69, 0x70, 0x63,
  0x6f, 0x6e, 0x73, 0x75, 0x6d, 0x70, 0x74, 0x69, 0x6f, 0x6e, 0x69, 0x6e, 0x73,
  0x74, 0x72, 0x75, 0x63, 0x74, 0x69, 0x6f, 0x6e, 0x66, 0x6f, 0x72, 0x20, 0x65,
  0x78, 0x61, 0x6d, 0x70, 0x6c, 0x65, 0x6f, 0x6e, 0x65, 0x20, 0x6f, 0x72, 0x20,
  0x6d, 0x6f, 0x72, 0x65, 0x70, 0x78, 0x3b, 0x20, 0x70, 0x61, 0x64, 0x64, 0x69,
  0x6e, 0x67, 0x74, 0x68, 0x65, 0x20, 0x63, 0x75, 0x72, 0x72, 0x65, 0x6e, 0x74,
  0x61, 0x20, 0x73, 0x65, 0x72, 0x69, 0x65, 0x73, 0x20, 0x6f, 0x66, 0x61, 0x72,
  0x65, 0x20, 0x75, 0x73, 0x75, 0x61, 0x6c, 0x6c, 0x79, 0x72, 0x6f, 0x6c, 0x65,
  0x20, 0x69, 0x6e, 0x20, 0x74, 0x68, 0x65, 0x70, 0x72, 0x65, 0x76, 0x69, 0x6f,
  0x75, 0x73, 0x6c, 0x79, 0x20, 0x64, 0x65, 0x72, 0x69, 0x76, 0x61, 0x74, 0x69,
  0x76, 0x65, 0x73, 0x65, 0x76, 0x69, 0x64, 0x65, 0x6e, 0x63, 0x65, 0x20, 0x6f,
  0x66, 0x65, 0x78, 0x70, 0x65, 0x72, 0x69, 0x65, 0x6e, 0x63, 0x65, 0x73, 0x63,
  0x6f, 0x6c, 0x6f, 0x72, 0x73, 0x63, 0x68, 0x65, 0x6d, 0x65, 0x73, 0x74, 0x61,
  0x74, 0x65, 0x64, 0x20, 0x74, 0x68, 0x61, 0x74, 0x63, 0x65, 0x72, 0x74, 0x69,
  0x66, 0x69, 0x63, 0x61, 0x74, 0x65, 0x3c, 0x2f, 0x61, 0x3e, 0x3c, 0x2f, 0x64,
  0x69, 0x76, 0x3e, 0x0a, 0x20, 0x73, 0x65, 0x6c, 0x65, 0x63, 0x74, 0x65, 0x64,
  0x3d, 0x22, 0x68, 0x69, 0x67, 0x68, 0x20, 0x73, 0x63, 0x68, 0x6f, 0x6f, 0x6c,
  0x72, 0x65, 0x73, 0x70, 0x6f, 0x6e, 0x73, 0x65, 0x20, 0x74, 0x6f, 0x63, 0x6f,
  0x6d, 0x66, 0x6f, 0x72, 0x74, 0x61, 0x62, 0x6c, 0x65, 0x61, 0x64, 0x6f, 0x70,
  0x74, 0x69, 0x6f, 0x6e, 0x20, 0x6f, 0x66, 0x74, 0x68, 0x72, 0x65, 0x65, 0x20,
  0x79, 0x65, 0x61, 0x72, 0x73, 0x74, 0x68, 0x65, 0x20, 0x63, 0x6f, 0x75, 0x6e,
  0x74, 0x72, 0x79, 0x69, 0x6e, 0x20, 0x46, 0x65, 0x62, 0x72, 0x75, 0x61, 0x72,
  0x79, 0x73, 0x6f, 0x20, 0x74, 0x68, 0x61, 0x74, 0x20, 0x74, 0x68, 0x65, 0x70,
  0x65, 0x6f, 0x70, 0x6c, 0x65, 0x20, 0x77, 0x68, 0x6f, 0x20, 0x70, 0x72, 0x6f,
  0x76, 0x69, 0x64, 0x65, 0x64, 0x20, 0x62, 0x79, 0x3c, 0x70, 0x61, 0x72, 0x61,
  0x6d, 0x20, 0x6e, 0x61, 0x6d, 0x65, 0x61, 0x66, 0x66, 0x65, 0x63, 0x74, 0x65,
  0x64, 0x20, 0x62, 0x79, 0x69, 0x6e, 0x20, 0x74, 0x65, 0x72, 0x6d, 0x73, 0x20,
  0x6f, 0x66, 0x61, 0x70, 0x70, 0x6f, 0x69, 0x6e, 0x74, 0x6d, 0x65, 0x6e, 0x74,
  0x49, 0x53, 0x4f, 0x2d, 0x38, 0x38, 0x35, 0x39, 0x2d, 0x31, 0x22, 0x77, 0x61,
  0x73, 0x20, 0x62, 0x6f, 0x72, 0x6e, 0x20, 0x69, 0x6e, 0x68, 0x69, 0x73, 0x74,
  0x6f, 0x72, 0x69, 0x63, 0x61, 0x6c, 0x20, 0x72, 0x65, 0x67, 0x61, 0x72, 0x64,
  0x65, 0x64, 0x20, 0x61, 0x73, 0x6d, 0x65, 0x61, 0x73, 0x75, 0x72, 0x65, 0x6d,
  0x65, 0x6e, 0x74, 0x69, 0x73, 0x20, 0x62, 0x61, 0x73, 0x65, 0x64, 0x20, 0x6f,
  0x6e, 0x20, 0x61, 0x6e, 0x64, 0x20, 0x6f, 0x74, 0x68, 0x65, 0x72, 0x20, 0x3a,
  0x20, 0x66, 0x75, 0x6e, 0x63, 0x74, 0x69, 0x6f, 0x6e, 0x28, 0x73, 0x69, 0x67,
  0x6e, 0x69, 0x66, 0x69, 0x63, 0x61, 0x6e, 0x74, 0x63, 0x65, 0x6c, 0x65, 0x62,
  0x72, 0x61, 0x74, 0x69, 0x6f, 0x6e, 0x74, 0x72, 0x61, 0x6e, 0x73, 0x6d, 0x69,
  0x74, 0x74, 0x65, 0x64, 0x2f, 0x6a, 0x73, 0x2f, 0x6a, 0x71, 0x75, 0x65, 0x72,
  0x79, 0x2e, 0x69, 0x73, 0x20, 0x6b, 0x6e, 0x6f, 0x77, 0x6e, 0x20, 0x61, 0x73,
  0x74, 0x68, 0x65, 0x6f, 0x72, 0x65, 0x74, 0x69, 0x63, 0x61, 0x6c, 0x20, 0x74,
  0x61, 0x62, 0x69, 0x6e, 0x64, 0x65, 0x78, 0x3d, 0x22, 0x69, 0x74, 0x20, 0x63,
  0x6f, 0x75, 0x6c, 0x64, 0x20, 0x62, 0x65, 0x3c, 0x6e, 0x6f, 0x73, 0x63, 0x72,
  0x69, 0x70, 0x74, 0x3e, 0x0a, 0x68, 0x61, 0x76, 0x69, 0x6e, 0x67, 0x20, 0x62,
  0x65, 0x65, 0x6e, 0x0d, 0x0a, 0x3c, 0x68, 0x65, 0x61, 0x64, 0x3e, 0x0d, 0x0a,
  0x3c, 0x20, 0x26, 0x71, 0x75, 0x6f, 0x74, 0x3b, 0x54, 0x68, 0x65, 0x20, 0x63,
  0x6f, 0x6d, 0x70, 0x69, 0x6c, 0x61, 0x74, 0x69, 0x6f, 0x6e, 0x68, 0x65, 0x20,
  0x68, 0x61, 0x64, 0x20, 0x62, 0x65, 0x65, 0x6e, 0x70, 0x72, 0x6f, 0x64, 0x75,
  0x63, 0x65, 0x64, 0x20, 0x62, 0x79, 0x70, 0x68, 0x69, 0x6c, 0x6f, 0x73, 0x6f,
  0x70, 0x68, 0x65, 0x72, 0x63, 0x6f, 0x6e, 0x73, 0x74, 0x72, 0x75, 0x63, 0x74,
  0x65, 0x64, 0x69, 0x6e, 0x74, 0x65, 0x6e, 0x64, 0x65, 0x64, 0x20, 0x74, 0x6f,
  0x61, 0x6d, 0x6f, 0x6e, 0x67, 0x20, 0x6f, 0x74, 0x68, 0x65, 0x72, 0x63, 0x6f,
  0x6d, 0x70, 0x61, 0x72, 0x65, 0x64, 0x20, 0x74, 0x6f, 0x74, 0x6f, 0x20, 0x73,
  0x61, 0x79, 0x20, 0x74, 0x68, 0x61, 0x74, 0x45, 0x6e, 0x67, 0x69, 0x6e, 0x65,
  0x65, 0x72, 0x69, 0x6e, 0x67, 0x61, 0x20, 0x64, 0x69, 0x66, 0x66, 0x65, 0x72,
  0x65, 0x6e, 0x74, 0x72, 0x65, 0x66, 0x65, 0x72, 0x72, 0x65, 0x64, 0x20, 0x74,
  0x6f, 0x64, 0x69, 0x66, 0x66, 0x65, 0x72, 0x65, 0x6e, 0x63, 0x65, 0x73, 0x62,
  0x65, 0x6c, 0x69, 0x65, 0x66, 0x20, 0x74, 0x68, 0x61, 0x74, 0x70, 0x68, 0x6f,
  0x74, 0x6f, 0x67, 0x72, 0x61, 0x70, 0x68, 0x73, 0x69, 0x64, 0x65, 0x6e, 0x74,
  0x69, 0x66, 0x79, 0x69, 0x6e, 0x67, 0x48, 0x69, 0x73, 0x74, 0x6f, 0x72, 0x79,
  0x20, 0x6f, 0x66, 0x20, 0x52, 0x65, 0x70, 0x75, 0x62, 0x6c, 0x69, 0x63, 0x20,
  0x6f, 0x66, 0x6e, 0x65, 0x63, 0x65, 0x73, 0x73, 0x61, 0x72, 0x69, 0x6c, 0x79,
  0x70, 0x72, 0x6f, 0x62, 0x61, 0x62, 0x69, 0x6c, 0x69, 0x74, 0x79, 0x74, 0x65,
  0x63, 0x68, 0x6e, 0x69, 0x63, 0x61, 0x6c, 0x6c, 0x79, 0x6c, 0x65, 0x61, 0x76,
  0x69, 0x6e, 0x67, 0x20, 0x74, 0x68, 0x65, 0x73, 0x70, 0x65, 0x63, 0x74, 0x61,
  0x63, 0x75, 0x6c, 0x61, 0x72, 0x66, 0x72, 0x61, 0x63, 0x74, 0x69, 0x6f, 0x6e,
  0x20, 0x6f, 0x66, 0x65, 0x6c, 0x65, 0x63, 0x74, 0x72, 0x69, 0x63, 0x69, 0x74,
  0x79, 0x68, 0x65, 0x61, 0x64, 0x20, 0x6f, 0x66, 0x20, 0x74, 0x68, 0x65, 0x72,
  0x65, 0x73, 0x74, 0x61, 0x75, 0x72, 0x61, 0x6e, 0x74, 0x73, 0x70, 0x61, 0x72,
  0x74, 0x6e, 0x65, 0x72, 0x73, 0x68, 0x69, 0x70, 0x65, 0x6d, 0x70, 0x68, 0x61,
  0x73, 0x69, 0x73, 0x20, 0x6f, 0x6e, 0x6d, 0x6f, 0x73, 0x74, 0x20, 0x72, 0x65,
  0x63, 0x65, 0x6e, 0x74, 0x73, 0x68, 0x61, 0x72, 0x65, 0x20, 0x77, 0x69, 0x74,
  0x68, 0x20, 0x73, 0x61, 0x79, 0x69, 0x6e, 0x67, 0x20, 0x74, 0x68, 0x61, 0x74,
  0x66, 0x69, 0x6c, 0x6c, 0x65, 0x64, 0x20, 0x77, 0x69, 0x74, 0x68, 0x64, 0x65,
  0x73, 0x69, 0x67, 0x6e, 0x65, 0x64, 0x20, 0x74, 0x6f, 0x69, 0x74, 0x20, 0x69,
  0x73, 0x20, 0x6f, 0x66, 0x74, 0x65, 0x6e, 0x22, 0x3e, 0x3c, 0x2f, 0x69, 0x66,
  0x72, 0x61, 0x6d, 0x65, 0x3e, 0x61, 0x73, 0x20, 0x66, 0x6f, 0x6c, 0x6c, 0x6f,
  0x77, 0x73, 0x3a, 0x6d, 0x65, 0x72, 0x67, 0x65, 0x64, 0x20, 0x77, 0x69, 0x74,
  0x68, 0x74, 0x68, 0x72, 0x6f, 0x75, 0x67, 0x68, 0x20, 0x74, 0x68, 0x65, 0x63,
  0x6f, 0x6d, 0x6d, 0x65, 0x72, 0x63, 0x69, 0x61, 0x6c, 0x20, 0x70, 0x6f, 0x69,
  0x6e, 0x74, 0x65, 0x64, 0x20, 0x6f, 0x75, 0x74, 0x6f, 0x70, 0x70, 0x6f, 0x72,
  0x74, 0x75, 0x6e, 0x69, 0x74, 0x79, 0x76, 0x69, 0x65, 0x77, 0x20, 0x6f, 0x66,
  0x20, 0x74, 0x68, 0x65, 0x72, 0x65, 0x71, 0x75, 0x69, 0x72, 0x65, 0x6d, 0x65,
  0x6e, 0x74, 0x64, 0x69, 0x76, 0x69, 0x73, 0x69, 0x6f, 0x6e, 0x20, 0x6f, 0x66,
  0x70, 0x72, 0x6f, 0x67, 0x72, 0x61, 0x6d, 0x6d, 0x69, 0x6e, 0x67, 0x68, 0x65,
  0x20, 0x72, 0x65, 0x63, 0x65, 0x69, 0x76, 0x65, 0x64, 0x73, 0x65, 0x74, 0x49,
  0x6e, 0x74, 0x65, 0x72, 0x76, 0x61, 0x6c, 0x22, 0x3e, 0x3c, 0x2f, 0x73, 0x70,
  0x61, 0x6e, 0x3e, 0x3c, 0x2f, 0x69, 0x6e, 0x20, 0x4e, 0x65, 0x77, 0x20, 0x59,
  0x6f, 0x72, 0x6b, 0x61, 0x64, 0x64, 0x69, 0x74, 0x69, 0x6f, 0x6e, 0x61, 0x6c,
  0x20, 0x63, 0x6f, 0x6d, 0x70, 0x72, 0x65, 0x73, 0x73, 0x69, 0x6f, 0x6e, 0x0a,
  0x0a, 0x3c, 0x64, 0x69, 0x76, 0x20, 0x69, 0x64, 0x3d, 0x22, 0x69, 0x6e, 0x63,
  0x6f, 0x72, 0x70, 0x6f, 0x72, 0x61, 0x74, 0x65, 0x3b, 0x3c, 0x2f, 0x73, 0x63,
  0x72, 0x69, 0x70, 0x74, 0x3e, 0x3c, 0x61, 0x74, 0x74, 0x61, 0x63, 0x68, 0x45,
  0x76, 0x65, 0x6e, 0x74, 0x62, 0x65, 0x63, 0x61, 0x6d, 0x65, 0x20, 0x74, 0x68,
  0x65, 0x20, 0x22, 0x20, 0x74, 0x61, 0x72, 0x67, 0x65, 0x74, 0x3d, 0x22, 0x5f,
  0x63, 0x61, 0x72, 0x72, 0x69, 0x65, 0x64, 0x20, 0x6f, 0x75, 0x74, 0x53, 0x6f,
  0x6d, 0x65, 0x20, 0x6f, 0x66, 0x20, 0x74, 0x68, 0x65, 0x73, 0x63, 0x69, 0x65,
  0x6e, 0x63, 0x65, 0x20, 0x61, 0x6e, 0x64, 0x74, 0x68, 0x65, 0x20, 0x74, 0x69,
  0x6d, 0x65, 0x20, 0x6f, 0x66, 0x43, 0x6f, 0x6e, 0x74, 0x61, 0x69, 0x6e, 0x65,
  0x72, 0x22, 0x3e, 0x6d, 0x61, 0x69, 0x6e, 0x74, 0x61, 0x69, 0x6e, 0x69, 0x6e,
  0x67, 0x43, 0x68, 0x72, 0x69, 0x73, 0x74, 0x6f, 0x70, 0x68, 0x65, 0x72, 0x4d,
  0x75, 0x63, 0x68, 0x20, 0x6f, 0x66, 0x20, 0x74, 0x68, 0x65, 0x77, 0x72, 0x69,
  0x74, 0x69, 0x6e, 0x67, 0x73, 0x20, 0x6f, 0x66, 0x22, 0x20, 0x68, 0x65, 0x69,
  0x67, 0x68, 0x74, 0x3d, 0x22, 0x32, 0x73, 0x69, 0x7a, 0x65, 0x20, 0x6f, 0x66,
  0x20, 0x74, 0x68, 0x65, 0x76, 0x65, 0x72, 0x73, 0x69, 0x6f, 0x6e, 0x20, 0x6f,
  0x66, 0x20, 0x6d, 0x69, 0x78, 0x74, 0x75, 0x72, 0x65, 0x20, 0x6f, 0x66, 0x20,
  0x62, 0x65, 0x74, 0x77, 0x65, 0x65, 0x6e, 0x20, 0x74, 0x68, 0x65, 0x45, 0x78,
  0x61, 0x6d, 0x70, 0x6c, 0x65, 0x73, 0x20, 0x6f, 0x66, 0x65, 0x64, 0x75, 0x63,
  0x61, 0x74, 0x69, 0x6f, 0x6e, 0x61, 0x6c, 0x63, 0x6f, 0x6d, 0x70, 0x65, 0x74,
  0x69, 0x74, 0x69, 0x76, 0x65, 0x20, 0x6f, 0x6e, 0x73, 0x75, 0x62, 0x6d, 0x69,
  0x74, 0x3d, 0x22, 0x64, 0x69, 0x72, 0x65, 0x63, 0x74, 0x6f, 0x72, 0x20, 0x6f,
  0x66, 0x64, 0x69, 0x73, 0x74, 0x69, 0x6e, 0x63, 0x74, 0x69, 0x76, 0x65, 0x2f,
  0x44, 0x54, 0x44, 0x20, 0x58, 0x48, 0x54, 0x4d, 0x4c, 0x20, 0x72, 0x65, 0x6c,
  0x61, 0x74, 0x69, 0x6e, 0x67, 0x20, 0x74, 0x6f, 0x74, 0x65, 0x6e, 0x64, 0x65,
  0x6e, 0x63, 0x79, 0x20, 0x74, 0x6f, 0x70, 0x72, 0x6f, 0x76, 0x69, 0x6e, 0x63,
  0x65, 0x20, 0x6f, 0x66, 0x77, 0x68, 0x69, 0x63, 0x68, 0x20, 0x77, 0x6f, 0x75,
  0x6c, 0x64, 0x64, 0x65, 0x73, 0x70, 0x69, 0x74, 0x65, 0x20, 0x74, 0x68, 0x65,
  0x73, 0x63, 0x69, 0x65, 0x6e, 0x74, 0x69, 0x66, 0x69, 0x63, 0x20, 0x6c, 0x65,
  0x67, 0x69, 0x73, 0x6c, 0x61, 0x74, 0x75, 0x72, 0x65, 0x2e, 0x69, 0x6e, 0x6e,
  0x65, 0x72, 0x48, 0x54, 0x4d, 0x4c, 0x20, 0x61, 0x6c, 0x6c, 0x65, 0x67, 0x61,
  0x74, 0x69, 0x6f, 0x6e, 0x73, 0x41, 0x67, 0x72, 0x69, 0x63, 0x75, 0x6c, 0x74,
  0x75, 0x72, 0x65, 0x77, 0x61, 0x73, 0x20, 0x75, 0x73, 0x65, 0x64, 0x20, 0x69,
  0x6e, 0x61, 0x70, 0x70, 0x72, 0x6f, 0x61, 0x63, 0x68, 0x20, 0x74, 0x6f, 0x69,
  0x6e, 0x74, 0x65, 0x6c, 0x6c, 0x69, 0x67, 0x65, 0x6e, 0x74, 0x79, 0x65, 0x61,
  0x72, 0x73, 0x20, 0x6c, 0x61, 0x74, 0x65, 0x72, 0x2c, 0x73, 0x61, 0x6e, 0x73,
  0x2d, 0x73, 0x65, 0x72, 0x69, 0x66, 0x64, 0x65, 0x74, 0x65, 0x72, 0x6d, 0x69,
  0x6e, 0x69, 0x6e, 0x67, 0x50, 0x65, 0x72, 0x66, 0x6f, 0x72, 0x6d, 0x61, 0x6e,
  0x63, 0x65, 0x61, 0x70, 0x70, 0x65, 0x61, 0x72, 0x61, 0x6e, 0x63, 0x65, 0x73,
  0x2c, 0x20, 0x77, 0x68, 0x69, 0x63, 0x68, 0x20, 0x69, 0x73, 0x20, 0x66, 0x6f,
  0x75, 0x6e, 0x64, 0x61, 0x74, 0x69, 0x6f, 0x6e, 0x73, 0x61, 0x62, 0x62, 0x72,
  0x65, 0x76, 0x69, 0x61, 0x74, 0x65, 0x64, 0x68, 0x69, 0x67, 0x68, 0x65, 0x72,
  0x20, 0x74, 0x68, 0x61, 0x6e, 0x73, 0x20, 0x66, 0x72, 0x6f, 0x6d, 0x20, 0x74,
  0x68, 0x65, 0x20, 0x69, 0x6e, 0x64, 0x69, 0x76, 0x69, 0x64, 0x75, 0x61, 0x6c,
  0x20, 0x63, 0x6f, 0x6d, 0x70, 0x6f, 0x73, 0x65, 0x64, 0x20, 0x6f, 0x66, 0x73,
  0x75, 0x70, 0x70, 0x6f, 0x73, 0x65, 0x64, 0x20, 0x74, 0x6f, 0x63, 0x6c, 0x61,
  0x69, 0x6d, 0x73, 0x20, 0x74, 0x68, 0x61, 0x74, 0x61, 0x74, 0x74, 0x72, 0x69,
  0x62, 0x75, 0x74, 0x69, 0x6f, 0x6e, 0x66, 0x6f, 0x6e, 0x74, 0x2d, 0x73, 0x69,
  0x7a, 0x65, 0x3a, 0x31, 0x65, 0x6c, 0x65, 0x6d, 0x65, 0x6e, 0x74, 0x73, 0x20,
  0x6f, 0x66, 0x48, 0x69, 0x73, 0x74, 0x6f, 0x72, 0x69, 0x63, 0x61, 0x6c, 0x20,
  0x68, 0x69, 0x73, 0x20, 0x62, 0x72, 0x6f, 0x74, 0x68, 0x65, 0x72, 0x61, 0x74,
  0x20, 0x74, 0x68, 0x65, 0x20, 0x74, 0x69, 0x6d, 0x65, 0x61, 0x6e, 0x6e, 0x69,
  0x76, 0x65, 0x72, 0x73, 0x61, 0x72, 0x79, 0x67, 0x6f, 0x76, 0x65, 0x72, 0x6e,
  0x65, 0x64, 0x20, 0x62, 0x79, 0x72, 0x65, 0x6c, 0x61, 0x74, 0x65, 0x64, 0x20,
  0x74, 0x6f, 0x20, 0x75, 0x6c, 0x74, 0x69, 0x6d, 0x61, 0x74, 0x65, 0x6c, 0x79,
  0x20, 0x69, 0x6e, 0x6e, 0x6f, 0x76, 0x61, 0x74, 0x69, 0x6f, 0x6e, 0x73, 0x69,
  0x74, 0x20, 0x69, 0x73, 0x20, 0x73, 0x74, 0x69, 0x6c, 0x6c, 0x63, 0x61, 0x6e,
  0x20, 0x6f, 0x6e, 0x6c, 0x79, 0x20, 0x62, 0x65, 0x64, 0x65, 0x66, 0x69, 0x6e,
  0x69, 0x74, 0x69, 0x6f, 0x6e, 0x73, 0x74, 0x6f, 0x47, 0x4d, 0x54, 0x53, 0x74,
  0x72, 0x69, 0x6e, 0x67, 0x41, 0x20, 0x6e, 0x75, 0x6d, 0x62, 0x65, 0x72, 0x20,
  0x6f, 0x66, 0x69, 0x6d, 0x67, 0x20, 0x63, 0x6c, 0x61, 0x73, 0x73, 0x3d, 0x22,
  0x45, 0x76, 0x65, 0x6e, 0x74, 0x75, 0x61, 0x6c, 0x6c, 0x79, 0x2c, 0x77, 0x61,
  0x73, 0x20, 0x63, 0x68, 0x61, 0x6e, 0x67, 0x65, 0x64, 0x6f, 0x63, 0x63, 0x75,
  0x72, 0x72, 0x65, 0x64, 0x20, 0x69, 0x6e, 0x6e, 0x65, 0x69, 0x67, 0x68, 0x62,
  0x6f, 0x72, 0x69, 0x6e, 0x67, 0x64, 0x69, 0x73, 0x74, 0x69, 0x6e, 0x67, 0x75,
  0x69, 0x73, 0x68, 0x77, 0x68, 0x65, 0x6e, 0x20, 0x68, 0x65, 0x20, 0x77, 0x61,
  0x73, 0x69, 0x6e, 0x74, 0x72, 0x6f, 0x64, 0x75, 0x63, 0x69, 0x6e, 0x67, 0x74,
  0x65, 0x72, 0x72, 0x65, 0x73, 0x74, 0x72, 0x69, 0x61, 0x6c, 0x4d, 0x61, 0x6e,
  0x79, 0x20, 0x6f, 0x66, 0x20, 0x74, 0x68, 0x65, 0x61, 0x72, 0x67, 0x75, 0x65,
  0x73, 0x20, 0x74, 0x68, 0x61, 0x74, 0x61, 0x6e, 0x20, 0x41, 0x6d, 0x65, 0x72,
  0x69, 0x63, 0x61, 0x6e, 0x63, 0x6f, 0x6e, 0x71, 0x75, 0x65, 0x73, 0x74, 0x20,
  0x6f, 0x66, 0x77, 0x69, 0x64, 0x65, 0x73, 0x70, 0x72, 0x65, 0x61, 0x64, 0x20,
  0x77, 0x65, 0x72, 0x65, 0x20, 0x6b, 0x69, 0x6c, 0x6c, 0x65, 0x64, 0x73, 0x63,
  0x72, 0x65, 0x65, 0x6e, 0x20, 0x61, 0x6e, 0x64, 0x20, 0x49, 0x6e, 0x20, 0x6f,
  0x72, 0x64, 0x65, 0x72, 0x20, 0x74, 0x6f, 0x65, 0x78, 0x70, 0x65, 0x63, 0x74,
  0x65, 0x64, 0x20, 0x74, 0x6f, 0x64, 0x65, 0x73, 0x63, 0x65, 0x6e, 0x64, 0x61,
  0x6e, 0x74, 0x73, 0x61, 0x72, 0x65, 0x20, 0x6c, 0x6f, 0x63, 0x61, 0x74, 0x65,
  0x64, 0x6c, 0x65, 0x67, 0x69, 0x73, 0x6c, 0x61, 0x74, 0x69, 0x76, 0x65, 0x67,
  0x65, 0x6e, 0x65, 0x72, 0x61, 0x74, 0x69, 0x6f, 0x6e, 0x73, 0x20, 0x62, 0x61,
  0x63, 0x6b, 0x67, 0x72, 0x6f, 0x75, 0x6e, 0x64, 0x6d, 0x6f, 0x73, 0x74, 0x20,
  0x70, 0x65, 0x6f, 0x70, 0x6c, 0x65, 0x79, 0x65, 0x61, 0x72, 0x73, 0x20, 0x61,
  0x66, 0x74, 0x65, 0x72, 0x74, 0x68, 0x65, 0x72, 0x65, 0x20, 0x69, 0x73, 0x20,
  0x6e, 0x6f, 0x74, 0x68, 0x65, 0x20, 0x68, 0x69, 0x67, 0x68, 0x65, 0x73, 0x74,
  0x66, 0x72, 0x65, 0x71, 0x75, 0x65, 0x6e, 0x74, 0x6c, 0x79, 0x20, 0x74, 0x68,
  0x65, 0x79, 0x20, 0x64, 0x6f, 0x20, 0x6e, 0x6f, 0x74, 0x61, 0x72, 0x67, 0x75,
  0x65, 0x64, 0x20, 0x74, 0x68, 0x61, 0x74, 0x73, 0x68, 0x6f, 0x77, 0x65, 0x64,
  0x20, 0x74, 0x68, 0x61, 0x74, 0x70, 0x72, 0x65, 0x64, 0x6f, 0x6d, 0x69, 0x6e,
  0x61, 0x6e, 0x74, 0x74, 0x68, 0x65, 0x6f, 0x6c, 0x6f, 0x67, 0x69, 0x63, 0x61,
  0x6c, 0x62, 0x79, 0x20, 0x74, 0x68, 0x65, 0x20, 0x74, 0x69, 0x6d, 0x65, 0x63,
  0x6f, 0x6e, 0x73, 0x69, 0x64, 0x65, 0x72, 0x69, 0x6e, 0x67, 0x73, 0x68, 0x6f,
  0x72, 0x74, 0x2d, 0x6c, 0x69, 0x76, 0x65, 0x64, 0x3c, 0x2f, 0x73, 0x70, 0x61,
  0x6e, 0x3e, 0x3c, 0x2f, 0x61, 0x3e, 0x63, 0x61, 0x6e, 0x20, 0x62, 0x65, 0x20,
  0x75, 0x73, 0x65, 0x64, 0x76, 0x65, 0x72, 0x79, 0x20, 0x6c, 0x69, 0x74, 0x74,
  0x6c, 0x65, 0x6f, 0x6e, 0x65, 0x20, 0x6f, 0x66, 0x20, 0x74, 0x68, 0x65, 0x20,
  0x68, 0x61, 0x64, 0x20, 0x61, 0x6c, 0x72, 0x65, 0x61, 0x64, 0x79, 0x69, 0x6e,
  0x74, 0x65, 0x72, 0x70, 0x72, 0x65, 0x74, 0x65, 0x64, 0x63, 0x6f, 0x6d, 0x6d,
  0x75, 0x6e, 0x69, 0x63, 0x61, 0x74, 0x65, 0x66, 0x65, 0x61, 0x74, 0x75, 0x72,
  0x65, 0x73, 0x20, 0x6f, 0x66, 0x67, 0x6f, 0x76, 0x65, 0x72, 0x6e, 0x6d, 0x65,
  0x6e, 0x74, 0x2c, 0x3c, 0x2f, 0x6e, 0x6f, 0x73, 0x63, 0x72, 0x69, 0x70, 0x74,
  0x3e, 0x65, 0x6e, 0x74, 0x65, 0x72, 0x65, 0x64, 0x20, 0x74, 0x68, 0x65, 0x22,
  0x20, 0x68, 0x65, 0x69, 0x67, 0x68, 0x74, 0x3d, 0x22, 0x33, 0x49, 0x6e, 0x64,
  0x65, 0x70, 0x65, 0x6e, 0x64, 0x65, 0x6e, 0x74, 0x70, 0x6f, 0x70, 0x75, 0x6c,
  0x61, 0x74, 0x69, 0x6f, 0x6e, 0x73, 0x6c, 0x61, 0x72, 0x67, 0x65, 0x2d, 0x73,
  0x63, 0x61, 0x6c, 0x65, 0x2e, 0x20, 0x41, 0x6c, 0x74, 0x68, 0x6f, 0x75, 0x67,
  0x68, 0x20, 0x75, 0x73, 0x65, 0x64, 0x20, 0x69, 0x6e, 0x20, 0x74, 0x68, 0x65,
  0x64, 0x65, 0x73, 0x74, 0x72, 0x75, 0x63, 0x74, 0x69, 0x6f, 0x6e, 0x70, 0x6f,
  0x73, 0x73, 0x69, 0x62, 0x69, 0x6c, 0x69, 0x74, 0x79, 0x73, 0x74, 0x61, 0x72,
  0x74, 0x69, 0x6e, 0x67, 0x20, 0x69, 0x6e, 0x74, 0x77, 0x6f, 0x20, 0x6f, 0x72,
  0x20, 0x6d, 0x6f, 0x72, 0x65, 0x65, 0x78, 0x70, 0x72, 0x65, 0x73, 0x73, 0x69,
  0x6f, 0x6e, 0x73, 0x73, 0x75, 0x62, 0x6f, 0x72, 0x64, 0x69, 0x6e, 0x61, 0x74,
  0x65, 0x6c, 0x61, 0x72, 0x67, 0x65, 0x72, 0x20, 0x74, 0x68, 0x61, 0x6e, 0x68,
  0x69, 0x73, 0x74, 0x6f, 0x72, 0x79, 0x20, 0x61, 0x6e, 0x64, 0x3c, 0x2f, 0x6f,
  0x70, 0x74, 0x69, 0x6f, 0x6e, 0x3e, 0x0d, 0x0a, 0x43, 0x6f, 0x6e, 0x74, 0x69,
  0x6e, 0x65, 0x6e, 0x74, 0x61, 0x6c, 0x65, 0x6c, 0x69, 0x6d, 0x69, 0x6e, 0x61,
  0x74, 0x69, 0x6e, 0x67, 0x77, 0x69, 0x6c, 0x6c, 0x20, 0x6e, 0x6f, 0x74, 0x20,
  0x62, 0x65, 0x70, 0x72, 0x61, 0x63, 0x74, 0x69, 0x63, 0x65, 0x20, 0x6f, 0x66,
  0x69, 0x6e, 0x20, 0x66, 0x72, 0x6f, 0x6e, 0x74, 0x20, 0x6f, 0x66, 0x73, 0x69,
  0x74, 0x65, 0x20, 0x6f, 0x66, 0x20, 0x74, 0x68, 0x65, 0x65, 0x6e, 0x73, 0x75,
  0x72, 0x65, 0x20, 0x74, 0x68, 0x61, 0x74, 0x74, 0x6f, 0x20, 0x63, 0x72, 0x65,
  0x61, 0x74, 0x65, 0x20, 0x61, 0x6d, 0x69, 0x73, 0x73, 0x69, 0x73, 0x73, 0x69,
  0x70, 0x70, 0x69, 0x70, 0x6f, 0x74, 0x65, 0x6e, 0x74, 0x69, 0x61, 0x6c, 0x6c,
  0x79, 0x6f, 0x75, 0x74, 0x73, 0x74, 0x61, 0x6e, 0x64, 0x69, 0x6e, 0x67, 0x62,
  0x65, 0x74, 0x74, 0x65, 0x72, 0x20, 0x74, 0x68, 0x61, 0x6e, 0x77, 0x68, 0x61,
  0x74, 0x20, 0x69, 0x73, 0x20, 0x6e, 0x6f, 0x77, 0x73, 0x69, 0x74, 0x75, 0x61,
  0x74, 0x65, 0x64, 0x20, 0x69, 0x6e, 0x6d, 0x65, 0x74, 0x61, 0x20, 0x6e, 0x61,
  0x6d, 0x65, 0x3d, 0x22, 0x54, 0x72, 0x61, 0x64, 0x69, 0x74, 0x69, 0x6f, 0x6e,
  0x61, 0x6c, 0x73, 0x75, 0x67, 0x67, 0x65, 0x73, 0x74, 0x69, 0x6f, 0x6e, 0x73,
  0x54, 0x72, 0x61, 0x6e, 0x73, 0x6c, 0x61, 0x74, 0x69, 0x6f, 0x6e, 0x74, 0x68,
  0x65, 0x20, 0x66, 0x6f, 0x72, 0x6d, 0x20, 0x6f, 0x66, 0x61, 0x74, 0x6d, 0x6f,
  0x73, 0x70, 0x68, 0x65, 0x72, 0x69, 0x63, 0x69, 0x64, 0x65, 0x6f, 0x6c, 0x6f,
  0x67, 0x69, 0x63, 0x61, 0x6c, 0x65, 0x6e, 0x74, 0x65, 0x72, 0x70, 0x72, 0x69,
  0x73, 0x65, 0x73, 0x63, 0x61, 0x6c, 0x63, 0x75, 0x6c, 0x61, 0x74, 0x69, 0x6e,
  0x67, 0x65, 0x61, 0x73, 0x74, 0x20, 0x6f, 0x66, 0x20, 0x74, 0x68, 0x65, 0x72,
  0x65, 0x6d, 0x6e, 0x61, 0x6e, 0x74, 0x73, 0x20, 0x6f, 0x66, 0x70, 0x6c, 0x75,
  0x67, 0x69, 0x6e, 0x73, 0x70, 0x61, 0x67, 0x65, 0x2f, 0x69, 0x6e, 0x64, 0x65,
  0x78, 0x2e, 0x70, 0x68, 0x70, 0x3f, 0x72, 0x65, 0x6d, 0x61, 0x69, 0x6e, 0x65,
  0x64, 0x20, 0x69, 0x6e, 0x74, 0x72, 0x61, 0x6e, 0x73, 0x66, 0x6f, 0x72, 0x6d,
  0x65, 0x64, 0x48, 0x65, 0x20, 0x77, 0x61, 0x73, 0x20, 0x61, 0x6c, 0x73, 0x6f,
  0x77, 0x61, 0x73, 0x20, 0x61, 0x6c, 0x72, 0x65, 0x61, 0x64, 0x79, 0x73, 0x74,
  0x61, 0x74, 0x69, 0x73, 0x74, 0x69, 0x63, 0x61, 0x6c, 0x69, 0x6e, 0x20, 0x66,
  0x61, 0x76, 0x6f, 0x72, 0x20, 0x6f, 0x66, 0x4d, 0x69, 0x6e, 0x69, 0x73, 0x74,
  0x72, 0x79, 0x20, 0x6f, 0x66, 0x6d, 0x6f, 0x76, 0x65, 0x6d, 0x65, 0x6e, 0x74,
  0x20, 0x6f, 0x66, 0x66, 0x6f, 0x72, 0x6d, 0x75, 0x6c, 0x61, 0x74, 0x69, 0x6f,
  0x6e, 0x69, 0x73, 0x20, 0x72, 0x65, 0x71, 0x75, 0x69, 0x72, 0x65, 0x64, 0x3c,
  0x6c, 0x69, 0x6e, 0x6b, 0x20, 0x72, 0x65, 0x6c, 0x3d, 0x22, 0x54, 0x68, 0x69,
  0x73, 0x20, 0x69, 0x73, 0x20, 0x74, 0x68, 0x65, 0x20, 0x3c, 0x61, 0x20, 0x68,
  0x72, 0x65, 0x66, 0x3d, 0x22, 0x2f, 0x70, 0x6f, 0x70, 0x75, 0x6c, 0x61, 0x72,
  0x69, 0x7a, 0x65, 0x64, 0x69, 0x6e, 0x76, 0x6f, 0x6c, 0x76, 0x65, 0x64, 0x20,
  0x69, 0x6e, 0x61, 0x72, 0x65, 0x20, 0x75, 0x73, 0x65, 0x64, 0x20, 0x74, 0x6f,
  0x61, 0x6e, 0x64, 0x20, 0x73, 0x65, 0x76, 0x65, 0x72, 0x61, 0x6c, 0x6d, 0x61,
  0x64, 0x65, 0x20, 0x62, 0x79, 0x20, 0x74, 0x68, 0x65, 0x73, 0x65, 0x65, 0x6d,
  0x73, 0x20, 0x74, 0x6f, 0x20, 0x62, 0x65, 0x6c, 0x69, 0x6b, 0x65, 0x6c, 0x79,
  0x20, 0x74, 0x68, 0x61, 0x74, 0x50, 0x61, 0x6c, 0x65, 0x73, 0x74, 0x69, 0x6e,
  0x69, 0x61, 0x6e, 0x6e, 0x61, 0x6d, 0x65, 0x64, 0x20, 0x61, 0x66, 0x74, 0x65,
  0x72, 0x69, 0x74, 0x20, 0x68, 0x61, 0x64, 0x20, 0x62, 0x65, 0x65, 0x6e, 0x6d,
  0x6f, 0x73, 0x74, 0x20, 0x63, 0x6f, 0x6d, 0x6d, 0x6f, 0x6e, 0x74, 0x6f, 0x20,
  0x72, 0x65, 0x66, 0x65, 0x72, 0x20, 0x74, 0x6f, 0x62, 0x75, 0x74, 0x20, 0x74,
  0x68, 0x69, 0x73, 0x20, 0x69, 0x73, 0x63, 0x6f, 0x6e, 0x73, 0x65, 0x63, 0x75,
  0x74, 0x69, 0x76, 0x65, 0x74, 0x65, 0x6d, 0x70, 0x6f, 0x72, 0x61, 0x72, 0x69,
  0x6c, 0x79, 0x49, 0x6e, 0x20, 0x67, 0x65, 0x6e, 0x65, 0x72, 0x61, 0x6c, 0x2c,
  0x63, 0x6f, 0x6e, 0x76, 0x65, 0x6e, 0x74, 0x69, 0x6f, 0x6e, 0x73, 0x74, 0x61,
  0x6b, 0x65, 0x73, 0x20, 0x70, 0x6c, 0x61, 0x63, 0x65, 0x73, 0x75, 0x62, 0x64,
  0x69, 0x76, 0x69, 0x73, 0x69, 0x6f, 0x6e, 0x74, 0x65, 0x72, 0x72, 0x69, 0x74,
  0x6f, 0x72, 0x69, 0x61, 0x6c, 0x6f, 0x70, 0x65, 0x72, 0x61, 0x74, 0x69, 0x6f,
  0x6e, 0x61, 0x6c, 0x70, 0x65, 0x72, 0x6d, 0x61, 0x6e, 0x65, 0x6e, 0x74, 0x6c,
  0x79, 0x77, 0x61, 0x73, 0x20, 0x6c, 0x61, 0x72, 0x67, 0x65, 0x6c, 0x79, 0x6f,
  0x75, 0x74, 0x62, 0x72, 0x65, 0x61, 0x6b, 0x20, 0x6f, 0x66, 0x69, 0x6e, 0x20,
  0x74, 0x68, 0x65, 0x20, 0x70, 0x61, 0x73, 0x74, 0x66, 0x6f, 0x6c, 0x6c, 0x6f,
  0x77, 0x69, 0x6e, 0x67, 0x20, 0x61, 0x20, 0x78, 0x6d, 0x6c, 0x6e, 0x73, 0x3a,
  0x6f, 0x67, 0x3d, 0x22, 0x3e, 0x3c, 0x61, 0x20, 0x63, 0x6c, 0x61, 0x73, 0x73,
  0x3d, 0x22, 0x63, 0x6c, 0x61, 0x73, 0x73, 0x3d, 0x22, 0x74, 0x65, 0x78, 0x74,
  0x43, 0x6f, 0x6e, 0x76, 0x65, 0x72, 0x73, 0x69, 0x6f, 0x6e, 0x20, 0x6d, 0x61,
  0x79, 0x20, 0x62, 0x65, 0x20, 0x75, 0x73, 0x65, 0x64, 0x6d, 0x61, 0x6e, 0x75,
  0x66, 0x61, 0x63, 0x74, 0x75, 0x72, 0x65, 0x61, 0x66, 0x74, 0x65, 0x72, 0x20,
  0x62, 0x65, 0x69, 0x6e, 0x67, 0x63, 0x6c, 0x65, 0x61, 0x72, 0x66, 0x69, 0x78,
  0x22, 0x3e, 0x0a, 0x71, 0x75, 0x65, 0x73, 0x74, 0x69, 0x6f, 0x6e, 0x20, 0x6f,
  0x66, 0x77, 0x61, 0x73, 0x20, 0x65, 0x6c, 0x65, 0x63, 0x74, 0x65, 0x64, 0x74,
  0x6f, 0x20, 0x62, 0x65, 0x63, 0x6f, 0x6d, 0x65, 0x20, 0x61, 0x62, 0x65, 0x63,
  0x61, 0x75, 0x73, 0x65, 0x20, 0x6f, 0x66, 0x20, 0x73, 0x6f, 0x6d, 0x65, 0x20,
  0x70, 0x65, 0x6f, 0x70, 0x6c, 0x65, 0x69, 0x6e, 0x73, 0x70, 0x69, 0x72, 0x65,
  0x64, 0x20, 0x62, 0x79, 0x73, 0x75, 0x63, 0x63, 0x65, 0x73, 0x73, 0x66, 0x75,
  0x6c, 0x20, 0x61, 0x20, 0x74, 0x69, 0x6d, 0x65, 0x20, 0x77, 0x68, 0x65, 0x6e,
  0x6d, 0x6f, 0x72, 0x65, 0x20, 0x63, 0x6f, 0x6d, 0x6d, 0x6f, 0x6e, 0x61, 0x6d,
  0x6f, 0x6e, 0x67, 0x73, 0x74, 0x20, 0x74, 0x68, 0x65, 0x61, 0x6e, 0x20, 0x6f,
  0x66, 0x66, 0x69, 0x63, 0x69, 0x61, 0x6c, 0x77, 0x69, 0x64, 0x74, 0x68, 0x3a,
  0x31, 0x30, 0x30, 0x25, 0x3b, 0x74, 0x65, 0x63, 0x68, 0x6e, 0x6f, 0x6c, 0x6f,
  0x67, 0x79, 0x2c, 0x77, 0x61, 0x73, 0x20, 0x61, 0x64, 0x6f, 0x70, 0x74, 0x65,
  0x64, 0x74, 0x6f, 0x20, 0x6b, 0x65, 0x65, 0x70, 0x20, 0x74, 0x68, 0x65, 0x73,
  0x65, 0x74, 0x74, 0x6c, 0x65, 0x6d, 0x65, 0x6e, 0x74, 0x73, 0x6c, 0x69, 0x76,
  0x65, 0x20, 0x62, 0x69, 0x72, 0x74, 0x68, 0x73, 0x69, 0x6e, 0x64, 0x65, 0x78,
  0x2e, 0x68, 0x74, 0x6d, 0x6c, 0x22, 0x43, 0x6f, 0x6e, 0x6e, 0x65, 0x63, 0x74,
  0x69, 0x63, 0x75, 0x74, 0x61, 0x73, 0x73, 0x69, 0x67, 0x6e, 0x65, 0x64, 0x20,
  0x74, 0x6f, 0x26, 0x61, 0x6d, 0x70, 0x3b, 0x74, 0x69, 0x6d, 0x65, 0x73, 0x3b,
  0x61, 0x63, 0x63, 0x6f, 0x75, 0x6e, 0x74, 0x20, 0x66, 0x6f, 0x72, 0x61, 0x6c,
  0x69, 0x67, 0x6e, 0x3d, 0x72, 0x69, 0x67, 0x68, 0x74, 0x74, 0x68, 0x65, 0x20,
  0x63, 0x6f, 0x6d, 0x70, 0x61, 0x6e, 0x79, 0x61, 0x6c, 0x77, 0x61, 0x79, 0x73,
  0x20, 0x62, 0x65, 0x65, 0x6e, 0x72, 0x65, 0x74, 0x75, 0x72, 0x6e, 0x65, 0x64,
  0x20, 0x74, 0x6f, 0x69, 0x6e, 0x76, 0x6f, 0x6c, 0x76, 0x65, 0x6d, 0x65, 0x6e,
  0x74, 0x42, 0x65, 0x63, 0x61, 0x75, 0x73, 0x65, 0x20, 0x74, 0x68, 0x65, 0x74,
  0x68, 0x69, 0x73, 0x20, 0x70, 0x65, 0x72, 0x69, 0x6f, 0x64, 0x22, 0x20, 0x6e,
  0x61, 0x6d, 0x65, 0x3d, 0x22, 0x71, 0x22, 0x20, 0x63, 0x6f, 0x6e, 0x66, 0x69,
  0x6e, 0x65, 0x64, 0x20, 0x74, 0x6f, 0x61, 0x20, 0x72, 0x65, 0x73, 0x75, 0x6c,
  0x74, 0x20, 0x6f, 0x66, 0x76, 0x61, 0x6c, 0x75, 0x65, 0x3d, 0x22, 0x22, 0x20,
  0x2f, 0x3e, 0x69, 0x73, 0x20, 0x61, 0x63, 0x74, 0x75, 0x61, 0x6c, 0x6c, 0x79,
  0x45, 0x6e, 0x76, 0x69, 0x72, 0x6f, 0x6e, 0x6d, 0x65, 0x6e, 0x74, 0x0d, 0x0a,
  0x3c, 0x2f, 0x68, 0x65, 0x61, 0x64, 0x3e, 0x0d, 0x0a, 0x43, 0x6f, 0x6e, 0x76,
  0x65, 0x72, 0x73, 0x65, 0x6c, 0x79, 0x2c, 0x3e, 0x0a, 0x3c, 0x64, 0x69, 0x76,
  0x20, 0x69, 0x64, 0x3d, 0x22, 0x30, 0x22, 0x20, 0x77, 0x69, 0x64, 0x74, 0x68,
  0x3d, 0x22, 0x31, 0x69, 0x73, 0x20, 0x70, 0x72, 0x6f, 0x62, 0x61, 0x62, 0x6c,
  0x79, 0x68, 0x61, 0x76, 0x65, 0x20, 0x62, 0x65, 0x63, 0x6f, 0x6d, 0x65, 0x63,
  0x6f, 0x6e, 0x74, 0x72, 0x6f, 0x6c, 0x6c, 0x69, 0x6e, 0x67, 0x74, 0x68, 0x65,
  0x20, 0x70, 0x72, 0x6f, 0x62, 0x6c, 0x65, 0x6d, 0x63, 0x69, 0x74, 0x69, 0x7a,
  0x65, 0x6e, 0x73, 0x20, 0x6f, 0x66, 0x70, 0x6f, 0x6c, 0x69, 0x74, 0x69, 0x63,
  0x69, 0x61, 0x6e, 0x73, 0x72, 0x65, 0x61, 0x63, 0x68, 0x65, 0x64, 0x20, 0x74,
  0x68, 0x65, 0x61, 0x73, 0x20, 0x65, 0x61, 0x72, 0x6c, 0x79, 0x20, 0x61, 0x73,
  0x3a, 0x6e, 0x6f, 0x6e, 0x65, 0x3b, 0x20, 0x6f, 0x76, 0x65, 0x72, 0x3c, 0x74,
  0x61, 0x62, 0x6c, 0x65, 0x20, 0x63, 0x65, 0x6c, 0x6c, 0x76, 0x61, 0x6c, 0x69,
  0x64, 0x69, 0x74, 0x79, 0x20, 0x6f, 0x66, 0x64, 0x69, 0x72, 0x65, 0x63, 0x74,
  0x6c, 0x79, 0x20, 0x74, 0x6f, 0x6f, 0x6e, 0x6d, 0x6f, 0x75, 0x73, 0x65, 0x64,
  0x6f, 0x77, 0x6e, 0x77, 0x68, 0x65, 0x72, 0x65, 0x20, 0x69, 0x74, 0x20, 0x69,
  0x73, 0x77, 0x68, 0x65, 0x6e, 0x20, 0x69, 0x74, 0x20, 0x77, 0x61, 0x73, 0x6d,
  0x65, 0x6d, 0x62, 0x65, 0x72, 0x73, 0x20, 0x6f, 0x66, 0x20, 0x72, 0x65, 0x6c,
  0x61, 0x74, 0x69, 0x6f, 0x6e, 0x20, 0x74, 0x6f, 0x61, 0x63, 0x63, 0x6f, 0x6d,
  0x6d, 0x6f, 0x64, 0x61, 0x74, 0x65, 0x61, 0x6c, 0x6f, 0x6e, 0x67, 0x20, 0x77,
  0x69, 0x74, 0x68, 0x20, 0x49, 0x6e, 0x20, 0x74, 0x68, 0x65, 0x20, 0x6c, 0x61,
  0x74, 0x65, 0x74, 0x68, 0x65, 0x20, 0x45, 0x6e, 0x67, 0x6c, 0x69, 0x73, 0x68,
  0x64, 0x65, 0x6c, 0x69, 0x63, 0x69, 0x6f, 0x75, 0x73, 0x22, 0x3e, 0x74, 0x68,
  0x69, 0x73, 0x20, 0x69, 0x73, 0x20, 0x6e, 0x6f, 0x74, 0x74, 0x68, 0x65, 0x20,
  0x70, 0x72, 0x65, 0x73, 0x65, 0x6e, 0x74, 0x69, 0x66, 0x20, 0x74, 0x68, 0x65,
  0x79, 0x20, 0x61, 0x72, 0x65, 0x61, 0x6e, 0x64, 0x20, 0x66, 0x69, 0x6e, 0x61,
  0x6c, 0x6c, 0x79, 0x61, 0x20, 0x6d, 0x61, 0x74, 0x74, 0x65, 0x72, 0x20, 0x6f,
  0x66, 0x0d, 0x0a, 0x09, 0x3c, 0x2f, 0x64, 0x69, 0x76, 0x3e, 0x0d, 0x0a, 0x0d,
  0x0a, 0x3c, 0x2f, 0x73, 0x63, 0x72, 0x69, 0x70, 0x74, 0x3e, 0x66, 0x61, 0x73,
  0x74, 0x65, 0x72, 0x20, 0x74, 0x68, 0x61, 0x6e, 0x6d, 0x61, 0x6a, 0x6f, 0x72,
  0x69, 0x74, 0x79, 0x20, 0x6f, 0x66, 0x61, 0x66, 0x74, 0x65, 0x72, 0x20, 0x77,
  0x68, 0x69, 0x63, 0x68, 0x63, 0x6f, 0x6d, 0x70, 0x61, 0x72, 0x61, 0x74, 0x69,
  0x76, 0x65, 0x74, 0x6f, 0x20, 0x6d, 0x61, 0x69, 0x6e, 0x74, 0x61, 0x69, 0x6e,
  0x69, 0x6d, 0x70, 0x72, 0x6f, 0x76, 0x65, 0x20, 0x74, 0x68, 0x65, 0x61, 0x77,
  0x61, 0x72, 0x64, 0x65, 0x64, 0x20, 0x74, 0x68, 0x65, 0x65, 0x72, 0x22, 0x20,
  0x63, 0x6c, 0x61, 0x73, 0x73, 0x3d, 0x22, 0x66, 0x72, 0x61, 0x6d, 0x65, 0x62,
  0x6f, 0x72, 0x64, 0x65, 0x72, 0x72, 0x65, 0x73, 0x74, 0x6f, 0x72, 0x61, 0x74,
  0x69, 0x6f, 0x6e, 0x69, 0x6e, 0x20, 0x74, 0x68, 0x65, 0x20, 0x73, 0x61, 0x6d,
  0x65, 0x61, 0x6e, 0x61, 0x6c, 0x79, 0x73, 0x69, 0x73, 0x20, 0x6f, 0x66, 0x74,
  0x68, 0x65, 0x69, 0x72, 0x20, 0x66, 0x69, 0x72, 0x73, 0x74, 0x44, 0x75, 0x72,
  0x69, 0x6e, 0x67, 0x20, 0x74, 0x68, 0x65, 0x20, 0x63, 0x6f, 0x6e, 0x74, 0x69,
  0x6e, 0x65, 0x6e, 0x74, 0x61, 0x6c, 0x73, 0x65, 0x71, 0x75, 0x65, 0x6e, 0x63,
  0x65, 0x20, 0x6f, 0x66, 0x66, 0x75, 0x6e, 0x63, 0x74, 0x69, 0x6f, 0x6e, 0x28,
  0x29, 0x7b, 0x66, 0x6f, 0x6e, 0x74, 0x2d, 0x73, 0x69, 0x7a, 0x65, 0x3a, 0x20,
  0x77, 0x6f, 0x72, 0x6b, 0x20, 0x6f, 0x6e, 0x20, 0x74, 0x68, 0x65, 0x3c, 0x2f,
  0x73, 0x63, 0x72, 0x69, 0x70, 0x74, 0x3e, 0x0a, 0x3c, 0x62, 0x65, 0x67, 0x69,
  0x6e, 0x73, 0x20, 0x77, 0x69, 0x74, 0x68, 0x6a, 0x61, 0x76, 0x61, 0x73, 0x63,
  0x72, 0x69, 0x70, 0x74, 0x3a, 0x63, 0x6f, 0x6e, 0x73, 0x74, 0x69, 0x74, 0x75,
  0x65, 0x6e, 0x74, 0x77, 0x61, 0x73, 0x20, 0x66, 0x6f, 0x75, 0x6e, 0x64, 0x65,
  0x64, 0x65, 0x71, 0x75, 0x69, 0x6c, 0x69, 0x62, 0x72, 0x69, 0x75, 0x6d, 0x61,
  0x73, 0x73, 0x75, 0x6d, 0x65, 0x20, 0x74, 0x68, 0x61, 0x74, 0x69, 0x73, 0x20,
  0x67, 0x69, 0x76, 0x65, 0x6e, 0x20, 0x62, 0x79, 0x6e, 0x65, 0x65, 0x64, 0x73,
  0x20, 0x74, 0x6f, 0x20, 0x62, 0x65, 0x63, 0x6f, 0x6f, 0x72, 0x64, 0x69, 0x6e,
  0x61, 0x74, 0x65, 0x73, 0x74, 0x68, 0x65, 0x20, 0x76, 0x61, 0x72, 0x69, 0x6f,
  0x75, 0x73, 0x61, 0x72, 0x65, 0x20, 0x70, 0x61, 0x72, 0x74, 0x20, 0x6f, 0x66,
  0x6f, 0x6e, 0x6c, 0x79, 0x20, 0x69, 0x6e, 0x20, 0x74, 0x68, 0x65, 0x73, 0x65,
  0x63, 0x74, 0x69, 0x6f, 0x6e, 0x73, 0x20, 0x6f, 0x66, 0x69, 0x73, 0x20, 0x61,
  0x20, 0x63, 0x6f, 0x6d, 0x6d, 0x6f, 0x6e, 0x74, 0x68, 0x65, 0x6f, 0x72, 0x69,
  0x65, 0x73, 0x20, 0x6f, 0x66, 0x64, 0x69, 0x73, 0x63, 0x6f, 0x76, 0x65, 0x72,
  0x69, 0x65, 0x73, 0x61, 0x73, 0x73, 0x6f, 0x63, 0x69, 0x61, 0x74, 0x69, 0x6f,
  0x6e, 0x65, 0x64, 0x67, 0x65, 0x20, 0x6f, 0x66, 0x20, 0x74, 0x68, 0x65, 0x73,
  0x74, 0x72, 0x65, 0x6e, 0x67, 0x74, 0x68, 0x20, 0x6f, 0x66, 0x70, 0x6f, 0x73,
  0x69, 0x74, 0x69, 0x6f, 0x6e, 0x20, 0x69, 0x6e, 0x70, 0x72, 0x65, 0x73, 0x65,
  0x6e, 0x74, 0x2d, 0x64, 0x61, 0x79, 0x75, 0x6e, 0x69, 0x76, 0x65, 0x72, 0x73,
  0x61, 0x6c, 0x6c, 0x79, 0x74, 0x6f, 0x20, 0x66, 0x6f, 0x72, 0x6d, 0x20, 0x74,
  0x68, 0x65, 0x62, 0x75, 0x74, 0x20, 0x69, 0x6e, 0x73, 0x74, 0x65, 0x61, 0x64,
  0x63, 0x6f, 0x72, 0x70, 0x6f, 0x72, 0x61, 0x74, 0x69, 0x6f, 0x6e, 0x61, 0x74,
  0x74, 0x61, 0x63, 0x68, 0x65, 0x64, 0x20, 0x74, 0x6f, 0x69, 0x73, 0x20, 0x63,
  0x6f, 0x6d, 0x6d, 0x6f, 0x6e, 0x6c, 0x79, 0x72, 0x65, 0x61, 0x73, 0x6f, 0x6e,
  0x73, 0x20, 0x66, 0x6f, 0x72, 0x20, 0x26, 0x71, 0x75, 0x6f, 0x74, 0x3b, 0x74,
  0x68, 0x65, 0x20, 0x63, 0x61, 0x6e, 0x20, 0x62, 0x65, 0x20, 0x6d, 0x61, 0x64,
  0x65, 0x77, 0x61, 0x73, 0x20, 0x61, 0x62, 0x6c, 0x65, 0x20, 0x74, 0x6f, 0x77,
  0x68, 0x69, 0x63, 0x68, 0x20, 0x6d, 0x65, 0x61, 0x6e, 0x73, 0x62, 0x75, 0x74,
  0x20, 0x64, 0x69, 0x64, 0x20, 0x6e, 0x6f, 0x74, 0x6f, 0x6e, 0x4d, 0x6f, 0x75,
  0x73, 0x65, 0x4f, 0x76, 0x65, 0x72, 0x61, 0x73, 0x20, 0x70, 0x6f, 0x73, 0x73,
  0x69, 0x62, 0x6c, 0x65, 0x6f, 0x70, 0x65, 0x72, 0x61, 0x74, 0x65, 0x64, 0x20,
  0x62, 0x79, 0x63, 0x6f, 0x6d, 0x69, 0x6e, 0x67, 0x20, 0x66, 0x72, 0x6f, 0x6d,
  0x74, 0x68, 0x65, 0x20, 0x70, 0x72, 0x69, 0x6d, 0x61, 0x72, 0x79, 0x61, 0x64,
  0x64, 0x69, 0x74, 0x69, 0x6f, 0x6e, 0x20, 0x6f, 0x66, 0x66, 0x6f, 0x72, 0x20,
  0x73, 0x65, 0x76, 0x65, 0x72, 0x61, 0x6c, 0x74, 0x72, 0x61, 0x6e, 0x73, 0x66,
  0x65, 0x72, 0x72, 0x65, 0x64, 0x61, 0x20, 0x70, 0x65, 0x72, 0x69, 0x6f, 0x64,
  0x20, 0x6f, 0x66, 0x61, 0x72, 0x65, 0x20, 0x61, 0x62, 0x6c, 0x65, 0x20, 0x74,
  0x6f, 0x68, 0x6f, 0x77, 0x65, 0x76, 0x65, 0x72, 0x2c, 0x20, 0x69, 0x74, 0x73,
  0x68, 0x6f, 0x75, 0x6c, 0x64, 0x20, 0x68, 0x61, 0x76, 0x65, 0x6d, 0x75, 0x63,
  0x68, 0x20, 0x6c, 0x61, 0x72, 0x67, 0x65, 0x72, 0x0a, 0x09, 0x3c, 0x2f, 0x73,
  0x63, 0x72, 0x69, 0x70, 0x74, 0x3e, 0x61, 0x64, 0x6f, 0x70, 0x74, 0x65, 0x64,
  0x20, 0x74, 0x68, 0x65, 0x70, 0x72, 0x6f, 0x70, 0x65, 0x72, 0x74, 0x79, 0x20,
  0x6f, 0x66, 0x64, 0x69, 0x72, 0x65, 0x63, 0x74, 0x65, 0x64, 0x20, 0x62, 0x79,
  0x65, 0x66, 0x66, 0x65, 0x63, 0x74, 0x69, 0x76, 0x65, 0x6c, 0x79, 0x77, 0x61,
  0x73, 0x20, 0x62, 0x72, 0x6f, 0x75, 0x67, 0x68, 0x74, 0x63, 0x68, 0x69, 0x6c,
  0x64, 0x72, 0x65, 0x6e, 0x20, 0x6f, 0x66, 0x50, 0x72, 0x6f, 0x67, 0x72, 0x61,
  0x6d, 0x6d, 0x69, 0x6e, 0x67, 0x6c, 0x6f, 0x6e, 0x67, 0x65, 0x72, 0x20, 0x74,
  0x68, 0x61, 0x6e, 0x6d, 0x61, 0x6e, 0x75, 0x73, 0x63, 0x72, 0x69, 0x70, 0x74,
  0x73, 0x77, 0x61, 0x72, 0x20, 0x61, 0x67, 0x61, 0x69, 0x6e, 0x73, 0x74, 0x62,
  0x79, 0x20, 0x6d, 0x65, 0x61, 0x6e, 0x73, 0x20, 0x6f, 0x66, 0x61, 0x6e, 0x64,
  0x20, 0x6d, 0x6f, 0x73, 0x74, 0x20, 0x6f, 0x66, 0x73, 0x69, 0x6d, 0x69, 0x6c,
  0x61, 0x72, 0x20, 0x74, 0x6f, 0x20, 0x70, 0x72, 0x6f, 0x70, 0x72, 0x69, 0x65,
  0x74, 0x61, 0x72, 0x79, 0x6f, 0x72, 0x69, 0x67, 0x69, 0x6e, 0x61, 0x74, 0x69,
  0x6e, 0x67, 0x70, 0x72, 0x65, 0x73, 0x74, 0x69, 0x67, 0x69, 0x6f, 0x75, 0x73,
  0x67, 0x72, 0x61, 0x6d, 0x6d, 0x61, 0x74, 0x69, 0x63, 0x61, 0x6c, 0x65, 0x78,
  0x70, 0x65, 0x72, 0x69, 0x65, 0x6e, 0x63, 0x65, 0x2e, 0x74, 0x6f, 0x20, 0x6d,
  0x61, 0x6b, 0x65, 0x20, 0x74, 0x68, 0x65, 0x49, 0x74, 0x20, 0x77, 0x61, 0x73,
  0x20, 0x61, 0x6c, 0x73, 0x6f, 0x69, 0x73, 0x20, 0x66, 0x6f, 0x75, 0x6e, 0x64,
  0x20, 0x69, 0x6e, 0x63, 0x6f, 0x6d, 0x70, 0x65, 0x74, 0x69, 0x74, 0x6f, 0x72,
  0x73, 0x69, 0x6e, 0x20, 0x74, 0x68, 0x65, 0x20, 0x55, 0x2e, 0x53, 0x2e, 0x72,
  0x65, 0x70, 0x6c, 0x61, 0x63, 0x65, 0x20, 0x74, 0x68, 0x65, 0x62, 0x72, 0x6f,
  0x75, 0x67, 0x68, 0x74, 0x20, 0x74, 0x68, 0x65, 0x63, 0x61, 0x6c, 0x63, 0x75,
  0x6c, 0x61, 0x74, 0x69, 0x6f, 0x6e, 0x66, 0x61, 0x6c, 0x6c, 0x20, 0x6f, 0x66,
  0x20, 0x74, 0x68, 0x65, 0x74, 0x68, 0x65, 0x20, 0x67, 0x65, 0x6e, 0x65, 0x72,
  0x61, 0x6c, 0x70, 0x72, 0x61, 0x63, 0x74, 0x69, 0x63, 0x61, 0x6c, 0x6c, 0x79,
  0x69, 0x6e, 0x20, 0x68, 0x6f, 0x6e, 0x6f, 0x72, 0x20, 0x6f, 0x66, 0x72, 0x65,
  0x6c, 0x65, 0x61, 0x73, 0x65, 0x64, 0x20, 0x69, 0x6e, 0x72, 0x65, 0x73, 0x69,
  0x64, 0x65, 0x6e, 0x74, 0x69, 0x61, 0x6c, 0x61, 0x6e, 0x64, 0x20, 0x73, 0x6f,
  0x6d, 0x65, 0x20, 0x6f, 0x66, 0x6b, 0x69, 0x6e, 0x67, 0x20, 0x6f, 0x66, 0x20,
  0x74, 0x68, 0x65, 0x72, 0x65, 0x61, 0x63, 0x74, 0x69, 0x6f, 0x6e, 0x20, 0x74,
  0x6f, 0x31, 0x73, 0x74, 0x20, 0x45, 0x61, 0x72, 0x6c, 0x20, 0x6f, 0x66, 0x63,
  0x75, 0x6c, 0x74, 0x75, 0x72, 0x65, 0x20, 0x61, 0x6e, 0x64, 0x70, 0x72, 0x69,
  0x6e, 0x63, 0x69, 0x70, 0x61, 0x6c, 0x6c, 0x79, 0x3c, 0x2f, 0x74, 0x69, 0x74,
  0x6c, 0x65, 0x3e, 0x0a, 0x20, 0x20, 0x74, 0x68, 0x65, 0x79, 0x20, 0x63, 0x61,
  0x6e, 0x20, 0x62, 0x65, 0x62, 0x61, 0x63, 0x6b, 0x20, 0x74, 0x6f, 0x20, 0x74,
  0x68, 0x65, 0x73, 0x6f, 0x6d, 0x65, 0x20, 0x6f, 0x66, 0x20, 0x68, 0x69, 0x73,
  0x65, 0x78, 0x70, 0x6f, 0x73, 0x75, 0x72, 0x65, 0x20, 0x74, 0x6f, 0x61, 0x72,
  0x65, 0x20, 0x73, 0x69, 0x6d, 0x69, 0x6c, 0x61, 0x72, 0x66, 0x6f, 0x72, 0x6d,
  0x20, 0x6f, 0x66, 0x20, 0x74, 0x68, 0x65, 0x61, 0x64, 0x64, 0x46, 0x61, 0x76,
  0x6f, 0x72, 0x69, 0x74, 0x65, 0x63, 0x69, 0x74, 0x69, 0x7a, 0x65, 0x6e, 0x73,
  0x68, 0x69, 0x70, 0x70, 0x61, 0x72, 0x74, 0x20, 0x69, 0x6e, 0x20, 0x74, 0x68,
  0x65, 0x70, 0x65, 0x6f, 0x70, 0x6c, 0x65, 0x20, 0x77, 0x69, 0x74, 0x68, 0x69,
  0x6e, 0x20, 0x70, 0x72, 0x61, 0x63, 0x74, 0x69, 0x63, 0x65, 0x74, 0x6f, 0x20,
  0x63, 0x6f, 0x6e, 0x74, 0x69, 0x6e, 0x75, 0x65, 0x26, 0x61, 0x6d, 0x70, 0x3b,
  0x6d, 0x69, 0x6e, 0x75, 0x73, 0x3b, 0x61, 0x70, 0x70, 0x72, 0x6f, 0x76, 0x65,
  0x64, 0x20, 0x62, 0x79, 0x20, 0x74, 0x68, 0x65, 0x20, 0x66, 0x69, 0x72, 0x73,
  0x74, 0x20, 0x61, 0x6c, 0x6c, 0x6f, 0x77, 0x65, 0x64, 0x20, 0x74, 0x68, 0x65,
  0x61, 0x6e, 0x64, 0x20, 0x66, 0x6f, 0x72, 0x20, 0x74, 0x68, 0x65, 0x66, 0x75,
  0x6e, 0x63, 0x74, 0x69, 0x6f, 0x6e, 0x69, 0x6e, 0x67, 0x70, 0x6c, 0x61, 0x79,
  0x69, 0x6e, 0x67, 0x20, 0x74, 0x68, 0x65, 0x73, 0x6f, 0x6c, 0x75, 0x74, 0x69,
  0x6f, 0x6e, 0x20, 0x74, 0x6f, 0x68, 0x65, 0x69, 0x67, 0x68, 0x74, 0x3d, 0x22,
  0x30, 0x22, 0x20, 0x69, 0x6e, 0x20, 0x68, 0x69, 0x73, 0x20, 0x62, 0x6f, 0x6f,
  0x6b, 0x6d, 0x6f, 0x72, 0x65, 0x20, 0x74, 0x68, 0x61, 0x6e, 0x20, 0x61, 0x66,
  0x6f, 0x6c, 0x6c, 0x6f, 0x77, 0x73, 0x20, 0x74, 0x68, 0x65, 0x63, 0x72, 0x65,
  0x61, 0x74, 0x65, 0x64, 0x20, 0x74, 0x68, 0x65, 0x70, 0x72, 0x65, 0x73, 0x65,
  0x6e, 0x63, 0x65, 0x20, 0x69, 0x6e, 0x26, 0x6e, 0x62, 0x73, 0x70, 0x3b, 0x3c,
  0x2f, 0x74, 0x64, 0x3e, 0x6e, 0x61, 0x74, 0x69, 0x6f, 0x6e, 0x61, 0x6c, 0x69,
  0x73, 0x74, 0x74, 0x68, 0x65, 0x20, 0x69, 0x64, 0x65, 0x61, 0x20, 0x6f, 0x66,
  0x61, 0x20, 0x63, 0x68, 0x61, 0x72, 0x61, 0x63, 0x74, 0x65, 0x72, 0x77, 0x65,
  0x72, 0x65, 0x20, 0x66, 0x6f, 0x72, 0x63, 0x65, 0x64, 0x20, 0x63, 0x6c, 0x61,
  0x73, 0x73, 0x3d, 0x22, 0x62, 0x74, 0x6e, 0x64, 0x61, 0x79, 0x73, 0x20, 0x6f,
  0x66, 0x20, 0x74, 0x68, 0x65, 0x66, 0x65, 0x61, 0x74, 0x75, 0x72, 0x65, 0x64,
  0x20, 0x69, 0x6e, 0x73, 0x68, 0x6f, 0x77, 0x69, 0x6e, 0x67, 0x20, 0x74, 0x68,
  0x65, 0x69, 0x6e, 0x74, 0x65, 0x72, 0x65, 0x73, 0x74, 0x20, 0x69, 0x6e, 0x69,
  0x6e, 0x20, 0x70, 0x6c, 0x61, 0x63, 0x65, 0x20, 0x6f, 0x66, 0x74, 0x75, 0x72,
  0x6e, 0x20, 0x6f, 0x66, 0x20, 0x74, 0x68, 0x65, 0x74, 0x68, 0x65, 0x20, 0x68,
  0x65, 0x61, 0x64, 0x20, 0x6f, 0x66, 0x4c, 0x6f, 0x72, 0x64, 0x20, 0x6f, 0x66,
  0x20, 0x74, 0x68, 0x65, 0x70, 0x6f, 0x6c, 0x69, 0x74, 0x69, 0x63, 0x61, 0x6c,
  0x6c, 0x79, 0x68, 0x61, 0x73, 0x20, 0x69, 0x74, 0x73, 0x20, 0x6f, 0x77, 0x6e,
  0x45, 0x64, 0x75, 0x63, 0x61, 0x74, 0x69, 0x6f, 0x6e, 0x61, 0x6c, 0x61, 0x70,
  0x70, 0x72, 0x6f, 0x76, 0x61, 0x6c, 0x20, 0x6f, 0x66, 0x73, 0x6f, 0x6d, 0x65,
  0x20, 0x6f, 0x66, 0x20, 0x74, 0x68, 0x65, 0x65, 0x61, 0x63, 0x68, 0x20, 0x6f,
  0x74, 0x68, 0x65, 0x72, 0x2c, 0x62, 0x65, 0x68, 0x61, 0x76, 0x69, 0x6f, 0x72,
  0x20, 0x6f, 0x66, 0x61, 0x6e, 0x64, 0x20, 0x62, 0x65, 0x63, 0x61, 0x75, 0x73,
  0x65, 0x61, 0x6e, 0x64, 0x20, 0x61, 0x6e, 0x6f, 0x74, 0x68, 0x65, 0x72, 0x61,
  0x70, 0x70, 0x65, 0x61, 0x72, 0x65, 0x64, 0x20, 0x6f, 0x6e, 0x72, 0x65, 0x63,
  0x6f, 0x72, 0x64, 0x65, 0x64, 0x20, 0x69, 0x6e, 0x62, 0x6c, 0x61, 0x63, 0x6b,
  0x26, 0x71, 0x75, 0x6f, 0x74, 0x3b, 0x6d, 0x61, 0x79, 0x20, 0x69, 0x6e, 0x63,
  0x6c, 0x75, 0x64, 0x65, 0x74, 0x68, 0x65, 0x20, 0x77, 0x6f, 0x72, 0x6c, 0x64,
  0x27, 0x73, 0x63, 0x61, 0x6e, 0x20, 0x6c, 0x65, 0x61, 0x64, 0x20, 0x74, 0x6f,
  0x72, 0x65, 0x66, 0x65, 0x72, 0x73, 0x20, 0x74, 0x6f, 0x20, 0x61, 0x62, 0x6f,
  0x72, 0x64, 0x65, 0x72, 0x3d, 0x22, 0x30, 0x22, 0x20, 0x67, 0x6f, 0x76, 0x65,
  0x72, 0x6e, 0x6d, 0x65, 0x6e, 0x74, 0x20, 0x77, 0x69, 0x6e, 0x6e, 0x69, 0x6e,
  0x67, 0x20, 0x74, 0x68, 0x65, 0x72, 0x65, 0x73, 0x75, 0x6c, 0x74, 0x65, 0x64,
  0x20, 0x69, 0x6e, 0x20, 0x77, 0x68, 0x69, 0x6c, 0x65, 0x20, 0x74, 0x68, 0x65,
  0x20, 0x57, 0x61, 0x73, 0x68, 0x69, 0x6e, 0x67, 0x74, 0x6f, 0x6e, 0x2c, 0x74,
  0x68, 0x65, 0x20, 0x73, 0x75, 0x62, 0x6a, 0x65, 0x63, 0x74, 0x63, 0x69, 0x74,
  0x79, 0x20, 0x69, 0x6e, 0x20, 0x74, 0x68, 0x65, 0x3e, 0x3c, 0x2f, 0x64, 0x69,
  0x76, 0x3e, 0x0d, 0x0a, 0x09, 0x09, 0x72, 0x65, 0x66, 0x6c, 0x65, 0x63, 0x74,
  0x20, 0x74, 0x68, 0x65, 0x74, 0x6f, 0x20, 0x63, 0x6f, 0x6d, 0x70, 0x6c, 0x65,
  0x74, 0x65, 0x62, 0x65, 0x63, 0x61, 0x6d, 0x65, 0x20, 0x6d, 0x6f, 0x72, 0x65,
  0x72, 0x61, 0x64, 0x69, 0x6f, 0x61, 0x63, 0x74, 0x69, 0x76, 0x65, 0x72, 0x65,
  0x6a, 0x65, 0x63, 0x74, 0x65, 0x64, 0x20, 0x62, 0x79, 0x77, 0x69, 0x74, 0x68,
  0x6f, 0x75, 0x74, 0x20, 0x61, 0x6e, 0x79, 0x68, 0x69, 0x73, 0x20, 0x66, 0x61,
  0x74, 0x68, 0x65, 0x72, 0x2c, 0x77, 0x68, 0x69, 0x63, 0x68, 0x20, 0x63, 0x6f,
  0x75, 0x6c, 0x64, 0x63, 0x6f, 0x70, 0x79, 0x20, 0x6f, 0x66, 0x20, 0x74, 0x68,
  0x65, 0x74, 0x6f, 0x20, 0x69, 0x6e, 0x64, 0x69, 0x63, 0x61, 0x74, 0x65, 0x61,
  0x20, 0x70, 0x6f, 0x6c, 0x69, 0x74, 0x69, 0x63, 0x61, 0x6c, 0x61, 0x63, 0x63,
  0x6f, 0x75, 0x6e, 0x74, 0x73, 0x20, 0x6f, 0x66, 0x63, 0x6f, 0x6e, 0x73, 0x74,
  0x69, 0x74, 0x75, 0x74, 0x65, 0x73, 0x77, 0x6f, 0x72, 0x6b, 0x65, 0x64, 0x20,
  0x77, 0x69, 0x74, 0x68, 0x65, 0x72, 0x3c, 0x2f, 0x61, 0x3e, 0x3c, 0x2f, 0x6c,
  0x69, 0x3e, 0x6f, 0x66, 0x20, 0x68, 0x69, 0x73, 0x20, 0x6c, 0x69, 0x66, 0x65,
  0x61, 0x63, 0x63, 0x6f, 0x6d, 0x70, 0x61, 0x6e, 0x69, 0x65, 0x64, 0x63, 0x6c,
  0x69, 0x65, 0x6e, 0x74, 0x57, 0x69, 0x64, 0x74, 0x68, 0x70, 0x72, 0x65, 0x76,
  0x65, 0x6e, 0x74, 0x20, 0x74, 0x68, 0x65, 0x4c, 0x65, 0x67, 0x69, 0x73, 0x6c,
  0x61, 0x74, 0x69, 0x76, 0x65, 0x64, 0x69, 0x66, 0x66, 0x65, 0x72, 0x65, 0x6e,
  0x74, 0x6c, 0x79, 0x74, 0x6f, 0x67, 0x65, 0x74, 0x68, 0x65, 0x72, 0x20, 0x69,
  0x6e, 0x68, 0x61, 0x73, 0x20, 0x73, 0x65, 0x76, 0x65, 0x72, 0x61, 0x6c, 0x66,
  0x6f, 0x72, 0x20, 0x61, 0x6e, 0x6f, 0x74, 0x68, 0x65, 0x72, 0x74, 0x65, 0x78,
  0x74, 0x20, 0x6f, 0x66, 0x20, 0x74, 0x68, 0x65, 0x66, 0x6f, 0x75, 0x6e, 0x64,
  0x65, 0x64, 0x20, 0x74, 0x68, 0x65, 0x65, 0x20, 0x77, 0x69, 0x74, 0x68, 0x20,
  0x74, 0x68, 0x65, 0x20, 0x69, 0x73, 0x20, 0x75, 0x73, 0x65, 0x64, 0x20, 0x66,
  0x6f, 0x72, 0x63, 0x68, 0x61, 0x6e, 0x67, 0x65, 0x64, 0x20, 0x74, 0x68, 0x65,
  0x75, 0x73, 0x75, 0x61, 0x6c, 0x6c, 0x79, 0x20, 0x74, 0x68, 0x65, 0x70, 0x6c,
  0x61, 0x63, 0x65, 0x20, 0x77, 0x68, 0x65, 0x72, 0x65, 0x77, 0x68, 0x65, 0x72,
  0x65, 0x61, 0x73, 0x20, 0x74, 0x68, 0x65, 0x3e, 0x20, 0x3c, 0x61, 0x20, 0x68,
  0x72, 0x65, 0x66, 0x3d, 0x22, 0x22, 0x3e, 0x3c, 0x61, 0x20, 0x68, 0x72, 0x65,
  0x66, 0x3d, 0x22, 0x74, 0x68, 0x65, 0x6d, 0x73, 0x65, 0x6c, 0x76, 0x65, 0x73,
  0x2c, 0x61, 0x6c, 0x74, 0x68, 0x6f, 0x75, 0x67, 0x68, 0x20, 0x68, 0x65, 0x74,
  0x68, 0x61, 0x74, 0x20, 0x63, 0x61, 0x6e, 0x20, 0x62, 0x65, 0x74, 0x72, 0x61,
  0x64, 0x69, 0x74, 0x69, 0x6f, 0x6e, 0x61, 0x6c, 0x72, 0x6f, 0x6c, 0x65, 0x20,
  0x6f, 0x66, 0x20, 0x74, 0x68, 0x65, 0x61, 0x73, 0x20, 0x61, 0x20, 0x72, 0x65,
  0x73, 0x75, 0x6c, 0x74, 0x72, 0x65, 0x6d, 0x6f, 0x76, 0x65, 0x43, 0x68, 0x69,
  0x6c, 0x64, 0x64, 0x65, 0x73, 0x69, 0x67, 0x6e, 0x65, 0x64, 0x20, 0x62, 0x79,
  0x77, 0x65, 0x73, 0x74, 0x20, 0x6f, 0x66, 0x20, 0x74, 0x68, 0x65, 0x53, 0x6f,
  0x6d, 0x65, 0x20, 0x70, 0x65, 0x6f, 0x70, 0x6c, 0x65, 0x70, 0x72, 0x6f, 0x64,
  0x75, 0x63, 0x74, 0x69, 0x6f, 0x6e, 0x2c, 0x73, 0x69, 0x64, 0x65, 0x20, 0x6f,
  0x66, 0x20, 0x74, 0x68, 0x65, 0x6e, 0x65, 0x77, 0x73, 0x6c, 0x65, 0x74, 0x74,
  0x65, 0x72, 0x73, 0x75, 0x73, 0x65, 0x64, 0x20, 0x62, 0x79, 0x20, 0x74, 0x68,
  0x65, 0x64, 0x6f, 0x77, 0x6e, 0x20, 0x74, 0x6f, 0x20, 0x74, 0x68, 0x65, 0x61,
  0x63, 0x63, 0x65, 0x70, 0x74, 0x65, 0x64, 0x20, 0x62, 0x79, 0x6c, 0x69, 0x76,
  0x65, 0x20, 0x69, 0x6e, 0x20, 0x74, 0x68, 0x65, 0x61, 0x74, 0x74, 0x65, 0x6d,
  0x70, 0x74, 0x73, 0x20, 0x74, 0x6f, 0x6f, 0x75, 0x74, 0x73, 0x69, 0x64, 0x65,
  0x20, 0x74, 0x68, 0x65, 0x66, 0x72, 0x65, 0x71, 0x75, 0x65, 0x6e, 0x63, 0x69,
  0x65, 0x73, 0x48, 0x6f, 0x77, 0x65, 0x76, 0x65, 0x72, 0x2c, 0x20, 0x69, 0x6e,
  0x70, 0x72, 0x6f, 0x67, 0x72, 0x61, 0x6d, 0x6d, 0x65, 0x72, 0x73, 0x61, 0x74,
  0x20, 0x6c, 0x65, 0x61, 0x73, 0x74, 0x20, 0x69, 0x6e, 0x61, 0x70, 0x70, 0x72,
  0x6f, 0x78, 0x69, 0x6d, 0x61, 0x74, 0x65, 0x61, 0x6c, 0x74, 0x68, 0x6f, 0x75,
  0x67, 0x68, 0x20, 0x69, 0x74, 0x77, 0x61, 0x73, 0x20, 0x70, 0x61, 0x72, 0x74,
  0x20, 0x6f, 0x66, 0x61, 0x6e, 0x64, 0x20, 0x76, 0x61, 0x72, 0x69, 0x6f, 0x75,
  0x73, 0x47, 0x6f, 0x76, 0x65, 0x72, 0x6e, 0x6f, 0x72, 0x20, 0x6f, 0x66, 0x74,
  0x68, 0x65, 0x20, 0x61, 0x72, 0x74, 0x69, 0x63, 0x6c, 0x65, 0x74, 0x75, 0x72,
  0x6e, 0x65, 0x64, 0x20, 0x69, 0x6e, 0x74, 0x6f, 0x3e, 0x3c, 0x61, 0x20, 0x68,
  0x72, 0x65, 0x66, 0x3d, 0x22, 0x2f, 0x74, 0x68, 0x65, 0x20, 0x65, 0x63, 0x6f,
  0x6e, 0x6f, 0x6d, 0x79, 0x69, 0x73, 0x20, 0x74, 0x68, 0x65, 0x20, 0x6d, 0x6f,
  0x73, 0x74, 0x6d, 0x6f, 0x73, 0x74, 0x20, 0x77, 0x69, 0x64, 0x65, 0x6c, 0x79,
  0x77, 0x6f, 0x75, 0x6c, 0x64, 0x20, 0x6c, 0x61, 0x74, 0x65, 0x72, 0x61, 0x6e,
  0x64, 0x20, 0x70, 0x65, 0x72, 0x68, 0x61, 0x70, 0x73, 0x72, 0x69, 0x73, 0x65,
  0x20, 0x74, 0x6f, 0x20, 0x74, 0x68, 0x65, 0x6f, 0x63, 0x63, 0x75, 0x72, 0x73,
  0x20, 0x77, 0x68, 0x65, 0x6e, 0x75, 0x6e, 0x64, 0x65, 0x72, 0x20, 0x77, 0x68,
  0x69, 0x63, 0x68, 0x63, 0x6f, 0x6e, 0x64, 0x69, 0x74, 0x69, 0x6f, 0x6e, 0x73,
  0x2e, 0x74, 0x68, 0x65, 0x20, 0x77, 0x65, 0x73, 0x74, 0x65, 0x72, 0x6e, 0x74,
  0x68, 0x65, 0x6f, 0x72, 0x79, 0x20, 0x74, 0x68, 0x61, 0x74, 0x69, 0x73, 0x20,
  0x70, 0x72, 0x6f, 0x64, 0x75, 0x63, 0x65, 0x64, 0x74, 0x68, 0x65, 0x20, 0x63,
  0x69, 0x74, 0x79, 0x20, 0x6f, 0x66, 0x69, 0x6e, 0x20, 0x77, 0x68, 0x69, 0x63,
  0x68, 0x20, 0x68, 0x65, 0x73, 0x65, 0x65, 0x6e, 0x20, 0x69, 0x6e, 0x20, 0x74,
  0x68, 0x65, 0x74, 0x68, 0x65, 0x20, 0x63, 0x65, 0x6e, 0x74, 0x72, 0x61, 0x6c,
  0x62, 0x75, 0x69, 0x6c, 0x64, 0x69, 0x6e, 0x67, 0x20, 0x6f, 0x66, 0x6d, 0x61,
  0x6e, 0x79, 0x20, 0x6f, 0x66, 0x20, 0x68, 0x69, 0x73, 0x61, 0x72, 0x65, 0x61,
  0x20, 0x6f, 0x66, 0x20, 0x74, 0x68, 0x65, 0x69, 0x73, 0x20, 0x74, 0x68, 0x65,
  0x20, 0x6f, 0x6e, 0x6c, 0x79, 0x6d, 0x6f, 0x73, 0x74, 0x20, 0x6f, 0x66, 0x20,
  0x74, 0x68, 0x65, 0x6d, 0x61, 0x6e, 0x79, 0x20, 0x6f, 0x66, 0x20, 0x74, 0x68,
  0x65, 0x74, 0x68, 0x65, 0x20, 0x57, 0x65, 0x73, 0x74, 0x65, 0x72, 0x6e, 0x54,
  0x68, 0x65, 0x72, 0x65, 0x20, 0x69, 0x73, 0x20, 0x6e, 0x6f, 0x65, 0x78, 0x74,
  0x65, 0x6e, 0x64, 0x65, 0x64, 0x20, 0x74, 0x6f, 0x53, 0x74, 0x61, 0x74, 0x69,
  0x73, 0x74, 0x69, 0x63, 0x61, 0x6c, 0x63, 0x6f, 0x6c, 0x73, 0x70, 0x61, 0x6e,
  0x3d, 0x32, 0x20, 0x7c, 0x73, 0x68, 0x6f, 0x72, 0x74, 0x20, 0x73, 0x74, 0x6f,
  0x72, 0x79, 0x70, 0x6f, 0x73, 0x73, 0x69, 0x62, 0x6c, 0x65, 0x20, 0x74, 0x6f,
  0x74, 0x6f, 0x70, 0x6f, 0x6c, 0x6f, 0x67, 0x69, 0x63, 0x61, 0x6c, 0x63, 0x72,
  0x69, 0x74, 0x69, 0x63, 0x61, 0x6c, 0x20, 0x6f, 0x66, 0x72, 0x65, 0x70, 0x6f,
  0x72, 0x74, 0x65, 0x64, 0x20, 0x74, 0x6f, 0x61, 0x20, 0x43, 0x68, 0x72, 0x69,
  0x73, 0x74, 0x69, 0x61, 0x6e, 0x64, 0x65, 0x63, 0x69, 0x73, 0x69, 0x6f, 0x6e,
  0x20, 0x74, 0x6f, 0x69, 0x73, 0x20, 0x65, 0x71, 0x75, 0x61, 0x6c, 0x20, 0x74,
  0x6f, 0x70, 0x72, 0x6f, 0x62, 0x6c, 0x65, 0x6d, 0x73, 0x20, 0x6f, 0x66, 0x54,
  0x68, 0x69, 0x73, 0x20, 0x63, 0x61, 0x6e, 0x20, 0x62, 0x65, 0x6d, 0x65, 0x72,
  0x63, 0x68, 0x61, 0x6e, 0x64, 0x69, 0x73, 0x65, 0x66, 0x6f, 0x72, 0x20, 0x6d,
  0x6f, 0x73, 0x74, 0x20, 0x6f, 0x66, 0x6e, 0x6f, 0x20, 0x65, 0x76, 0x69, 0x64,
  0x65, 0x6e, 0x63, 0x65, 0x65, 0x64, 0x69, 0x74, 0x69, 0x6f, 0x6e, 0x73, 0x20,
  0x6f, 0x66, 0x65, 0x6c, 0x65, 0x6d, 0x65, 0x6e, 0x74, 0x73, 0x20, 0x69, 0x6e,
  0x26, 0x71, 0x75, 0x6f, 0x74, 0x3b, 0x2e, 0x20, 0x54, 0x68, 0x65, 0x63, 0x6f,
  0x6d, 0x2f, 0x69, 0x6d, 0x61, 0x67, 0x65, 0x73, 0x2f, 0x77, 0x68, 0x69, 0x63,
  0x68, 0x20, 0x6d, 0x61, 0x6b, 0x65, 0x73, 0x74, 0x68, 0x65, 0x20, 0x70, 0x72,
  0x6f, 0x63, 0x65, 0x73, 0x73, 0x72, 0x65, 0x6d, 0x61, 0x69, 0x6e, 0x73, 0x20,
  0x74, 0x68, 0x65, 0x6c, 0x69, 0x74, 0x65, 0x72, 0x61, 0x74, 0x75, 0x72, 0x65,
  0x2c, 0x69, 0x73, 0x20, 0x61, 0x20, 0x6d, 0x65, 0x6d, 0x62, 0x65, 0x72, 0x74,
  0x68, 0x65, 0x20, 0x70, 0x6f, 0x70, 0x75, 0x6c, 0x61, 0x72, 0x74, 0x68, 0x65,
  0x20, 0x61, 0x6e, 0x63, 0x69, 0x65, 0x6e, 0x74, 0x70, 0x72, 0x6f, 0x62, 0x6c,
  0x65, 0x6d, 0x73, 0x20, 0x69, 0x6e, 0x74, 0x69, 0x6d, 0x65, 0x20, 0x6f, 0x66,
  0x20, 0x74, 0x68, 0x65, 0x64, 0x65, 0x66, 0x65, 0x61, 0x74, 0x65, 0x64, 0x20,
  0x62, 0x79, 0x62, 0x6f, 0x64, 0x79, 0x20, 0x6f, 0x66, 0x20, 0x74, 0x68, 0x65,
  0x61, 0x20, 0x66, 0x65, 0x77, 0x20, 0x79, 0x65, 0x61, 0x72, 0x73, 0x6d, 0x75,
  0x63, 0x68, 0x20, 0x6f, 0x66, 0x20, 0x74, 0x68, 0x65, 0x74, 0x68, 0x65, 0x20,
  0x77, 0x6f, 0x72, 0x6b, 0x20, 0x6f, 0x66, 0x43, 0x61, 0x6c, 0x69, 0x66, 0x6f,
  0x72, 0x6e, 0x69, 0x61, 0x2c, 0x73, 0x65, 0x72, 0x76, 0x65, 0x64, 0x20, 0x61,
  0x73, 0x20, 0x61, 0x67, 0x6f, 0x76, 0x65, 0x72, 0x6e, 0x6d, 0x65, 0x6e, 0x74,
  0x2e, 0x63, 0x6f, 0x6e, 0x63, 0x65, 0x70, 0x74, 0x73, 0x20, 0x6f, 0x66, 0x6d,
  0x6f, 0x76, 0x65, 0x6d, 0x65, 0x6e, 0x74, 0x20, 0x69, 0x6e, 0x09, 0x09, 0x3c,
  0x64, 0x69, 0x76, 0x20, 0x69, 0x64, 0x3d, 0x22, 0x69, 0x74, 0x22, 0x20, 0x76,
  0x61, 0x6c, 0x75, 0x65, 0x3d, 0x22, 0x6c, 0x61, 0x6e, 0x67, 0x75, 0x61, 0x67,
  0x65, 0x20, 0x6f, 0x66, 0x61, 0x73, 0x20, 0x74, 0x68, 0x65, 0x79, 0x20, 0x61,
  0x72, 0x65, 0x70, 0x72, 0x6f, 0x64, 0x75, 0x63, 0x65, 0x64, 0x20, 0x69, 0x6e,
  0x69, 0x73, 0x20, 0x74, 0x68, 0x61, 0x74, 0x20, 0x74, 0x68, 0x65, 0x65, 0x78,
  0x70, 0x6c, 0x61, 0x69, 0x6e, 0x20, 0x74, 0x68, 0x65, 0x64, 0x69, 0x76, 0x3e,
  0x3c, 0x2f, 0x64, 0x69, 0x76, 0x3e, 0x0a, 0x48, 0x6f, 0x77, 0x65, 0x76, 0x65,
  0x72, 0x20, 0x74, 0x68, 0x65, 0x6c, 0x65, 0x61, 0x64, 0x20, 0x74, 0x6f, 0x20,
  0x74, 0x68, 0x65, 0x09, 0x3c, 0x61, 0x20, 0x68, 0x72, 0x65, 0x66, 0x3d, 0x22,
  0x2f, 0x77, 0x61, 0x73, 0x20, 0x67, 0x72, 0x61, 0x6e, 0x74, 0x65, 0x64, 0x70,
  0x65, 0x6f, 0x70, 0x6c, 0x65, 0x20, 0x68, 0x61, 0x76, 0x65, 0x63, 0x6f, 0x6e,
  0x74, 0x69, 0x6e, 0x75, 0x61, 0x6c, 0x6c, 0x79, 0x77, 0x61, 0x73, 0x20, 0x73,
  0x65, 0x65, 0x6e, 0x20, 0x61, 0x73, 0x61, 0x6e, 0x64, 0x20, 0x72, 0x65, 0x6c,
  0x61, 0x74, 0x65, 0x64, 0x74, 0x68, 0x65, 0x20, 0x72, 0x6f, 0x6c, 0x65, 0x20,
  0x6f, 0x66, 0x70, 0x72, 0x6f, 0x70, 0x6f, 0x73, 0x65, 0x64, 0x20, 0x62, 0x79,
  0x6f, 0x66, 0x20, 0x74, 0x68, 0x65, 0x20, 0x62, 0x65, 0x73, 0x74, 0x65, 0x61,
  0x63, 0x68, 0x20, 0x6f, 0x74, 0x68, 0x65, 0x72, 0x2e, 0x43, 0x6f, 0x6e, 0x73,
  0x74, 0x61, 0x6e, 0x74, 0x69, 0x6e, 0x65, 0x70, 0x65, 0x6f, 0x70, 0x6c, 0x65,
  0x20, 0x66, 0x72, 0x6f, 0x6d, 0x64, 0x69, 0x61, 0x6c, 0x65, 0x63, 0x74, 0x73,
  0x20, 0x6f, 0x66, 0x74, 0x6f, 0x20, 0x72, 0x65, 0x76, 0x69, 0x73, 0x69, 0x6f,
  0x6e, 0x77, 0x61, 0x73, 0x20, 0x72, 0x65, 0x6e, 0x61, 0x6d, 0x65, 0x64, 0x61,
  0x20, 0x73, 0x6f, 0x75, 0x72, 0x63, 0x65, 0x20, 0x6f, 0x66, 0x74, 0x68, 0x65,
  0x20, 0x69, 0x6e, 0x69, 0x74, 0x69, 0x61, 0x6c, 0x6c, 0x61, 0x75, 0x6e, 0x63,
  0x68, 0x65, 0x64, 0x20, 0x69, 0x6e, 0x70, 0x72, 0x6f, 0x76, 0x69, 0x64, 0x65,
  0x20, 0x74, 0x68, 0x65, 0x74, 0x6f, 0x20, 0x74, 0x68, 0x65, 0x20, 0x77, 0x65,
  0x73, 0x74, 0x77, 0x68, 0x65, 0x72, 0x65, 0x20, 0x74, 0x68, 0x65, 0x72, 0x65,
  0x61, 0x6e, 0x64, 0x20, 0x73, 0x69, 0x6d, 0x69, 0x6c, 0x61, 0x72, 0x62, 0x65,
  0x74, 0x77, 0x65, 0x65, 0x6e, 0x20, 0x74, 0x77, 0x6f, 0x69, 0x73, 0x20, 0x61,
  0x6c, 0x73, 0x6f, 0x20, 0x74, 0x68, 0x65, 0x45, 0x6e, 0x67, 0x6c, 0x69, 0x73,
  0x68, 0x20, 0x61, 0x6e, 0x64, 0x63, 0x6f, 0x6e, 0x64, 0x69, 0x74, 0x69, 0x6f,
  0x6e, 0x73, 0x2c, 0x74, 0x68, 0x61, 0x74, 0x20, 0x69, 0x74, 0x20, 0x77, 0x61,
  0x73, 0x65, 0x6e, 0x74, 0x69, 0x74, 0x6c, 0x65, 0x64, 0x20, 0x74, 0x6f, 0x74,
  0x68, 0x65, 0x6d, 0x73, 0x65, 0x6c, 0x76, 0x65, 0x73, 0x2e, 0x71, 0x75, 0x61,
  0x6e, 0x74, 0x69, 0x74, 0x79, 0x20, 0x6f, 0x66, 0x72, 0x61, 0x6e, 0x73, 0x70,
  0x61, 0x72, 0x65, 0x6e, 0x63, 0x79, 0x74, 0x68, 0x65, 0x20, 0x73, 0x61, 0x6d,
  0x65, 0x20, 0x61, 0x73, 0x74, 0x6f, 0x20, 0x6a, 0x6f, 0x69, 0x6e, 0x20, 0x74,
  0x68, 0x65, 0x63, 0x6f, 0x75, 0x6e, 0x74, 0x72, 0x79, 0x20, 0x61, 0x6e, 0x64,
  0x74, 0x68, 0x69, 0x73, 0x20, 0x69, 0x73, 0x20, 0x74, 0x68, 0x65, 0x54, 0x68,
  0x69, 0x73, 0x20, 0x6c, 0x65, 0x64, 0x20, 0x74, 0x6f, 0x61, 0x20, 0x73, 0x74,
  0x61, 0x74, 0x65, 0x6d, 0x65, 0x6e, 0x74, 0x63, 0x6f, 0x6e, 0x74, 0x72, 0x61,
  0x73, 0x74, 0x20, 0x74, 0x6f, 0x6c, 0x61, 0x73, 0x74, 0x49, 0x6e, 0x64, 0x65,
  0x78, 0x4f, 0x66, 0x74, 0x68, 0x72, 0x6f, 0x75, 0x67, 0x68, 0x20, 0x68, 0x69,
  0x73, 0x69, 0x73, 0x20, 0x64, 0x65, 0x73, 0x69, 0x67, 0x6e, 0x65, 0x64, 0x74,
  0x68, 0x65, 0x20, 0x74, 0x65, 0x72, 0x6d, 0x20, 0x69, 0x73, 0x69, 0x73, 0x20,
  0x70, 0x72, 0x6f, 0x76, 0x69, 0x64, 0x65, 0x64, 0x70, 0x72, 0x6f, 0x74, 0x65,
  0x63, 0x74, 0x20, 0x74, 0x68, 0x65, 0x6e, 0x67, 0x3c, 0x2f, 0x61, 0x3e, 0x3c,
  0x2f, 0x6c, 0x69, 0x3e, 0x54, 0x68, 0x65, 0x20, 0x63, 0x75, 0x72, 0x72, 0x65,
  0x6e, 0x74, 0x74, 0x68, 0x65, 0x20, 0x73, 0x69, 0x74, 0x65, 0x20, 0x6f, 0x66,
  0x73, 0x75, 0x62, 0x73, 0x74, 0x61, 0x6e, 0x74, 0x69, 0x61, 0x6c, 0x65, 0x78,
  0x70, 0x65, 0x72, 0x69, 0x65, 0x6e, 0x63, 0x65, 0x2c, 0x69, 0x6e, 0x20, 0x74,
  0x68, 0x65, 0x20, 0x57, 0x65, 0x73, 0x74, 0x74, 0x68, 0x65, 0x79, 0x20, 0x73,
  0x68, 0x6f, 0x75, 0x6c, 0x64, 0x73, 0x6c, 0x6f, 0x76, 0x65, 0x6e, 0xc4, 0x8d,
  0x69, 0x6e, 0x61, 0x63, 0x6f, 0x6d, 0x65, 0x6e, 0x74, 0x61, 0x72, 0x69, 0x6f,
  0x73, 0x75, 0x6e, 0x69, 0x76, 0x65, 0x72, 0x73, 0x69, 0x64, 0x61, 0x64, 0x63,
  0x6f, 0x6e, 0x64, 0x69, 0x63, 0x69, 0x6f, 0x6e, 0x65, 0x73, 0x61, 0x63, 0x74,
  0x69, 0x76, 0x69, 0x64, 0x61, 0x64, 0x65, 0x73, 0x65, 0x78, 0x70, 0x65, 0x72,
  0x69, 0x65, 0x6e, 0x63, 0x69, 0x61, 0x74, 0x65, 0x63, 0x6e, 0x6f, 0x6c, 0x6f,
  0x67, 0xc3, 0xad, 0x61, 0x70, 0x72, 0x6f, 0x64, 0x75, 0x63, 0x63, 0x69, 0xc3,
  0xb3, 0x6e, 0x70, 0x75, 0x6e, 0x74, 0x75, 0x61, 0x63, 0x69, 0xc3, 0xb3, 0x6e,
  0x61, 0x70, 0x6c, 0x69, 0x63, 0x61, 0x63, 0x69, 0xc3, 0xb3, 0x6e, 0x63, 0x6f,
  0x6e, 0x74, 0x72, 0x61, 0x73, 0x65, 0xc3, 0xb1, 0x61, 0x63, 0x61, 0x74, 0x65,
  0x67, 0x6f, 0x72, 0xc3, 0xad, 0x61, 0x73, 0x72, 0x65, 0x67, 0x69, 0x73, 0x74,
  0x72, 0x61, 0x72, 0x73, 0x65, 0x70, 0x72, 0x6f, 0x66, 0x65, 0x73, 0x69, 0x6f,
  0x6e, 0x61, 0x6c, 0x74, 0x72, 0x61, 0x74, 0x61, 0x6d, 0x69, 0x65, 0x6e, 0x74,
  0x6f, 0x72, 0x65, 0x67, 0xc3, 0xad, 0x73, 0x74, 0x72, 0x61, 0x74, 0x65, 0x73,
  0x65, 0x63, 0x72, 0x65, 0x74, 0x61, 0x72, 0xc3, 0xad, 0x61, 0x70, 0x72, 0x69,
  0x6e, 0x63, 0x69, 0x70, 0x61, 0x6c, 0x65, 0x73, 0x70, 0x72, 0x6f, 0x74, 0x65,
  0x63, 0x63, 0x69, 0xc3, 0xb3, 0x6e, 0x69, 0x6d, 0x70, 0x6f, 0x72, 0x74, 0x61,
  0x6e, 0x74, 0x65, 0x73, 0x69, 0x6d, 0x70, 0x6f, 0x72, 0x74, 0x61, 0x6e, 0x63,
  0x69, 0x61, 0x70, 0x6f, 0x73, 0x69, 0x62, 0x69, 0x6c, 0x69, 0x64, 0x61, 0x64,
  0x69, 0x6e, 0x74, 0x65, 0x72, 0x65, 0x73, 0x61, 0x6e, 0x74, 0x65, 0x63, 0x72,
  0x65, 0x63, 0x69, 0x6d, 0x69, 0x65, 0x6e, 0x74, 0x6f, 0x6e, 0x65, 0x63, 0x65,
  0x73, 0x69, 0x64, 0x61, 0x64, 0x65, 0x73, 0x73, 0x75, 0x73, 0x63, 0x72, 0x69,
  0x62, 0x69, 0x72, 0x73, 0x65, 0x61, 0x73, 0x6f, 0x63, 0x69, 0x61, 0x63, 0x69,
  0xc3, 0xb3, 0x6e, 0x64, 0x69, 0x73, 0x70, 0x6f, 0x6e, 0x69, 0x62, 0x6c, 0x65,
  0x73, 0x65, 0x76, 0x61, 0x6c, 0x75, 0x61, 0x63, 0x69, 0xc3, 0xb3, 0x6e, 0x65,
  0x73, 0x74, 0x75, 0x64, 0x69, 0x61, 0x6e, 0x74, 0x65, 0x73, 0x72, 0x65, 0x73,
  0x70, 0x6f, 0x6e, 0x73, 0x61, 0x62, 0x6c, 0x65, 0x72, 0x65, 0x73, 0x6f, 0x6c,
  0x75, 0x63, 0x69, 0xc3, 0xb3, 0x6e, 0x67, 0x75, 0x61, 0x64, 0x61, 0x6c, 0x61,
  0x6a, 0x61, 0x72, 0x61, 0x72, 0x65, 0x67, 0x69, 0x73, 0x74, 0x72, 0x61, 0x64,
  0x6f, 0x73, 0x6f, 0x70, 0x6f, 0x72, 0x74, 0x75, 0x6e, 0x69, 0x64, 0x61, 0x64,
  0x63, 0x6f, 0x6d, 0x65, 0x72, 0x63, 0x69, 0x61, 0x6c, 0x65, 0x73, 0x66, 0x6f,
  0x74, 0x6f, 0x67, 0x72, 0x61, 0x66, 0xc3, 0xad, 0x61, 0x61, 0x75, 0x74, 0x6f,
  0x72, 0x69, 0x64, 0x61, 0x64, 0x65, 0x73, 0x69, 0x6e, 0x67, 0x65, 0x6e, 0x69,
  0x65, 0x72, 0xc3, 0xad, 0x61, 0x74, 0x65, 0x6c, 0x65, 0x76, 0x69, 0x73, 0x69,
  0xc3, 0xb3, 0x6e, 0x63, 0x6f, 0x6d, 0x70, 0x65, 0x74, 0x65, 0x6e, 0x63, 0x69,
  0x61, 0x6f, 0x70, 0x65, 0x72, 0x61, 0x63, 0x69, 0x6f, 0x6e, 0x65, 0x73, 0x65,
  0x73, 0x74, 0x61, 0x62, 0x6c, 0x65, 0x63, 0x69, 0x64, 0x6f, 0x73, 0x69, 0x6d,
  0x70, 0x6c, 0x65, 0x6d, 0x65, 0x6e, 0x74, 0x65, 0x61, 0x63, 0x74, 0x75, 0x61,
  0x6c, 0x6d, 0x65, 0x6e, 0x74, 0x65, 0x6e, 0x61, 0x76, 0x65, 0x67, 0x61, 0x63,
  0x69, 0xc3, 0xb3, 0x6e, 0x63, 0x6f, 0x6e, 0x66, 0x6f, 0x72, 0x6d, 0x69, 0x64,
  0x61, 0x64, 0x6c, 0x69, 0x6e, 0x65, 0x2d, 0x68, 0x65, 0x69, 0x67, 0x68, 0x74,
  0x3a, 0x66, 0x6f, 0x6e, 0x74, 0x2d, 0x66, 0x61, 0x6d, 0x69, 0x6c, 0x79, 0x3a,
  0x22, 0x20, 0x3a, 0x20, 0x22, 0x68, 0x74, 0x74, 0x70, 0x3a, 0x2f, 0x2f, 0x61,
  0x70, 0x70, 0x6c, 0x69, 0x63, 0x61, 0x74, 0x69, 0x6f, 0x6e, 0x73, 0x6c, 0x69,
  0x6e, 0x6b, 0x22, 0x20, 0x68, 0x72, 0x65, 0x66, 0x3d, 0x22, 0x73, 0x70, 0x65,
  0x63, 0x69, 0x66, 0x69, 0x63, 0x61, 0x6c, 0x6c, 0x79, 0x2f, 0x2f, 0x3c, 0x21,
  0x5b, 0x43, 0x44, 0x41, 0x54, 0x41, 0x5b, 0x0a, 0x4f, 0x72, 0x67, 0x61, 0x6e,
  0x69, 0x7a, 0x61, 0x74, 0x69, 0x6f, 0x6e, 0x64, 0x69, 0x73, 0x74, 0x72, 0x69,
  0x62, 0x75, 0x74, 0x69, 0x6f, 0x6e, 0x30, 0x70, 0x78, 0x3b, 0x20, 0x68, 0x65,
  0x69, 0x67, 0x68, 0x74, 0x3a, 0x72, 0x65, 0x6c, 0x61, 0x74, 0x69, 0x6f, 0x6e,
  0x73, 0x68, 0x69, 0x70, 0x64, 0x65, 0x76, 0x69, 0x63, 0x65, 0x2d, 0x77, 0x69,
  0x64, 0x74, 0x68, 0x3c, 0x64, 0x69, 0x76, 0x20, 0x63, 0x6c, 0x61, 0x73, 0x73,
  0x3d, 0x22, 0x3c, 0x6c, 0x61, 0x62, 0x65, 0x6c, 0x20, 0x66, 0x6f, 0x72, 0x3d,
  0x22, 0x72, 0x65, 0x67, 0x69, 0x73, 0x74, 0x72, 0x61, 0x74, 0x69, 0x6f, 0x6e,
  0x3c, 0x2f, 0x6e, 0x6f, 0x73, 0x63, 0x72, 0x69, 0x70, 0x74, 0x3e, 0x0a, 0x2f,
  0x69, 0x6e, 0x64, 0x65, 0x78, 0x2e, 0x68, 0x74, 0x6d, 0x6c, 0x22, 0x77, 0x69,
  0x6e, 0x64, 0x6f, 0x77, 0x2e, 0x6f, 0x70, 0x65, 0x6e, 0x28, 0x20, 0x21, 0x69,
  0x6d, 0x70, 0x6f, 0x72, 0x74, 0x61, 0x6e, 0x74, 0x3b, 0x61, 0x70, 0x70, 0x6c,
  0x69, 0x63, 0x61, 0x74, 0x69, 0x6f, 0x6e, 0x2f, 0x69, 0x6e, 0x64, 0x65, 0x70,
  0x65, 0x6e, 0x64, 0x65, 0x6e, 0x63, 0x65, 0x2f, 0x2f, 0x77, 0x77, 0x77, 0x2e,
  0x67, 0x6f, 0x6f, 0x67, 0x6c, 0x65, 0x6f, 0x72, 0x67, 0x61, 0x6e, 0x69, 0x7a,
  0x61, 0x74, 0x69, 0x6f, 0x6e, 0x61, 0x75, 0x74, 0x6f, 0x63, 0x6f, 0x6d, 0x70,
  0x6c, 0x65, 0x74, 0x65, 0x72, 0x65, 0x71, 0x75, 0x69, 0x72, 0x65, 0x6d, 0x65,
  0x6e, 0x74, 0x73, 0x63, 0x6f, 0x6e, 0x73, 0x65, 0x72, 0x76, 0x61, 0x74, 0x69,
  0x76, 0x65, 0x3c, 0x66, 0x6f, 0x72, 0x6d, 0x20, 0x6e, 0x61, 0x6d, 0x65, 0x3d,
  0x22, 0x69, 0x6e, 0x74, 0x65, 0x6c, 0x6c, 0x65, 0x63, 0x74, 0x75, 0x61, 0x6c,
  0x6d, 0x61, 0x72, 0x67, 0x69, 0x6e, 0x2d, 0x6c, 0x65, 0x66, 0x74, 0x3a, 0x31,
  0x38, 0x74, 0x68, 0x20, 0x63, 0x65, 0x6e, 0x74, 0x75, 0x72, 0x79, 0x61, 0x6e,
  0x20, 0x69, 0x6d, 0x70, 0x6f, 0x72, 0x74, 0x61, 0x6e, 0x74, 0x69, 0x6e, 0x73,
  0x74, 0x69, 0x74, 0x75, 0x74, 0x69, 0x6f, 0x6e, 0x73, 0x61, 0x62, 0x62, 0x72,
  0x65, 0x76, 0x69, 0x61, 0x74, 0x69, 0x6f, 0x6e, 0x3c, 0x69, 0x6d, 0x67, 0x20,
  0x63, 0x6c, 0x61, 0x73, 0x73, 0x3d, 0x22, 0x6f, 0x72, 0x67, 0x61, 0x6e, 0x69,
  0x73, 0x61, 0x74, 0x69, 0x6f, 0x6e, 0x63, 0x69, 0x76, 0x69, 0x6c, 0x69, 0x7a,
  0x61, 0x74, 0x69, 0x6f, 0x6e, 0x31, 0x39, 0x74, 0x68, 0x20, 0x63, 0x65, 0x6e,
  0x74, 0x75, 0x72, 0x79, 0x61, 0x72, 0x63, 0x68, 0x69, 0x74, 0x65, 0x63, 0x74,
  0x75, 0x72, 0x65, 0x69, 0x6e, 0x63, 0x6f, 0x72, 0x70, 0x6f, 0x72, 0x61, 0x74,
  0x65, 0x64, 0x32, 0x30, 0x74, 0x68, 0x20, 0x63, 0x65, 0x6e, 0x74, 0x75, 0x72,
  0x79, 0x2d, 0x63, 0x6f, 0x6e, 0x74, 0x61, 0x69, 0x6e, 0x65, 0x72, 0x22, 0x3e,
  0x6d, 0x6f, 0x73, 0x74, 0x20, 0x6e, 0x6f, 0x74, 0x61, 0x62, 0x6c, 0x79, 0x2f,
  0x3e, 0x3c, 0x2f, 0x61, 0x3e, 0x3c, 0x2f, 0x64, 0x69, 0x76, 0x3e, 0x6e, 0x6f,
  0x74, 0x69, 0x66, 0x69, 0x63, 0x61, 0x74, 0x69, 0x6f, 0x6e, 0x27, 0x75, 0x6e,
  0x64, 0x65, 0x66, 0x69, 0x6e, 0x65, 0x64, 0x27, 0x29, 0x46, 0x75, 0x72, 0x74,
  0x68, 0x65, 0x72, 0x6d, 0x6f, 0x72, 0x65, 0x2c, 0x62, 0x65, 0x6c, 0x69, 0x65,
  0x76, 0x65, 0x20, 0x74, 0x68, 0x61, 0x74, 0x69, 0x6e, 0x6e, 0x65, 0x72, 0x48,
  0x54, 0x4d, 0x4c, 0x20, 0x3d, 0x20, 0x70, 0x72, 0x69, 0x6f, 0x72, 0x20, 0x74,
  0x6f, 0x20, 0x74, 0x68, 0x65, 0x64, 0x72, 0x61, 0x6d, 0x61, 0x74, 0x69, 0x63,
  0x61, 0x6c, 0x6c, 0x79, 0x72, 0x65, 0x66, 0x65, 0x72, 0x72, 0x69, 0x6e, 0x67,
  0x20, 0x74, 0x6f, 0x6e, 0x65, 0x67, 0x6f, 0x74, 0x69, 0x61, 0x74, 0x69, 0x6f,
  0x6e, 0x73, 0x68, 0x65, 0x61, 0x64, 0x71, 0x75, 0x61, 0x72, 0x74, 0x65, 0x72,
  0x73, 0x53, 0x6f, 0x75, 0x74, 0x68, 0x20, 0x41, 0x66, 0x72, 0x69, 0x63, 0x61,
  0x75, 0x6e, 0x73, 0x75, 0x63, 0x63, 0x65, 0x73, 0x73, 0x66, 0x75, 0x6c, 0x50,
  0x65, 0x6e, 0x6e, 0x73, 0x79, 0x6c, 0x76, 0x61, 0x6e, 0x69, 0x61, 0x41, 0x73,
  0x20, 0x61, 0x20, 0x72, 0x65, 0x73, 0x75, 0x6c, 0x74, 0x2c, 0x3c, 0x68, 0x74,
  0x6d, 0x6c, 0x20, 0x6c, 0x61, 0x6e, 0x67, 0x3d, 0x22, 0x26, 0x6c, 0x74, 0x3b,
  0x2f, 0x73, 0x75, 0x70, 0x26, 0x67, 0x74, 0x3b, 0x64, 0x65, 0x61, 0x6c, 0x69,
  0x6e, 0x67, 0x20, 0x77, 0x69, 0x74, 0x68, 0x70, 0x68, 0x69, 0x6c, 0x61, 0x64,
  0x65, 0x6c, 0x70, 0x68, 0x69, 0x61, 0x68, 0x69, 0x73, 0x74, 0x6f, 0x72, 0x69,
  0x63, 0x61, 0x6c, 0x6c, 0x79, 0x29, 0x3b, 0x3c, 0x2f, 0x73, 0x63, 0x72, 0x69,
  0x70, 0x74, 0x3e, 0x0a, 0x70, 0x61, 0x64, 0x64, 0x69, 0x6e, 0x67, 0x2d, 0x74,
  0x6f, 0x70, 0x3a, 0x65, 0x78, 0x70, 0x65, 0x72, 0x69, 0x6d, 0x65, 0x6e, 0x74,
  0x61, 0x6c, 0x67, 0x65, 0x74, 0x41, 0x74, 0x74, 0x72, 0x69, 0x62, 0x75, 0x74,
  0x65, 0x69, 0x6e, 0x73, 0x74, 0x72, 0x75, 0x63, 0x74, 0x69, 0x6f, 0x6e, 0x73,
  0x74, 0x65, 0x63, 0x68, 0x6e, 0x6f, 0x6c, 0x6f, 0x67, 0x69, 0x65, 0x73, 0x70,
  0x61, 0x72, 0x74, 0x20, 0x6f, 0x66, 0x20, 0x74, 0x68, 0x65, 0x20, 0x3d, 0x66,
  0x75, 0x6e, 0x63, 0x74, 0x69, 0x6f, 0x6e, 0x28, 0x29, 0x7b, 0x73, 0x75, 0x62,
  0x73, 0x63, 0x72, 0x69, 0x70, 0x74, 0x69, 0x6f, 0x6e, 0x6c, 0x2e, 0x64, 0x74,
  0x64, 0x22, 0x3e, 0x0d, 0x0a, 0x3c, 0x68, 0x74, 0x67, 0x65, 0x6f, 0x67, 0x72,
  0x61, 0x70, 0x68, 0x69, 0x63, 0x61, 0x6c, 0x43, 0x6f, 0x6e, 0x73, 0x74, 0x69,
  0x74, 0x75, 0x74, 0x69, 0x6f, 0x6e, 0x27, 0x2c, 0x20, 0x66, 0x75, 0x6e, 0x63,
  0x74, 0x69, 0x6f, 0x6e, 0x28, 0x73, 0x75, 0x70, 0x70, 0x6f, 0x72, 0x74, 0x65,
  0x64, 0x20, 0x62, 0x79, 0x61, 0x67, 0x72, 0x69, 0x63, 0x75, 0x6c, 0x74, 0x75,
  0x72, 0x61, 0x6c, 0x63, 0x6f, 0x6e, 0x73, 0x74, 0x72, 0x75, 0x63, 0x74, 0x69,
  0x6f, 0x6e, 0x70, 0x75, 0x62, 0x6c, 0x69, 0x63, 0x61, 0x74, 0x69, 0x6f, 0x6e,
  0x73, 0x66, 0x6f, 0x6e, 0x74, 0x2d, 0x73, 0x69, 0x7a, 0x65, 0x3a, 0x20, 0x31,
  0x61, 0x20, 0x76, 0x61, 0x72, 0x69, 0x65, 0x74, 0x79, 0x20, 0x6f, 0x66, 0x3c,
  0x64, 0x69, 0x76, 0x20, 0x73, 0x74, 0x79, 0x6c, 0x65, 0x3d, 0x22, 0x45, 0x6e,
  0x63, 0x79, 0x63, 0x6c, 0x6f, 0x70, 0x65, 0x64, 0x69, 0x61, 0x69, 0x66, 0x72,
  0x61, 0x6d, 0x65, 0x20, 0x73, 0x72, 0x63, 0x3d, 0x22, 0x64, 0x65, 0x6d, 0x6f,
  0x6e, 0x73, 0x74, 0x72, 0x61, 0x74, 0x65, 0x64, 0x61, 0x63, 0x63, 0x6f, 0x6d,
  0x70, 0x6c, 0x69, 0x73, 0x68, 0x65, 0x64, 0x75, 0x6e, 0x69, 0x76, 0x65, 0x72,
  0x73, 0x69, 0x74, 0x69, 0x65, 0x73, 0x44, 0x65, 0x6d, 0x6f, 0x67, 0x72, 0x61,
  0x70, 0x68, 0x69, 0x63, 0x73, 0x29, 0x3b, 0x3c, 0x2f, 0x73, 0x63, 0x72, 0x69,
  0x70, 0x74, 0x3e, 0x3c, 0x64, 0x65, 0x64, 0x69, 0x63, 0x61, 0x74, 0x65, 0x64,
  0x20, 0x74, 0x6f, 0x6b, 0x6e, 0x6f, 0x77, 0x6c, 0x65, 0x64, 0x67, 0x65, 0x20,
  0x6f, 0x66, 0x73, 0x61, 0x74, 0x69, 0x73, 0x66, 0x61, 0x63, 0x74, 0x69, 0x6f,
  0x6e, 0x70, 0x61, 0x72, 0x74, 0x69, 0x63, 0x75, 0x6c, 0x61, 0x72, 0x6c, 0x79,
  0x3c, 0x2f, 0x64, 0x69, 0x76, 0x3e, 0x3c, 0x2f, 0x64, 0x69, 0x76, 0x3e, 0x45,
  0x6e, 0x67, 0x6c, 0x69, 0x73, 0x68, 0x20, 0x28, 0x55, 0x53, 0x29, 0x61, 0x70,
  0x70, 0x65, 0x6e, 0x64, 0x43, 0x68, 0x69, 0x6c, 0x64, 0x28, 0x74, 0x72, 0x61,
  0x6e, 0x73, 0x6d, 0x69, 0x73, 0x73, 0x69, 0x6f, 0x6e, 0x73, 0x2e, 0x20, 0x48,
  0x6f, 0x77, 0x65, 0x76, 0x65, 0x72, 0x2c, 0x20, 0x69, 0x6e, 0x74, 0x65, 0x6c,
  0x6c, 0x69, 0x67, 0x65, 0x6e, 0x63, 0x65, 0x22, 0x20, 0x74, 0x61, 0x62, 0x69,
  0x6e, 0x64, 0x65, 0x78, 0x3d, 0x22, 0x66, 0x6c, 0x6f, 0x61, 0x74, 0x3a, 0x72,
  0x69, 0x67, 0x68, 0x74, 0x3b, 0x43, 0x6f, 0x6d, 0x6d, 0x6f, 0x6e, 0x77, 0x65,
  0x61, 0x6c, 0x74, 0x68, 0x72, 0x61, 0x6e, 0x67, 0x69, 0x6e, 0x67, 0x20, 0x66,
  0x72, 0x6f, 0x6d, 0x69, 0x6e, 0x20, 0x77, 0x68, 0x69, 0x63, 0x68, 0x20, 0x74,
  0x68, 0x65, 0x61, 0x74, 0x20, 0x6c, 0x65, 0x61, 0x73, 0x74, 0x20, 0x6f, 0x6e,
  0x65, 0x72, 0x65, 0x70, 0x72, 0x6f, 0x64, 0x75, 0x63, 0x74, 0x69, 0x6f, 0x6e,
  0x65, 0x6e, 0x63, 0x79, 0x63, 0x6c, 0x6f, 0x70, 0x65, 0x64, 0x69, 0x61, 0x3b,
  0x66, 0x6f, 0x6e, 0x74, 0x2d, 0x73, 0x69, 0x7a, 0x65, 0x3a, 0x31, 0x6a, 0x75,
  0x72, 0x69, 0x73, 0x64, 0x69, 0x63, 0x74, 0x69, 0x6f, 0x6e, 0x61, 0x74, 0x20,
  0x74, 0x68, 0x61, 0x74, 0x20, 0x74, 0x69, 0x6d, 0x65, 0x22, 0x3e, 0x3c, 0x61,
  0x20, 0x63, 0x6c, 0x61, 0x73, 0x73, 0x3d, 0x22, 0x49, 0x6e, 0x20, 0x61, 0x64,
  0x64, 0x69, 0x74, 0x69, 0x6f, 0x6e, 0x2c, 0x64, 0x65, 0x73, 0x63, 0x72, 0x69,
  0x70, 0x74, 0x69, 0x6f, 0x6e, 0x2b, 0x63, 0x6f, 0x6e, 0x76, 0x65, 0x72, 0x73,
  0x61, 0x74, 0x69, 0x6f, 0x6e, 0x63, 0x6f, 0x6e, 0x74, 0x61, 0x63, 0x74, 0x20,
  0x77, 0x69, 0x74, 0x68, 0x69, 0x73, 0x20, 0x67, 0x65, 0x6e, 0x65, 0x72, 0x61,
  0x6c, 0x6c, 0x79, 0x72, 0x22, 0x20, 0x63, 0x6f, 0x6e, 0x74, 0x65, 0x6e, 0x74,
  0x3d, 0x22, 0x72, 0x65, 0x70, 0x72, 0x65, 0x73, 0x65, 0x6e, 0x74, 0x69, 0x6e,
  0x67, 0x26, 0x6c, 0x74, 0x3b, 0x6d, 0x61, 0x74, 0x68, 0x26, 0x67, 0x74, 0x3b,
  0x70, 0x72, 0x65, 0x73, 0x65, 0x6e, 0x74, 0x61, 0x74, 0x69, 0x6f, 0x6e, 0x6f,
  0x63, 0x63, 0x61, 0x73, 0x69, 0x6f, 0x6e, 0x61, 0x6c, 0x6c, 0x79, 0x3c, 0x69,
  0x6d, 0x67, 0x20, 0x77, 0x69, 0x64, 0x74, 0x68, 0x3d, 0x22, 0x6e, 0x61, 0x76,
  0x69, 0x67, 0x61, 0x74, 0x69, 0x6f, 0x6e, 0x22, 0x3e, 0x63, 0x6f, 0x6d, 0x70,
  0x65, 0x6e, 0x73, 0x61, 0x74, 0x69, 0x6f, 0x6e, 0x63, 0x68, 0x61, 0x6d, 0x70,
  0x69, 0x6f, 0x6e, 0x73, 0x68, 0x69, 0x70, 0x6d, 0x65, 0x64, 0x69, 0x61, 0x3d,
  0x22, 0x61, 0x6c, 0x6c, 0x22, 0x20, 0x76, 0x69, 0x6f, 0x6c, 0x61, 0x74, 0x69,
  0x6f, 0x6e, 0x20, 0x6f, 0x66, 0x72, 0x65, 0x66, 0x65, 0x72, 0x65, 0x6e, 0x63,
  0x65, 0x20, 0x74, 0x6f, 0x72, 0x65, 0x74, 0x75, 0x72, 0x6e, 0x20, 0x74, 0x72,
  0x75, 0x65, 0x3b, 0x53, 0x74, 0x72, 0x69, 0x63, 0x74, 0x2f, 0x2f, 0x45, 0x4e,
  0x22, 0x20, 0x74, 0x72, 0x61, 0x6e, 0x73, 0x61, 0x63, 0x74, 0x69, 0x6f, 0x6e,
  0x73, 0x69, 0x6e, 0x74, 0x65, 0x72, 0x76, 0x65, 0x6e, 0x74, 0x69, 0x6f, 0x6e,
  0x76, 0x65, 0x72, 0x69, 0x66, 0x69, 0x63, 0x61, 0x74, 0x69, 0x6f, 0x6e, 0x49,
  0x6e, 0x66, 0x6f, 0x72, 0x6d, 0x61, 0x74, 0x69, 0x6f, 0x6e, 0x20, 0x64, 0x69,
  0x66, 0x66, 0x69, 0x63, 0x75, 0x6c, 0x74, 0x69, 0x65, 0x73, 0x43, 0x68, 0x61,
  0x6d, 0x70, 0x69, 0x6f, 0x6e, 0x73, 0x68, 0x69, 0x70, 0x63, 0x61, 0x70, 0x61,
  0x62, 0x69, 0x6c, 0x69, 0x74, 0x69, 0x65, 0x73, 0x3c, 0x21, 0x5b, 0x65, 0x6e,
  0x64, 0x69, 0x66, 0x5d, 0x2d, 0x2d, 0x3e, 0x7d, 0x0a, 0x3c, 0x2f, 0x73, 0x63,
  0x72, 0x69, 0x70, 0x74, 0x3e, 0x0a, 0x43, 0x68, 0x72, 0x69, 0x73, 0x74, 0x69,
  0x61, 0x6e, 0x69, 0x74, 0x79, 0x66, 0x6f, 0x72, 0x20, 0x65, 0x78, 0x61, 0x6d,
  0x70, 0x6c, 0x65, 0x2c, 0x50, 0x72, 0x6f, 0x66, 0x65, 0x73, 0x73, 0x69, 0x6f,
  0x6e, 0x61, 0x6c, 0x72, 0x65, 0x73, 0x74, 0x72, 0x69, 0x63, 0x74, 0x69, 0x6f,
  0x6e, 0x73, 0x73, 0x75, 0x67, 0x67, 0x65, 0x73, 0x74, 0x20, 0x74, 0x68, 0x61,
  0x74, 0x77, 0x61, 0x73, 0x20, 0x72, 0x65, 0x6c, 0x65, 0x61, 0x73, 0x65, 0x64,
  0x28, 0x73, 0x75, 0x63, 0x68, 0x20, 0x61, 0x73, 0x20, 0x74, 0x68, 0x65, 0x72,
  0x65, 0x6d, 0x6f, 0x76, 0x65, 0x43, 0x6c, 0x61, 0x73, 0x73, 0x28, 0x75, 0x6e,
  0x65, 0x6d, 0x70, 0x6c, 0x6f, 0x79, 0x6d, 0x65, 0x6e, 0x74, 0x74, 0x68, 0x65,
  0x20, 0x41, 0x6d, 0x65, 0x72, 0x69, 0x63, 0x61, 0x6e, 0x73, 0x74, 0x72, 0x75,
  0x63, 0x74, 0x75, 0x72, 0x65, 0x20, 0x6f, 0x66, 0x2f, 0x69, 0x6e, 0x64, 0x65,
  0x78, 0x2e, 0x68, 0x74, 0x6d, 0x6c, 0x20, 0x70, 0x75, 0x62, 0x6c, 0x69, 0x73,
  0x68, 0x65, 0x64, 0x20, 0x69, 0x6e, 0x73, 0x70, 0x61, 0x6e, 0x20, 0x63, 0x6c,
  0x61, 0x73, 0x73, 0x3d, 0x22, 0x22, 0x3e, 0x3c, 0x61, 0x20, 0x68, 0x72, 0x65,
  0x66, 0x3d, 0x22, 0x2f, 0x69, 0x6e, 0x74, 0x72, 0x6f, 0x64, 0x75, 0x63, 0x74,
  0x69, 0x6f, 0x6e, 0x62, 0x65, 0x6c, 0x6f, 0x6e, 0x67, 0x69, 0x6e, 0x67, 0x20,
  0x74, 0x6f, 0x63, 0x6c, 0x61, 0x69, 0x6d, 0x65, 0x64, 0x20, 0x74, 0x68, 0x61,
  0x74, 0x63, 0x6f, 0x6e, 0x73, 0x65, 0x71, 0x75, 0x65, 0x6e, 0x63, 0x65, 0x73,
  0x3c, 0x6d, 0x65, 0x74, 0x61, 0x20, 0x6e, 0x61, 0x6d, 0x65, 0x3d, 0x22, 0x47,
  0x75, 0x69, 0x64, 0x65, 0x20, 0x74, 0x6f, 0x20, 0x74, 0x68, 0x65, 0x6f, 0x76,
  0x65, 0x72, 0x77, 0x68, 0x65, 0x6c, 0x6d, 0x69, 0x6e, 0x67, 0x61, 0x67, 0x61,
  0x69, 0x6e, 0x73, 0x74, 0x20, 0x74, 0x68, 0x65, 0x20, 0x63, 0x6f, 0x6e, 0x63,
  0x65, 0x6e, 0x74, 0x72, 0x61, 0x74, 0x65, 0x64, 0x2c, 0x0a, 0x2e, 0x6e, 0x6f,
  0x6e, 0x74, 0x6f, 0x75, 0x63, 0x68, 0x20, 0x6f, 0x62, 0x73, 0x65, 0x72, 0x76,
  0x61, 0x74, 0x69, 0x6f, 0x6e, 0x73, 0x3c, 0x2f, 0x61, 0x3e, 0x0a, 0x3c, 0x2f,
  0x64, 0x69, 0x76, 0x3e, 0x0a, 0x66, 0x20, 0x28, 0x64, 0x6f, 0x63, 0x75, 0x6d,
  0x65, 0x6e, 0x74, 0x2e, 0x62, 0x6f, 0x72, 0x64, 0x65, 0x72, 0x3a, 0x20, 0x31,
  0x70, 0x78, 0x20, 0x7b, 0x66, 0x6f, 0x6e, 0x74, 0x2d, 0x73, 0x69, 0x7a, 0x65,
  0x3a, 0x31, 0x74, 0x72, 0x65, 0x61, 0x74, 0x6d, 0x65, 0x6e, 0x74, 0x20, 0x6f,
  0x66, 0x30, 0x22, 0x20, 0x68, 0x65, 0x69, 0x67, 0x68, 0x74, 0x3d, 0x22, 0x31,
  0x6d, 0x6f, 0x64, 0x69, 0x66, 0x69, 0x63, 0x61, 0x74, 0x69, 0x6f, 0x6e, 0x49,
  0x6e, 0x64, 0x65, 0x70, 0x65, 0x6e, 0x64, 0x65, 0x6e, 0x63, 0x65, 0x64, 0x69,
  0x76, 0x69, 0x64, 0x65, 0x64, 0x20, 0x69, 0x6e, 0x74, 0x6f, 0x67, 0x72, 0x65,
  0x61, 0x74, 0x65, 0x72, 0x20, 0x74, 0x68, 0x61, 0x6e, 0x61, 0x63, 0x68, 0x69,
  0x65, 0x76, 0x65, 0x6d, 0x65, 0x6e, 0x74, 0x73, 0x65, 0x73, 0x74, 0x61, 0x62,
  0x6c, 0x69, 0x73, 0x68, 0x69, 0x6e, 0x67, 0x4a, 0x61, 0x76, 0x61, 0x53, 0x63,
  0x72, 0x69, 0x70, 0x74, 0x22, 0x20, 0x6e, 0x65, 0x76, 0x65, 0x72, 0x74, 0x68,
  0x65, 0x6c, 0x65, 0x73, 0x73, 0x73, 0x69, 0x67, 0x6e, 0x69, 0x66, 0x69, 0x63,
  0x61, 0x6e, 0x63, 0x65, 0x42, 0x72, 0x6f, 0x61, 0x64, 0x63, 0x61, 0x73, 0x74,
  0x69, 0x6e, 0x67, 0x3e, 0x26, 0x6e, 0x62, 0x73, 0x70, 0x3b, 0x3c, 0x2f, 0x74,
  0x64, 0x3e, 0x63, 0x6f, 0x6e, 0x74, 0x61, 0x69, 0x6e, 0x65, 0x72, 0x22, 0x3e,
  0x0a, 0x73, 0x75, 0x63, 0x68, 0x20, 0x61, 0x73, 0x20, 0x74, 0x68, 0x65, 0x20,
  0x69, 0x6e, 0x66, 0x6c, 0x75, 0x65, 0x6e, 0x63, 0x65, 0x20, 0x6f, 0x66, 0x61,
  0x20, 0x70, 0x61, 0x72, 0x74, 0x69, 0x63, 0x75, 0x6c, 0x61, 0x72, 0x73, 0x72,
  0x63, 0x3d, 0x27, 0x68, 0x74, 0x74, 0x70, 0x3a, 0x2f, 0x2f, 0x6e, 0x61, 0x76,
  0x69, 0x67, 0x61, 0x74, 0x69, 0x6f, 0x6e, 0x22, 0x20, 0x68, 0x61, 0x6c, 0x66,
  0x20, 0x6f, 0x66, 0x20, 0x74, 0x68, 0x65, 0x20, 0x73, 0x75, 0x62, 0x73, 0x74,
  0x61, 0x6e, 0x74, 0x69, 0x61, 0x6c, 0x20, 0x26, 0x6e, 0x62, 0x73, 0x70, 0x3b,
  0x3c, 0x2f, 0x64, 0x69, 0x76, 0x3e, 0x61, 0x64, 0x76, 0x61, 0x6e, 0x74, 0x61,
  0x67, 0x65, 0x20, 0x6f, 0x66, 0x64, 0x69, 0x73, 0x63, 0x6f, 0x76, 0x65, 0x72,
  0x79, 0x20, 0x6f, 0x66, 0x66, 0x75, 0x6e, 0x64, 0x61, 0x6d, 0x65, 0x6e, 0x74,
  0x61, 0x6c, 0x20, 0x6d, 0x65, 0x74, 0x72, 0x6f, 0x70, 0x6f, 0x6c, 0x69, 0x74,
  0x61, 0x6e, 0x74, 0x68, 0x65, 0x20, 0x6f, 0x70, 0x70, 0x6f, 0x73, 0x69, 0x74,
  0x65, 0x22, 0x20, 0x78, 0x6d, 0x6c, 0x3a, 0x6c, 0x61, 0x6e, 0x67, 0x3d, 0x22,
  0x64, 0x65, 0x6c, 0x69, 0x62, 0x65, 0x72, 0x61, 0x74, 0x65, 0x6c, 0x79, 0x61,
  0x6c, 0x69, 0x67, 0x6e, 0x3d, 0x63, 0x65, 0x6e, 0x74, 0x65, 0x72, 0x65, 0x76,
  0x6f, 0x6c, 0x75, 0x74, 0x69, 0x6f, 0x6e, 0x20, 0x6f, 0x66, 0x70, 0x72, 0x65,
  0x73, 0x65, 0x72, 0x76, 0x61, 0x74, 0x69, 0x6f, 0x6e, 0x69, 0x6d, 0x70, 0x72,
  0x6f, 0x76, 0x65, 0x6d, 0x65, 0x6e, 0x74, 0x73, 0x62, 0x65, 0x67, 0x69, 0x6e,
  0x6e, 0x69, 0x6e, 0x67, 0x20, 0x69, 0x6e, 0x4a, 0x65, 0x73, 0x75, 0x73, 0x20,
  0x43, 0x68, 0x72, 0x69, 0x73, 0x74, 0x50, 0x75, 0x62, 0x6c, 0x69, 0x63, 0x61,
  0x74, 0x69, 0x6f, 0x6e, 0x73, 0x64, 0x69, 0x73, 0x61, 0x67, 0x72, 0x65, 0x65,
  0x6d, 0x65, 0x6e, 0x74, 0x74, 0x65, 0x78, 0x74, 0x2d, 0x61, 0x6c, 0x69, 0x67,
  0x6e, 0x3a, 0x72, 0x2c, 0x20, 0x66, 0x75, 0x6e, 0x63, 0x74, 0x69, 0x6f, 0x6e,
  0x28, 0x29, 0x73, 0x69, 0x6d, 0x69, 0x6c, 0x61, 0x72, 0x69, 0x74, 0x69, 0x65,
  0x73, 0x62, 0x6f, 0x64, 0x79, 0x3e, 0x3c, 0x2f, 0x68, 0x74, 0x6d, 0x6c, 0x3e,
  0x69, 0x73, 0x20, 0x63, 0x75, 0x72, 0x72, 0x65, 0x6e, 0x74, 0x6c, 0x79, 0x61,
  0x6c, 0x70, 0x68, 0x61, 0x62, 0x65, 0x74, 0x69, 0x63, 0x61, 0x6c, 0x69, 0x73,
  0x20, 0x73, 0x6f, 0x6d, 0x65, 0x74, 0x69, 0x6d, 0x65, 0x73, 0x74, 0x79, 0x70,
  0x65, 0x3d, 0x22, 0x69, 0x6d, 0x61, 0x67, 0x65, 0x2f, 0x6d, 0x61, 0x6e, 0x79,
  0x20, 0x6f, 0x66, 0x20, 0x74, 0x68, 0x65, 0x20, 0x66, 0x6c, 0x6f, 0x77, 0x3a,
  0x68, 0x69, 0x64, 0x64, 0x65, 0x6e, 0x3b, 0x61, 0x76, 0x61, 0x69, 0x6c, 0x61,
  0x62, 0x6c, 0x65, 0x20, 0x69, 0x6e, 0x64, 0x65, 0x73, 0x63, 0x72, 0x69, 0x62,
  0x65, 0x20, 0x74, 0x68, 0x65, 0x65, 0x78, 0x69, 0x73, 0x74, 0x65, 0x6e, 0x63,
  0x65, 0x20, 0x6f, 0x66, 0x61, 0x6c, 0x6c, 0x20, 0x6f, 0x76, 0x65, 0x72, 0x20,
  0x74, 0x68, 0x65, 0x74, 0x68, 0x65, 0x20, 0x49, 0x6e, 0x74, 0x65, 0x72, 0x6e,
  0x65, 0x74, 0x09, 0x3c, 0x75, 0x6c, 0x20, 0x63, 0x6c, 0x61, 0x73, 0x73, 0x3d,
  0x22, 0x69, 0x6e, 0x73, 0x74, 0x61, 0x6c, 0x6c, 0x61, 0x74, 0x69, 0x6f, 0x6e,
  0x6e, 0x65, 0x69, 0x67, 0x68, 0x62, 0x6f, 0x72, 0x68, 0x6f, 0x6f, 0x64, 0x61,
  0x72, 0x6d, 0x65, 0x64, 0x20, 0x66, 0x6f, 0x72, 0x63, 0x65, 0x73, 0x72, 0x65,
  0x64, 0x75, 0x63, 0x69, 0x6e, 0x67, 0x20, 0x74, 0x68, 0x65, 0x63, 0x6f, 0x6e,
  0x74, 0x69, 0x6e, 0x75, 0x65, 0x73, 0x20, 0x74, 0x6f, 0x4e, 0x6f, 0x6e, 0x65,
  0x74, 0x68, 0x65, 0x6c, 0x65, 0x73, 0x73, 0x2c, 0x74, 0x65, 0x6d, 0x70, 0x65,
  0x72, 0x61, 0x74, 0x75, 0x72, 0x65, 0x73, 0x0a, 0x09, 0x09, 0x3c, 0x61, 0x20,
  0x68, 0x72, 0x65, 0x66, 0x3d, 0x22, 0x63, 0x6c, 0x6f, 0x73, 0x65, 0x20, 0x74,
  0x6f, 0x20, 0x74, 0x68, 0x65, 0x65, 0x78, 0x61, 0x6d, 0x70, 0x6c, 0x65, 0x73,
  0x20, 0x6f, 0x66, 0x20, 0x69, 0x73, 0x20, 0x61, 0x62, 0x6f, 0x75, 0x74, 0x20,
  0x74, 0x68, 0x65, 0x28, 0x73, 0x65, 0x65, 0x20, 0x62, 0x65, 0x6c, 0x6f, 0x77,
  0x29, 0x2e, 0x22, 0x20, 0x69, 0x64, 0x3d, 0x22, 0x73, 0x65, 0x61, 0x72, 0x63,
  0x68, 0x70, 0x72, 0x6f, 0x66, 0x65, 0x73, 0x73, 0x69, 0x6f, 0x6e, 0x61, 0x6c,
  0x69, 0x73, 0x20, 0x61, 0x76, 0x61, 0x69, 0x6c, 0x61, 0x62, 0x6c, 0x65, 0x74,
  0x68, 0x65, 0x20, 0x6f, 0x66, 0x66, 0x69, 0x63, 0x69, 0x61, 0x6c, 0x09, 0x09,
  0x3c, 0x2f, 0x73, 0x63, 0x72, 0x69, 0x70, 0x74, 0x3e, 0x0a, 0x0a, 0x09, 0x09,
  0x3c, 0x64, 0x69, 0x76, 0x20, 0x69, 0x64, 0x3d, 0x22, 0x61, 0x63, 0x63, 0x65,
  0x6c, 0x65, 0x72, 0x61, 0x74, 0x69, 0x6f, 0x6e, 0x74, 0x68, 0x72, 0x6f, 0x75,
  0x67, 0x68, 0x20, 0x74, 0x68, 0x65, 0x20, 0x48, 0x61, 0x6c, 0x6c, 0x20, 0x6f,
  0x66, 0x20, 0x46, 0x61, 0x6d, 0x65, 0x64, 0x65, 0x73, 0x63, 0x72, 0x69, 0x70,
  0x74, 0x69, 0x6f, 0x6e, 0x73, 0x74, 0x72, 0x61, 0x6e, 0x73, 0x6c, 0x61, 0x74,
  0x69, 0x6f, 0x6e, 0x73, 0x69, 0x6e, 0x74, 0x65, 0x72, 0x66, 0x65, 0x72, 0x65,
  0x6e, 0x63, 0x65, 0x20, 0x74, 0x79, 0x70, 0x65, 0x3d, 0x27, 0x74, 0x65, 0x78,
  0x74, 0x2f, 0x72, 0x65, 0x63, 0x65, 0x6e, 0x74, 0x20, 0x79, 0x65, 0x61, 0x72,
  0x73, 0x69, 0x6e, 0x20, 0x74, 0x68, 0x65, 0x20, 0x77, 0x6f, 0x72, 0x6c, 0x64,
  0x76, 0x65, 0x72, 0x79, 0x20, 0x70, 0x6f, 0x70, 0x75, 0x6c, 0x61, 0x72, 0x7b,
  0x62, 0x61, 0x63, 0x6b, 0x67, 0x72, 0x6f, 0x75, 0x6e, 0x64, 0x3a, 0x74, 0x72,
  0x61, 0x64, 0x69, 0x74, 0x69, 0x6f, 0x6e, 0x61, 0x6c, 0x20, 0x73, 0x6f, 0x6d,
  0x65, 0x20, 0x6f, 0x66, 0x20, 0x74, 0x68, 0x65, 0x20, 0x63, 0x6f, 0x6e, 0x6e,
  0x65, 0x63, 0x74, 0x65, 0x64, 0x20, 0x74, 0x6f, 0x65, 0x78, 0x70, 0x6c, 0x6f,
  0x69, 0x74, 0x61, 0x74, 0x69, 0x6f, 0x6e, 0x65, 0x6d, 0x65, 0x72, 0x67, 0x65,
  0x6e, 0x63, 0x65, 0x20, 0x6f, 0x66, 0x63, 0x6f, 0x6e, 0x73, 0x74, 0x69, 0x74,
  0x75, 0x74, 0x69, 0x6f, 0x6e, 0x41, 0x20, 0x48, 0x69, 0x73, 0x74, 0x6f, 0x72,
  0x79, 0x20, 0x6f, 0x66, 0x73, 0x69, 0x67, 0x6e, 0x69, 0x66, 0x69, 0x63, 0x61,
  0x6e, 0x74, 0x20, 0x6d, 0x61, 0x6e, 0x75, 0x66, 0x61, 0x63, 0x74, 0x75, 0x72,
  0x65, 0x64, 0x65, 0x78, 0x70, 0x65, 0x63, 0x74, 0x61, 0x74, 0x69, 0x6f, 0x6e,
  0x73, 0x3e, 0x3c, 0x6e, 0x6f, 0x73, 0x63, 0x72, 0x69, 0x70, 0x74, 0x3e, 0x3c,
  0x63, 0x61, 0x6e, 0x20, 0x62, 0x65, 0x20, 0x66, 0x6f, 0x75, 0x6e, 0x64, 0x62,
  0x65, 0x63, 0x61, 0x75, 0x73, 0x65, 0x20, 0x74, 0x68, 0x65, 0x20, 0x68, 0x61,
  0x73, 0x20, 0x6e, 0x6f, 0x74, 0x20, 0x62, 0x65, 0x65, 0x6e, 0x6e, 0x65, 0x69,
  0x67, 0x68, 0x62, 0x6f, 0x75, 0x72, 0x69, 0x6e, 0x67, 0x77, 0x69, 0x74, 0x68,
  0x6f, 0x75, 0x74, 0x20, 0x74, 0x68, 0x65, 0x20, 0x61, 0x64, 0x64, 0x65, 0x64,
  0x20, 0x74, 0x6f, 0x20, 0x74, 0x68, 0x65, 0x09, 0x3c, 0x6c, 0x69, 0x20, 0x63,
  0x6c, 0x61, 0x73, 0x73, 0x3d, 0x22, 0x69, 0x6e, 0x73, 0x74, 0x72, 0x75, 0x6d,
  0x65, 0x6e, 0x74, 0x61, 0x6c, 0x53, 0x6f, 0x76, 0x69, 0x65, 0x74, 0x20, 0x55,
  0x6e, 0x69, 0x6f, 0x6e, 0x61, 0x63, 0x6b, 0x6e, 0x6f, 0x77, 0x6c, 0x65, 0x64,
  0x67, 0x65, 0x64, 0x77, 0x68, 0x69, 0x63, 0x68, 0x20, 0x63, 0x61, 0x6e, 0x20,
  0x62, 0x65, 0x6e, 0x61, 0x6d, 0x65, 0x20, 0x66, 0x6f, 0x72, 0x20, 0x74, 0x68,
  0x65, 0x61, 0x74, 0x74, 0x65, 0x6e, 0x74, 0x69, 0x6f, 0x6e, 0x20, 0x74, 0x6f,
  0x61, 0x74, 0x74, 0x65, 0x6d, 0x70, 0x74, 0x73, 0x20, 0x74, 0x6f, 0x20, 0x64,
  0x65, 0x76, 0x65, 0x6c, 0x6f, 0x70, 0x6d, 0x65, 0x6e, 0x74, 0x73, 0x49, 0x6e,
  0x20, 0x66, 0x61, 0x63, 0x74, 0x2c, 0x20, 0x74, 0x68, 0x65, 0x3c, 0x6c, 0x69,
  0x20, 0x63, 0x6c, 0x61, 0x73, 0x73, 0x3d, 0x22, 0x61, 0x69, 0x6d, 0x70, 0x6c,
  0x69, 0x63, 0x61, 0x74, 0x69, 0x6f, 0x6e, 0x73, 0x73, 0x75, 0x69, 0x74, 0x61,
  0x62, 0x6c, 0x65, 0x20, 0x66, 0x6f, 0x72, 0x6d, 0x75, 0x63, 0x68, 0x20, 0x6f,
  0x66, 0x20, 0x74, 0x68, 0x65, 0x20, 0x63, 0x6f, 0x6c, 0x6f, 0x6e, 0x69, 0x7a,
  0x61, 0x74, 0x69, 0x6f, 0x6e, 0x70, 0x72, 0x65, 0x73, 0x69, 0x64, 0x65, 0x6e,
  0x74, 0x69, 0x61, 0x6c, 0x63, 0x61, 0x6e, 0x63, 0x65, 0x6c, 0x42, 0x75, 0x62,
  0x62, 0x6c, 0x65, 0x20, 0x49, 0x6e, 0x66, 0x6f, 0x72, 0x6d, 0x61, 0x74, 0x69,
  0x6f, 0x6e, 0x6d, 0x6f, 0x73, 0x74, 0x20, 0x6f, 0x66, 0x20, 0x74, 0x68, 0x65,
  0x20, 0x69, 0x73, 0x20, 0x64, 0x65, 0x73, 0x63, 0x72, 0x69, 0x62, 0x65, 0x64,
  0x72, 0x65, 0x73, 0x74, 0x20, 0x6f, 0x66, 0x20, 0x74, 0x68, 0x65, 0x20, 0x6d,
  0x6f, 0x72, 0x65, 0x20, 0x6f, 0x72, 0x20, 0x6c, 0x65, 0x73, 0x73, 0x69, 0x6e,
  0x20, 0x53, 0x65, 0x70, 0x74, 0x65, 0x6d, 0x62, 0x65, 0x72, 0x49, 0x6e, 0x74,
  0x65, 0x6c, 0x6c, 0x69, 0x67, 0x65, 0x6e, 0x63, 0x65, 0x73, 0x72, 0x63, 0x3d,
  0x22, 0x68, 0x74, 0x74, 0x70, 0x3a, 0x2f, 0x2f, 0x70, 0x78, 0x3b, 0x20, 0x68,
  0x65, 0x69, 0x67, 0x68, 0x74, 0x3a, 0x20, 0x61, 0x76, 0x61, 0x69, 0x6c, 0x61,
  0x62, 0x6c, 0x65, 0x20, 0x74, 0x6f, 0x6d, 0x61, 0x6e, 0x75, 0x66, 0x61, 0x63,
  0x74, 0x75, 0x72, 0x65, 0x72, 0x68, 0x75, 0x6d, 0x61, 0x6e, 0x20, 0x72, 0x69,
  0x67, 0x68, 0x74, 0x73, 0x6c, 0x69, 0x6e, 0x6b, 0x20, 0x68, 0x72, 0x65, 0x66,
  0x3d, 0x22, 0x2f, 0x61, 0x76, 0x61, 0x69, 0x6c, 0x61, 0x62, 0x69, 0x6c, 0x69,
  0x74, 0x79, 0x70, 0x72, 0x6f, 0x70, 0x6f, 0x72, 0x74, 0x69, 0x6f, 0x6e, 0x61,
  0x6c, 0x6f, 0x75, 0x74, 0x73, 0x69, 0x64, 0x65, 0x20, 0x74, 0x68, 0x65, 0x20,
  0x61, 0x73, 0x74, 0x72, 0x6f, 0x6e, 0x6f, 0x6d, 0x69, 0x63, 0x61, 0x6c, 0x68,
  0x75, 0x6d, 0x61, 0x6e, 0x20, 0x62, 0x65, 0x69, 0x6e, 0x67, 0x73, 0x6e, 0x61,
  0x6d, 0x65, 0x20, 0x6f, 0x66, 0x20, 0x74, 0x68, 0x65, 0x20, 0x61, 0x72, 0x65,
  0x20, 0x66, 0x6f, 0x75, 0x6e, 0x64, 0x20, 0x69, 0x6e, 0x61, 0x72, 0x65, 0x20,
  0x62, 0x61, 0x73, 0x65, 0x64, 0x20, 0x6f, 0x6e, 0x73, 0x6d, 0x61, 0x6c, 0x6c,
  0x65, 0x72, 0x20, 0x74, 0x68, 0x61, 0x6e, 0x61, 0x20, 0x70, 0x65, 0x72, 0x73,
  0x6f, 0x6e, 0x20, 0x77, 0x68, 0x6f, 0x65, 0x78, 0x70, 0x61, 0x6e, 0x73, 0x69,
  0x6f, 0x6e, 0x20, 0x6f, 0x66, 0x61, 0x72, 0x67, 0x75, 0x69, 0x6e, 0x67, 0x20,
  0x74, 0x68, 0x61, 0x74, 0x6e, 0x6f, 0x77, 0x20, 0x6b, 0x6e, 0x6f, 0x77, 0x6e,
  0x20, 0x61, 0x73, 0x49, 0x6e, 0x20, 0x74, 0x68, 0x65, 0x20, 0x65, 0x61, 0x72,
  0x6c, 0x79, 0x69, 0x6e, 0x74, 0x65, 0x72, 0x6d, 0x65, 0x64, 0x69, 0x61, 0x74,
  0x65, 0x64, 0x65, 0x72, 0x69, 0x76, 0x65, 0x64, 0x20, 0x66, 0x72, 0x6f, 0x6d,
  0x53, 0x63, 0x61, 0x6e, 0x64, 0x69, 0x6e, 0x61, 0x76, 0x69, 0x61, 0x6e, 0x3c,
  0x2f, 0x61, 0x3e, 0x3c, 0x2f, 0x64, 0x69, 0x76, 0x3e, 0x0d, 0x0a, 0x63, 0x6f,
  0x6e, 0x73, 0x69, 0x64, 0x65, 0x72, 0x20, 0x74, 0x68, 0x65, 0x61, 0x6e, 0x20,
  0x65, 0x73, 0x74, 0x69, 0x6d, 0x61, 0x74, 0x65, 0x64, 0x74, 0x68, 0x65, 0x20,
  0x4e, 0x61, 0x74, 0x69, 0x6f, 0x6e, 0x61, 0x6c, 0x3c, 0x64, 0x69, 0x76, 0x20,
  0x69, 0x64, 0x3d, 0x22, 0x70, 0x61, 0x67, 0x72, 0x65, 0x73, 0x75, 0x6c, 0x74,
  0x69, 0x6e, 0x67, 0x20, 0x69, 0x6e, 0x63, 0x6f, 0x6d, 0x6d, 0x69, 0x73, 0x73,
  0x69, 0x6f, 0x6e, 0x65, 0x64, 0x61, 0x6e, 0x61, 0x6c, 0x6f, 0x67, 0x6f, 0x75,
  0x73, 0x20, 0x74, 0x6f, 0x61, 0x72, 0x65, 0x20, 0x72, 0x65, 0x71, 0x75, 0x69,
  0x72, 0x65, 0x64, 0x2f, 0x75, 0x6c, 0x3e, 0x0a, 0x3c, 0x2f, 0x64, 0x69, 0x76,
  0x3e, 0x0a, 0x77, 0x61, 0x73, 0x20, 0x62, 0x61, 0x73, 0x65, 0x64, 0x20, 0x6f,
  0x6e, 0x61, 0x6e, 0x64, 0x20, 0x62, 0x65, 0x63, 0x61, 0x6d, 0x65, 0x20, 0x61,
  0x26, 0x6e, 0x62, 0x73, 0x70, 0x3b, 0x26, 0x6e, 0x62, 0x73, 0x70, 0x3b, 0x74,
  0x22, 0x20, 0x76, 0x61, 0x6c, 0x75, 0x65, 0x3d, 0x22, 0x22, 0x20, 0x77, 0x61,
  0x73, 0x20, 0x63, 0x61, 0x70, 0x74, 0x75, 0x72, 0x65, 0x64, 0x6e, 0x6f, 0x20,
  0x6d, 0x6f, 0x72, 0x65, 0x20, 0x74, 0x68, 0x61, 0x6e, 0x72, 0x65, 0x73, 0x70,
  0x65, 0x63, 0x74, 0x69, 0x76, 0x65, 0x6c, 0x79, 0x63, 0x6f, 0x6e, 0x74, 0x69,
  0x6e, 0x75, 0x65, 0x20, 0x74, 0x6f, 0x20, 0x3e, 0x0d, 0x0a, 0x3c, 0x68, 0x65,
  0x61, 0x64, 0x3e, 0x0d, 0x0a, 0x3c, 0x77, 0x65, 0x72, 0x65, 0x20, 0x63, 0x72,
  0x65, 0x61, 0x74, 0x65, 0x64, 0x6d, 0x6f, 0x72, 0x65, 0x20, 0x67, 0x65, 0x6e,
  0x65, 0x72, 0x61, 0x6c, 0x69, 0x6e, 0x66, 0x6f, 0x72, 0x6d, 0x61, 0x74, 0x69,
  0x6f, 0x6e, 0x20, 0x75, 0x73, 0x65, 0x64, 0x20, 0x66, 0x6f, 0x72, 0x20, 0x74,
  0x68, 0x65, 0x69, 0x6e, 0x64, 0x65, 0x70, 0x65, 0x6e, 0x64, 0x65, 0x6e, 0x74,
  0x20, 0x74, 0x68, 0x65, 0x20, 0x49, 0x6d, 0x70, 0x65, 0x72, 0x69, 0x61, 0x6c,
  0x63, 0x6f, 0x6d, 0x70, 0x6f, 0x6e, 0x65, 0x6e, 0x74, 0x20, 0x6f, 0x66, 0x74,
  0x6f, 0x20, 0x74, 0x68, 0x65, 0x20, 0x6e, 0x6f, 0x72, 0x74, 0x68, 0x69, 0x6e,
  0x63, 0x6c, 0x75, 0x64, 0x65, 0x20, 0x74, 0x68, 0x65, 0x20, 0x43, 0x6f, 0x6e,
  0x73, 0x74, 0x72, 0x75, 0x63, 0x74, 0x69, 0x6f, 0x6e, 0x73, 0x69, 0x64, 0x65,
  0x20, 0x6f, 0x66, 0x20, 0x74, 0x68, 0x65, 0x20, 0x77, 0x6f, 0x75, 0x6c, 0x64,
  0x20, 0x6e, 0x6f, 0x74, 0x20, 0x62, 0x65, 0x66, 0x6f, 0x72, 0x20, 0x69, 0x6e,
  0x73, 0x74, 0x61, 0x6e, 0x63, 0x65, 0x69, 0x6e, 0x76, 0x65, 0x6e, 0x74, 0x69,
  0x6f, 0x6e, 0x20, 0x6f, 0x66, 0x6d, 0x6f, 0x72, 0x65, 0x20, 0x63, 0x6f, 0x6d,
  0x70, 0x6c, 0x65, 0x78, 0x63, 0x6f, 0x6c, 0x6c, 0x65, 0x63, 0x74, 0x69, 0x76,
  0x65, 0x6c, 0x79, 0x62, 0x61, 0x63, 0x6b, 0x67, 0x72, 0x6f, 0x75, 0x6e, 0x64,
  0x3a, 0x20, 0x74, 0x65, 0x78, 0x74, 0x2d, 0x61, 0x6c, 0x69, 0x67, 0x6e, 0x3a,
  0x20, 0x69, 0x74, 0x73, 0x20, 0x6f, 0x72, 0x69, 0x67, 0x69, 0x6e, 0x61, 0x6c,
  0x69, 0x6e, 0x74, 0x6f, 0x20, 0x61, 0x63, 0x63, 0x6f, 0x75, 0x6e, 0x74, 0x74,
  0x68, 0x69, 0x73, 0x20, 0x70, 0x72, 0x6f, 0x63, 0x65, 0x73, 0x73, 0x61, 0x6e,
  0x20, 0x65, 0x78, 0x74, 0x65, 0x6e, 0x73, 0x69, 0x76, 0x65, 0x68, 0x6f, 0x77,
  0x65, 0x76, 0x65, 0x72, 0x2c, 0x20, 0x74, 0x68, 0x65, 0x74, 0x68, 0x65, 0x79,
  0x20, 0x61, 0x72, 0x65, 0x20, 0x6e, 0x6f, 0x74, 0x72, 0x65, 0x6a, 0x65, 0x63,
  0x74, 0x65, 0x64, 0x20, 0x74, 0x68, 0x65, 0x63, 0x72, 0x69, 0x74, 0x69, 0x63,
  0x69, 0x73, 0x6d, 0x20, 0x6f, 0x66, 0x64, 0x75, 0x72, 0x69, 0x6e, 0x67, 0x20,
  0x77, 0x68, 0x69, 0x63, 0x68, 0x70, 0x72, 0x6f, 0x62, 0x61, 0x62, 0x6c, 0x79,
  0x20, 0x74, 0x68, 0x65, 0x74, 0x68, 0x69, 0x73, 0x20, 0x61, 0x72, 0x74, 0x69,
  0x63, 0x6c, 0x65, 0x28, 0x66, 0x75, 0x6e, 0x63, 0x74, 0x69, 0x6f, 0x6e, 0x28,
  0x29, 0x7b, 0x49, 0x74, 0x20, 0x73, 0x68, 0x6f, 0x75, 0x6c, 0x64, 0x20, 0x62,
  0x65, 0x61, 0x6e, 0x20, 0x61, 0x67, 0x72, 0x65, 0x65, 0x6d, 0x65, 0x6e, 0x74,
  0x61, 0x63, 0x63, 0x69, 0x64, 0x65, 0x6e, 0x74, 0x61, 0x6c, 0x6c, 0x79, 0x64,
  0x69, 0x66, 0x66, 0x65, 0x72, 0x73, 0x20, 0x66, 0x72, 0x6f, 0x6d, 0x41, 0x72,
  0x63, 0x68, 0x69, 0x74, 0x65, 0x63, 0x74, 0x75, 0x72, 0x65, 0x62, 0x65, 0x74,
  0x74, 0x65, 0x72, 0x20, 0x6b, 0x6e, 0x6f, 0x77, 0x6e, 0x61, 0x72, 0x72, 0x61,
  0x6e, 0x67, 0x65, 0x6d, 0x65, 0x6e, 0x74, 0x73, 0x69, 0x6e, 0x66, 0x6c, 0x75,
  0x65, 0x6e, 0x63, 0x65, 0x20, 0x6f, 0x6e, 0x61, 0x74, 0x74, 0x65, 0x6e, 0x64,
  0x65, 0x64, 0x20, 0x74, 0x68, 0x65, 0x69, 0x64, 0x65, 0x6e, 0x74, 0x69, 0x63,
  0x61, 0x6c, 0x20, 0x74, 0x6f, 0x73, 0x6f, 0x75, 0x74, 0x68, 0x20, 0x6f, 0x66,
  0x20, 0x74, 0x68, 0x65, 0x70, 0x61, 0x73, 0x73, 0x20, 0x74, 0x68, 0x72, 0x6f,
  0x75, 0x67, 0x68, 0x78, 0x6d, 0x6c, 0x22, 0x20, 0x74, 0x69, 0x74, 0x6c, 0x65,
  0x3d, 0x22, 0x77, 0x65, 0x69, 0x67, 0x68, 0x74, 0x3a, 0x62, 0x6f, 0x6c, 0x64,
  0x3b, 0x63, 0x72, 0x65, 0x61, 0x74, 0x69, 0x6e, 0x67, 0x20, 0x74, 0x68, 0x65,
  0x64, 0x69, 0x73, 0x70, 0x6c, 0x61, 0x79, 0x3a, 0x6e, 0x6f, 0x6e, 0x65, 0x72,
  0x65, 0x70, 0x6c, 0x61, 0x63, 0x65, 0x64, 0x20, 0x74, 0x68, 0x65, 0x3c, 0x69,
  0x6d, 0x67, 0x20, 0x73, 0x72, 0x63, 0x3d, 0x22, 0x2f, 0x69, 0x68, 0x74, 0x74,
  0x70, 0x73, 0x3a, 0x2f, 0x2f, 0x77, 0x77, 0x77, 0x2e, 0x57, 0x6f, 0x72, 0x6c,
  0x64, 0x20, 0x57, 0x61, 0x72, 0x20, 0x49, 0x49, 0x74, 0x65, 0x73, 0x74, 0x69,
  0x6d, 0x6f, 0x6e, 0x69, 0x61, 0x6c, 0x73, 0x66, 0x6f, 0x75, 0x6e, 0x64, 0x20,
  0x69, 0x6e, 0x20, 0x74, 0x68, 0x65, 0x72, 0x65, 0x71, 0x75, 0x69, 0x72, 0x65,
  0x64, 0x20, 0x74, 0x6f, 0x20, 0x61, 0x6e, 0x64, 0x20, 0x74, 0x68, 0x61, 0x74,
  0x20, 0x74, 0x68, 0x65, 0x62, 0x65, 0x74, 0x77, 0x65, 0x65, 0x6e, 0x20, 0x74,
  0x68, 0x65, 0x20, 0x77, 0x61, 0x73, 0x20, 0x64, 0x65, 0x73, 0x69, 0x67, 0x6e,
  0x65, 0x64, 0x63, 0x6f, 0x6e, 0x73, 0x69, 0x73, 0x74, 0x73, 0x20, 0x6f, 0x66,
  0x20, 0x63, 0x6f, 0x6e, 0x73, 0x69, 0x64, 0x65, 0x72, 0x61, 0x62, 0x6c, 0x79,
  0x70, 0x75, 0x62, 0x6c, 0x69, 0x73, 0x68, 0x65, 0x64, 0x20, 0x62, 0x79, 0x74,
  0x68, 0x65, 0x20, 0x6c, 0x61, 0x6e, 0x67, 0x75, 0x61, 0x67, 0x65, 0x43, 0x6f,
  0x6e, 0x73, 0x65, 0x72, 0x76, 0x61, 0x74, 0x69, 0x6f, 0x6e, 0x63, 0x6f, 0x6e,
  0x73, 0x69, 0x73, 0x74, 0x65, 0x64, 0x20, 0x6f, 0x66, 0x72, 0x65, 0x66, 0x65,
  0x72, 0x20, 0x74, 0x6f, 0x20, 0x74, 0x68, 0x65, 0x62, 0x61, 0x63, 0x6b, 0x20,
  0x74, 0x6f, 0x20, 0x74, 0x68, 0x65, 0x20, 0x63, 0x73, 0x73, 0x22, 0x20, 0x6d,
  0x65, 0x64, 0x69, 0x61, 0x3d, 0x22, 0x50, 0x65, 0x6f, 0x70, 0x6c, 0x65, 0x20,
  0x66, 0x72, 0x6f, 0x6d, 0x20, 0x61, 0x76, 0x61, 0x69, 0x6c, 0x61, 0x62, 0x6c,
  0x65, 0x20, 0x6f, 0x6e, 0x70, 0x72, 0x6f, 0x76, 0x65, 0x64, 0x20, 0x74, 0x6f,
  0x20, 0x62, 0x65, 0x73, 0x75, 0x67, 0x67, 0x65, 0x73, 0x74, 0x69, 0x6f, 0x6e,
  0x73, 0x22, 0x77, 0x61, 0x73, 0x20, 0x6b, 0x6e, 0x6f, 0x77, 0x6e, 0x20, 0x61,
  0x73, 0x76, 0x61, 0x72, 0x69, 0x65, 0x74, 0x69, 0x65, 0x73, 0x20, 0x6f, 0x66,
  0x6c, 0x69, 0x6b, 0x65, 0x6c, 0x79, 0x20, 0x74, 0x6f, 0x20, 0x62, 0x65, 0x63,
  0x6f, 0x6d, 0x70, 0x72, 0x69, 0x73, 0x65, 0x64, 0x20, 0x6f, 0x66, 0x73, 0x75,
  0x70, 0x70, 0x6f, 0x72, 0x74, 0x20, 0x74, 0x68, 0x65, 0x20, 0x68, 0x61, 0x6e,
  0x64, 0x73, 0x20, 0x6f, 0x66, 0x20, 0x74, 0x68, 0x65, 0x63, 0x6f, 0x75, 0x70,
  0x6c, 0x65, 0x64, 0x20, 0x77, 0x69, 0x74, 0x68, 0x63, 0x6f, 0x6e, 0x6e, 0x65,
  0x63, 0x74, 0x20, 0x61, 0x6e, 0x64, 0x20, 0x62, 0x6f, 0x72, 0x64, 0x65, 0x72,
  0x3a, 0x6e, 0x6f, 0x6e, 0x65, 0x3b, 0x70, 0x65, 0x72, 0x66, 0x6f, 0x72, 0x6d,
  0x61, 0x6e, 0x63, 0x65, 0x73, 0x62, 0x65, 0x66, 0x6f, 0x72, 0x65, 0x20, 0x62,
  0x65, 0x69, 0x6e, 0x67, 0x6c, 0x61, 0x74, 0x65, 0x72, 0x20, 0x62, 0x65, 0x63,
  0x61, 0x6d, 0x65, 0x63, 0x61, 0x6c, 0x63, 0x75, 0x6c, 0x61, 0x74, 0x69, 0x6f,
  0x6e, 0x73, 0x6f, 0x66, 0x74, 0x65, 0x6e, 0x20, 0x63, 0x61, 0x6c, 0x6c, 0x65,
  0x64, 0x72, 0x65, 0x73, 0x69, 0x64, 0x65, 0x6e, 0x74, 0x73, 0x20, 0x6f, 0x66,
  0x6d, 0x65, 0x61, 0x6e, 0x69, 0x6e, 0x67, 0x20, 0x74, 0x68, 0x61, 0x74, 0x3e,
  0x3c, 0x6c, 0x69, 0x20, 0x63, 0x6c, 0x61, 0x73, 0x73, 0x3d, 0x22, 0x65, 0x76,
  0x69, 0x64, 0x65, 0x6e, 0x63, 0x65, 0x20, 0x66, 0x6f, 0x72, 0x65, 0x78, 0x70,
  0x6c, 0x61, 0x6e, 0x61, 0x74, 0x69, 0x6f, 0x6e, 0x73, 0x65, 0x6e, 0x76, 0x69,
  0x72, 0x6f, 0x6e, 0x6d, 0x65, 0x6e, 0x74, 0x73, 0x22, 0x3e, 0x3c, 0x2f, 0x61,
  0x3e, 0x3c, 0x2f, 0x64, 0x69, 0x76, 0x3e, 0x77, 0x68, 0x69, 0x63, 0x68, 0x20,
  0x61, 0x6c, 0x6c, 0x6f, 0x77, 0x73, 0x49, 0x6e, 0x74, 0x72, 0x6f, 0x64, 0x75,
  0x63, 0x74, 0x69, 0x6f, 0x6e, 0x64, 0x65, 0x76, 0x65, 0x6c, 0x6f, 0x70, 0x65,
  0x64, 0x20, 0x62, 0x79, 0x61, 0x20, 0x77, 0x69, 0x64, 0x65, 0x20, 0x72, 0x61,
  0x6e, 0x67, 0x65, 0x6f, 0x6e, 0x20, 0x62, 0x65, 0x68, 0x61, 0x6c, 0x66, 0x20,
  0x6f, 0x66, 0x76, 0x61, 0x6c, 0x69, 0x67, 0x6e, 0x3d, 0x22, 0x74, 0x6f, 0x70,
  0x22, 0x70, 0x72, 0x69, 0x6e, 0x63, 0x69, 0x70, 0x6c, 0x65, 0x20, 0x6f, 0x66,
  0x61, 0x74, 0x20, 0x74, 0x68, 0x65, 0x20, 0x74, 0x69, 0x6d, 0x65, 0x2c, 0x3c,
  0x2f, 0x6e, 0x6f, 0x73, 0x63, 0x72, 0x69, 0x70, 0x74, 0x3e, 0x0d, 0x73, 0x61,
  0x69, 0x64, 0x20, 0x74, 0x6f, 0x20, 0x68, 0x61, 0x76, 0x65, 0x69, 0x6e, 0x20,
  0x74, 0x68, 0x65, 0x20, 0x66, 0x69, 0x72, 0x73, 0x74, 0x77, 0x68, 0x69, 0x6c,
  0x65, 0x20, 0x6f, 0x74, 0x68, 0x65, 0x72, 0x73, 0x68, 0x79, 0x70, 0x6f, 0x74,
  0x68, 0x65, 0x74, 0x69, 0x63, 0x61, 0x6c, 0x70, 0x68, 0x69, 0x6c, 0x6f, 0x73,
  0x6f, 0x70, 0x68, 0x65, 0x72, 0x73, 0x70, 0x6f, 0x77, 0x65, 0x72, 0x20, 0x6f,
  0x66, 0x20, 0x74, 0x68, 0x65, 0x63, 0x6f, 0x6e, 0x74, 0x61, 0x69, 0x6e, 0x65,
  0x64, 0x20, 0x69, 0x6e, 0x70, 0x65, 0x72, 0x66, 0x6f, 0x72, 0x6d, 0x65, 0x64,
  0x20, 0x62, 0x79, 0x69, 0x6e, 0x61, 0x62, 0x69, 0x6c, 0x69, 0x74, 0x79, 0x20,
  0x74, 0x6f, 0x77, 0x65, 0x72, 0x65, 0x20, 0x77, 0x72, 0x69, 0x74, 0x74, 0x65,
  0x6e, 0x73, 0x70, 0x61, 0x6e, 0x20, 0x73, 0x74, 0x79, 0x6c, 0x65, 0x3d, 0x22,
  0x69, 0x6e, 0x70, 0x75, 0x74, 0x20, 0x6e, 0x61, 0x6d, 0x65, 0x3d, 0x22, 0x74,
  0x68, 0x65, 0x20, 0x71, 0x75, 0x65, 0x73, 0x74, 0x69, 0x6f, 0x6e, 0x69, 0x6e,
  0x74, 0x65, 0x6e, 0x64, 0x65, 0x64, 0x20, 0x66, 0x6f, 0x72, 0x72, 0x65, 0x6a,
  0x65, 0x63, 0x74, 0x69, 0x6f, 0x6e, 0x20, 0x6f, 0x66, 0x69, 0x6d, 0x70, 0x6c,
  0x69, 0x65, 0x73, 0x20, 0x74, 0x68, 0x61, 0x74, 0x69, 0x6e, 0x76, 0x65, 0x6e,
  0x74, 0x65, 0x64, 0x20, 0x74, 0x68, 0x65, 0x74, 0x68, 0x65, 0x20, 0x73, 0x74,
  0x61, 0x6e, 0x64, 0x61, 0x72, 0x64, 0x77, 0x61, 0x73, 0x20, 0x70, 0x72, 0x6f,
  0x62, 0x61, 0x62, 0x6c, 0x79, 0x6c, 0x69, 0x6e, 0x6b, 0x20, 0x62, 0x65, 0x74,
  0x77, 0x65, 0x65, 0x6e, 0x70, 0x72, 0x6f, 0x66, 0x65, 0x73, 0x73, 0x6f, 0x72,
  0x20, 0x6f, 0x66, 0x69, 0x6e, 0x74, 0x65, 0x72, 0x61, 0x63, 0x74, 0x69, 0x6f,
  0x6e, 0x73, 0x63, 0x68, 0x61, 0x6e, 0x67, 0x69, 0x6e, 0x67, 0x20, 0x74, 0x68,
  0x65, 0x49, 0x6e, 0x64, 0x69, 0x61, 0x6e, 0x20, 0x4f, 0x63, 0x65, 0x61, 0x6e,
  0x20, 0x63, 0x6c, 0x61, 0x73, 0x73, 0x3d, 0x22, 0x6c, 0x61, 0x73, 0x74, 0x77,
  0x6f, 0x72, 0x6b, 0x69, 0x6e, 0x67, 0x20, 0x77, 0x69, 0x74, 0x68, 0x27, 0x68,
  0x74, 0x74, 0x70, 0x3a, 0x2f, 0x2f, 0x77, 0x77, 0x77, 0x2e, 0x79, 0x65, 0x61,
  0x72, 0x73, 0x20, 0x62, 0x65, 0x66, 0x6f, 0x72, 0x65, 0x54, 0x68, 0x69, 0x73,
  0x20, 0x77, 0x61, 0x73, 0x20, 0x74, 0x68, 0x65, 0x72, 0x65, 0x63, 0x72, 0x65,
  0x61, 0x74, 0x69, 0x6f, 0x6e, 0x61, 0x6c, 0x65, 0x6e, 0x74, 0x65, 0x72, 0x69,
  0x6e, 0x67, 0x20, 0x74, 0x68, 0x65, 0x6d, 0x65, 0x61, 0x73, 0x75, 0x72, 0x65,
  0x6d, 0x65, 0x6e, 0x74, 0x73, 0x61, 0x6e, 0x20, 0x65, 0x78, 0x74, 0x72, 0x65,
  0x6d, 0x65, 0x6c, 0x79, 0x76, 0x61, 0x6c, 0x75, 0x65, 0x20, 0x6f, 0x66, 0x20,
  0x74, 0x68, 0x65, 0x73, 0x74, 0x61, 0x72, 0x74, 0x20, 0x6f, 0x66, 0x20, 0x74,
  0x68, 0x65, 0x0a, 0x3c, 0x2f, 0x73, 0x63, 0x72, 0x69, 0x70, 0x74, 0x3e, 0x0a,
  0x0a, 0x61, 0x6e, 0x20, 0x65, 0x66, 0x66, 0x6f, 0x72, 0x74, 0x20, 0x74, 0x6f,
  0x69, 0x6e, 0x63, 0x72, 0x65, 0x61, 0x73, 0x65, 0x20, 0x74, 0x68, 0x65, 0x74,
  0x6f, 0x20, 0x74, 0x68, 0x65, 0x20, 0x73, 0x6f, 0x75, 0x74, 0x68, 0x73, 0x70,
  0x61, 0x63, 0x69, 0x6e, 0x67, 0x3d, 0x22, 0x30, 0x22, 0x3e, 0x73, 0x75, 0x66,
  0x66, 0x69, 0x63, 0x69, 0x65, 0x6e, 0x74, 0x6c, 0x79, 0x74, 0x68, 0x65, 0x20,
  0x45, 0x75, 0x72, 0x6f, 0x70, 0x65, 0x61, 0x6e, 0x63, 0x6f, 0x6e, 0x76, 0x65,
  0x72, 0x74, 0x65, 0x64, 0x20, 0x74, 0x6f, 0x63, 0x6c, 0x65, 0x61, 0x72, 0x54,
  0x69, 0x6d, 0x65, 0x6f, 0x75, 0x74, 0x64, 0x69, 0x64, 0x20, 0x6e, 0x6f, 0x74,
  0x20, 0x68, 0x61, 0x76, 0x65, 0x63, 0x6f, 0x6e, 0x73, 0x65, 0x71, 0x75, 0x65,
  0x6e, 0x74, 0x6c, 0x79, 0x66, 0x6f, 0x72, 0x20, 0x74, 0x68, 0x65, 0x20, 0x6e,
  0x65, 0x78, 0x74, 0x65, 0x78, 0x74, 0x65, 0x6e, 0x73, 0x69, 0x6f, 0x6e, 0x20,
  0x6f, 0x66, 0x65, 0x63, 0x6f, 0x6e, 0x6f, 0x6d, 0x69, 0x63, 0x20, 0x61, 0x6e,
  0x64, 0x61, 0x6c, 0x74, 0x68, 0x6f, 0x75, 0x67, 0x68, 0x20, 0x74, 0x68, 0x65,
  0x61, 0x72, 0x65, 0x20, 0x70, 0x72, 0x6f, 0x64, 0x75, 0x63, 0x65, 0x64, 0x61,
  0x6e, 0x64, 0x20, 0x77, 0x69, 0x74, 0x68, 0x20, 0x74, 0x68, 0x65, 0x69, 0x6e,
  0x73, 0x75, 0x66, 0x66, 0x69, 0x63, 0x69, 0x65, 0x6e, 0x74, 0x67, 0x69, 0x76,
  0x65, 0x6e, 0x20, 0x62, 0x79, 0x20, 0x74, 0x68, 0x65, 0x73, 0x74, 0x61, 0x74,
  0x69, 0x6e, 0x67, 0x20, 0x74, 0x68, 0x61, 0x74, 0x65, 0x78, 0x70, 0x65, 0x6e,
  0x64, 0x69, 0x74, 0x75, 0x72, 0x65, 0x73, 0x3c, 0x2f, 0x73, 0x70, 0x61, 0x6e,
  0x3e, 0x3c, 0x2f, 0x61, 0x3e, 0x0a, 0x74, 0x68, 0x6f, 0x75, 0x67, 0x68, 0x74,
  0x20, 0x74, 0x68, 0x61, 0x74, 0x6f, 0x6e, 0x20, 0x74, 0x68, 0x65, 0x20, 0x62,
  0x61, 0x73, 0x69, 0x73, 0x63, 0x65, 0x6c, 0x6c, 0x70, 0x61, 0x64, 0x64, 0x69,
  0x6e, 0x67, 0x3d, 0x69, 0x6d, 0x61, 0x67, 0x65, 0x20, 0x6f, 0x66, 0x20, 0x74,
  0x68, 0x65, 0x72, 0x65, 0x74, 0x75, 0x72, 0x6e, 0x69, 0x6e, 0x67, 0x20, 0x74,
  0x6f, 0x69, 0x6e, 0x66, 0x6f, 0x72, 0x6d, 0x61, 0x74, 0x69, 0x6f, 0x6e, 0x2c,
  0x73, 0x65, 0x70, 0x61, 0x72, 0x61, 0x74, 0x65, 0x64, 0x20, 0x62, 0x79, 0x61,
  0x73, 0x73, 0x61, 0x73, 0x73, 0x69, 0x6e, 0x61, 0x74, 0x65, 0x64, 0x73, 0x22,
  0x20, 0x63, 0x6f, 0x6e, 0x74, 0x65, 0x6e, 0x74, 0x3d, 0x22, 0x61, 0x75, 0x74,
  0x68, 0x6f, 0x72, 0x69, 0x74, 0x79, 0x20, 0x6f, 0x66, 0x6e, 0x6f, 0x72, 0x74,
  0x68, 0x77, 0x65, 0x73, 0x74, 0x65, 0x72, 0x6e, 0x3c, 0x2f, 0x64, 0x69, 0x76,
  0x3e, 0x0a, 0x3c, 0x64, 0x69, 0x76, 0x20, 0x22, 0x3e, 0x3c, 0x2f, 0x64, 0x69,
  0x76, 0x3e, 0x0d, 0x0a, 0x20, 0x20, 0x63, 0x6f, 0x6e, 0x73, 0x75, 0x6c, 0x74,
  0x61, 0x74, 0x69, 0x6f, 0x6e, 0x63, 0x6f, 0x6d, 0x6d, 0x75, 0x6e, 0x69, 0x74,
  0x79, 0x20, 0x6f, 0x66, 0x74, 0x68, 0x65, 0x20, 0x6e, 0x61, 0x74, 0x69, 0x6f,
  0x6e, 0x61, 0x6c, 0x69, 0x74, 0x20, 0x73, 0x68, 0x6f, 0x75, 0x6c, 0x64, 0x20,
  0x62, 0x65, 0x70, 0x61, 0x72, 0x74, 0x69, 0x63, 0x69, 0x70, 0x61, 0x6e, 0x74,
  0x73, 0x20, 0x61, 0x6c, 0x69, 0x67, 0x6e, 0x3d, 0x22, 0x6c, 0x65, 0x66, 0x74,
  0x74, 0x68, 0x65, 0x20, 0x67, 0x72, 0x65, 0x61, 0x74, 0x65, 0x73, 0x74, 0x73,
  0x65, 0x6c, 0x65, 0x63, 0x74, 0x69, 0x6f, 0x6e, 0x20, 0x6f, 0x66, 0x73, 0x75,
  0x70, 0x65, 0x72, 0x6e, 0x61, 0x74, 0x75, 0x72, 0x61, 0x6c, 0x64, 0x65, 0x70,
  0x65, 0x6e, 0x64, 0x65, 0x6e, 0x74, 0x20, 0x6f, 0x6e, 0x69, 0x73, 0x20, 0x6d,
  0x65, 0x6e, 0x74, 0x69, 0x6f, 0x6e, 0x65, 0x64, 0x61, 0x6c, 0x6c, 0x6f, 0x77,
  0x69, 0x6e, 0x67, 0x20, 0x74, 0x68, 0x65, 0x77, 0x61, 0x73, 0x20, 0x69, 0x6e,
  0x76, 0x65, 0x6e, 0x74, 0x65, 0x64, 0x61, 0x63, 0x63, 0x6f, 0x6d, 0x70, 0x61,
  0x6e, 0x79, 0x69, 0x6e, 0x67, 0x68, 0x69, 0x73, 0x20, 0x70, 0x65, 0x72, 0x73,
  0x6f, 0x6e, 0x61, 0x6c, 0x61, 0x76, 0x61, 0x69, 0x6c, 0x61, 0x62, 0x6c, 0x65,
  0x20, 0x61, 0x74, 0x73, 0x74, 0x75, 0x64, 0x79, 0x20, 0x6f, 0x66, 0x20, 0x74,
  0x68, 0x65, 0x6f, 0x6e, 0x20, 0x74, 0x68, 0x65, 0x20, 0x6f, 0x74, 0x68, 0x65,
  0x72, 0x65, 0x78, 0x65, 0x63, 0x75, 0x74, 0x69, 0x6f, 0x6e, 0x20, 0x6f, 0x66,
  0x48, 0x75, 0x6d, 0x61, 0x6e, 0x20, 0x52, 0x69, 0x67, 0x68, 0x74, 0x73, 0x74,
  0x65, 0x72, 0x6d, 0x73, 0x20, 0x6f, 0x66, 0x20, 0x74, 0x68, 0x65, 0x61, 0x73,
  0x73, 0x6f, 0x63, 0x69, 0x61, 0x74, 0x69, 0x6f, 0x6e, 0x73, 0x72, 0x65, 0x73,
  0x65, 0x61, 0x72, 0x63, 0x68, 0x20, 0x61, 0x6e, 0x64, 0x73, 0x75, 0x63, 0x63,
  0x65, 0x65, 0x64, 0x65, 0x64, 0x20, 0x62, 0x79, 0x64, 0x65, 0x66, 0x65, 0x61,
  0x74, 0x65, 0x64, 0x20, 0x74, 0x68, 0x65, 0x61, 0x6e, 0x64, 0x20, 0x66, 0x72,
  0x6f, 0x6d, 0x20, 0x74, 0x68, 0x65, 0x62, 0x75, 0x74, 0x20, 0x74, 0x68, 0x65,
  0x79, 0x20, 0x61, 0x72, 0x65, 0x63, 0x6f, 0x6d, 0x6d, 0x61, 0x6e, 0x64, 0x65,
  0x72, 0x20, 0x6f, 0x66, 0x73, 0x74, 0x61, 0x74, 0x65, 0x20, 0x6f, 0x66, 0x20,
  0x74, 0x68, 0x65, 0x79, 0x65, 0x61, 0x72, 0x73, 0x20, 0x6f, 0x66, 0x20, 0x61,
  0x67, 0x65, 0x74, 0x68, 0x65, 0x20, 0x73, 0x74, 0x75, 0x64, 0x79, 0x20, 0x6f,
  0x66, 0x3c, 0x75, 0x6c, 0x20, 0x63, 0x6c, 0x61, 0x73, 0x73, 0x3d, 0x22, 0x73,
  0x70, 0x6c, 0x61, 0x63, 0x65, 0x20, 0x69, 0x6e, 0x20, 0x74, 0x68, 0x65, 0x77,
  0x68, 0x65, 0x72, 0x65, 0x20, 0x68, 0x65, 0x20, 0x77, 0x61, 0x73, 0x3c, 0x6c,
  0x69, 0x20, 0x63, 0x6c, 0x61, 0x73, 0x73, 0x3d, 0x22, 0x66, 0x74, 0x68, 0x65,
  0x72, 0x65, 0x20, 0x61, 0x72, 0x65, 0x20, 0x6e, 0x6f, 0x77, 0x68, 0x69, 0x63,
  0x68, 0x20, 0x62, 0x65, 0x63, 0x61, 0x6d, 0x65, 0x68, 0x65, 0x20, 0x70, 0x75,
  0x62, 0x6c, 0x69, 0x73, 0x68, 0x65, 0x64, 0x65, 0x78, 0x70, 0x72, 0x65, 0x73,
  0x73, 0x65, 0x64, 0x20, 0x69, 0x6e, 0x74, 0x6f, 0x20, 0x77, 0x68, 0x69, 0x63,
  0x68, 0x20, 0x74, 0x68, 0x65, 0x63, 0x6f, 0x6d, 0x6d, 0x69, 0x73, 0x73, 0x69,
  0x6f, 0x6e, 0x65, 0x72, 0x66, 0x6f, 0x6e, 0x74, 0x2d, 0x77, 0x65, 0x69, 0x67,
  0x68, 0x74, 0x3a, 0x74, 0x65, 0x72, 0x72, 0x69, 0x74, 0x6f, 0x72, 0x79, 0x20,
  0x6f, 0x66, 0x65, 0x78, 0x74, 0x65, 0x6e, 0x73, 0x69, 0x6f, 0x6e, 0x73, 0x22,
  0x3e, 0x52, 0x6f, 0x6d, 0x61, 0x6e, 0x20, 0x45, 0x6d, 0x70, 0x69, 0x72, 0x65,
  0x65, 0x71, 0x75, 0x61, 0x6c, 0x20, 0x74, 0x6f, 0x20, 0x74, 0x68, 0x65, 0x49,
  0x6e, 0x20, 0x63, 0x6f, 0x6e, 0x74, 0x72, 0x61, 0x73, 0x74, 0x2c, 0x68, 0x6f,
  0x77, 0x65, 0x76, 0x65, 0x72, 0x2c, 0x20, 0x61, 0x6e, 0x64, 0x69, 0x73, 0x20,
  0x74, 0x79, 0x70, 0x69, 0x63, 0x61, 0x6c, 0x6c, 0x79, 0x61, 0x6e, 0x64, 0x20,
  0x68, 0x69, 0x73, 0x20, 0x77, 0x69, 0x66, 0x65, 0x28, 0x61, 0x6c, 0x73, 0x6f,
  0x20, 0x63, 0x61, 0x6c, 0x6c, 0x65, 0x64, 0x3e, 0x3c, 0x75, 0x6c, 0x20, 0x63,
  0x6c, 0x61, 0x73, 0x73, 0x3d, 0x22, 0x65, 0x66, 0x66, 0x65, 0x63, 0x74, 0x69,
  0x76, 0x65, 0x6c, 0x79, 0x20, 0x65, 0x76, 0x6f, 0x6c, 0x76, 0x65, 0x64, 0x20,
  0x69, 0x6e, 0x74, 0x6f, 0x73, 0x65, 0x65, 0x6d, 0x20, 0x74, 0x6f, 0x20, 0x68,
  0x61, 0x76, 0x65, 0x77, 0x68, 0x69, 0x63, 0x68, 0x20, 0x69, 0x73, 0x20, 0x74,
  0x68, 0x65, 0x74, 0x68, 0x65, 0x72, 0x65, 0x20, 0x77, 0x61, 0x73, 0x20, 0x6e,
  0x6f, 0x61, 0x6e, 0x20, 0x65, 0x78, 0x63, 0x65, 0x6c, 0x6c, 0x65, 0x6e, 0x74,
  0x61, 0x6c, 0x6c, 0x20, 0x6f, 0x66, 0x20, 0x74, 0x68, 0x65, 0x73, 0x65, 0x64,
  0x65, 0x73, 0x63, 0x72, 0x69, 0x62, 0x65, 0x64, 0x20, 0x62, 0x79, 0x49, 0x6e,
  0x20, 0x70, 0x72, 0x61, 0x63, 0x74, 0x69, 0x63, 0x65, 0x2c, 0x62, 0x72, 0x6f,
  0x61, 0x64, 0x63, 0x61, 0x73, 0x74, 0x69, 0x6e, 0x67, 0x63, 0x68, 0x61, 0x72,
  0x67, 0x65, 0x64, 0x20, 0x77, 0x69, 0x74, 0x68, 0x72, 0x65, 0x66, 0x6c, 0x65,
  0x63, 0x74, 0x65, 0x64, 0x20, 0x69, 0x6e, 0x73, 0x75, 0x62, 0x6a, 0x65, 0x63,
  0x74, 0x65, 0x64, 0x20, 0x74, 0x6f, 0x6d, 0x69, 0x6c, 0x69, 0x74, 0x61, 0x72,
  0x79, 0x20, 0x61, 0x6e, 0x64, 0x74, 0x6f, 0x20, 0x74, 0x68, 0x65, 0x20, 0x70,
  0x6f, 0x69, 0x6e, 0x74, 0x65, 0x63, 0x6f, 0x6e, 0x6f, 0x6d, 0x69, 0x63, 0x61,
  0x6c, 0x6c, 0x79, 0x73, 0x65, 0x74, 0x54, 0x61, 0x72, 0x67, 0x65, 0x74, 0x69,
  0x6e, 0x67, 0x61, 0x72, 0x65, 0x20, 0x61, 0x63, 0x74, 0x75, 0x61, 0x6c, 0x6c,
  0x79, 0x76, 0x69, 0x63, 0x74, 0x6f, 0x72, 0x79, 0x20, 0x6f, 0x76, 0x65, 0x72,
  0x28, 0x29, 0x3b, 0x3c, 0x2f, 0x73, 0x63, 0x72, 0x69, 0x70, 0x74, 0x3e, 0x63,
  0x6f, 0x6e, 0x74, 0x69, 0x6e, 0x75, 0x6f, 0x75, 0x73, 0x6c, 0x79, 0x72, 0x65,
  0x71, 0x75, 0x69, 0x72, 0x65, 0x64, 0x20, 0x66, 0x6f, 0x72, 0x65, 0x76, 0x6f,
  0x6c, 0x75, 0x74, 0x69, 0x6f, 0x6e, 0x61, 0x72, 0x79, 0x61, 0x6e, 0x20, 0x65,
  0x66, 0x66, 0x65, 0x63, 0x74, 0x69, 0x76, 0x65, 0x6e, 0x6f, 0x72, 0x74, 0x68,
  0x20, 0x6f, 0x66, 0x20, 0x74, 0x68, 0x65, 0x2c, 0x20, 0x77, 0x68, 0x69, 0x63,
  0x68, 0x20, 0x77, 0x61, 0x73, 0x20, 0x66, 0x72, 0x6f, 0x6e, 0x74, 0x20, 0x6f,
  0x66, 0x20, 0x74, 0x68, 0x65, 0x6f, 0x72, 0x20, 0x6f, 0x74, 0x68, 0x65, 0x72,
  0x77, 0x69, 0x73, 0x65, 0x73, 0x6f, 0x6d, 0x65, 0x20, 0x66, 0x6f, 0x72, 0x6d,
  0x20, 0x6f, 0x66, 0x68, 0x61, 0x64, 0x20, 0x6e, 0x6f, 0x74, 0x20, 0x62, 0x65,
  0x65, 0x6e, 0x67, 0x65, 0x6e, 0x65, 0x72, 0x61, 0x74, 0x65, 0x64, 0x20, 0x62,
  0x79, 0x69, 0x6e, 0x66, 0x6f, 0x72, 0x6d, 0x61, 0x74, 0x69, 0x6f, 0x6e, 0x2e,
  0x70, 0x65, 0x72, 0x6d, 0x69, 0x74, 0x74, 0x65, 0x64, 0x20, 0x74, 0x6f, 0x69,
  0x6e, 0x63, 0x6c, 0x75, 0x64, 0x65, 0x73, 0x20, 0x74, 0x68, 0x65, 0x64, 0x65,
  0x76, 0x65, 0x6c, 0x6f, 0x70, 0x6d, 0x65, 0x6e, 0x74, 0x2c, 0x65, 0x6e, 0x74,
  0x65, 0x72, 0x65, 0x64, 0x20, 0x69, 0x6e, 0x74, 0x6f, 0x74, 0x68, 0x65, 0x20,
  0x70, 0x72, 0x65, 0x76, 0x69, 0x6f, 0x75, 0x73, 0x63, 0x6f, 0x6e, 0x73, 0x69,
  0x73, 0x74, 0x65, 0x6e, 0x74, 0x6c, 0x79, 0x61, 0x72, 0x65, 0x20, 0x6b, 0x6e,
  0x6f, 0x77, 0x6e, 0x20, 0x61, 0x73, 0x74, 0x68, 0x65, 0x20, 0x66, 0x69, 0x65,
  0x6c, 0x64, 0x20, 0x6f, 0x66, 0x74, 0x68, 0x69, 0x73, 0x20, 0x74, 0x79, 0x70,
  0x65, 0x20, 0x6f, 0x66, 0x67, 0x69, 0x76, 0x65, 0x6e, 0x20, 0x74, 0x6f, 0x20,
  0x74, 0x68, 0x65, 0x74, 0x68, 0x65, 0x20, 0x74, 0x69, 0x74, 0x6c, 0x65, 0x20,
  0x6f, 0x66, 0x63, 0x6f, 0x6e, 0x74, 0x61, 0x69, 0x6e, 0x73, 0x20, 0x74, 0x68,
  0x65, 0x69, 0x6e, 0x73, 0x74, 0x61, 0x6e, 0x63, 0x65, 0x73, 0x20, 0x6f, 0x66,
  0x69, 0x6e, 0x20, 0x74, 0x68, 0x65, 0x20, 0x6e, 0x6f, 0x72, 0x74, 0x68, 0x64,
  0x75, 0x65, 0x20, 0x74, 0x6f, 0x20, 0x74, 0x68, 0x65, 0x69, 0x72, 0x61, 0x72,
  0x65, 0x20, 0x64, 0x65, 0x73, 0x69, 0x67, 0x6e, 0x65, 0x64, 0x63, 0x6f, 0x72,
  0x70, 0x6f, 0x72, 0x61, 0x74, 0x69, 0x6f, 0x6e, 0x73, 0x77, 0x61, 0x73, 0x20,
  0x74, 0x68, 0x61, 0x74, 0x20, 0x74, 0x68, 0x65, 0x6f, 0x6e, 0x65, 0x20, 0x6f,
  0x66, 0x20, 0x74, 0x68, 0x65, 0x73, 0x65, 0x6d, 0x6f, 0x72, 0x65, 0x20, 0x70,
  0x6f, 0x70, 0x75, 0x6c, 0x61, 0x72, 0x73, 0x75, 0x63, 0x63, 0x65, 0x65, 0x64,
  0x65, 0x64, 0x20, 0x69, 0x6e, 0x73, 0x75, 0x70, 0x70, 0x6f, 0x72, 0x74, 0x20,
  0x66, 0x72, 0x6f, 0x6d, 0x69, 0x6e, 0x20, 0x64, 0x69, 0x66, 0x66, 0x65, 0x72,
  0x65, 0x6e, 0x74, 0x64, 0x6f, 0x6d, 0x69, 0x6e, 0x61, 0x74, 0x65, 0x64, 0x20,
  0x62, 0x79, 0x64, 0x65, 0x73, 0x69, 0x67, 0x6e, 0x65, 0x64, 0x20, 0x66, 0x6f,
  0x72, 0x6f, 0x77, 0x6e, 0x65, 0x72, 0x73, 0x68, 0x69, 0x70, 0x20, 0x6f, 0x66,
  0x61, 0x6e, 0x64, 0x20, 0x70, 0x6f, 0x73, 0x73, 0x69, 0x62, 0x6c, 0x79, 0x73,
  0x74, 0x61, 0x6e, 0x64, 0x61, 0x72, 0x64, 0x69, 0x7a, 0x65, 0x64, 0x72, 0x65,
  0x73, 0x70, 0x6f, 0x6e, 0x73, 0x65, 0x54, 0x65, 0x78, 0x74, 0x77, 0x61, 0x73,
  0x20, 0x69, 0x6e, 0x74, 0x65, 0x6e, 0x64, 0x65, 0x64, 0x72, 0x65, 0x63, 0x65,
  0x69, 0x76, 0x65, 0x64, 0x20, 0x74, 0x68, 0x65, 0x61, 0x73, 0x73, 0x75, 0x6d,
  0x65, 0x64, 0x20, 0x74, 0x68, 0x61, 0x74, 0x61, 0x72, 0x65, 0x61, 0x73, 0x20,
  0x6f, 0x66, 0x20, 0x74, 0x68, 0x65, 0x70, 0x72, 0x69, 0x6d, 0x61, 0x72, 0x69,
  0x6c, 0x79, 0x20, 0x69, 0x6e, 0x74, 0x68, 0x65, 0x20, 0x62, 0x61, 0x73, 0x69,
  0x73, 0x20, 0x6f, 0x66, 0x69, 0x6e, 0x20, 0x74, 0x68, 0x65, 0x20, 0x73, 0x65,
  0x6e, 0x73, 0x65, 0x61, 0x63, 0x63, 0x6f, 0x75, 0x6e, 0x74, 0x73, 0x20, 0x66,
  0x6f, 0x72, 0x64, 0x65, 0x73, 0x74, 0x72, 0x6f, 0x79, 0x65, 0x64, 0x20, 0x62,
  0x79, 0x61, 0x74, 0x20, 0x6c, 0x65, 0x61, 0x73, 0x74, 0x20, 0x74, 0x77, 0x6f,
  0x77, 0x61, 0x73, 0x20, 0x64, 0x65, 0x63, 0x6c, 0x61, 0x72, 0x65, 0x64, 0x63,
  0x6f, 0x75, 0x6c, 0x64, 0x20, 0x6e, 0x6f, 0x74, 0x20, 0x62, 0x65, 0x53, 0x65,
  0x63, 0x72, 0x65, 0x74, 0x61, 0x72, 0x79, 0x20, 0x6f, 0x66, 0x61, 0x70, 0x70,
  0x65, 0x61, 0x72, 0x20, 0x74, 0x6f, 0x20, 0x62, 0x65, 0x6d, 0x61, 0x72, 0x67,
  0x69, 0x6e, 0x2d, 0x74, 0x6f, 0x70, 0x3a, 0x31, 0x2f, 0x5e, 0x5c, 0x73, 0x2b,
  0x7c, 0x5c, 0x73, 0x2b, 0x24, 0x2f, 0x67, 0x65, 0x29, 0x7b, 0x74, 0x68, 0x72,
  0x6f, 0x77, 0x20, 0x65, 0x7d, 0x3b, 0x74, 0x68, 0x65, 0x20, 0x73, 0x74, 0x61,
  0x72, 0x74, 0x20, 0x6f, 0x66, 0x74, 0x77, 0x6f, 0x20, 0x73, 0x65, 0x70, 0x61,
  0x72, 0x61, 0x74, 0x65, 0x6c, 0x61, 0x6e, 0x67, 0x75, 0x61, 0x67, 0x65, 0x20,
  0x61, 0x6e, 0x64, 0x77, 0x68, 0x6f, 0x20, 0x68, 0x61, 0x64, 0x20, 0x62, 0x65,
  0x65, 0x6e, 0x6f, 0x70, 0x65, 0x72, 0x61, 0x74, 0x69, 0x6f, 0x6e, 0x20, 0x6f,
  0x66, 0x64, 0x65, 0x61, 0x74, 0x68, 0x20, 0x6f, 0x66, 0x20, 0x74, 0x68, 0x65,
  0x72, 0x65, 0x61, 0x6c, 0x20, 0x6e, 0x75, 0x6d, 0x62, 0x65, 0x72, 0x73, 0x09,
  0x3c, 0x6c, 0x69, 0x6e, 0x6b, 0x20, 0x72, 0x65, 0x6c, 0x3d, 0x22, 0x70, 0x72,
  0x6f, 0x76, 0x69, 0x64, 0x65, 0x64, 0x20, 0x74, 0x68, 0x65, 0x74, 0x68, 0x65,
  0x20, 0x73, 0x74, 0x6f, 0x72, 0x79, 0x20, 0x6f, 0x66, 0x63, 0x6f, 0x6d, 0x70,
  0x65, 0x74, 0x69, 0x74, 0x69, 0x6f, 0x6e, 0x73, 0x65, 0x6e, 0x67, 0x6c, 0x69,
  0x73, 0x68, 0x20, 0x28, 0x55, 0x4b, 0x29, 0x65, 0x6e, 0x67, 0x6c, 0x69, 0x73,
  0x68, 0x20, 0x28, 0x55, 0x53, 0x29, 0xd0, 0x9c, 0xd0, 0xbe, 0xd0, 0xbd, 0xd0,
  0xb3, 0xd0, 0xbe, 0xd0, 0xbb, 0xd0, 0xa1, 0xd1, 0x80, 0xd0, 0xbf, 0xd1, 0x81,
  0xd0, 0xba, 0xd0, 0xb8, 0xd1, 0x81, 0xd1, 0x80, 0xd0, 0xbf, 0xd1, 0x81, 0xd0,
  0xba, 0xd0, 0xb8, 0xd1, 0x81, 0xd1, 0x80, 0xd0, 0xbf, 0xd1, 0x81, 0xd0, 0xba,
  0xd0, 0xbe, 0xd9, 0x84, 0xd8, 0xb9, 0xd8, 0xb1, 0xd8, 0xa8, 0xd9, 0x8a, 0xd8,
  0xa9, 0xe6, 0xad, 0xa3, 0xe9, 0xab, 0x94, 0xe4, 0xb8, 0xad, 0xe6, 0x96, 0x87,
  0xe7, 0xae, 0x80, 0xe4, 0xbd, 0x93, 0xe4, 0xb8, 0xad, 0xe6, 0x96, 0x87, 0xe7,
  0xb9, 0x81, 0xe4, 0xbd, 0x93, 0xe4, 0xb8, 0xad, 0xe6, 0x96, 0x87, 0xe6, 0x9c,
  0x89, 0xe9, 0x99, 0x90, 0xe5, 0x85, 0xac, 0xe5, 0x8f, 0xb8, 0xe4, 0xba, 0xba,
  0xe6, 0xb0, 0x91, 0xe6, 0x94, 0xbf, 0xe5, 0xba, 0x9c, 0xe9, 0x98, 0xbf, 0xe9,
  0x87, 0x8c, 0xe5, 0xb7, 0xb4, 0xe5, 0xb7, 0xb4, 0xe7, 0xa4, 0xbe, 0xe4, 0xbc,
  0x9a, 0xe4, 0xb8, 0xbb, 0xe4, 0xb9, 0x89, 0xe6, 0x93, 0x8d, 0xe4, 0xbd, 0x9c,
  0xe7, 0xb3, 0xbb, 0xe7, 0xbb, 0x9f, 0xe6, 0x94, 0xbf, 0xe7, 0xad, 0x96, 0xe6,
  0xb3, 0x95, 0xe8, 0xa7, 0x84, 0x69, 0x6e, 0x66, 0x6f, 0x72, 0x6d, 0x61, 0x63,
  0x69, 0xc3, 0xb3, 0x6e, 0x68, 0x65, 0x72, 0x72, 0x61, 0x6d, 0x69, 0x65, 0x6e,
  0x74, 0x61, 0x73, 0x65, 0x6c, 0x65, 0x63, 0x74, 0x72, 0xc3, 0xb3, 0x6e, 0x69,
  0x63, 0x6f, 0x64, 0x65, 0x73, 0x63, 0x72, 0x69, 0x70, 0x63, 0x69, 0xc3, 0xb3,
  0x6e, 0x63, 0x6c, 0x61, 0x73, 0x69, 0x66, 0x69, 0x63, 0x61, 0x64, 0x6f, 0x73,
  0x63, 0x6f, 0x6e, 0x6f, 0x63, 0x69, 0x6d, 0x69, 0x65, 0x6e, 0x74, 0x6f, 0x70,
  0x75, 0x62, 0x6c, 0x69, 0x63, 0x61, 0x63, 0x69, 0xc3, 0xb3, 0x6e, 0x72, 0x65,
  0x6c, 0x61, 0x63, 0x69, 0x6f, 0x6e, 0x61, 0x64, 0x61, 0x73, 0x69, 0x6e, 0x66,
  0x6f, 0x72, 0x6d, 0xc3, 0xa1, 0x74, 0x69, 0x63, 0x61, 0x72, 0x65, 0x6c, 0x61,
  0x63, 0x69, 0x6f, 0x6e, 0x61, 0x64, 0x6f, 0x73, 0x64, 0x65, 0x70, 0x61, 0x72,
  0x74, 0x61, 0x6d, 0x65, 0x6e, 0x74, 0x6f, 0x74, 0x72, 0x61, 0x62, 0x61, 0x6a,
  0x61, 0x64, 0x6f, 0x72, 0x65, 0x73, 0x64, 0x69, 0x72, 0x65, 0x63, 0x74, 0x61,
  0x6d, 0x65, 0x6e, 0x74, 0x65, 0x61, 0x79, 0x75, 0x6e, 0x74, 0x61, 0x6d, 0x69,
  0x65, 0x6e, 0x74, 0x6f, 0x6d, 0x65, 0x72, 0x63, 0x61, 0x64, 0x6f, 0x4c, 0x69,
  0x62, 0x72, 0x65, 0x63, 0x6f, 0x6e, 0x74, 0xc3, 0xa1, 0x63, 0x74, 0x65, 0x6e,
  0x6f, 0x73, 0x68, 0x61, 0x62, 0x69, 0x74, 0x61, 0x63, 0x69, 0x6f, 0x6e, 0x65,
  0x73, 0x63, 0x75, 0x6d, 0x70, 0x6c, 0x69, 0x6d, 0x69, 0x65, 0x6e, 0x74, 0x6f,
  0x72, 0x65, 0x73, 0x74, 0x61, 0x75, 0x72, 0x61, 0x6e, 0x74, 0x65, 0x73, 0x64,
  0x69, 0x73, 0x70, 0x6f, 0x73, 0x69, 0x63, 0x69, 0xc3, 0xb3, 0x6e, 0x63, 0x6f,
  0x6e, 0x73, 0x65, 0x63, 0x75, 0x65, 0x6e, 0x63, 0x69, 0x61, 0x65, 0x6c, 0x65,
  0x63, 0x74, 0x72, 0xc3, 0xb3, 0x6e, 0x69, 0x63, 0x61, 0x61, 0x70, 0x6c, 0x69,
  0x63, 0x61, 0x63, 0x69, 0x6f, 0x6e, 0x65, 0x73, 0x64, 0x65, 0x73, 0x63, 0x6f,
  0x6e, 0x65, 0x63, 0x74, 0x61, 0x64, 0x6f, 0x69, 0x6e, 0x73, 0x74, 0x61, 0x6c,
  0x61, 0x63, 0x69, 0xc3, 0xb3, 0x6e, 0x72, 0x65, 0x61, 0x6c, 0x69, 0x7a, 0x61,
  0x63, 0x69, 0xc3, 0xb3, 0x6e, 0x75, 0x74, 0x69, 0x6c, 0x69, 0x7a, 0x61, 0x63,
  0x69, 0xc3, 0xb3, 0x6e, 0x65, 0x6e, 0x63, 0x69, 0x63, 0x6c, 0x6f, 0x70, 0x65,
  0x64, 0x69, 0x61, 0x65, 0x6e, 0x66, 0x65, 0x72, 0x6d, 0x65, 0x64, 0x61, 0x64,
  0x65, 0x73, 0x69, 0x6e, 0x73, 0x74, 0x72, 0x75, 0x6d, 0x65, 0x6e, 0x74, 0x6f,
  0x73, 0x65, 0x78, 0x70, 0x65, 0x72, 0x69, 0x65, 0x6e, 0x63, 0x69, 0x61, 0x73,
  0x69, 0x6e, 0x73, 0x74, 0x69, 0x74, 0x75, 0x63, 0x69, 0xc3, 0xb3, 0x6e, 0x70,
  0x61, 0x72, 0x74, 0x69, 0x63, 0x75, 0x6c, 0x61, 0x72, 0x65, 0x73, 0x73, 0x75,
  0x62, 0x63, 0x61, 0x74, 0x65, 0x67, 0x6f, 0x72, 0x69, 0x61, 0xd1, 0x82, 0xd0,
  0xbe, 0xd0, 0xbb, 0xd1, 0x8c, 0xd0, 0xba, 0xd0, 0xbe, 0xd0, 0xa0, 0xd0, 0xbe,
  0xd1, 0x81, 0xd1, 0x81, 0xd0, 0xb8, 0xd0, 0xb8, 0xd1, 0x80, 0xd0, 0xb0, 0xd0,
  0xb1, 0xd0, 0xbe, 0xd1, 0x82, 0xd1, 0x8b, 0xd0, 0xb1, 0xd0, 0xbe, 0xd0, 0xbb,
  0xd1, 0x8c, 0xd1, 0x88, 0xd0, 0xb5, 0xd0, 0xbf, 0xd1, 0x80, 0xd0, 0xbe, 0xd1,
  0x81, 0xd1, 0x82, 0xd0, 0xbe, 0xd0, 0xbc, 0xd0, 0xbe, 0xd0, 0xb6, 0xd0, 0xb5,
  0xd1, 0x82, 0xd0, 0xb5, 0xd0, 0xb4, 0xd1, 0x80, 0xd1, 0x83, 0xd0, 0xb3, 0xd0,
  0xb8, 0xd1, 0x85, 0xd1, 0x81, 0xd0, 0xbb, 0xd1, 0x83, 0xd1, 0x87, 0xd0, 0xb0,
  0xd0, 0xb5, 0xd1, 0x81, 0xd0, 0xb5, 0xd0, 0xb9, 0xd1, 0x87, 0xd0, 0xb0, 0xd1,
  0x81, 0xd0, 0xb2, 0xd1, 0x81, 0xd0, 0xb5, 0xd0, 0xb3, 0xd0, 0xb4, 0xd0, 0xb0,
  0xd0, 0xa0, 0xd0, 0xbe, 0xd1, 0x81, 0xd1, 0x81, 0xd0, 0xb8, 0xd1, 0x8f, 0xd0,
  0x9c, 0xd0, 0xbe, 0xd1, 0x81, 0xd0, 0xba, 0xd0, 0xb2, 0xd0, 0xb5, 0xd0, 0xb4,
  0xd1, 0x80, 0xd1, 0x83, 0xd0, 0xb3, 0xd0, 0xb8, 0xd0, 0xb5, 0xd0, 0xb3, 0xd0,
  0xbe, 0xd1, 0x80, 0xd0, 0xbe, 0xd0, 0xb4, 0xd0, 0xb0, 0xd0, 0xb2, 0xd0, 0xbe,
  0xd0, 0xbf, 0xd1, 0x80, 0xd0, 0xbe, 0xd1, 0x81, 0xd0, 0xb4, 0xd0, 0xb0, 0xd0,
  0xbd, 0xd0, 0xbd, 0xd1, 0x8b, 0xd1, 0x85, 0xd0, 0xb4, 0xd0, 0xbe, 0xd0, 0xbb,
  0xd0, 0xb6, 0xd0, 0xbd, 0xd1, 0x8b, 0xd0, 0xb8, 0xd0, 0xbc, 0xd0, 0xb5, 0xd0,
  0xbd, 0xd0, 0xbd, 0xd0, 0xbe, 0xd0, 0x9c, 0xd0, 0xbe, 0xd1, 0x81, 0xd0, 0xba,
  0xd0, 0xb2, 0xd1, 0x8b, 0xd1, 0x80, 0xd1, 0x83, 0xd0, 0xb1, 0xd0, 0xbb, 0xd0,
  0xb5, 0xd0, 0xb9, 0xd0, 0x9c, 0xd0, 0xbe, 0xd1, 0x81, 0xd0, 0xba, 0xd0, 0xb2,
  0xd0, 0xb0, 0xd1, 0x81, 0xd1, 0x82, 0xd1, 0x80, 0xd0, 0xb0, 0xd0, 0xbd, 0xd1,
  0x8b, 0xd0, 0xbd, 0xd0, 0xb8, 0xd1, 0x87, 0xd0, 0xb5, 0xd0, 0xb3, 0xd0, 0xbe,
  0xd1, 0x80, 0xd0, 0xb0, 0xd0, 0xb1, 0xd0, 0xbe, 0xd1, 0x82, 0xd0, 0xb5, 0xd0,
  0xb4, 0xd0, 0xbe, 0xd0, 0xbb, 0xd0, 0xb6, 0xd0, 0xb5, 0xd0, 0xbd, 0xd1, 0x83,
  0xd1, 0x81, 0xd0, 0xbb, 0xd1, 0x83, 0xd0, 0xb3, 0xd0, 0xb8, 0xd1, 0x82, 0xd0,
  0xb5, 0xd0, 0xbf, 0xd0, 0xb5, 0xd1, 0x80, 0xd1, 0x8c, 0xd0, 0x9e, 0xd0, 0xb4,
  0xd0, 0xbd, 0xd0, 0xb0, 0xd0, 0xba, 0xd0, 0xbe, 0xd0, 0xbf, 0xd0, 0xbe, 0xd1,
  0x82, 0xd0, 0xbe, 0xd0, 0xbc, 0xd1, 0x83, 0xd1, 0x80, 0xd0, 0xb0, 0xd0, 0xb1,
  0xd0, 0xbe, 0xd1, 0x82, 0xd1, 0x83, 0xd0, 0xb0, 0xd0, 0xbf, 0xd1, 0x80, 0xd0,
  0xb5, 0xd0, 0xbb, 0xd1, 0x8f, 0xd0, 0xb2, 0xd0, 0xbe, 0xd0, 0xbe, 0xd0, 0xb1,
  0xd1, 0x89, 0xd0, 0xb5, 0xd0, 0xbe, 0xd0, 0xb4, 0xd0, 0xbd, 0xd0, 0xbe, 0xd0,
  0xb3, 0xd0, 0xbe, 0xd1, 0x81, 0xd0, 0xb2, 0xd0, 0xbe, 0xd0, 0xb5, 0xd0, 0xb3,
  0xd0, 0xbe, 0xd1, 0x81, 0xd1, 0x82, 0xd0, 0xb0, 0xd1, 0x82, 0xd1, 0x8c, 0xd0,
  0xb8, 0xd0, 0xb4, 0xd1, 0x80, 0xd1, 0x83, 0xd0, 0xb3, 0xd0, 0xbe, 0xd0, 0xb9,
  0xd1, 0x84, 0xd0, 0xbe, 0xd1, 0x80, 0xd1, 0x83, 0xd0, 0xbc, 0xd0, 0xb5, 0xd1,
  0x85, 0xd0, 0xbe, 0xd1, 0x80, 0xd0, 0xbe, 0xd1, 0x88, 0xd0, 0xbe, 0xd0, 0xbf,
  0xd1, 0x80, 0xd0, 0xbe, 0xd1, 0x82, 0xd0, 0xb8, 0xd0, 0xb2, 0xd1, 0x81, 0xd1,
  0x81, 0xd1, 0x8b, 0xd0, 0xbb, 0xd0, 0xba, 0xd0, 0xb0, 0xd0, 0xba, 0xd0, 0xb0,
  0xd0, 0xb6, 0xd0, 0xb4, 0xd1, 0x8b, 0xd0, 0xb9, 0xd0, 0xb2, 0xd0, 0xbb, 0xd0,
  0xb0, 0xd1, 0x81, 0xd1, 0x82, 0xd0, 0xb8, 0xd0, 0xb3, 0xd1, 0x80, 0xd1, 0x83,
  0xd0, 0xbf, 0xd0, 0xbf, 0xd1, 0x8b, 0xd0, 0xb2, 0xd0, 0xbc, 0xd0, 0xb5, 0xd1,
  0x81, 0xd1, 0x82, 0xd0, 0xb5, 0xd1, 0x80, 0xd0, 0xb0, 0xd0, 0xb1, 0xd0, 0xbe,
  0xd1, 0x82, 0xd0, 0xb0, 0xd1, 0x81, 0xd0, 0xba, 0xd0, 0xb0, 0xd0, 0xb7, 0xd0,
  0xb0, 0xd0, 0xbb, 0xd0, 0xbf, 0xd0, 0xb5, 0xd1, 0x80, 0xd0, 0xb2, 0xd1, 0x8b,
  0xd0, 0xb9, 0xd0, 0xb4, 0xd0, 0xb5, 0xd0, 0xbb, 0xd0, 0xb0, 0xd1, 0x82, 0xd1,
  0x8c, 0xd0, 0xb4, 0xd0, 0xb5, 0xd0, 0xbd, 0xd1, 0x8c, 0xd0, 0xb3, 0xd0, 0xb8,
  0xd0, 0xbf, 0xd0, 0xb5, 0xd1, 0x80, 0xd0, 0xb8, 0xd0, 0xbe, 0xd0, 0xb4, 0xd0,
  0xb1, 0xd0, 0xb8, 0xd0, 0xb7, 0xd0, 0xbd, 0xd0, 0xb5, 0xd1, 0x81, 0xd0, 0xbe,
  0xd1, 0x81, 0xd0, 0xbd, 0xd0, 0xbe, 0xd0, 0xb2, 0xd0, 0xb5, 0xd0, 0xbc, 0xd0,
  0xbe, 0xd0, 0xbc, 0xd0, 0xb5, 0xd0, 0xbd, 0xd1, 0x82, 0xd0, 0xba, 0xd1, 0x83,
  0xd0, 0xbf, 0xd0, 0xb8, 0xd1, 0x82, 0xd1, 0x8c, 0xd0, 0xb4, 0xd0, 0xbe, 0xd0,
  0xbb, 0xd0, 0xb6, 0xd0, 0xbd, 0xd0, 0xb0, 0xd1, 0x80, 0xd0, 0xb0, 0xd0, 0xbc,
  0xd0, 0xba, 0xd0, 0xb0, 0xd1, 0x85, 0xd0, 0xbd, 0xd0, 0xb0, 0xd1, 0x87, 0xd0,
  0xb0, 0xd0, 0xbb, 0xd0, 0xbe, 0xd0, 0xa0, 0xd0, 0xb0, 0xd0, 0xb1, 0xd0, 0xbe,
  0xd1, 0x82, 0xd0, 0xb0, 0xd0, 0xa2, 0xd0, 0xbe, 0xd0, 0xbb, 0xd1, 0x8c, 0xd0,
  0xba, 0xd0, 0xbe, 0xd1, 0x81, 0xd0, 0xbe, 0xd0, 0xb2, 0xd1, 0x81, 0xd0, 0xb5,
  0xd0, 0xbc, 0xd0, 0xb2, 0xd1, 0x82, 0xd0, 0xbe, 0xd1, 0x80, 0xd0, 0xbe, 0xd0,
  0xb9, 0xd0, 0xbd, 0xd0, 0xb0, 0xd1, 0x87, 0xd0, 0xb0, 0xd0, 0xbb, 0xd0, 0xb0,
  0xd1, 0x81, 0xd0, 0xbf, 0xd0, 0xb8, 0xd1, 0x81, 0xd0, 0xbe, 0xd0, 0xba, 0xd1,
  0x81, 0xd0, 0xbb, 0xd1, 0x83, 0xd0, 0xb6, 0xd0, 0xb1, 0xd1, 0x8b, 0xd1, 0x81,
  0xd0, 0xb8, 0xd1, 0x81, 0xd1, 0x82, 0xd0, 0xb5, 0xd0, 0xbc, 0xd0, 0xbf, 0xd0,
  0xb5, 0xd1, 0x87, 0xd0, 0xb0, 0xd1, 0x82, 0xd0, 0xb8, 0xd0, 0xbd, 0xd0, 0xbe,
  0xd0, 0xb2, 0xd0, 0xbe, 0xd0, 0xb3, 0xd0, 0xbe, 0xd0, 0xbf, 0xd0, 0xbe, 0xd0,
  0xbc, 0xd0, 0xbe, 0xd1, 0x89, 0xd0, 0xb8, 0xd1, 0x81, 0xd0, 0xb0, 0xd0, 0xb9,
  0xd1, 0x82, 0xd0, 0xbe, 0xd0, 0xb2, 0xd0, 0xbf, 0xd0, 0xbe, 0xd1, 0x87, 0xd0,
  0xb5, 0xd0, 0xbc, 0xd1, 0x83, 0xd0, 0xbf, 0xd0, 0xbe, 0xd0, 0xbc, 0xd0, 0xbe,
  0xd1, 0x89, 0xd1, 0x8c, 0xd0, 0xb4, 0xd0, 0xbe, 0xd0, 0xbb, 0xd0, 0xb6, 0xd0,
  0xbd, 0xd0, 0xbe, 0xd1, 0x81, 0xd1, 0x81, 0xd1, 0x8b, 0xd0, 0xbb, 0xd0, 0xba,
  0xd0, 0xb8, 0xd0, 0xb1, 0xd1, 0x8b, 0xd1, 0x81, 0xd1, 0x82, 0xd1, 0x80, 0xd0,
  0xbe, 0xd0, 0xb4, 0xd0, 0xb0, 0xd0, 0xbd, 0xd0, 0xbd, 0xd1, 0x8b, 0xd0, 0xb5,
  0xd0, 0xbc, 0xd0, 0xbd, 0xd0, 0xbe, 0xd0, 0xb3, 0xd0, 0xb8, 0xd0, 0xb5, 0xd0,
  0xbf, 0xd1, 0x80, 0xd0, 0xbe, 0xd0, 0xb5, 0xd0, 0xba, 0xd1, 0x82, 0xd0, 0xa1,
  0xd0, 0xb5, 0xd0, 0xb9, 0xd1, 0x87, 0xd0, 0xb0, 0xd1, 0x81, 0xd0, 0xbc, 0xd0,
  0xbe, 0xd0, 0xb4, 0xd0, 0xb5, 0xd0, 0xbb, 0xd0, 0xb8, 0xd1, 0x82, 0xd0, 0xb0,
  0xd0, 0xba, 0xd0, 0xbe, 0xd0, 0xb3, 0xd0, 0xbe, 0xd0, 0xbe, 0xd0, 0xbd, 0xd0,
  0xbb, 0xd0, 0xb0, 0xd0, 0xb9, 0xd0, 0xbd, 0xd0, 0xb3, 0xd0, 0xbe, 0xd1, 0x80,
  0xd0, 0xbe, 0xd0, 0xb4, 0xd0, 0xb5, 0xd0, 0xb2, 0xd0, 0xb5, 0xd1, 0x80, 0xd1,
  0x81, 0xd0, 0xb8, 0xd1, 0x8f, 0xd1, 0x81, 0xd1, 0x82, 0xd1, 0x80, 0xd0, 0xb0,
  0xd0, 0xbd, 0xd0, 0xb5, 0xd1, 0x84, 0xd0, 0xb8, 0xd0, 0xbb, 0xd1, 0x8c, 0xd0,
  0xbc, 0xd1, 0x8b, 0xd1, 0x83, 0xd1, 0x80, 0xd0, 0xbe, 0xd0, 0xb2, 0xd0, 0xbd,
  0xd1, 0x8f, 0xd1, 0x80, 0xd0, 0xb0, 0xd0, 0xb7, 0xd0, 0xbd, 0xd1, 0x8b, 0xd1,
  0x85, 0xd0, 0xb8, 0xd1, 0x81, 0xd0, 0xba, 0xd0, 0xb0, 0xd1, 0x82, 0xd1, 0x8c,
  0xd0, 0xbd, 0xd0, 0xb5, 0xd0, 0xb4, 0xd0, 0xb5, 0xd0, 0xbb, 0xd1, 0x8e, 0xd1,
  0x8f, 0xd0, 0xbd, 0xd0, 0xb2, 0xd0, 0xb0, 0xd1, 0x80, 0xd1, 0x8f, 0xd0, 0xbc,
  0xd0, 0xb5, 0xd0, 0xbd, 0xd1, 0x8c, 0xd1, 0x88, 0xd0, 0xb5, 0xd0, 0xbc, 0xd0,
  0xbd, 0xd0, 0xbe, 0xd0, 0xb3, 0xd0, 0xb8, 0xd1, 0x85, 0xd0, 0xb4, 0xd0, 0xb0,
  0xd0, 0xbd, 0xd0, 0xbd, 0xd0, 0xbe, 0xd0, 0xb9, 0xd0, 0xb7, 0xd0, 0xbd, 0xd0,
  0xb0, 0xd1, 0x87, 0xd0, 0xb8, 0xd1, 0x82, 0xd0, 0xbd, 0xd0, 0xb5, 0xd0, 0xbb,
  0xd1, 0x8c, 0xd0, 0xb7, 0xd1, 0x8f, 0xd1, 0x84, 0xd0, 0xbe, 0xd1, 0x80, 0xd1,
  0x83, 0xd0, 0xbc, 0xd0, 0xb0, 0xd0, 0xa2, 0xd0, 0xb5, 0xd0, 0xbf, 0xd0, 0xb5,
  0xd1, 0x80, 0xd1, 0x8c, 0xd0, 0xbc, 0xd0, 0xb5, 0xd1, 0x81, 0xd1, 0x8f, 0xd1,
  0x86, 0xd0, 0xb0, 0xd0, 0xb7, 0xd0, 0xb0, 0xd1, 0x89, 0xd0, 0xb8, 0xd1, 0x82,
  0xd1, 0x8b, 0xd0, 0x9b, 0xd1, 0x83, 0xd1, 0x87, 0xd1, 0x88, 0xd0, 0xb8, 0xd0,
  0xb5, 0xe0, 0xa4, 0xa8, 0xe0, 0xa4, 0xb9, 0xe0, 0xa5, 0x80, 0xe0, 0xa4, 0x82,
  0xe0, 0xa4, 0x95, 0xe0, 0xa4, 0xb0, 0xe0, 0xa4, 0xa8, 0xe0, 0xa5, 0x87, 0xe0,
  0xa4, 0x85, 0xe0, 0xa4, 0xaa, 0xe0, 0xa4, 0xa8, 0xe0, 0xa5, 0x87, 0xe0, 0xa4,
  0x95, 0xe0, 0xa4, 0xbf, 0xe0, 0xa4, 0xaf, 0xe0, 0xa4, 0xbe, 0xe0, 0xa4, 0x95,
  0xe0, 0xa4, 0xb0, 0xe0, 0xa5, 0x87, 0xe0, 0xa4, 0x82, 0xe0, 0xa4, 0x85, 0xe0,
  0xa4, 0xa8, 0xe0, 0xa5, 0x8d, 0xe0, 0xa4, 0xaf, 0xe0, 0xa4, 0x95, 0xe0, 0xa5,
  0x8d, 0xe0, 0xa4, 0xaf, 0xe0, 0xa4, 0xbe, 0xe0, 0xa4, 0x97, 0xe0, 0xa4, 0xbe,
  0xe0, 0xa4, 0x87, 0xe0, 0xa4, 0xa1, 0xe0, 0xa4, 0xac, 0xe0, 0xa4, 0xbe, 0xe0,
  0xa4, 0xb0, 0xe0, 0xa5, 0x87, 0xe0, 0xa4, 0x95, 0xe0, 0xa4, 0xbf, 0xe0, 0xa4,
  0xb8, 0xe0, 0xa5, 0x80, 0xe0, 0xa4, 0xa6, 0xe0, 0xa4, 0xbf, 0xe0, 0xa4, 0xaf,
  0xe0, 0xa4, 0xbe, 0xe0, 0xa4, 0xaa, 0xe0, 0xa4, 0xb9, 0xe0, 0xa4, 0xb2, 0xe0,
  0xa5, 0x87, 0xe0, 0xa4, 0xb8, 0xe0, 0xa4, 0xbf, 0xe0, 0xa4, 0x82, 0xe0, 0xa4,
  0xb9, 0xe0, 0xa4, 0xad, 0xe0, 0xa4, 0xbe, 0xe0, 0xa4, 0xb0, 0xe0, 0xa4, 0xa4,
  0xe0, 0xa4, 0x85, 0xe0, 0xa4, 0xaa, 0xe0, 0xa4, 0xa8, 0xe0, 0xa5, 0x80, 0xe0,
  0xa4, 0xb5, 0xe0, 0xa4, 0xbe, 0xe0, 0xa4, 0xb2, 0xe0, 0xa5, 0x87, 0xe0, 0xa4,
  0xb8, 0xe0, 0xa5, 0x87, 0xe0, 0xa4, 0xb5, 0xe0, 0xa4, 0xbe, 0xe0, 0xa4, 0x95,
  0xe0, 0xa4, 0xb0, 0xe0, 0xa4, 0xa4, 0xe0, 0xa5, 0x87, 0xe0, 0xa4, 0xae, 0xe0,
  0xa5, 0x87, 0xe0, 0xa4, 0xb0, 0xe0, 0xa5, 0x87, 0xe0, 0xa4, 0xb9, 0xe0, 0xa5,
  0x8b, 0xe0, 0xa4, 0xa8, 0xe0, 0xa5, 0x87, 0xe0, 0xa4, 0xb8, 0xe0, 0xa4, 0x95,
  0xe0, 0xa4, 0xa4, 0xe0, 0xa5, 0x87, 0xe0, 0xa4, 0xac, 0xe0, 0xa4, 0xb9, 0xe0,
  0xa5, 0x81, 0xe0, 0xa4, 0xa4, 0xe0, 0xa4, 0xb8, 0xe0, 0xa4, 0xbe, 0xe0, 0xa4,
  0x87, 0xe0, 0xa4, 0x9f, 0xe0, 0xa4, 0xb9, 0xe0, 0xa5, 0x8b, 0xe0, 0xa4, 0x97,
  0xe0, 0xa4, 0xbe, 0xe0, 0xa4, 0x9c, 0xe0, 0xa4, 0xbe, 0xe0, 0xa4, 0xa8, 0xe0,
  0xa5, 0x87, 0xe0, 0xa4, 0xae, 0xe0, 0xa4, 0xbf, 0xe0, 0xa4, 0xa8, 0xe0, 0xa4,
  0x9f, 0xe0, 0xa4, 0x95, 0xe0, 0xa4, 0xb0, 0xe0, 0xa4, 0xa4, 0xe0, 0xa4, 0xbe,
  0xe0, 0xa4, 0x95, 0xe0, 0xa4, 0xb0, 0xe0, 0xa4, 0xa8, 0xe0, 0xa4, 0xbe, 0xe0,
  0xa4, 0x89, 0xe0, 0xa4, 0xa8, 0xe0, 0xa4, 0x95, 0xe0, 0xa5, 0x87, 0xe0, 0xa4,
  0xaf, 0xe0, 0xa4, 0xb9, 0xe0, 0xa4, 0xbe, 0xe0, 0xa4, 0x81, 0xe0, 0xa4, 0xb8,
  0xe0, 0xa4, 0xac, 0xe0, 0xa4, 0xb8, 0xe0, 0xa5, 0x87, 0xe0, 0xa4, 0xad, 0xe0,
  0xa4, 0xbe, 0xe0, 0xa4, 0xb7, 0xe0, 0xa4, 0xbe, 0xe0, 0xa4, 0x86, 0xe0, 0xa4,
  0xaa, 0xe0, 0xa4, 0x95, 0xe0, 0xa5, 0x87, 0xe0, 0xa4, 0xb2, 0xe0, 0xa4, 0xbf,
  0xe0, 0xa4, 0xaf, 0xe0, 0xa5, 0x87, 0xe0, 0xa4, 0xb6, 0xe0, 0xa5, 0x81, 0xe0,
  0xa4, 0xb0, 0xe0, 0xa5, 0x82, 0xe0, 0xa4, 0x87, 0xe0, 0xa4, 0xb8, 0xe0, 0xa4,
  0x95, 0xe0, 0xa5, 0x87, 0xe0, 0xa4, 0x98, 0xe0, 0xa4, 0x82, 0xe0, 0xa4, 0x9f,
  0xe0, 0xa5, 0x87, 0xe0, 0xa4, 0xae, 0xe0, 0xa5, 0x87, 0xe0, 0xa4, 0xb0, 0xe0,
  0xa5, 0x80, 0xe0, 0xa4, 0xb8, 0xe0, 0xa4, 0x95, 0xe0, 0xa4, 0xa4, 0xe0, 0xa4,
  0xbe, 0xe0, 0xa4, 0xae, 0xe0, 0xa5, 0x87, 0xe0, 0xa4, 0xb0, 0xe0, 0xa4, 0xbe,
  0xe0, 0xa4, 0xb2, 0xe0, 0xa5, 0x87, 0xe0, 0xa4, 0x95, 0xe0, 0xa4, 0xb0, 0xe0,
  0xa4, 0x85, 0xe0, 0xa4, 0xa7, 0xe0, 0xa4, 0xbf, 0xe0, 0xa4, 0x95, 0xe0, 0xa4,
  0x85, 0xe0, 0xa4, 0xaa, 0xe0, 0xa4, 0xa8, 0xe0, 0xa4, 0xbe, 0xe0, 0xa4, 0xb8,
  0xe0, 0xa4, 0xae, 0xe0, 0xa4, 0xbe, 0xe0, 0xa4, 0x9c, 0xe0, 0xa4, 0xae, 0xe0,
  0xa5, 0x81, 0xe0, 0xa4, 0x9d, 0xe0, 0xa5, 0x87, 0xe0, 0xa4, 0x95, 0xe0, 0xa4,
  0xbe, 0xe0, 0xa4, 0xb0, 0xe0, 0xa4, 0xa3, 0xe0, 0xa4, 0xb9, 0xe0, 0xa5, 0x8b,
  0xe0, 0xa4, 0xa4, 0xe0, 0xa4, 0xbe, 0xe0, 0xa4, 0x95, 0xe0, 0xa4, 0xa1, 0xe0,
  0xa4, 0xbc, 0xe0, 0xa5, 0x80, 0xe0, 0xa4, 0xaf, 0xe0, 0xa4, 0xb9, 0xe0, 0xa4,
  0xbe, 0xe0, 0xa4, 0x82, 0xe0, 0xa4, 0xb9, 0xe0, 0xa5, 0x8b, 0xe0, 0xa4, 0x9f,
  0xe0, 0xa4, 0xb2, 0xe0, 0xa4, 0xb6, 0xe0, 0xa4, 0xac, 0xe0, 0xa5, 0x8d, 0xe0,
  0xa4, 0xa6, 0xe0, 0xa4, 0xb2, 0xe0, 0xa4, 0xbf, 0xe0, 0xa4, 0xaf, 0xe0, 0xa4,
  0xbe, 0xe0, 0xa4, 0x9c, 0xe0, 0xa5, 0x80, 0xe0, 0xa4, 0xb5, 0xe0, 0xa4, 0xa8,
  0xe0, 0xa4, 0x9c, 0xe0, 0xa4, 0xbe, 0xe0, 0xa4, 0xa4, 0xe0, 0xa4, 0xbe, 0xe0,
  0xa4, 0x95, 0xe0, 0xa5, 0x88, 0xe0, 0xa4, 0xb8, 0xe0, 0xa5, 0x87, 0xe0, 0xa4,
  0x86, 0xe0, 0xa4, 0xaa, 0xe0, 0xa4, 0x95, 0xe0, 0xa4, 0xbe, 0xe0, 0xa4, 0xb5,
  0xe0, 0xa4, 0xbe, 0xe0, 0xa4, 0xb2, 0xe0, 0xa5, 0x80, 0xe0, 0xa4, 0xa6, 0xe0,
  0xa5, 0x87, 0xe0, 0xa4, 0xa8, 0xe0, 0xa5, 0x87, 0xe0, 0xa4, 0xaa, 0xe0, 0xa5,
  0x82, 0xe0, 0xa4, 0xb0, 0xe0, 0xa5, 0x80, 0xe0, 0xa4, 0xaa, 0xe0, 0xa4, 0xbe,
  0xe0, 0xa4, 0xa8, 0xe0, 0xa5, 0x80, 0xe0, 0xa4, 0x89, 0xe0, 0xa4, 0xb8, 0xe0,
  0xa4, 0x95, 0xe0, 0xa5, 0x87, 0xe0, 0xa4, 0xb9, 0xe0, 0xa5, 0x8b, 0xe0, 0xa4,
  0x97, 0xe0, 0xa5, 0x80, 0xe0, 0xa4, 0xac, 0xe0, 0xa5, 0x88, 0xe0, 0xa4, 0xa0,
  0xe0, 0xa4, 0x95, 0xe0, 0xa4, 0x86, 0xe0, 0xa4, 0xaa, 0xe0, 0xa4, 0x95, 0xe0,
  0xa5, 0x80, 0xe0, 0xa4, 0xb5, 0xe0, 0xa4, 0xb0, 0xe0, 0xa5, 0x8d, 0xe0, 0xa4,
  0xb7, 0xe0, 0xa4, 0x97, 0xe0, 0xa4, 0xbe, 0xe0, 0xa4, 0x82, 0xe0, 0xa4, 0xb5,
  0xe0, 0xa4, 0x86, 0xe0, 0xa4, 0xaa, 0xe0, 0xa4, 0x95, 0xe0, 0xa5, 0x8b, 0xe0,
  0xa4, 0x9c, 0xe0, 0xa4, 0xbf, 0xe0, 0xa4, 0xb2, 0xe0, 0xa4, 0xbe, 0xe0, 0xa4,
  0x9c, 0xe0, 0xa4, 0xbe, 0xe0, 0xa4, 0xa8, 0xe0, 0xa4, 0xbe, 0xe0, 0xa4, 0xb8,
  0xe0, 0xa4, 0xb9, 0xe0, 0xa4, 0xae, 0xe0, 0xa4, 0xa4, 0xe0, 0xa4, 0xb9, 0xe0,
  0xa4, 0xae, 0xe0, 0xa5, 0x87, 0xe0, 0xa4, 0x82, 0xe0, 0xa4, 0x89, 0xe0, 0xa4,
  0xa8, 0xe0, 0xa4, 0x95, 0xe0, 0xa5, 0x80, 0xe0, 0xa4, 0xaf, 0xe0, 0xa4, 0xbe,
  0xe0, 0xa4, 0xb9, 0xe0, 0xa5, 0x82, 0xe0, 0xa4, 0xa6, 0xe0, 0xa4, 0xb0, 0xe0,
  0xa5, 0x8d, 0xe0, 0xa4, 0x9c, 0xe0, 0xa4, 0xb8, 0xe0, 0xa5, 0x82, 0xe0, 0xa4,
  0x9a, 0xe0, 0xa5, 0x80, 0xe0, 0xa4, 0xaa, 0xe0, 0xa4, 0xb8, 0xe0, 0xa4, 0x82,
  0xe0, 0xa4, 0xa6, 0xe0, 0xa4, 0xb8, 0xe0, 0xa4, 0xb5, 0xe0, 0xa4, 0xbe, 0xe0,
  0xa4, 0xb2, 0xe0, 0xa4, 0xb9, 0xe0, 0xa5, 0x8b, 0xe0, 0xa4, 0xa8, 0xe0, 0xa4,
  0xbe, 0xe0, 0xa4, 0xb9, 0xe0, 0xa5, 0x8b, 0xe0, 0xa4, 0xa4, 0xe0, 0xa5, 0x80,
  0xe0, 0xa4, 0x9c, 0xe0, 0xa5, 0x88, 0xe0, 0xa4, 0xb8, 0xe0, 0xa5, 0x87, 0xe0,
  0xa4, 0xb5, 0xe0, 0xa4, 0xbe, 0xe0, 0xa4, 0xaa, 0xe0, 0xa4, 0xb8, 0xe0, 0xa4,
  0x9c, 0xe0, 0xa4, 0xa8, 0xe0, 0xa4, 0xa4, 0xe0, 0xa4, 0xbe, 0xe0, 0xa4, 0xa8,
  0xe0, 0xa5, 0x87, 0xe0, 0xa4, 0xa4, 0xe0, 0xa4, 0xbe, 0xe0, 0xa4, 0x9c, 0xe0,
  0xa4, 0xbe, 0xe0, 0xa4, 0xb0, 0xe0, 0xa5, 0x80, 0xe0, 0xa4, 0x98, 0xe0, 0xa4,
  0xbe, 0xe0, 0xa4, 0xaf, 0xe0, 0xa4, 0xb2, 0xe0, 0xa4, 0x9c, 0xe0, 0xa4, 0xbf,
  0xe0, 0xa4, 0xb2, 0xe0, 0xa5, 0x87, 0xe0, 0xa4, 0xa8, 0xe0, 0xa5, 0x80, 0xe0,
  0xa4, 0x9a, 0xe0, 0xa5, 0x87, 0xe0, 0xa4, 0x9c, 0xe0, 0xa4, 0xbe, 0xe0, 0xa4,
  0x82, 0xe0, 0xa4, 0x9a, 0xe0, 0xa4, 0xaa, 0xe0, 0xa4, 0xa4, 0xe0, 0xa5, 0x8d,
  0xe0, 0xa4, 0xb0, 0xe0, 0xa4, 0x97, 0xe0, 0xa5, 0x82, 0xe0, 0xa4, 0x97, 0xe0,
  0xa4, 0xb2, 0xe0, 0xa4, 0x9c, 0xe0, 0xa4, 0xbe, 0xe0, 0xa4, 0xa4, 0xe0, 0xa5,
  0x87, 0xe0, 0xa4, 0xac, 0xe0, 0xa4, 0xbe, 0xe0, 0xa4, 0xb9, 0xe0, 0xa4, 0xb0,
  0xe0, 0xa4, 0x86, 0xe0, 0xa4, 0xaa, 0xe0, 0xa4, 0xa8, 0xe0, 0xa5, 0x87, 0xe0,
  0xa4, 0xb5, 0xe0, 0xa4, 0xbe, 0xe0, 0xa4, 0xb9, 0xe0, 0xa4, 0xa8, 0xe0, 0xa4,
  0x87, 0xe0, 0xa4, 0xb8, 0xe0, 0xa4, 0x95, 0xe0, 0xa4, 0xbe, 0xe0, 0xa4, 0xb8,
  0xe0, 0xa5, 0x81, 0xe0, 0xa4, 0xac, 0xe0, 0xa4, 0xb9, 0xe0, 0xa4, 0xb0, 0xe0,
  0xa4, 0xb9, 0xe0, 0xa4, 0xa8, 0xe0, 0xa5, 0x87, 0xe0, 0xa4, 0x87, 0xe0, 0xa4,
  0xb8, 0xe0, 0xa4, 0xb8, 0xe0, 0xa5, 0x87, 0xe0, 0xa4, 0xb8, 0xe0, 0xa4, 0xb9,
  0xe0, 0xa4, 0xbf, 0xe0, 0xa4, 0xa4, 0xe0, 0xa4, 0xac, 0xe0, 0xa4, 0xa1, 0xe0,
  0xa4, 0xbc, 0xe0, 0xa5, 0x87, 0xe0, 0xa4, 0x98, 0xe0, 0xa4, 0x9f, 0xe0, 0xa4,
  0xa8, 0xe0, 0xa4, 0xbe, 0xe0, 0xa4, 0xa4, 0xe0, 0xa4, 0xb2, 0xe0, 0xa4, 0xbe,
  0xe0, 0xa4, 0xb6, 0xe0, 0xa4, 0xaa, 0xe0, 0xa4, 0xbe, 0xe0, 0xa4, 0x82, 0xe0,
  0xa4, 0x9a, 0xe0, 0xa4, 0xb6, 0xe0, 0xa5, 0x8d, 0xe0, 0xa4, 0xb0, 0xe0, 0xa5,
  0x80, 0xe0, 0xa4, 0xac, 0xe0, 0xa4, 0xa1, 0xe0, 0xa4, 0xbc, 0xe0, 0xa5, 0x80,
  0xe0, 0xa4, 0xb9, 0xe0, 0xa5, 0x8b, 0xe0, 0xa4, 0xa4, 0xe0, 0xa5, 0x87, 0xe0,
  0xa4, 0xb8, 0xe0, 0xa4, 0xbe, 0xe0, 0xa4, 0x88, 0xe0, 0xa4, 0x9f, 0xe0, 0xa4,
  0xb6, 0xe0, 0xa4, 0xbe, 0xe0, 0xa4, 0xaf, 0xe0, 0xa4, 0xa6, 0xe0, 0xa4, 0xb8,
  0xe0, 0xa4, 0x95, 0xe0, 0xa4, 0xa4, 0xe0, 0xa5, 0x80, 0xe0, 0xa4, 0x9c, 0xe0,
  0xa4, 0xbe, 0xe0, 0xa4, 0xa4, 0xe0, 0xa5, 0x80, 0xe0, 0xa4, 0xb5, 0xe0, 0xa4,
  0xbe, 0xe0, 0xa4, 0xb2, 0xe0, 0xa4, 0xbe, 0xe0, 0xa4, 0xb9, 0xe0, 0xa4, 0x9c,
  0xe0, 0xa4, 0xbe, 0xe0, 0xa4, 0xb0, 0xe0, 0xa4, 0xaa, 0xe0, 0xa4, 0x9f, 0xe0,
  0xa4, 0xa8, 0xe0, 0xa4, 0xbe, 0xe0, 0xa4, 0xb0, 0xe0, 0xa4, 0x96, 0xe0, 0xa4,
  0xa8, 0xe0, 0xa5, 0x87, 0xe0, 0xa4, 0xb8, 0xe0, 0xa4, 0xa1, 0xe0, 0xa4, 0xbc,
  0xe0, 0xa4, 0x95, 0xe0, 0xa4, 0xae, 0xe0, 0xa4, 0xbf, 0xe0, 0xa4, 0xb2, 0xe0,
  0xa4, 0xbe, 0xe0, 0xa4, 0x89, 0xe0, 0xa4, 0xb8, 0xe0, 0xa4, 0x95, 0xe0, 0xa5,
  0x80, 0xe0, 0xa4, 0x95, 0xe0, 0xa5, 0x87, 0xe0, 0xa4, 0xb5, 0xe0, 0xa4, 0xb2,
  0xe0, 0xa4, 0xb2, 0xe0, 0xa4, 0x97, 0xe0, 0xa4, 0xa4, 0xe0, 0xa4, 0xbe, 0xe0,
  0xa4, 0x96, 0xe0, 0xa4, 0xbe, 0xe0, 0xa4, 0xa8, 0xe0, 0xa4, 0xbe, 0xe0, 0xa4,
  0x85, 0xe0, 0xa4, 0xb0, 0xe0, 0xa5, 0x8d, 0xe0, 0xa4, 0xa5, 0xe0, 0xa4, 0x9c,
  0xe0, 0xa4, 0xb9, 0xe0, 0xa4, 0xbe, 0xe0, 0xa4, 0x82, 0xe0, 0xa4, 0xa6, 0xe0,
  0xa5, 0x87, 0xe0, 0xa4, 0x96, 0xe0, 0xa4, 0xbe, 0xe0, 0xa4, 0xaa, 0xe0, 0xa4,
  0xb9, 0xe0, 0xa4, 0xb2, 0xe0, 0xa5, 0x80, 0xe0, 0xa4, 0xa8, 0xe0, 0xa4, 0xbf,
  0xe0, 0xa4, 0xaf, 0xe0, 0xa4, 0xae, 0xe0, 0xa4, 0xac, 0xe0, 0xa4, 0xbf, 0xe0,
  0xa4, 0xa8, 0xe0, 0xa4, 0xbe, 0xe0, 0xa4, 0xac, 0xe0, 0xa5, 0x88, 0xe0, 0xa4,
  0x82, 0xe0, 0xa4, 0x95, 0xe0, 0xa4, 0x95, 0xe0, 0xa4, 0xb9, 0xe0, 0xa5, 0x80,
  0xe0, 0xa4, 0x82, 0xe0, 0xa4, 0x95, 0xe0, 0xa4, 0xb9, 0xe0, 0xa4, 0xa8, 0xe0,
  0xa4, 0xbe, 0xe0, 0xa4, 0xa6, 0xe0, 0xa5, 0x87, 0xe0, 0xa4, 0xa4, 0xe0, 0xa4,
  0xbe, 0xe0, 0xa4, 0xb9, 0xe0, 0xa4, 0xae, 0xe0, 0xa4, 0xb2, 0xe0, 0xa5, 0x87,
  0xe0, 0xa4, 0x95, 0xe0, 0xa4, 0xbe, 0xe0, 0xa4, 0xab, 0xe0, 0xa5, 0x80, 0xe0,
  0xa4, 0x9c, 0xe0, 0xa4, 0xac, 0xe0, 0xa4, 0x95, 0xe0, 0xa4, 0xbf, 0xe0, 0xa4,
  0xa4, 0xe0, 0xa5, 0x81, 0xe0, 0xa4, 0xb0, 0xe0, 0xa4, 0xa4, 0xe0, 0xa4, 0xae,
  0xe0, 0xa4, 0xbe, 0xe0, 0xa4, 0x82, 0xe0, 0xa4, 0x97, 0xe0, 0xa4, 0xb5, 0xe0,
  0xa4, 0xb9, 0xe0, 0xa5, 0x80, 0xe0, 0xa4, 0x82, 0xe0, 0xa4, 0xb0, 0xe0, 0xa5,
  0x8b, 0xe0, 0xa4, 0x9c, 0xe0, 0xa4, 0xbc, 0xe0, 0xa4, 0xae, 0xe0, 0xa4, 0xbf,
  0xe0, 0xa4, 0xb2, 0xe0, 0xa5, 0x80, 0xe0, 0xa4, 0x86, 0xe0, 0xa4, 0xb0, 0xe0,
  0xa5, 0x8b, 0xe0, 0xa4, 0xaa, 0xe0, 0xa4, 0xb8, 0xe0, 0xa5, 0x87, 0xe0, 0xa4,
  0xa8, 0xe0, 0xa4, 0xbe, 0xe0, 0xa4, 0xaf, 0xe0, 0xa4, 0xbe, 0xe0, 0xa4, 0xa6,
  0xe0, 0xa4, 0xb5, 0xe0, 0xa4, 0xb2, 0xe0, 0xa5, 0x87, 0xe0, 0xa4, 0xa8, 0xe0,
  0xa5, 0x87, 0xe0, 0xa4, 0x96, 0xe0, 0xa4, 0xbe, 0xe0, 0xa4, 0xa4, 0xe0, 0xa4,
  0xbe, 0xe0, 0xa4, 0x95, 0xe0, 0xa4, 0xb0, 0xe0, 0xa5, 0x80, 0xe0, 0xa4, 0xac,
  0xe0, 0xa4, 0x89, 0xe0, 0xa4, 0xa8, 0xe0, 0xa4, 0x95, 0xe0, 0xa4, 0xbe, 0xe0,
  0xa4, 0x9c, 0xe0, 0xa4, 0xb5, 0xe0, 0xa4, 0xbe, 0xe0, 0xa4, 0xac, 0xe0, 0xa4,
  0xaa, 0xe0, 0xa5, 0x82, 0xe0, 0xa4, 0xb0, 0xe0, 0xa4, 0xbe, 0xe0, 0xa4, 0xac,
  0xe0, 0xa4, 0xa1, 0xe0, 0xa4, 0xbc, 0xe0, 0xa4, 0xbe, 0xe0, 0xa4, 0xb8, 0xe0,
  0xa5, 0x8c, 0xe0, 0xa4, 0xa6, 0xe0, 0xa4, 0xbe, 0xe0, 0xa4, 0xb6, 0xe0, 0xa5,
  0x87, 0xe0, 0xa4, 0xaf, 0xe0, 0xa4, 0xb0, 0xe0, 0xa4, 0x95, 0xe0, 0xa4, 0xbf,
  0xe0, 0xa4, 0xaf, 0xe0, 0xa5, 0x87, 0xe0, 0xa4, 0x95, 0xe0, 0xa4, 0xb9, 0xe0,
  0xa4, 0xbe, 0xe0, 0xa4, 0x82, 0xe0, 0xa4, 0x85, 0xe0, 0xa4, 0x95, 0xe0, 0xa4,
  0xb8, 0xe0, 0xa4, 0xb0, 0xe0, 0xa4, 0xac, 0xe0, 0xa4, 0xa8, 0xe0, 0xa4, 0xbe,
  0xe0, 0xa4, 0x8f, 0xe0, 0xa4, 0xb5, 0xe0, 0xa4, 0xb9, 0xe0, 0xa4, 0xbe, 0xe0,
  0xa4, 0x82, 0xe0, 0xa4, 0xb8, 0xe0, 0xa5, 0x8d, 0xe0, 0xa4, 0xa5, 0xe0, 0xa4,
  0xb2, 0xe0, 0xa4, 0xae, 0xe0, 0xa4, 0xbf, 0xe0, 0xa4, 0xb2, 0xe0, 0xa5, 0x87,
  0xe0, 0xa4, 0xb2, 0xe0, 0xa5, 0x87, 0xe0, 0xa4, 0x96, 0xe0, 0xa4, 0x95, 0xe0,
  0xa4, 0xb5, 0xe0, 0xa4, 0xbf, 0xe0, 0xa4, 0xb7, 0xe0, 0xa4, 0xaf, 0xe0, 0xa4,
  0x95, 0xe0, 0xa5, 0x8d, 0xe0, 0xa4, 0xb0, 0xe0, 0xa4, 0x82, 0xe0, 0xa4, 0xb8,
  0xe0, 0xa4, 0xae, 0xe0, 0xa5, 0x82, 0xe0, 0xa4, 0xb9, 0xe0, 0xa4, 0xa5, 0xe0,
  0xa4, 0xbe, 0xe0, 0xa4, 0xa8, 0xe0, 0xa4, 0xbe, 0xd8, 0xaa, 0xd8, 0xb3, 0xd8,
  0xaa, 0xd8, 0xb7, 0xd9, 0x8a, 0xd8, 0xb9, 0xd9, 0x85, 0xd8, 0xb4, 0xd8, 0xa7,
  0xd8, 0xb1, 0xd9, 0x83, 0xd8, 0xa9, 0xd8, 0xa8, 0xd9, 0x88, 0xd8, 0xa7, 0xd8,
  0xb3, 0xd8, 0xb7, 0xd8, 0xa9, 0xd8, 0xa7, 0xd9, 0x84, 0xd8, 0xb5, 0xd9, 0x81,
  0xd8, 0xad, 0xd8, 0xa9, 0xd9, 0x85, 0xd9, 0x88, 0xd8, 0xa7, 0xd8, 0xb6, 0xd9,
  0x8a, 0xd8, 0xb9, 0xd8, 0xa7, 0xd9, 0x84, 0xd8, 0xae, 0xd8, 0xa7, 0xd8, 0xb5,
  0xd8, 0xa9, 0xd8, 0xa7, 0xd9, 0x84, 0xd9, 0x85, 0xd8, 0xb2, 0xd9, 0x8a, 0xd8,
  0xaf, 0xd8, 0xa7, 0xd9, 0x84, 0xd8, 0xb9, 0xd8, 0xa7, 0xd9, 0x85, 0xd8, 0xa9,
  0xd8, 0xa7, 0xd9, 0x84, 0xd9, 0x83, 0xd8, 0xa7, 0xd8, 0xaa, 0xd8, 0xa8, 0xd8,
  0xa7, 0xd9, 0x84, 0xd8, 0xb1, 0xd8, 0xaf, 0xd9, 0x88, 0xd8, 0xaf, 0xd8, 0xa8,
  0xd8, 0xb1, 0xd9, 0x86, 0xd8, 0xa7, 0xd9, 0x85, 0xd8, 0xac, 0xd8, 0xa7, 0xd9,
  0x84, 0xd8, 0xaf, 0xd9, 0x88, 0xd9, 0x84, 0xd8, 0xa9, 0xd8, 0xa7, 0xd9, 0x84,
  0xd8, 0xb9, 0xd8, 0xa7, 0xd9, 0x84, 0xd9, 0x85, 0xd8, 0xa7, 0xd9, 0x84, 0xd9,
  0x85, 0xd9, 0x88, 0xd9, 0x82, 0xd8, 0xb9, 0xd8, 0xa7, 0xd9, 0x84, 0xd8, 0xb9,
  0xd8, 0xb1, 0xd8, 0xa8, 0xd9, 0x8a, 0xd8, 0xa7, 0xd9, 0x84, 0xd8, 0xb3, 0xd8,
  0xb1, 0xd9, 0x8a, 0xd8, 0xb9, 0xd8, 0xa7, 0xd9, 0x84, 0xd8, 0xac, 0xd9, 0x88,
  0xd8, 0xa7, 0xd9, 0x84, 0xd8, 0xa7, 0xd9, 0x84, 0xd8, 0xb0, 0xd9, 0x87, 0xd8,
  0xa7, 0xd8, 0xa8, 0xd8, 0xa7, 0xd9, 0x84, 0xd8, 0xad, 0xd9, 0x8a, 0xd8, 0xa7,
  0xd8, 0xa9, 0xd8, 0xa7, 0xd9, 0x84, 0xd8, 0xad, 0xd9, 0x82, 0xd9, 0x88, 0xd9,
  0x82, 0xd8, 0xa7, 0xd9, 0x84, 0xd9, 0x83, 0xd8, 0xb1, 0xd9, 0x8a, 0xd9, 0x85,
  0xd8, 0xa7, 0xd9, 0x84, 0xd8, 0xb9, 0xd8, 0xb1, 0xd8, 0xa7, 0xd9, 0x82, 0xd9,
  0x85, 0xd8, 0xad, 0xd9, 0x81, 0xd9, 0x88, 0xd8, 0xb8, 0xd8, 0xa9, 0xd8, 0xa7,
  0xd9, 0x84, 0xd8, 0xab, 0xd8, 0xa7, 0xd9, 0x86, 0xd9, 0x8a, 0xd9, 0x85, 0xd8,
  0xb4, 0xd8, 0xa7, 0xd9, 0x87, 0xd8, 0xaf, 0xd8, 0xa9, 0xd8, 0xa7, 0xd9, 0x84,
  0xd9, 0x85, 0xd8, 0xb1, 0xd8, 0xa3, 0xd8, 0xa9, 0xd8, 0xa7, 0xd9, 0x84, 0xd9,
  0x82, 0xd8, 0xb1, 0xd8, 0xa2, 0xd9, 0x86, 0xd8, 0xa7, 0xd9, 0x84, 0xd8, 0xb4,
  0xd8, 0xa8, 0xd8, 0xa7, 0xd8, 0xa8, 0xd8, 0xa7, 0xd9, 0x84, 0xd8, 0xad, 0xd9,
  0x88, 0xd8, 0xa7, 0xd8, 0xb1, 0xd8, 0xa7, 0xd9, 0x84, 0xd8, 0xac, 0xd8, 0xaf,
  0xd9, 0x8a, 0xd8, 0xaf, 0xd8, 0xa7, 0xd9, 0x84, 0xd8, 0xa3, 0xd8, 0xb3, 0xd8,
  0xb1, 0xd8, 0xa9, 0xd8, 0xa7, 0xd9, 0x84, 0xd8, 0xb9, 0xd9, 0x84, 0xd9, 0x88,
  0xd9, 0x85, 0xd9, 0x85, 0xd8, 0xac, 0xd9, 0x85, 0xd9, 0x88, 0xd8, 0xb9, 0xd8,
  0xa9, 0xd8, 0xa7, 0xd9, 0x84, 0xd8, 0xb1, 0xd8, 0xad, 0xd9, 0x85, 0xd9, 0x86,
  0xd8, 0xa7, 0xd9, 0x84, 0xd9, 0x86, 0xd9, 0x82, 0xd8, 0xa7, 0xd8, 0xb7, 0xd9,
  0x81, 0xd9, 0x84, 0xd8, 0xb3, 0xd8, 0xb7, 0xd9, 0x8a, 0xd9, 0x86, 0xd8, 0xa7,
  0xd9, 0x84, 0xd9, 0x83, 0xd9, 0x88, 0xd9, 0x8a, 0xd8, 0xaa, 0xd8, 0xa7, 0xd9,
  0x84, 0xd8, 0xaf, 0xd9, 0x86, 0xd9, 0x8a, 0xd8, 0xa7, 0xd8, 0xa8, 0xd8, 0xb1,
  0xd9, 0x83, 0xd8, 0xa7, 0xd8, 0xaa, 0xd9, 0x87, 0xd8, 0xa7, 0xd9, 0x84, 0xd8,
  0xb1, 0xd9, 0x8a, 0xd8, 0xa7, 0xd8, 0xb6, 0xd8, 0xaa, 0xd8, 0xad, 0xd9, 0x8a,
  0xd8, 0xa7, 0xd8, 0xaa, 0xd9, 0x8a, 0xd8, 0xa8, 0xd8, 0xaa, 0xd9, 0x88, 0xd9,
  0x82, 0xd9, 0x8a, 0xd8, 0xaa, 0xd8, 0xa7, 0xd9, 0x84, 0xd8, 0xa3, 0xd9, 0x88,
  0xd9, 0x84, 0xd9, 0x89, 0xd8, 0xa7, 0xd9, 0x84, 0xd8, 0xa8, 0xd8, 0xb1, 0xd9,
  0x8a, 0xd8, 0xaf, 0xd8, 0xa7, 0xd9, 0x84, 0xd9, 0x83, 0xd9, 0x84, 0xd8, 0xa7,
  0xd9, 0x85, 0xd8, 0xa7, 0xd9, 0x84, 0xd8, 0xb1, 0xd8, 0xa7, 0xd8, 0xa8, 0xd8,
  0xb7, 0xd8, 0xa7, 0xd9, 0x84, 0xd8, 0xb4, 0xd8, 0xae, 0xd8, 0xb5, 0xd9, 0x8a,
  0xd8, 0xb3, 0xd9, 0x8a, 0xd8, 0xa7, 0xd8, 0xb1, 0xd8, 0xa7, 0xd8, 0xaa, 0xd8,
  0xa7, 0xd9, 0x84, 0xd8, 0xab, 0xd8, 0xa7, 0xd9, 0x84, 0xd8, 0xab, 0xd8, 0xa7,
  0xd9, 0x84, 0xd8, 0xb5, 0xd9, 0x84, 0xd8, 0xa7, 0xd8, 0xa9, 0xd8, 0xa7, 0xd9,
  0x84, 0xd8, 0xad, 0xd8, 0xaf, 0xd9, 0x8a, 0xd8, 0xab, 0xd8, 0xa7, 0xd9, 0x84,
  0xd8, 0xb2, 0xd9, 0x88, 0xd8, 0xa7, 0xd8, 0xb1, 0xd8, 0xa7, 0xd9, 0x84, 0xd8,
  0xae, 0xd9, 0x84, 0xd9, 0x8a, 0xd8, 0xac, 0xd8, 0xa7, 0xd9, 0x84, 0xd8, 0xac,
  0xd9, 0x85, 0xd9, 0x8a, 0xd8, 0xb9, 0xd8, 0xa7, 0xd9, 0x84, 0xd8, 0xb9, 0xd8,
  0xa7, 0xd9, 0x85, 0xd9, 0x87, 0xd8, 0xa7, 0xd9, 0x84, 0xd8, 0xac, 0xd9, 0x85,
  0xd8, 0xa7, 0xd9, 0x84, 0xd8, 0xa7, 0xd9, 0x84, 0xd8, 0xb3, 0xd8, 0xa7, 0xd8,
  0xb9, 0xd8, 0xa9, 0xd9, 0x85, 0xd8, 0xb4, 0xd8, 0xa7, 0xd9, 0x87, 0xd8, 0xaf,
  0xd9, 0x87, 0xd8, 0xa7, 0xd9, 0x84, 0xd8, 0xb1, 0xd8, 0xa6, 0xd9, 0x8a, 0xd8,
  0xb3, 0xd8, 0xa7, 0xd9, 0x84, 0xd8, 0xaf, 0xd8, 0xae, 0xd9, 0x88, 0xd9, 0x84,
  0xd8, 0xa7, 0xd9, 0x84, 0xd9, 0x81, 0xd9, 0x86, 0xd9, 0x8a, 0xd8, 0xa9, 0xd8,
  0xa7, 0xd9, 0x84, 0xd9, 0x83, 0xd8, 0xaa, 0xd8, 0xa7, 0xd8, 0xa8, 0xd8, 0xa7,
  0xd9, 0x84, 0xd8, 0xaf, 0xd9, 0x88, 0xd8, 0xb1, 0xd9, 0x8a, 0xd8, 0xa7, 0xd9,
  0x84, 0xd8, 0xaf, 0xd8, 0xb1, 0xd9, 0x88, 0xd8, 0xb3, 0xd8, 0xa7, 0xd8, 0xb3,
  0xd8, 0xaa, 0xd8, 0xba, 0xd8, 0xb1, 0xd9, 0x82, 0xd8, 0xaa, 0xd8, 0xb5, 0xd8,
  0xa7, 0xd9, 0x85, 0xd9, 0x8a, 0xd9, 0x85, 0xd8, 0xa7, 0xd9, 0x84, 0xd8, 0xa8,
  0xd9, 0x86, 0xd8, 0xa7, 0xd8, 0xaa, 0xd8, 0xa7, 0xd9, 0x84, 0xd8, 0xb9, 0xd8,
  0xb8, 0xd9, 0x8a, 0xd9, 0x85, 0x65, 0x6e, 0x74, 0x65, 0x72, 0x74, 0x61, 0x69,
  0x6e, 0x6d, 0x65, 0x6e, 0x74, 0x75, 0x6e, 0x64, 0x65, 0x72, 0x73, 0x74, 0x61,
  0x6e, 0x64, 0x69, 0x6e, 0x67, 0x20, 0x3d, 0x20, 0x66, 0x75, 0x6e, 0x63, 0x74,
  0x69, 0x6f, 0x6e, 0x28, 0x29, 0x2e, 0x6a, 0x70, 0x67, 0x22, 0x20, 0x77, 0x69,
  0x64, 0x74, 0x68, 0x3d, 0x22, 0x63, 0x6f, 0x6e, 0x66, 0x69, 0x67, 0x75, 0x72,
  0x61, 0x74, 0x69, 0x6f, 0x6e, 0x2e, 0x70, 0x6e, 0x67, 0x22, 0x20, 0x77, 0x69,
  0x64, 0x74, 0x68, 0x3d, 0x22, 0x3c, 0x62, 0x6f, 0x64, 0x79, 0x20, 0x63, 0x6c,
  0x61, 0x73, 0x73, 0x3d, 0x22, 0x4d, 0x61, 0x74, 0x68, 0x2e, 0x72, 0x61, 0x6e,
  0x64, 0x6f, 0x6d, 0x28, 0x29, 0x63, 0x6f, 0x6e, 0x74, 0x65, 0x6d, 0x70, 0x6f,
  0x72, 0x61, 0x72, 0x79, 0x20, 0x55, 0x6e, 0x69, 0x74, 0x65, 0x64, 0x20, 0x53,
  0x74, 0x61, 0x74, 0x65, 0x73, 0x63, 0x69, 0x72, 0x63, 0x75, 0x6d, 0x73, 0x74,
  0x61, 0x6e, 0x63, 0x65, 0x73, 0x2e, 0x61, 0x70, 0x70, 0x65, 0x6e, 0x64, 0x43,
  0x68, 0x69, 0x6c, 0x64, 0x28, 0x6f, 0x72, 0x67, 0x61, 0x6e, 0x69, 0x7a, 0x61,
  0x74, 0x69, 0x6f, 0x6e, 0x73, 0x3c, 0x73, 0x70, 0x61, 0x6e, 0x20, 0x63, 0x6c,
  0x61, 0x73, 0x73, 0x3d, 0x22, 0x22, 0x3e, 0x3c, 0x69, 0x6d, 0x67, 0x20, 0x73,
  0x72, 0x63, 0x3d, 0x22, 0x2f, 0x64, 0x69, 0x73, 0x74, 0x69, 0x6e, 0x67, 0x75,
  0x69, 0x73, 0x68, 0x65, 0x64, 0x74, 0x68, 0x6f, 0x75, 0x73, 0x61, 0x6e, 0x64,
  0x73, 0x20, 0x6f, 0x66, 0x20, 0x63, 0x6f, 0x6d, 0x6d, 0x75, 0x6e, 0x69, 0x63,
  0x61, 0x74, 0x69, 0x6f, 0x6e, 0x63, 0x6c, 0x65, 0x61, 0x72, 0x22, 0x3e, 0x3c,
  0x2f, 0x64, 0x69, 0x76, 0x3e, 0x69, 0x6e, 0x76, 0x65, 0x73, 0x74, 0x69, 0x67,
  0x61, 0x74, 0x69, 0x6f, 0x6e, 0x66, 0x61, 0x76, 0x69, 0x63, 0x6f, 0x6e, 0x2e,
  0x69, 0x63, 0x6f, 0x22, 0x20, 0x6d, 0x61, 0x72, 0x67, 0x69, 0x6e, 0x2d, 0x72,
  0x69, 0x67, 0x68, 0x74, 0x3a, 0x62, 0x61, 0x73, 0x65, 0x64, 0x20, 0x6f, 0x6e,
  0x20, 0x74, 0x68, 0x65, 0x20, 0x4d, 0x61, 0x73, 0x73, 0x61, 0x63, 0x68, 0x75,
  0x73, 0x65, 0x74, 0x74, 0x73, 0x74, 0x61, 0x62, 0x6c, 0x65, 0x20, 0x62, 0x6f,
  0x72, 0x64, 0x65, 0x72, 0x3d, 0x69, 0x6e, 0x74, 0x65, 0x72, 0x6e, 0x61, 0x74,
  0x69, 0x6f, 0x6e, 0x61, 0x6c, 0x61, 0x6c, 0x73, 0x6f, 0x20, 0x6b, 0x6e, 0x6f,
  0x77, 0x6e, 0x20, 0x61, 0x73, 0x70, 0x72, 0x6f, 0x6e, 0x75, 0x6e, 0x63, 0x69,
  0x61, 0x74, 0x69, 0x6f, 0x6e, 0x62, 0x61, 0x63, 0x6b, 0x67, 0x72, 0x6f, 0x75,
  0x6e, 0x64, 0x3a, 0x23, 0x66, 0x70, 0x61, 0x64, 0x64, 0x69, 0x6e, 0x67, 0x2d,
  0x6c, 0x65, 0x66, 0x74, 0x3a, 0x46, 0x6f, 0x72, 0x20, 0x65, 0x78, 0x61, 0x6d,
  0x70, 0x6c, 0x65, 0x2c, 0x20, 0x6d, 0x69, 0x73, 0x63, 0x65, 0x6c, 0x6c, 0x61,
  0x6e, 0x65, 0x6f, 0x75, 0x73, 0x26, 0x6c, 0x74, 0x3b, 0x2f, 0x6d, 0x61, 0x74,
  0x68, 0x26, 0x67, 0x74, 0x3b, 0x70, 0x73, 0x79, 0x63, 0x68, 0x6f, 0x6c, 0x6f,
  0x67, 0x69, 0x63, 0x61, 0x6c, 0x69, 0x6e, 0x20, 0x70, 0x61, 0x72, 0x74, 0x69,
  0x63, 0x75, 0x6c, 0x61, 0x72, 0x65, 0x61, 0x72, 0x63, 0x68, 0x22, 0x20, 0x74,
  0x79, 0x70, 0x65, 0x3d, 0x22, 0x66, 0x6f, 0x72, 0x6d, 0x20, 0x6d, 0x65, 0x74,
  0x68, 0x6f, 0x64, 0x3d, 0x22, 0x61, 0x73, 0x20, 0x6f, 0x70, 0x70, 0x6f, 0x73,
  0x65, 0x64, 0x20, 0x74, 0x6f, 0x53, 0x75, 0x70, 0x72, 0x65, 0x6d, 0x65, 0x20,
  0x43, 0x6f, 0x75, 0x72, 0x74, 0x6f, 0x63, 0x63, 0x61, 0x73, 0x69, 0x6f, 0x6e,
  0x61, 0x6c, 0x6c, 0x79, 0x20, 0x41, 0x64, 0x64, 0x69, 0x74, 0x69, 0x6f, 0x6e,
  0x61, 0x6c, 0x6c, 0x79, 0x2c, 0x4e, 0x6f, 0x72, 0x74, 0x68, 0x20, 0x41, 0x6d,
  0x65, 0x72, 0x69, 0x63, 0x61, 0x70, 0x78, 0x3b, 0x62, 0x61, 0x63, 0x6b, 0x67,
  0x72, 0x6f, 0x75, 0x6e, 0x64, 0x6f, 0x70, 0x70, 0x6f, 0x72, 0x74, 0x75, 0x6e,
  0x69, 0x74, 0x69, 0x65, 0x73, 0x45, 0x6e, 0x74, 0x65, 0x72, 0x74, 0x61, 0x69,
  0x6e, 0x6d, 0x65, 0x6e, 0x74, 0x2e, 0x74, 0x6f, 0x4c, 0x6f, 0x77, 0x65, 0x72,
  0x43, 0x61, 0x73, 0x65, 0x28, 0x6d, 0x61, 0x6e, 0x75, 0x66, 0x61, 0x63, 0x74,
  0x75, 0x72, 0x69, 0x6e, 0x67, 0x70, 0x72, 0x6f, 0x66, 0x65, 0x73, 0x73, 0x69,
  0x6f, 0x6e, 0x61, 0x6c, 0x20, 0x63, 0x6f, 0x6d, 0x62, 0x69, 0x6e, 0x65, 0x64,
  0x20, 0x77, 0x69, 0x74, 0x68, 0x46, 0x6f, 0x72, 0x20, 0x69, 0x6e, 0x73, 0x74,
  0x61, 0x6e, 0x63, 0x65, 0x2c, 0x63, 0x6f, 0x6e, 0x73, 0x69, 0x73, 0x74, 0x69,
  0x6e, 0x67, 0x20, 0x6f, 0x66, 0x22, 0x20, 0x6d, 0x61, 0x78, 0x6c, 0x65, 0x6e,
  0x67, 0x74, 0x68, 0x3d, 0x22, 0x72, 0x65, 0x74, 0x75, 0x72, 0x6e, 0x20, 0x66,
  0x61, 0x6c, 0x73, 0x65, 0x3b, 0x63, 0x6f, 0x6e, 0x73, 0x63, 0x69, 0x6f, 0x75,
  0x73, 0x6e, 0x65, 0x73, 0x73, 0x4d, 0x65, 0x64, 0x69, 0x74, 0x65, 0x72, 0x72,
  0x61, 0x6e, 0x65, 0x61, 0x6e, 0x65, 0x78, 0x74, 0x72, 0x61, 0x6f, 0x72, 0x64,
  0x69, 0x6e, 0x61, 0x72, 0x79, 0x61, 0x73, 0x73, 0x61, 0x73, 0x73, 0x69, 0x6e,
  0x61, 0x74, 0x69, 0x6f, 0x6e, 0x73, 0x75, 0x62, 0x73, 0x65, 0x71, 0x75, 0x65,
  0x6e, 0x74, 0x6c, 0x79, 0x20, 0x62, 0x75, 0x74, 0x74, 0x6f, 0x6e, 0x20, 0x74,
  0x79, 0x70, 0x65, 0x3d, 0x22, 0x74, 0x68, 0x65, 0x20, 0x6e, 0x75, 0x6d, 0x62,
  0x65, 0x72, 0x20, 0x6f, 0x66, 0x74, 0x68, 0x65, 0x20, 0x6f, 0x72, 0x69, 0x67,
  0x69, 0x6e, 0x61, 0x6c, 0x20, 0x63, 0x6f, 0x6d, 0x70, 0x72, 0x65, 0x68, 0x65,
  0x6e, 0x73, 0x69, 0x76, 0x65, 0x72, 0x65, 0x66, 0x65, 0x72, 0x73, 0x20, 0x74,
  0x6f, 0x20, 0x74, 0x68, 0x65, 0x3c, 0x2f, 0x75, 0x6c, 0x3e, 0x0a, 0x3c, 0x2f,
  0x64, 0x69, 0x76, 0x3e, 0x0a, 0x70, 0x68, 0x69, 0x6c, 0x6f, 0x73, 0x6f, 0x70,
  0x68, 0x69, 0x63, 0x61, 0x6c, 0x6c, 0x6f, 0x63, 0x61, 0x74, 0x69, 0x6f, 0x6e,
  0x2e, 0x68, 0x72, 0x65, 0x66, 0x77, 0x61, 0x73, 0x20, 0x70, 0x75, 0x62, 0x6c,
  0x69, 0x73, 0x68, 0x65, 0x64, 0x53, 0x61, 0x6e, 0x20, 0x46, 0x72, 0x61, 0x6e,
  0x63, 0x69, 0x73, 0x63, 0x6f, 0x28, 0x66, 0x75, 0x6e, 0x63, 0x74, 0x69, 0x6f,
  0x6e, 0x28, 0x29, 0x7b, 0x0a, 0x3c, 0x64, 0x69, 0x76, 0x20, 0x69, 0x64, 0x3d,
  0x22, 0x6d, 0x61, 0x69, 0x6e, 0x73, 0x6f, 0x70, 0x68, 0x69, 0x73, 0x74, 0x69,
  0x63, 0x61, 0x74, 0x65, 0x64, 0x6d, 0x61, 0x74, 0x68, 0x65, 0x6d, 0x61, 0x74,
  0x69, 0x63, 0x61, 0x6c, 0x20, 0x2f, 0x68, 0x65, 0x61, 0x64, 0x3e, 0x0d, 0x0a,
  0x3c, 0x62, 0x6f, 0x64, 0x79, 0x73, 0x75, 0x67, 0x67, 0x65, 0x73, 0x74, 0x73,
  0x20, 0x74, 0x68, 0x61, 0x74, 0x64, 0x6f, 0x63, 0x75, 0x6d, 0x65, 0x6e, 0x74,
  0x61, 0x74, 0x69, 0x6f, 0x6e, 0x63, 0x6f, 0x6e, 0x63, 0x65, 0x6e, 0x74, 0x72,
  0x61, 0x74, 0x69, 0x6f, 0x6e, 0x72, 0x65, 0x6c, 0x61, 0x74, 0x69, 0x6f, 0x6e,
  0x73, 0x68, 0x69, 0x70, 0x73, 0x6d, 0x61, 0x79, 0x20, 0x68, 0x61, 0x76, 0x65,
  0x20, 0x62, 0x65, 0x65, 0x6e, 0x28, 0x66, 0x6f, 0x72, 0x20, 0x65, 0x78, 0x61,
  0x6d, 0x70, 0x6c, 0x65, 0x2c, 0x54, 0x68, 0x69, 0x73, 0x20, 0x61, 0x72, 0x74,
  0x69, 0x63, 0x6c, 0x65, 0x20, 0x69, 0x6e, 0x20, 0x73, 0x6f, 0x6d, 0x65, 0x20,
  0x63, 0x61, 0x73, 0x65, 0x73, 0x70, 0x61, 0x72, 0x74, 0x73, 0x20, 0x6f, 0x66,
  0x20, 0x74, 0x68, 0x65, 0x20, 0x64, 0x65, 0x66, 0x69, 0x6e, 0x69, 0x74, 0x69,
  0x6f, 0x6e, 0x20, 0x6f, 0x66, 0x47, 0x72, 0x65, 0x61, 0x74, 0x20, 0x42, 0x72,
  0x69, 0x74, 0x61, 0x69, 0x6e, 0x20, 0x63, 0x65, 0x6c, 0x6c, 0x70, 0x61, 0x64,
  0x64, 0x69, 0x6e, 0x67, 0x3d, 0x65, 0x71, 0x75, 0x69, 0x76, 0x61, 0x6c, 0x65,
  0x6e, 0x74, 0x20, 0x74, 0x6f, 0x70, 0x6c, 0x61, 0x63, 0x65, 0x68, 0x6f, 0x6c,
  0x64, 0x65, 0x72, 0x3d, 0x22, 0x3b, 0x20, 0x66, 0x6f, 0x6e, 0x74, 0x2d, 0x73,
  0x69, 0x7a, 0x65, 0x3a, 0x20, 0x6a, 0x75, 0x73, 0x74, 0x69, 0x66, 0x69, 0x63,
  0x61, 0x74, 0x69, 0x6f, 0x6e, 0x62, 0x65, 0x6c, 0x69, 0x65, 0x76, 0x65, 0x64,
  0x20, 0x74, 0x68, 0x61, 0x74, 0x73, 0x75, 0x66, 0x66, 0x65, 0x72, 0x65, 0x64,
  0x20, 0x66, 0x72, 0x6f, 0x6d, 0x61, 0x74, 0x74, 0x65, 0x6d, 0x70, 0x74, 0x65,
  0x64, 0x20, 0x74, 0x6f, 0x20, 0x6c, 0x65, 0x61, 0x64, 0x65, 0x72, 0x20, 0x6f,
  0x66, 0x20, 0x74, 0x68, 0x65, 0x63, 0x72, 0x69, 0x70, 0x74, 0x22, 0x20, 0x73,
  0x72, 0x63, 0x3d, 0x22, 0x2f, 0x28, 0x66, 0x75, 0x6e, 0x63, 0x74, 0x69, 0x6f,
  0x6e, 0x28, 0x29, 0x20, 0x7b, 0x61, 0x72, 0x65, 0x20, 0x61, 0x76, 0x61, 0x69,
  0x6c, 0x61, 0x62, 0x6c, 0x65, 0x0a, 0x09, 0x3c, 0x6c, 0x69, 0x6e, 0x6b, 0x20,
  0x72, 0x65, 0x6c, 0x3d, 0x22, 0x20, 0x73, 0x72, 0x63, 0x3d, 0x27, 0x68, 0x74,
  0x74, 0x70, 0x3a, 0x2f, 0x2f, 0x69, 0x6e, 0x74, 0x65, 0x72, 0x65, 0x73, 0x74,
  0x65, 0x64, 0x20, 0x69, 0x6e, 0x63, 0x6f, 0x6e, 0x76, 0x65, 0x6e, 0x74, 0x69,
  0x6f, 0x6e, 0x61, 0x6c, 0x20, 0x22, 0x20, 0x61, 0x6c, 0x74, 0x3d, 0x22, 0x22,
  0x20, 0x2f, 0x3e, 0x3c, 0x2f, 0x61, 0x72, 0x65, 0x20, 0x67, 0x65, 0x6e, 0x65,
  0x72, 0x61, 0x6c, 0x6c, 0x79, 0x68, 0x61, 0x73, 0x20, 0x61, 0x6c, 0x73, 0x6f,
  0x20, 0x62, 0x65, 0x65, 0x6e, 0x6d, 0x6f, 0x73, 0x74, 0x20, 0x70, 0x6f, 0x70,
  0x75, 0x6c, 0x61, 0x72, 0x20, 0x63, 0x6f, 0x72, 0x72, 0x65, 0x73, 0x70, 0x6f,
  0x6e, 0x64, 0x69, 0x6e, 0x67, 0x63, 0x72, 0x65, 0x64, 0x69, 0x74, 0x65, 0x64,
  0x20, 0x77, 0x69, 0x74, 0x68, 0x74, 0x79, 0x6c, 0x65, 0x3d, 0x22, 0x62, 0x6f,
  0x72, 0x64, 0x65, 0x72, 0x3a, 0x3c, 0x2f, 0x61, 0x3e, 0x3c, 0x2f, 0x73, 0x70,
  0x61, 0x6e, 0x3e, 0x3c, 0x2f, 0x2e, 0x67, 0x69, 0x66, 0x22, 0x20, 0x77, 0x69,
  0x64, 0x74, 0x68, 0x3d, 0x22, 0x3c, 0x69, 0x66, 0x72, 0x61, 0x6d, 0x65, 0x20,
  0x73, 0x72, 0x63, 0x3d, 0x22, 0x74, 0x61, 0x62, 0x6c, 0x65, 0x20, 0x63, 0x6c,
  0x61, 0x73, 0x73, 0x3d, 0x22, 0x69, 0x6e, 0x6c, 0x69, 0x6e, 0x65, 0x2d, 0x62,
  0x6c, 0x6f, 0x63, 0x6b, 0x3b, 0x61, 0x63, 0x63, 0x6f, 0x72, 0x64, 0x69, 0x6e,
  0x67, 0x20, 0x74, 0x6f, 0x20, 0x74, 0x6f, 0x67, 0x65, 0x74, 0x68, 0x65, 0x72,
  0x20, 0x77, 0x69, 0x74, 0x68, 0x61, 0x70, 0x70, 0x72, 0x6f, 0x78, 0x69, 0x6d,
  0x61, 0x74, 0x65, 0x6c, 0x79, 0x70, 0x61, 0x72, 0x6c, 0x69, 0x61, 0x6d, 0x65,
  0x6e, 0x74, 0x61, 0x72, 0x79, 0x6d, 0x6f, 0x72, 0x65, 0x20, 0x61, 0x6e, 0x64,
  0x20, 0x6d, 0x6f, 0x72, 0x65, 0x64, 0x69, 0x73, 0x70, 0x6c, 0x61, 0x79, 0x3a,
  0x6e, 0x6f, 0x6e, 0x65, 0x3b, 0x74, 0x72, 0x61, 0x64, 0x69, 0x74, 0x69, 0x6f,
  0x6e, 0x61, 0x6c, 0x6c, 0x79, 0x70, 0x72, 0x65, 0x64, 0x6f, 0x6d, 0x69, 0x6e,
  0x61, 0x6e, 0x74, 0x6c, 0x79, 0x26, 0x6e, 0x62, 0x73, 0x70, 0x3b, 0x7c, 0x26,
  0x6e, 0x62, 0x73, 0x70, 0x3b, 0x26, 0x6e, 0x62, 0x73, 0x70, 0x3b, 0x3c, 0x2f,
  0x73, 0x70, 0x61, 0x6e, 0x3e, 0x20, 0x63, 0x65, 0x6c, 0x6c, 0x73, 0x70, 0x61,
  0x63, 0x69, 0x6e, 0x67, 0x3d, 0x3c, 0x69, 0x6e, 0x70, 0x75, 0x74, 0x20, 0x6e,
  0x61, 0x6d, 0x65, 0x3d, 0x22, 0x6f, 0x72, 0x22, 0x20, 0x63, 0x6f, 0x6e, 0x74,
  0x65, 0x6e, 0x74, 0x3d, 0x22, 0x63, 0x6f, 0x6e, 0x74, 0x72, 0x6f, 0x76, 0x65,
  0x72, 0x73, 0x69, 0x61, 0x6c, 0x70, 0x72, 0x6f, 0x70, 0x65, 0x72, 0x74, 0x79,
  0x3d, 0x22, 0x6f, 0x67, 0x3a, 0x2f, 0x78, 0x2d, 0x73, 0x68, 0x6f, 0x63, 0x6b,
  0x77, 0x61, 0x76, 0x65, 0x2d, 0x64, 0x65, 0x6d, 0x6f, 0x6e, 0x73, 0x74, 0x72,
  0x61, 0x74, 0x69, 0x6f, 0x6e, 0x73, 0x75, 0x72, 0x72, 0x6f, 0x75, 0x6e, 0x64,
  0x65, 0x64, 0x20, 0x62, 0x79, 0x4e, 0x65, 0x76, 0x65, 0x72, 0x74, 0x68, 0x65,
  0x6c, 0x65, 0x73, 0x73, 0x2c, 0x77, 0x61, 0x73, 0x20, 0x74, 0x68, 0x65, 0x20,
  0x66, 0x69, 0x72, 0x73, 0x74, 0x63, 0x6f, 0x6e, 0x73, 0x69, 0x64, 0x65, 0x72,
  0x61, 0x62, 0x6c, 0x65, 0x20, 0x41, 0x6c, 0x74, 0x68, 0x6f, 0x75, 0x67, 0x68,
  0x20, 0x74, 0x68, 0x65, 0x20, 0x63, 0x6f, 0x6c, 0x6c, 0x61, 0x62, 0x6f, 0x72,
  0x61, 0x74, 0x69, 0x6f, 0x6e, 0x73, 0x68, 0x6f, 0x75, 0x6c, 0x64, 0x20, 0x6e,
  0x6f, 0x74, 0x20, 0x62, 0x65, 0x70, 0x72, 0x6f, 0x70, 0x6f, 0x72, 0x74, 0x69,
  0x6f, 0x6e, 0x20, 0x6f, 0x66, 0x3c, 0x73, 0x70, 0x61, 0x6e, 0x20, 0x73, 0x74,
  0x79, 0x6c, 0x65, 0x3d, 0x22, 0x6b, 0x6e, 0x6f, 0x77, 0x6e, 0x20, 0x61, 0x73,
  0x20, 0x74, 0x68, 0x65, 0x20, 0x73, 0x68, 0x6f, 0x72, 0x74, 0x6c, 0x79, 0x20,
  0x61, 0x66, 0x74, 0x65, 0x72, 0x66, 0x6f, 0x72, 0x20, 0x69, 0x6e, 0x73, 0x74,
  0x61, 0x6e, 0x63, 0x65, 0x2c, 0x64, 0x65, 0x73, 0x63, 0x72, 0x69, 0x62, 0x65,
  0x64, 0x20, 0x61, 0x73, 0x20, 0x2f, 0x68, 0x65, 0x61, 0x64, 0x3e, 0x0a, 0x3c,
  0x62, 0x6f, 0x64, 0x79, 0x20, 0x73, 0x74, 0x61, 0x72, 0x74, 0x69, 0x6e, 0x67,
  0x20, 0x77, 0x69, 0x74, 0x68, 0x69, 0x6e, 0x63, 0x72, 0x65, 0x61, 0x73, 0x69,
  0x6e, 0x67, 0x6c, 0x79, 0x20, 0x74, 0x68, 0x65, 0x20, 0x66, 0x61, 0x63, 0x74,
  0x20, 0x74, 0x68, 0x61, 0x74, 0x64, 0x69, 0x73, 0x63, 0x75, 0x73, 0x73, 0x69,
  0x6f, 0x6e, 0x20, 0x6f, 0x66, 0x6d, 0x69, 0x64, 0x64, 0x6c, 0x65, 0x20, 0x6f,
  0x66, 0x20, 0x74, 0x68, 0x65, 0x61, 0x6e, 0x20, 0x69, 0x6e, 0x64, 0x69, 0x76,
  0x69, 0x64, 0x75, 0x61, 0x6c, 0x64, 0x69, 0x66, 0x66, 0x69, 0x63, 0x75, 0x6c,
  0x74, 0x20, 0x74, 0x6f, 0x20, 0x70, 0x6f, 0x69, 0x6e, 0x74, 0x20, 0x6f, 0x66,
  0x20, 0x76, 0x69, 0x65, 0x77, 0x68, 0x6f, 0x6d, 0x6f, 0x73, 0x65, 0x78, 0x75,
  0x61, 0x6c, 0x69, 0x74, 0x79, 0x61, 0x63, 0x63, 0x65, 0x70, 0x74, 0x61, 0x6e,
  0x63, 0x65, 0x20, 0x6f, 0x66, 0x3c, 0x2f, 0x73, 0x70, 0x61, 0x6e, 0x3e, 0x3c,
  0x2f, 0x64, 0x69, 0x76, 0x3e, 0x6d, 0x61, 0x6e, 0x75, 0x66, 0x61, 0x63, 0x74,
  0x75, 0x72, 0x65, 0x72, 0x73, 0x6f, 0x72, 0x69, 0x67, 0x69, 0x6e, 0x20, 0x6f,
  0x66, 0x20, 0x74, 0x68, 0x65, 0x63, 0x6f, 0x6d, 0x6d, 0x6f, 0x6e, 0x6c, 0x79,
  0x20, 0x75, 0x73, 0x65, 0x64, 0x69, 0x6d, 0x70, 0x6f, 0x72, 0x74, 0x61, 0x6e,
  0x63, 0x65, 0x20, 0x6f, 0x66, 0x64, 0x65, 0x6e, 0x6f, 0x6d, 0x69, 0x6e, 0x61,
  0x74, 0x69, 0x6f, 0x6e, 0x73, 0x62, 0x61, 0x63, 0x6b, 0x67, 0x72, 0x6f, 0x75,
  0x6e, 0x64, 0x3a, 0x20, 0x23, 0x6c, 0x65, 0x6e, 0x67, 0x74, 0x68, 0x20, 0x6f,
  0x66, 0x20, 0x74, 0x68, 0x65, 0x64, 0x65, 0x74, 0x65, 0x72, 0x6d, 0x69, 0x6e,
  0x61, 0x74, 0x69, 0x6f, 0x6e, 0x61, 0x20, 0x73, 0x69, 0x67, 0x6e, 0x69, 0x66,
  0x69, 0x63, 0x61, 0x6e, 0x74, 0x22, 0x20, 0x62, 0x6f, 0x72, 0x64, 0x65, 0x72,
  0x3d, 0x22, 0x30, 0x22, 0x3e, 0x72, 0x65, 0x76, 0x6f, 0x6c, 0x75, 0x74, 0x69,
  0x6f, 0x6e, 0x61, 0x72, 0x79, 0x70, 0x72, 0x69, 0x6e, 0x63, 0x69, 0x70, 0x6c,
  0x65, 0x73, 0x20, 0x6f, 0x66, 0x69, 0x73, 0x20, 0x63, 0x6f, 0x6e, 0x73, 0x69,
  0x64, 0x65, 0x72, 0x65, 0x64, 0x77, 0x61, 0x73, 0x20, 0x64, 0x65, 0x76, 0x65,
  0x6c, 0x6f, 0x70, 0x65, 0x64, 0x49, 0x6e, 0x64, 0x6f, 0x2d, 0x45, 0x75, 0x72,
  0x6f, 0x70, 0x65, 0x61, 0x6e, 0x76, 0x75, 0x6c, 0x6e, 0x65, 0x72, 0x61, 0x62,
  0x6c, 0x65, 0x20, 0x74, 0x6f, 0x70, 0x72, 0x6f, 0x70, 0x6f, 0x6e, 0x65, 0x6e,
  0x74, 0x73, 0x20, 0x6f, 0x66, 0x61, 0x72, 0x65, 0x20, 0x73, 0x6f, 0x6d, 0x65,
  0x74, 0x69, 0x6d, 0x65, 0x73, 0x63, 0x6c, 0x6f, 0x73, 0x65, 0x72, 0x20, 0x74,
  0x6f, 0x20, 0x74, 0x68, 0x65, 0x4e, 0x65, 0x77, 0x20, 0x59, 0x6f, 0x72, 0x6b,
  0x20, 0x43, 0x69, 0x74, 0x79, 0x20, 0x6e, 0x61, 0x6d, 0x65, 0x3d, 0x22, 0x73,
  0x65, 0x61, 0x72, 0x63, 0x68, 0x61, 0x74, 0x74, 0x72, 0x69, 0x62, 0x75, 0x74,
  0x65, 0x64, 0x20, 0x74, 0x6f, 0x63, 0x6f, 0x75, 0x72, 0x73, 0x65, 0x20, 0x6f,
  0x66, 0x20, 0x74, 0x68, 0x65, 0x6d, 0x61, 0x74, 0x68, 0x65, 0x6d, 0x61, 0x74,
  0x69, 0x63, 0x69, 0x61, 0x6e, 0x62, 0x79, 0x20, 0x74, 0x68, 0x65, 0x20, 0x65,
  0x6e, 0x64, 0x20, 0x6f, 0x66, 0x61, 0x74, 0x20, 0x74, 0x68, 0x65, 0x20, 0x65,
  0x6e, 0x64, 0x20, 0x6f, 0x66, 0x22, 0x20, 0x62, 0x6f, 0x72, 0x64, 0x65, 0x72,
  0x3d, 0x22, 0x30, 0x22, 0x20, 0x74, 0x65, 0x63, 0x68, 0x6e, 0x6f, 0x6c, 0x6f,
  0x67, 0x69, 0x63, 0x61, 0x6c, 0x2e, 0x72, 0x65, 0x6d, 0x6f, 0x76, 0x65, 0x43,
  0x6c, 0x61, 0x73, 0x73, 0x28, 0x62, 0x72, 0x61, 0x6e, 0x63, 0x68, 0x20, 0x6f,
  0x66, 0x20, 0x74, 0x68, 0x65, 0x65, 0x76, 0x69, 0x64, 0x65, 0x6e, 0x63, 0x65,
  0x20, 0x74, 0x68, 0x61, 0x74, 0x21, 0x5b, 0x65, 0x6e, 0x64, 0x69, 0x66, 0x5d,
  0x2d, 0x2d, 0x3e, 0x0d, 0x0a, 0x49, 0x6e, 0x73, 0x74, 0x69, 0x74, 0x75, 0x74,
  0x65, 0x20, 0x6f, 0x66, 0x20, 0x69, 0x6e, 0x74, 0x6f, 0x20, 0x61, 0x20, 0x73,
  0x69, 0x6e, 0x67, 0x6c, 0x65, 0x72, 0x65, 0x73, 0x70, 0x65, 0x63, 0x74, 0x69,
  0x76, 0x65, 0x6c, 0x79, 0x2e, 0x61, 0x6e, 0x64, 0x20, 0x74, 0x68, 0x65, 0x72,
  0x65, 0x66, 0x6f, 0x72, 0x65, 0x70, 0x72, 0x6f, 0x70, 0x65, 0x72, 0x74, 0x69,
  0x65, 0x73, 0x20, 0x6f, 0x66, 0x69, 0x73, 0x20, 0x6c, 0x6f, 0x63, 0x61, 0x74,
  0x65, 0x64, 0x20, 0x69, 0x6e, 0x73, 0x6f, 0x6d, 0x65, 0x20, 0x6f, 0x66, 0x20,
  0x77, 0x68, 0x69, 0x63, 0x68, 0x54, 0x68, 0x65, 0x72, 0x65, 0x20, 0x69, 0x73,
  0x20, 0x61, 0x6c, 0x73, 0x6f, 0x63, 0x6f, 0x6e, 0x74, 0x69, 0x6e, 0x75, 0x65,
  0x64, 0x20, 0x74, 0x6f, 0x20, 0x61, 0x70, 0x70, 0x65, 0x61, 0x72, 0x61, 0x6e,
  0x63, 0x65, 0x20, 0x6f, 0x66, 0x20, 0x26, 0x61, 0x6d, 0x70, 0x3b, 0x6e, 0x64,
  0x61, 0x73, 0x68, 0x3b, 0x20, 0x64, 0x65, 0x73, 0x63, 0x72, 0x69, 0x62, 0x65,
  0x73, 0x20, 0x74, 0x68, 0x65, 0x63, 0x6f, 0x6e, 0x73, 0x69, 0x64, 0x65, 0x72,
  0x61, 0x74, 0x69, 0x6f, 0x6e, 0x61, 0x75, 0x74, 0x68, 0x6f, 0x72, 0x20, 0x6f,
  0x66, 0x20, 0x74, 0x68, 0x65, 0x69, 0x6e, 0x64, 0x65, 0x70, 0x65, 0x6e, 0x64,
  0x65, 0x6e, 0x74, 0x6c, 0x79, 0x65, 0x71, 0x75, 0x69, 0x70, 0x70, 0x65, 0x64,
  0x20, 0x77, 0x69, 0x74, 0x68, 0x64, 0x6f, 0x65, 0x73, 0x20, 0x6e, 0x6f, 0x74,
  0x20, 0x68, 0x61, 0x76, 0x65, 0x3c, 0x2f, 0x61, 0x3e, 0x3c, 0x61, 0x20, 0x68,
  0x72, 0x65, 0x66, 0x3d, 0x22, 0x63, 0x6f, 0x6e, 0x66, 0x75, 0x73, 0x65, 0x64,
  0x20, 0x77, 0x69, 0x74, 0x68, 0x3c, 0x6c, 0x69, 0x6e, 0x6b, 0x20, 0x68, 0x72,
  0x65, 0x66, 0x3d, 0x22, 0x2f, 0x61, 0x74, 0x20, 0x74, 0x68, 0x65, 0x20, 0x61,
  0x67, 0x65, 0x20, 0x6f, 0x66, 0x61, 0x70, 0x70, 0x65, 0x61, 0x72, 0x20, 0x69,
  0x6e, 0x20, 0x74, 0x68, 0x65, 0x54, 0x68, 0x65, 0x73, 0x65, 0x20, 0x69, 0x6e,
  0x63, 0x6c, 0x75, 0x64, 0x65, 0x72, 0x65, 0x67, 0x61, 0x72, 0x64, 0x6c, 0x65,
  0x73, 0x73, 0x20, 0x6f, 0x66, 0x63, 0x6f, 0x75, 0x6c, 0x64, 0x20, 0x62, 0x65,
  0x20, 0x75, 0x73, 0x65, 0x64, 0x20, 0x73, 0x74, 0x79, 0x6c, 0x65, 0x3d, 0x26,
  0x71, 0x75, 0x6f, 0x74, 0x3b, 0x73, 0x65, 0x76, 0x65, 0x72, 0x61, 0x6c, 0x20,
  0x74, 0x69, 0x6d, 0x65, 0x73, 0x72, 0x65, 0x70, 0x72, 0x65, 0x73, 0x65, 0x6e,
  0x74, 0x20, 0x74, 0x68, 0x65, 0x62, 0x6f, 0x64, 0x79, 0x3e, 0x0a, 0x3c, 0x2f,
  0x68, 0x74, 0x6d, 0x6c, 0x3e, 0x74, 0x68, 0x6f, 0x75, 0x67, 0x68, 0x74, 0x20,
  0x74, 0x6f, 0x20, 0x62, 0x65, 0x70, 0x6f, 0x70, 0x75, 0x6c, 0x61, 0x74, 0x69,
  0x6f, 0x6e, 0x20, 0x6f, 0x66, 0x70, 0x6f, 0x73, 0x73, 0x69, 0x62, 0x69, 0x6c,
  0x69, 0x74, 0x69, 0x65, 0x73, 0x70, 0x65, 0x72, 0x63, 0x65, 0x6e, 0x74, 0x61,
  0x67, 0x65, 0x20, 0x6f, 0x66, 0x61, 0x63, 0x63, 0x65, 0x73, 0x73, 0x20, 0x74,
  0x6f, 0x20, 0x74, 0x68, 0x65, 0x61, 0x6e, 0x20, 0x61, 0x74, 0x74, 0x65, 0x6d,
  0x70, 0x74, 0x20, 0x74, 0x6f, 0x70, 0x72, 0x6f, 0x64, 0x75, 0x63, 0x74, 0x69,
  0x6f, 0x6e, 0x20, 0x6f, 0x66, 0x6a, 0x71, 0x75, 0x65, 0x72, 0x79, 0x2f, 0x6a,
  0x71, 0x75, 0x65, 0x72, 0x79, 0x74, 0x77, 0x6f, 0x20, 0x64, 0x69, 0x66, 0x66,
  0x65, 0x72, 0x65, 0x6e, 0x74, 0x62, 0x65, 0x6c, 0x6f, 0x6e, 0x67, 0x20, 0x74,
  0x6f, 0x20, 0x74, 0x68, 0x65, 0x65, 0x73, 0x74, 0x61, 0x62, 0x6c, 0x69, 0x73,
  0x68, 0x6d, 0x65, 0x6e, 0x74, 0x72, 0x65, 0x70, 0x6c, 0x61, 0x63, 0x69, 0x6e,
  0x67, 0x20, 0x74, 0x68, 0x65, 0x64, 0x65, 0x73, 0x63, 0x72, 0x69, 0x70, 0x74,
  0x69, 0x6f, 0x6e, 0x22, 0x20, 0x64, 0x65, 0x74, 0x65, 0x72, 0x6d, 0x69, 0x6e,
  0x65, 0x20, 0x74, 0x68, 0x65, 0x61, 0x76, 0x61, 0x69, 0x6c, 0x61, 0x62, 0x6c,
  0x65, 0x20, 0x66, 0x6f, 0x72, 0x41, 0x63, 0x63, 0x6f, 0x72, 0x64, 0x69, 0x6e,
  0x67, 0x20, 0x74, 0x6f, 0x20, 0x77, 0x69, 0x64, 0x65, 0x20, 0x72, 0x61, 0x6e,
  0x67, 0x65, 0x20, 0x6f, 0x66, 0x09, 0x3c, 0x64, 0x69, 0x76, 0x20, 0x63, 0x6c,
  0x61, 0x73, 0x73, 0x3d, 0x22, 0x6d, 0x6f, 0x72, 0x65, 0x20, 0x63, 0x6f, 0x6d,
  0x6d, 0x6f, 0x6e, 0x6c, 0x79, 0x6f, 0x72, 0x67, 0x61, 0x6e, 0x69, 0x73, 0x61,
  0x74, 0x69, 0x6f, 0x6e, 0x73, 0x66, 0x75, 0x6e, 0x63, 0x74, 0x69, 0x6f, 0x6e,
  0x61, 0x6c, 0x69, 0x74, 0x79, 0x77, 0x61, 0x73, 0x20, 0x63, 0x6f, 0x6d, 0x70,
  0x6c, 0x65, 0x74, 0x65, 0x64, 0x20, 0x26, 0x61, 0x6d, 0x70, 0x3b, 0x6d, 0x64,
  0x61, 0x73, 0x68, 0x3b, 0x20, 0x70, 0x61, 0x72, 0x74, 0x69, 0x63, 0x69, 0x70,
  0x61, 0x74, 0x69, 0x6f, 0x6e, 0x74, 0x68, 0x65, 0x20, 0x63, 0x68, 0x61, 0x72,
  0x61, 0x63, 0x74, 0x65, 0x72, 0x61, 0x6e, 0x20, 0x61, 0x64, 0x64, 0x69, 0x74,
  0x69, 0x6f, 0x6e, 0x61, 0x6c, 0x61, 0x70, 0x70, 0x65, 0x61, 0x72, 0x73, 0x20,
  0x74, 0x6f, 0x20, 0x62, 0x65, 0x66, 0x61, 0x63, 0x74, 0x20, 0x74, 0x68, 0x61,
  0x74, 0x20, 0x74, 0x68, 0x65, 0x61, 0x6e, 0x20, 0x65, 0x78, 0x61, 0x6d, 0x70,
  0x6c, 0x65, 0x20, 0x6f, 0x66, 0x73, 0x69, 0x67, 0x6e, 0x69, 0x66, 0x69, 0x63,
  0x61, 0x6e, 0x74, 0x6c, 0x79, 0x6f, 0x6e, 0x6d, 0x6f, 0x75, 0x73, 0x65, 0x6f,
  0x76, 0x65, 0x72, 0x3d, 0x22, 0x62, 0x65, 0x63, 0x61, 0x75, 0x73, 0x65, 0x20,
  0x74, 0x68, 0x65, 0x79, 0x20, 0x61, 0x73, 0x79, 0x6e, 0x63, 0x20, 0x3d, 0x20,
  0x74, 0x72, 0x75, 0x65, 0x3b, 0x70, 0x72, 0x6f, 0x62, 0x6c, 0x65, 0x6d, 0x73,
  0x20, 0x77, 0x69, 0x74, 0x68, 0x73, 0x65, 0x65, 0x6d, 0x73, 0x20, 0x74, 0x6f,
  0x20, 0x68, 0x61, 0x76, 0x65, 0x74, 0x68, 0x65, 0x20, 0x72, 0x65, 0x73, 0x75,
  0x6c, 0x74, 0x20, 0x6f, 0x66, 0x20, 0x73, 0x72, 0x63, 0x3d, 0x22, 0x68, 0x74,
  0x74, 0x70, 0x3a, 0x2f, 0x2f, 0x66, 0x61, 0x6d, 0x69, 0x6c, 0x69, 0x61, 0x72,
  0x20, 0x77, 0x69, 0x74, 0x68, 0x70, 0x6f, 0x73, 0x73, 0x65, 0x73, 0x73, 0x69,
  0x6f, 0x6e, 0x20, 0x6f, 0x66, 0x66, 0x75, 0x6e, 0x63, 0x74, 0x69, 0x6f, 0x6e,
  0x20, 0x28, 0x29, 0x20, 0x7b, 0x74, 0x6f, 0x6f, 0x6b, 0x20, 0x70, 0x6c, 0x61,
  0x63, 0x65, 0x20, 0x69, 0x6e, 0x61, 0x6e, 0x64, 0x20, 0x73, 0x6f, 0x6d, 0x65,
  0x74, 0x69, 0x6d, 0x65, 0x73, 0x73, 0x75, 0x62, 0x73, 0x74, 0x61, 0x6e, 0x74,
  0x69, 0x61, 0x6c, 0x6c, 0x79, 0x3c, 0x73, 0x70, 0x61, 0x6e, 0x3e, 0x3c, 0x2f,
  0x73, 0x70, 0x61, 0x6e, 0x3e, 0x69, 0x73, 0x20, 0x6f, 0x66, 0x74, 0x65, 0x6e,
  0x20, 0x75, 0x73, 0x65, 0x64, 0x69, 0x6e, 0x20, 0x61, 0x6e, 0x20, 0x61, 0x74,
  0x74, 0x65, 0x6d, 0x70, 0x74, 0x67, 0x72, 0x65, 0x61, 0x74, 0x20, 0x64, 0x65,
  0x61, 0x6c, 0x20, 0x6f, 0x66, 0x45, 0x6e, 0x76, 0x69, 0x72, 0x6f, 0x6e, 0x6d,
  0x65, 0x6e, 0x74, 0x61, 0x6c, 0x73, 0x75, 0x63, 0x63, 0x65, 0x73, 0x73, 0x66,
  0x75, 0x6c, 0x6c, 0x79, 0x20, 0x76, 0x69, 0x72, 0x74, 0x75, 0x61, 0x6c, 0x6c,
  0x79, 0x20, 0x61, 0x6c, 0x6c, 0x32, 0x30, 0x74, 0x68, 0x20, 0x63, 0x65, 0x6e,
  0x74, 0x75, 0x72, 0x79, 0x2c, 0x70, 0x72, 0x6f, 0x66, 0x65, 0x73, 0x73, 0x69,
  0x6f, 0x6e, 0x61, 0x6c, 0x73, 0x6e, 0x65, 0x63, 0x65, 0x73, 0x73, 0x61, 0x72,
  0x79, 0x20, 0x74, 0x6f, 0x20, 0x64, 0x65, 0x74, 0x65, 0x72, 0x6d, 0x69, 0x6e,
  0x65, 0x64, 0x20, 0x62, 0x79, 0x63, 0x6f, 0x6d, 0x70, 0x61, 0x74, 0x69, 0x62,
  0x69, 0x6c, 0x69, 0x74, 0x79, 0x62, 0x65, 0x63, 0x61, 0x75, 0x73, 0x65, 0x20,
  0x69, 0x74, 0x20, 0x69, 0x73, 0x44, 0x69, 0x63, 0x74, 0x69, 0x6f, 0x6e, 0x61,
  0x72, 0x79, 0x20, 0x6f, 0x66, 0x6d, 0x6f, 0x64, 0x69, 0x66, 0x69, 0x63, 0x61,
  0x74, 0x69, 0x6f, 0x6e, 0x73, 0x54, 0x68, 0x65, 0x20, 0x66, 0x6f, 0x6c, 0x6c,
  0x6f, 0x77, 0x69, 0x6e, 0x67, 0x6d, 0x61, 0x79, 0x20, 0x72, 0x65, 0x66, 0x65,
  0x72, 0x20, 0x74, 0x6f, 0x3a, 0x43, 0x6f, 0x6e, 0x73, 0x65, 0x71, 0x75, 0x65,
  0x6e, 0x74, 0x6c, 0x79, 0x2c, 0x49, 0x6e, 0x74, 0x65, 0x72, 0x6e, 0x61, 0x74,
  0x69, 0x6f, 0x6e, 0x61, 0x6c, 0x61, 0x6c, 0x74, 0x68, 0x6f, 0x75, 0x67, 0x68,
  0x20, 0x73, 0x6f, 0x6d, 0x65, 0x74, 0x68, 0x61, 0x74, 0x20, 0x77, 0x6f, 0x75,
  0x6c, 0x64, 0x20, 0x62, 0x65, 0x77, 0x6f, 0x72, 0x6c, 0x64, 0x27, 0x73, 0x20,
  0x66, 0x69, 0x72, 0x73, 0x74, 0x63, 0x6c, 0x61, 0x73, 0x73, 0x69, 0x66, 0x69,
  0x65, 0x64, 0x20, 0x61, 0x73, 0x62, 0x6f, 0x74, 0x74, 0x6f, 0x6d, 0x20, 0x6f,
  0x66, 0x20, 0x74, 0x68, 0x65, 0x28, 0x70, 0x61, 0x72, 0x74, 0x69, 0x63, 0x75,
  0x6c, 0x61, 0x72, 0x6c, 0x79, 0x61, 0x6c, 0x69, 0x67, 0x6e, 0x3d, 0x22, 0x6c,
  0x65, 0x66, 0x74, 0x22, 0x20, 0x6d, 0x6f, 0x73, 0x74, 0x20, 0x63, 0x6f, 0x6d,
  0x6d, 0x6f, 0x6e, 0x6c, 0x79, 0x62, 0x61, 0x73, 0x69, 0x73, 0x20, 0x66, 0x6f,
  0x72, 0x20, 0x74, 0x68, 0x65, 0x66, 0x6f, 0x75, 0x6e, 0x64, 0x61, 0x74, 0x69,
  0x6f, 0x6e, 0x20, 0x6f, 0x66, 0x63, 0x6f, 0x6e, 0x74, 0x72, 0x69, 0x62, 0x75,
  0x74, 0x69, 0x6f, 0x6e, 0x73, 0x70, 0x6f, 0x70, 0x75, 0x6c, 0x61, 0x72, 0x69,
  0x74, 0x79, 0x20, 0x6f, 0x66, 0x63, 0x65, 0x6e, 0x74, 0x65, 0x72, 0x20, 0x6f,
  0x66, 0x20, 0x74, 0x68, 0x65, 0x74, 0x6f, 0x20, 0x72, 0x65, 0x64, 0x75, 0x63,
  0x65, 0x20, 0x74, 0x68, 0x65, 0x6a, 0x75, 0x72, 0x69, 0x73, 0x64, 0x69, 0x63,
  0x74, 0x69, 0x6f, 0x6e, 0x73, 0x61, 0x70, 0x70, 0x72, 0x6f, 0x78, 0x69, 0x6d,
  0x61, 0x74, 0x69, 0x6f, 0x6e, 0x20, 0x6f, 0x6e, 0x6d, 0x6f, 0x75, 0x73, 0x65,
  0x6f, 0x75, 0x74, 0x3d, 0x22, 0x4e, 0x65, 0x77, 0x20, 0x54, 0x65, 0x73, 0x74,
  0x61, 0x6d, 0x65, 0x6e, 0x74, 0x63, 0x6f, 0x6c, 0x6c, 0x65, 0x63, 0x74, 0x69,
  0x6f, 0x6e, 0x20, 0x6f, 0x66, 0x3c, 0x2f, 0x73, 0x70, 0x61, 0x6e, 0x3e, 0x3c,
  0x2f, 0x61, 0x3e, 0x3c, 0x2f, 0x69, 0x6e, 0x20, 0x74, 0x68, 0x65, 0x20, 0x55,
  0x6e, 0x69, 0x74, 0x65, 0x64, 0x66, 0x69, 0x6c, 0x6d, 0x20, 0x64, 0x69, 0x72,
  0x65, 0x63, 0x74, 0x6f, 0x72, 0x2d, 0x73, 0x74, 0x72, 0x69, 0x63, 0x74, 0x2e,
  0x64, 0x74, 0x64, 0x22, 0x3e, 0x68, 0x61, 0x73, 0x20, 0x62, 0x65, 0x65, 0x6e,
  0x20, 0x75, 0x73, 0x65, 0x64, 0x72, 0x65, 0x74, 0x75, 0x72, 0x6e, 0x20, 0x74,
  0x6f, 0x20, 0x74, 0x68, 0x65, 0x61, 0x6c, 0x74, 0x68, 0x6f, 0x75, 0x67, 0x68,
  0x20, 0x74, 0x68, 0x69, 0x73, 0x63, 0x68, 0x61, 0x6e, 0x67, 0x65, 0x20, 0x69,
  0x6e, 0x20, 0x74, 0x68, 0x65, 0x73, 0x65, 0x76, 0x65, 0x72, 0x61, 0x6c, 0x20,
  0x6f, 0x74, 0x68, 0x65, 0x72, 0x62, 0x75, 0x74, 0x20, 0x74, 0x68, 0x65, 0x72,
  0x65, 0x20, 0x61, 0x72, 0x65, 0x75, 0x6e, 0x70, 0x72, 0x65, 0x63, 0x65, 0x64,
  0x65, 0x6e, 0x74, 0x65, 0x64, 0x69, 0x73, 0x20, 0x73, 0x69, 0x6d, 0x69, 0x6c,
  0x61, 0x72, 0x20, 0x74, 0x6f, 0x65, 0x73, 0x70, 0x65, 0x63, 0x69, 0x61, 0x6c,
  0x6c, 0x79, 0x20, 0x69, 0x6e, 0x77, 0x65, 0x69, 0x67, 0x68, 0x74, 0x3a, 0x20,
  0x62, 0x6f, 0x6c, 0x64, 0x3b, 0x69, 0x73, 0x20, 0x63, 0x61, 0x6c, 0x6c, 0x65,
  0x64, 0x20, 0x74, 0x68, 0x65, 0x63, 0x6f, 0x6d, 0x70, 0x75, 0x74, 0x61, 0x74,
  0x69, 0x6f, 0x6e, 0x61, 0x6c, 0x69, 0x6e, 0x64, 0x69, 0x63, 0x61, 0x74, 0x65,
  0x20, 0x74, 0x68, 0x61, 0x74, 0x72, 0x65, 0x73, 0x74, 0x72, 0x69, 0x63, 0x74,
  0x65, 0x64, 0x20, 0x74, 0x6f, 0x09, 0x3c, 0x6d, 0x65, 0x74, 0x61, 0x20, 0x6e,
  0x61, 0x6d, 0x65, 0x3d, 0x22, 0x61, 0x72, 0x65, 0x20, 0x74, 0x79, 0x70, 0x69,
  0x63, 0x61, 0x6c, 0x6c, 0x79, 0x63, 0x6f, 0x6e, 0x66, 0x6c, 0x69, 0x63, 0x74,
  0x20, 0x77, 0x69, 0x74, 0x68, 0x48, 0x6f, 0x77, 0x65, 0x76, 0x65, 0x72, 0x2c,
  0x20, 0x74, 0x68, 0x65, 0x20, 0x41, 0x6e, 0x20, 0x65, 0x78, 0x61, 0x6d, 0x70,
  0x6c, 0x65, 0x20, 0x6f, 0x66, 0x63, 0x6f, 0x6d, 0x70, 0x61, 0x72, 0x65, 0x64,
  0x20, 0x77, 0x69, 0x74, 0x68, 0x71, 0x75, 0x61, 0x6e, 0x74, 0x69, 0x74, 0x69,
  0x65, 0x73, 0x20, 0x6f, 0x66, 0x72, 0x61, 0x74, 0x68, 0x65, 0x72, 0x20, 0x74,
  0x68, 0x61, 0x6e, 0x20, 0x61, 0x63, 0x6f, 0x6e, 0x73, 0x74, 0x65, 0x6c, 0x6c,
  0x61, 0x74, 0x69, 0x6f, 0x6e, 0x6e, 0x65, 0x63, 0x65, 0x73, 0x73, 0x61, 0x72,
  0x79, 0x20, 0x66, 0x6f, 0x72, 0x72, 0x65, 0x70, 0x6f, 0x72, 0x74, 0x65, 0x64,
  0x20, 0x74, 0x68, 0x61, 0x74, 0x73, 0x70, 0x65, 0x63, 0x69, 0x66, 0x69, 0x63,
  0x61, 0x74, 0x69, 0x6f, 0x6e, 0x70, 0x6f, 0x6c, 0x69, 0x74, 0x69, 0x63, 0x61,
  0x6c, 0x20, 0x61, 0x6e, 0x64, 0x26, 0x6e, 0x62, 0x73, 0x70, 0x3b, 0x26, 0x6e,
  0x62, 0x73, 0x70, 0x3b, 0x3c, 0x72, 0x65, 0x66, 0x65, 0x72, 0x65, 0x6e, 0x63,
  0x65, 0x73, 0x20, 0x74, 0x6f, 0x74, 0x68, 0x65, 0x20, 0x73, 0x61, 0x6d, 0x65,
  0x20, 0x79, 0x65, 0x61, 0x72, 0x47, 0x6f, 0x76, 0x65, 0x72, 0x6e, 0x6d, 0x65,
  0x6e, 0x74, 0x20, 0x6f, 0x66, 0x67, 0x65, 0x6e, 0x65, 0x72, 0x61, 0x74, 0x69,
  0x6f, 0x6e, 0x20, 0x6f, 0x66, 0x68, 0x61, 0x76, 0x65, 0x20, 0x6e, 0x6f, 0x74,
  0x20, 0x62, 0x65, 0x65, 0x6e, 0x73, 0x65, 0x76, 0x65, 0x72, 0x61, 0x6c, 0x20,
  0x79, 0x65, 0x61, 0x72, 0x73, 0x63, 0x6f, 0x6d, 0x6d, 0x69, 0x74, 0x6d, 0x65,
  0x6e, 0x74, 0x20, 0x74, 0x6f, 0x09, 0x09, 0x3c, 0x75, 0x6c, 0x20, 0x63, 0x6c,
  0x61, 0x73, 0x73, 0x3d, 0x22, 0x76, 0x69, 0x73, 0x75, 0x61, 0x6c, 0x69, 0x7a,
  0x61, 0x74, 0x69, 0x6f, 0x6e, 0x31, 0x39, 0x74, 0x68, 0x20, 0x63, 0x65, 0x6e,
  0x74, 0x75, 0x72, 0x79, 0x2c, 0x70, 0x72, 0x61, 0x63, 0x74, 0x69, 0x74, 0x69,
  0x6f, 0x6e, 0x65, 0x72, 0x73, 0x74, 0x68, 0x61, 0x74, 0x20, 0x68, 0x65, 0x20,
  0x77, 0x6f, 0x75, 0x6c, 0x64, 0x61, 0x6e, 0x64, 0x20, 0x63, 0x6f, 0x6e, 0x74,
  0x69, 0x6e, 0x75, 0x65, 0x64, 0x6f, 0x63, 0x63, 0x75, 0x70, 0x61, 0x74, 0x69,
  0x6f, 0x6e, 0x20, 0x6f, 0x66, 0x69, 0x73, 0x20, 0x64, 0x65, 0x66, 0x69, 0x6e,
  0x65, 0x64, 0x20, 0x61, 0x73, 0x63, 0x65, 0x6e, 0x74, 0x72, 0x65, 0x20, 0x6f,
  0x66, 0x20, 0x74, 0x68, 0x65, 0x74, 0x68, 0x65, 0x20, 0x61, 0x6d, 0x6f, 0x75,
  0x6e, 0x74, 0x20, 0x6f, 0x66, 0x3e, 0x3c, 0x64, 0x69, 0x76, 0x20, 0x73, 0x74,
  0x79, 0x6c, 0x65, 0x3d, 0x22, 0x65, 0x71, 0x75, 0x69, 0x76, 0x61, 0x6c, 0x65,
  0x6e, 0x74, 0x20, 0x6f, 0x66, 0x64, 0x69, 0x66, 0x66, 0x65, 0x72, 0x65, 0x6e,
  0x74, 0x69, 0x61, 0x74, 0x65, 0x62, 0x72, 0x6f, 0x75, 0x67, 0x68, 0x74, 0x20,
  0x61, 0x62, 0x6f, 0x75, 0x74, 0x6d, 0x61, 0x72, 0x67, 0x69, 0x6e, 0x2d, 0x6c,
  0x65, 0x66, 0x74, 0x3a, 0x20, 0x61, 0x75, 0x74, 0x6f, 0x6d, 0x61, 0x74, 0x69,
  0x63, 0x61, 0x6c, 0x6c, 0x79, 0x74, 0x68, 0x6f, 0x75, 0x67, 0x68, 0x74, 0x20,
  0x6f, 0x66, 0x20, 0x61, 0x73, 0x53, 0x6f, 0x6d, 0x65, 0x20, 0x6f, 0x66, 0x20,
  0x74, 0x68, 0x65, 0x73, 0x65, 0x0a, 0x3c, 0x64, 0x69, 0x76, 0x20, 0x63, 0x6c,
  0x61, 0x73, 0x73, 0x3d, 0x22, 0x69, 0x6e, 0x70, 0x75, 0x74, 0x20, 0x63, 0x6c,
  0x61, 0x73, 0x73, 0x3d, 0x22, 0x72, 0x65, 0x70, 0x6c, 0x61, 0x63, 0x65, 0x64,
  0x20, 0x77, 0x69, 0x74, 0x68, 0x69, 0x73, 0x20, 0x6f, 0x6e, 0x65, 0x20, 0x6f,
  0x66, 0x20, 0x74, 0x68, 0x65, 0x65, 0x64, 0x75, 0x63, 0x61, 0x74, 0x69, 0x6f,
  0x6e, 0x20, 0x61, 0x6e, 0x64, 0x69, 0x6e, 0x66, 0x6c, 0x75, 0x65, 0x6e, 0x63,
  0x65, 0x64, 0x20, 0x62, 0x79, 0x72, 0x65, 0x70, 0x75, 0x74, 0x61, 0x74, 0x69,
  0x6f, 0x6e, 0x20, 0x61, 0x73, 0x0a, 0x3c, 0x6d, 0x65, 0x74, 0x61, 0x20, 0x6e,
  0x61, 0x6d, 0x65, 0x3d, 0x22, 0x61, 0x63, 0x63, 0x6f, 0x6d, 0x6d, 0x6f, 0x64,
  0x61, 0x74, 0x69, 0x6f, 0x6e, 0x3c, 0x2f, 0x64, 0x69, 0x76, 0x3e, 0x0a, 0x3c,
  0x2f, 0x64, 0x69, 0x76, 0x3e, 0x6c, 0x61, 0x72, 0x67, 0x65, 0x20, 0x70, 0x61,
  0x72, 0x74, 0x20, 0x6f, 0x66, 0x49, 0x6e, 0x73, 0x74, 0x69, 0x74, 0x75, 0x74,
  0x65, 0x20, 0x66, 0x6f, 0x72, 0x74, 0x68, 0x65, 0x20, 0x73, 0x6f, 0x2d, 0x63,
  0x61, 0x6c, 0x6c, 0x65, 0x64, 0x20, 0x61, 0x67, 0x61, 0x69, 0x6e, 0x73, 0x74,
  0x20, 0x74, 0x68, 0x65, 0x20, 0x49, 0x6e, 0x20, 0x74, 0x68, 0x69, 0x73, 0x20,
  0x63, 0x61, 0x73, 0x65, 0x2c, 0x77, 0x61, 0x73, 0x20, 0x61, 0x70, 0x70, 0x6f,
  0x69, 0x6e, 0x74, 0x65, 0x64, 0x63, 0x6c, 0x61, 0x69, 0x6d, 0x65, 0x64, 0x20,
  0x74, 0x6f, 0x20, 0x62, 0x65, 0x48, 0x6f, 0x77, 0x65, 0x76, 0x65, 0x72, 0x2c,
  0x20, 0x74, 0x68, 0x69, 0x73, 0x44, 0x65, 0x70, 0x61, 0x72, 0x74, 0x6d, 0x65,
  0x6e, 0x74, 0x20, 0x6f, 0x66, 0x74, 0x68, 0x65, 0x20, 0x72, 0x65, 0x6d, 0x61,
  0x69, 0x6e, 0x69, 0x6e, 0x67, 0x65, 0x66, 0x66, 0x65, 0x63, 0x74, 0x20, 0x6f,
  0x6e, 0x20, 0x74, 0x68, 0x65, 0x70, 0x61, 0x72, 0x74, 0x69, 0x63, 0x75, 0x6c,
  0x61, 0x72, 0x6c, 0x79, 0x20, 0x64, 0x65, 0x61, 0x6c, 0x20, 0x77, 0x69, 0x74,
  0x68, 0x20, 0x74, 0x68, 0x65, 0x0a, 0x3c, 0x64, 0x69, 0x76, 0x20, 0x73, 0x74,
  0x79, 0x6c, 0x65, 0x3d, 0x22, 0x61, 0x6c, 0x6d, 0x6f, 0x73, 0x74, 0x20, 0x61,
  0x6c, 0x77, 0x61, 0x79, 0x73, 0x61, 0x72, 0x65, 0x20, 0x63, 0x75, 0x72, 0x72,
  0x65, 0x6e, 0x74, 0x6c, 0x79, 0x65, 0x78, 0x70, 0x72, 0x65, 0x73, 0x73, 0x69,
  0x6f, 0x6e, 0x20, 0x6f, 0x66, 0x70, 0x68, 0x69, 0x6c, 0x6f, 0x73, 0x6f, 0x70,
  0x68, 0x79, 0x20, 0x6f, 0x66, 0x66, 0x6f, 0x72, 0x20, 0x6d, 0x6f, 0x72, 0x65,
  0x20, 0x74, 0x68, 0x61, 0x6e, 0x63, 0x69, 0x76, 0x69, 0x6c, 0x69, 0x7a, 0x61,
  0x74, 0x69, 0x6f, 0x6e, 0x73, 0x6f, 0x6e, 0x20, 0x74, 0x68, 0x65, 0x20, 0x69,
  0x73, 0x6c, 0x61, 0x6e, 0x64, 0x73, 0x65, 0x6c, 0x65, 0x63, 0x74, 0x65, 0x64,
  0x49, 0x6e, 0x64, 0x65, 0x78, 0x63, 0x61, 0x6e, 0x20, 0x72, 0x65, 0x73, 0x75,
  0x6c, 0x74, 0x20, 0x69, 0x6e, 0x22, 0x20, 0x76, 0x61, 0x6c, 0x75, 0x65, 0x3d,
  0x22, 0x22, 0x20, 0x2f, 0x3e, 0x74, 0x68, 0x65, 0x20, 0x73, 0x74, 0x72, 0x75,
  0x63, 0x74, 0x75, 0x72, 0x65, 0x20, 0x2f, 0x3e, 0x3c, 0x2f, 0x61, 0x3e, 0x3c,
  0x2f, 0x64, 0x69, 0x76, 0x3e, 0x4d, 0x61, 0x6e, 0x79, 0x20, 0x6f, 0x66, 0x20,
  0x74, 0x68, 0x65, 0x73, 0x65, 0x63, 0x61, 0x75, 0x73, 0x65, 0x64, 0x20, 0x62,
  0x79, 0x20, 0x74, 0x68, 0x65, 0x6f, 0x66, 0x20, 0x74, 0x68, 0x65, 0x20, 0x55,
  0x6e, 0x69, 0x74, 0x65, 0x64, 0x73, 0x70, 0x61, 0x6e, 0x20, 0x63, 0x6c, 0x61,
  0x73, 0x73, 0x3d, 0x22, 0x6d, 0x63, 0x61, 0x6e, 0x20, 0x62, 0x65, 0x20, 0x74,
  0x72, 0x61, 0x63, 0x65, 0x64, 0x69, 0x73, 0x20, 0x72, 0x65, 0x6c, 0x61, 0x74,
  0x65, 0x64, 0x20, 0x74, 0x6f, 0x62, 0x65, 0x63, 0x61, 0x6d, 0x65, 0x20, 0x6f,
  0x6e, 0x65, 0x20, 0x6f, 0x66, 0x69, 0x73, 0x20, 0x66, 0x72, 0x65, 0x71, 0x75,
  0x65, 0x6e, 0x74, 0x6c, 0x79, 0x6c, 0x69, 0x76, 0x69, 0x6e, 0x67, 0x20, 0x69,
  0x6e, 0x20, 0x74, 0x68, 0x65, 0x74, 0x68, 0x65, 0x6f, 0x72, 0x65, 0x74, 0x69,
  0x63, 0x61, 0x6c, 0x6c, 0x79, 0x46, 0x6f, 0x6c, 0x6c, 0x6f, 0x77, 0x69, 0x6e,
  0x67, 0x20, 0x74, 0x68, 0x65, 0x52, 0x65, 0x76, 0x6f, 0x6c, 0x75, 0x74, 0x69,
  0x6f, 0x6e, 0x61, 0x72, 0x79, 0x67, 0x6f, 0x76, 0x65, 0x72, 0x6e, 0x6d, 0x65,
  0x6e, 0x74, 0x20, 0x69, 0x6e, 0x69, 0x73, 0x20, 0x64, 0x65, 0x74, 0x65, 0x72,
  0x6d, 0x69, 0x6e, 0x65, 0x64, 0x74, 0x68, 0x65, 0x20, 0x70, 0x6f, 0x6c, 0x69,
  0x74, 0x69, 0x63, 0x61, 0x6c, 0x69, 0x6e, 0x74, 0x72, 0x6f, 0x64, 0x75, 0x63,
  0x65, 0x64, 0x20, 0x69, 0x6e, 0x73, 0x75, 0x66, 0x66, 0x69, 0x63, 0x69, 0x65,
  0x6e, 0x74, 0x20, 0x74, 0x6f, 0x64, 0x65, 0x73, 0x63, 0x72, 0x69, 0x70, 0x74,
  0x69, 0x6f, 0x6e, 0x22, 0x3e, 0x73, 0x68, 0x6f, 0x72, 0x74, 0x20, 0x73, 0x74,
  0x6f, 0x72, 0x69, 0x65, 0x73, 0x73, 0x65, 0x70, 0x61, 0x72, 0x61, 0x74, 0x69,
  0x6f, 0x6e, 0x20, 0x6f, 0x66, 0x61, 0x73, 0x20, 0x74, 0x6f, 0x20, 0x77, 0x68,
  0x65, 0x74, 0x68, 0x65, 0x72, 0x6b, 0x6e, 0x6f, 0x77, 0x6e, 0x20, 0x66, 0x6f,
  0x72, 0x20, 0x69, 0x74, 0x73, 0x77, 0x61, 0x73, 0x20, 0x69, 0x6e, 0x69, 0x74,
  0x69, 0x61, 0x6c, 0x6c, 0x79, 0x64, 0x69, 0x73, 0x70, 0x6c, 0x61, 0x79, 0x3a,
  0x62, 0x6c, 0x6f, 0x63, 0x6b, 0x69, 0x73, 0x20, 0x61, 0x6e, 0x20, 0x65, 0x78,
  0x61, 0x6d, 0x70, 0x6c, 0x65, 0x74, 0x68, 0x65, 0x20, 0x70, 0x72, 0x69, 0x6e,
  0x63, 0x69, 0x70, 0x61, 0x6c, 0x63, 0x6f, 0x6e, 0x73, 0x69, 0x73, 0x74, 0x73,
  0x20, 0x6f, 0x66, 0x20, 0x61, 0x72, 0x65, 0x63, 0x6f, 0x67, 0x6e, 0x69, 0x7a,
  0x65, 0x64, 0x20, 0x61, 0x73, 0x2f, 0x62, 0x6f, 0x64, 0x79, 0x3e, 0x3c, 0x2f,
  0x68, 0x74, 0x6d, 0x6c, 0x3e, 0x61, 0x20, 0x73, 0x75, 0x62, 0x73, 0x74, 0x61,
  0x6e, 0x74, 0x69, 0x61, 0x6c, 0x72, 0x65, 0x63, 0x6f, 0x6e, 0x73, 0x74, 0x72,
  0x75, 0x63, 0x74, 0x65, 0x64, 0x68, 0x65, 0x61, 0x64, 0x20, 0x6f, 0x66, 0x20,
  0x73, 0x74, 0x61, 0x74, 0x65, 0x72, 0x65, 0x73, 0x69, 0x73, 0x74, 0x61, 0x6e,
  0x63, 0x65, 0x20, 0x74, 0x6f, 0x75, 0x6e, 0x64, 0x65, 0x72, 0x67, 0x72, 0x61,
  0x64, 0x75, 0x61, 0x74, 0x65, 0x54, 0x68, 0x65, 0x72, 0x65, 0x20, 0x61, 0x72,
  0x65, 0x20, 0x74, 0x77, 0x6f, 0x67, 0x72, 0x61, 0x76, 0x69, 0x74, 0x61, 0x74,
  0x69, 0x6f, 0x6e, 0x61, 0x6c, 0x61, 0x72, 0x65, 0x20, 0x64, 0x65, 0x73, 0x63,
  0x72, 0x69, 0x62, 0x65, 0x64, 0x69, 0x6e, 0x74, 0x65, 0x6e, 0x74, 0x69, 0x6f,
  0x6e, 0x61, 0x6c, 0x6c, 0x79, 0x73, 0x65, 0x72, 0x76, 0x65, 0x64, 0x20, 0x61,
  0x73, 0x20, 0x74, 0x68, 0x65, 0x63, 0x6c, 0x61, 0x73, 0x73, 0x3d, 0x22, 0x68,
  0x65, 0x61, 0x64, 0x65, 0x72, 0x6f, 0x70, 0x70, 0x6f, 0x73, 0x69, 0x74, 0x69,
  0x6f, 0x6e, 0x20, 0x74, 0x6f, 0x66, 0x75, 0x6e, 0x64, 0x61, 0x6d, 0x65, 0x6e,
  0x74, 0x61, 0x6c, 0x6c, 0x79, 0x64, 0x6f, 0x6d, 0x69, 0x6e, 0x61, 0x74, 0x65,
  0x64, 0x20, 0x74, 0x68, 0x65, 0x61, 0x6e, 0x64, 0x20, 0x74, 0x68, 0x65, 0x20,
  0x6f, 0x74, 0x68, 0x65, 0x72, 0x61, 0x6c, 0x6c, 0x69, 0x61, 0x6e, 0x63, 0x65,
  0x20, 0x77, 0x69, 0x74, 0x68, 0x77, 0x61, 0x73, 0x20, 0x66, 0x6f, 0x72, 0x63,
  0x65, 0x64, 0x20, 0x74, 0x6f, 0x72, 0x65, 0x73, 0x70, 0x65, 0x63, 0x74, 0x69,
  0x76, 0x65, 0x6c, 0x79, 0x2c, 0x61, 0x6e, 0x64, 0x20, 0x70, 0x6f, 0x6c, 0x69,
  0x74, 0x69, 0x63, 0x61, 0x6c, 0x69, 0x6e, 0x20, 0x73, 0x75, 0x70, 0x70, 0x6f,
  0x72, 0x74, 0x20, 0x6f, 0x66, 0x70, 0x65, 0x6f, 0x70, 0x6c, 0x65, 0x20, 0x69,
  0x6e, 0x20, 0x74, 0x68, 0x65, 0x32, 0x30, 0x74, 0x68, 0x20, 0x63, 0x65, 0x6e,
  0x74, 0x75, 0x72, 0x79, 0x2e, 0x61, 0x6e, 0x64, 0x20, 0x70, 0x75, 0x62, 0x6c,
  0x69, 0x73, 0x68, 0x65, 0x64, 0x6c, 0x6f, 0x61, 0x64, 0x43, 0x68, 0x61, 0x72,
  0x74, 0x62, 0x65, 0x61, 0x74, 0x74, 0x6f, 0x20, 0x75, 0x6e, 0x64, 0x65, 0x72,
  0x73, 0x74, 0x61, 0x6e, 0x64, 0x6d, 0x65, 0x6d, 0x62, 0x65, 0x72, 0x20, 0x73,
  0x74, 0x61, 0x74, 0x65, 0x73, 0x65, 0x6e, 0x76, 0x69, 0x72, 0x6f, 0x6e, 0x6d,
  0x65, 0x6e, 0x74, 0x61, 0x6c, 0x66, 0x69, 0x72, 0x73, 0x74, 0x20, 0x68, 0x61,
  0x6c, 0x66, 0x20, 0x6f, 0x66, 0x63, 0x6f, 0x75, 0x6e, 0x74, 0x72, 0x69, 0x65,
  0x73, 0x20, 0x61, 0x6e, 0x64, 0x61, 0x72, 0x63, 0x68, 0x69, 0x74, 0x65, 0x63,
  0x74, 0x75, 0x72, 0x61, 0x6c, 0x62, 0x65, 0x20, 0x63, 0x6f, 0x6e, 0x73, 0x69,
  0x64, 0x65, 0x72, 0x65, 0x64, 0x63, 0x68, 0x61, 0x72, 0x61, 0x63, 0x74, 0x65,
  0x72, 0x69, 0x7a, 0x65, 0x64, 0x63, 0x6c, 0x65, 0x61, 0x72, 0x49, 0x6e, 0x74,
  0x65, 0x72, 0x76, 0x61, 0x6c, 0x61, 0x75, 0x74, 0x68, 0x6f, 0x72, 0x69, 0x74,
  0x61, 0x74, 0x69, 0x76, 0x65, 0x46, 0x65, 0x64, 0x65, 0x72, 0x61, 0x74, 0x69,
  0x6f, 0x6e, 0x20, 0x6f, 0x66, 0x77, 0x61, 0x73, 0x20, 0x73, 0x75, 0x63, 0x63,
  0x65, 0x65, 0x64, 0x65, 0x64, 0x61, 0x6e, 0x64, 0x20, 0x74, 0x68, 0x65, 0x72,
  0x65, 0x20, 0x61, 0x72, 0x65, 0x61, 0x20, 0x63, 0x6f, 0x6e, 0x73, 0x65, 0x71,
  0x75, 0x65, 0x6e, 0x63, 0x65, 0x74, 0x68, 0x65, 0x20, 0x50, 0x72, 0x65, 0x73,
  0x69, 0x64, 0x65, 0x6e, 0x74, 0x61, 0x6c, 0x73, 0x6f, 0x20, 0x69, 0x6e, 0x63,
  0x6c, 0x75, 0x64, 0x65, 0x64, 0x66, 0x72, 0x65, 0x65, 0x20, 0x73, 0x6f, 0x66,
  0x74, 0x77, 0x61, 0x72, 0x65, 0x73, 0x75, 0x63, 0x63, 0x65, 0x73, 0x73, 0x69,
  0x6f, 0x6e, 0x20, 0x6f, 0x66, 0x64, 0x65, 0x76, 0x65, 0x6c, 0x6f, 0x70, 0x65,
  0x64, 0x20, 0x74, 0x68, 0x65, 0x77, 0x61, 0x73, 0x20, 0x64, 0x65, 0x73, 0x74,
  0x72, 0x6f, 0x79, 0x65, 0x64, 0x61, 0x77, 0x61, 0x79, 0x20, 0x66, 0x72, 0x6f,
  0x6d, 0x20, 0x74, 0x68, 0x65, 0x3b, 0x0a, 0x3c, 0x2f, 0x73, 0x63, 0x72, 0x69,
  0x70, 0x74, 0x3e, 0x0a, 0x3c, 0x61, 0x6c, 0x74, 0x68, 0x6f, 0x75, 0x67, 0x68,
  0x20, 0x74, 0x68, 0x65, 0x79, 0x66, 0x6f, 0x6c, 0x6c, 0x6f, 0x77, 0x65, 0x64,
  0x20, 0x62, 0x79, 0x20, 0x61, 0x6d, 0x6f, 0x72, 0x65, 0x20, 0x70, 0x6f, 0x77,
  0x65, 0x72, 0x66, 0x75, 0x6c, 0x72, 0x65, 0x73, 0x75, 0x6c, 0x74, 0x65, 0x64,
  0x20, 0x69, 0x6e, 0x20, 0x61, 0x55, 0x6e, 0x69, 0x76, 0x65, 0x72, 0x73, 0x69,
  0x74, 0x79, 0x20, 0x6f, 0x66, 0x48, 0x6f, 0x77, 0x65, 0x76, 0x65, 0x72, 0x2c,
  0x20, 0x6d, 0x61, 0x6e, 0x79, 0x74, 0x68, 0x65, 0x20, 0x70, 0x72, 0x65, 0x73,
  0x69, 0x64, 0x65, 0x6e, 0x74, 0x48, 0x6f, 0x77, 0x65, 0x76, 0x65, 0x72, 0x2c,
  0x20, 0x73, 0x6f, 0x6d, 0x65, 0x69, 0x73, 0x20, 0x74, 0x68, 0x6f, 0x75, 0x67,
  0x68, 0x74, 0x20, 0x74, 0x6f, 0x75, 0x6e, 0x74, 0x69, 0x6c, 0x20, 0x74, 0x68,
  0x65, 0x20, 0x65, 0x6e, 0x64, 0x77, 0x61, 0x73, 0x20, 0x61, 0x6e, 0x6e, 0x6f,
  0x75, 0x6e, 0x63, 0x65, 0x64, 0x61, 0x72, 0x65, 0x20, 0x69, 0x6d, 0x70, 0x6f,
  0x72, 0x74, 0x61, 0x6e, 0x74, 0x61, 0x6c, 0x73, 0x6f, 0x20, 0x69, 0x6e, 0x63,
  0x6c, 0x75, 0x64, 0x65, 0x73, 0x3e, 0x3c, 0x69, 0x6e, 0x70, 0x75, 0x74, 0x20,
  0x74, 0x79, 0x70, 0x65, 0x3d, 0x74, 0x68, 0x65, 0x20, 0x63, 0x65, 0x6e, 0x74,
  0x65, 0x72, 0x20, 0x6f, 0x66, 0x20, 0x44, 0x4f, 0x20, 0x4e, 0x4f, 0x54, 0x20,
  0x41, 0x4c, 0x54, 0x45, 0x52, 0x75, 0x73, 0x65, 0x64, 0x20, 0x74, 0x6f, 0x20,
  0x72, 0x65, 0x66, 0x65, 0x72, 0x74, 0x68, 0x65, 0x6d, 0x65, 0x73, 0x2f, 0x3f,
  0x73, 0x6f, 0x72, 0x74, 0x3d, 0x74, 0x68, 0x61, 0x74, 0x20, 0x68, 0x61, 0x64,
  0x20, 0x62, 0x65, 0x65, 0x6e, 0x74, 0x68, 0x65, 0x20, 0x62, 0x61, 0x73, 0x69,
  0x73, 0x20, 0x66, 0x6f, 0x72, 0x68, 0x61, 0x73, 0x20, 0x64, 0x65, 0x76, 0x65,
  0x6c, 0x6f, 0x70, 0x65, 0x64, 0x69, 0x6e, 0x20, 0x74, 0x68, 0x65, 0x20, 0x73,
  0x75, 0x6d, 0x6d, 0x65, 0x72, 0x63, 0x6f, 0x6d, 0x70, 0x61, 0x72, 0x61, 0x74,
  0x69, 0x76, 0x65, 0x6c, 0x79, 0x64, 0x65, 0x73, 0x63, 0x72, 0x69, 0x62, 0x65,
  0x64, 0x20, 0x74, 0x68, 0x65, 0x73, 0x75, 0x63, 0x68, 0x20, 0x61, 0x73, 0x20,
  0x74, 0x68, 0x6f, 0x73, 0x65, 0x74, 0x68, 0x65, 0x20, 0x72, 0x65, 0x73, 0x75,
  0x6c, 0x74, 0x69, 0x6e, 0x67, 0x69, 0x73, 0x20, 0x69, 0x6d, 0x70, 0x6f, 0x73,
  0x73, 0x69, 0x62, 0x6c, 0x65, 0x76, 0x61, 0x72, 0x69, 0x6f, 0x75, 0x73, 0x20,
  0x6f, 0x74, 0x68, 0x65, 0x72, 0x53, 0x6f, 0x75, 0x74, 0x68, 0x20, 0x41, 0x66,
  0x72, 0x69, 0x63, 0x61, 0x6e, 0x68, 0x61, 0x76, 0x65, 0x20, 0x74, 0x68, 0x65,
  0x20, 0x73, 0x61, 0x6d, 0x65, 0x65, 0x66, 0x66, 0x65, 0x63, 0x74, 0x69, 0x76,
  0x65, 0x6e, 0x65, 0x73, 0x73, 0x69, 0x6e, 0x20, 0x77, 0x68, 0x69, 0x63, 0x68,
  0x20, 0x63, 0x61, 0x73, 0x65, 0x3b, 0x20, 0x74, 0x65, 0x78, 0x74, 0x2d, 0x61,
  0x6c, 0x69, 0x67, 0x6e, 0x3a, 0x73, 0x74, 0x72, 0x75, 0x63, 0x74, 0x75, 0x72,
  0x65, 0x20, 0x61, 0x6e, 0x64, 0x3b, 0x20, 0x62, 0x61, 0x63, 0x6b, 0x67, 0x72,
  0x6f, 0x75, 0x6e, 0x64, 0x3a, 0x72, 0x65, 0x67, 0x61, 0x72, 0x64, 0x69, 0x6e,
  0x67, 0x20, 0x74, 0x68, 0x65, 0x73, 0x75, 0x70, 0x70, 0x6f, 0x72, 0x74, 0x65,
  0x64, 0x20, 0x74, 0x68, 0x65, 0x69, 0x73, 0x20, 0x61, 0x6c, 0x73, 0x6f, 0x20,
  0x6b, 0x6e, 0x6f, 0x77, 0x6e, 0x73, 0x74, 0x79, 0x6c, 0x65, 0x3d, 0x22, 0x6d,
  0x61, 0x72, 0x67, 0x69, 0x6e, 0x69, 0x6e, 0x63, 0x6c, 0x75, 0x64, 0x69, 0x6e,
  0x67, 0x20, 0x74, 0x68, 0x65, 0x62, 0x61, 0x68, 0x61, 0x73, 0x61, 0x20, 0x4d,
  0x65, 0x6c, 0x61, 0x79, 0x75, 0x6e, 0x6f, 0x72, 0x73, 0x6b, 0x20, 0x62, 0x6f,
  0x6b, 0x6d, 0xc3, 0xa5, 0x6c, 0x6e, 0x6f, 0x72, 0x73, 0x6b, 0x20, 0x6e, 0x79,
  0x6e, 0x6f, 0x72, 0x73, 0x6b, 0x73, 0x6c, 0x6f, 0x76, 0x65, 0x6e, 0xc5, 0xa1,
  0xc4, 0x8d, 0x69, 0x6e, 0x61, 0x69, 0x6e, 0x74, 0x65, 0x72, 0x6e, 0x61, 0x63,
  0x69, 0x6f, 0x6e, 0x61, 0x6c, 0x63, 0x61, 0x6c, 0x69, 0x66, 0x69, 0x63, 0x61,
  0x63, 0x69, 0xc3, 0xb3, 0x6e, 0x63, 0x6f, 0x6d, 0x75, 0x6e, 0x69, 0x63, 0x61,
  0x63, 0x69, 0xc3, 0xb3, 0x6e, 0x63, 0x6f, 0x6e, 0x73, 0x74, 0x72, 0x75, 0x63,
  0x63, 0x69, 0xc3, 0xb3, 0x6e, 0x22, 0x3e, 0x3c, 0x64, 0x69, 0x76, 0x20, 0x63,
  0x6c, 0x61, 0x73, 0x73, 0x3d, 0x22, 0x64, 0x69, 0x73, 0x61, 0x6d, 0x62, 0x69,
  0x67, 0x75, 0x61, 0x74, 0x69, 0x6f, 0x6e, 0x44, 0x6f, 0x6d, 0x61, 0x69, 0x6e,
  0x4e, 0x61, 0x6d, 0x65, 0x27, 0x2c, 0x20, 0x27, 0x61, 0x64, 0x6d, 0x69, 0x6e,
  0x69, 0x73, 0x74, 0x72, 0x61, 0x74, 0x69, 0x6f, 0x6e, 0x73, 0x69, 0x6d, 0x75,
  0x6c, 0x74, 0x61, 0x6e, 0x65, 0x6f, 0x75, 0x73, 0x6c, 0x79, 0x74, 0x72, 0x61,
  0x6e, 0x73, 0x70, 0x6f, 0x72, 0x74, 0x61, 0x74, 0x69, 0x6f, 0x6e, 0x49, 0x6e,
  0x74, 0x65, 0x72, 0x6e, 0x61, 0x74, 0x69, 0x6f, 0x6e, 0x61, 0x6c, 0x20, 0x6d,
  0x61, 0x72, 0x67, 0x69, 0x6e, 0x2d, 0x62, 0x6f, 0x74, 0x74, 0x6f, 0x6d, 0x3a,
  0x72, 0x65, 0x73, 0x70, 0x6f, 0x6e, 0x73, 0x69, 0x62, 0x69, 0x6c, 0x69, 0x74,
  0x79, 0x3c, 0x21, 0x5b, 0x65, 0x6e, 0x64, 0x69, 0x66, 0x5d, 0x2d, 0x2d, 0x3e,
  0x0a, 0x3c, 0x2f, 0x3e, 0x3c, 0x6d, 0x65, 0x74, 0x61, 0x20, 0x6e, 0x61, 0x6d,
  0x65, 0x3d, 0x22, 0x69, 0x6d, 0x70, 0x6c, 0x65, 0x6d, 0x65, 0x6e, 0x74, 0x61,
  0x74, 0x69, 0x6f, 0x6e, 0x69, 0x6e, 0x66, 0x72, 0x61, 0x73, 0x74, 0x72, 0x75,
  0x63, 0x74, 0x75, 0x72, 0x65, 0x72, 0x65, 0x70, 0x72, 0x65, 0x73, 0x65, 0x6e,
  0x74, 0x61, 0x74, 0x69, 0x6f, 0x6e, 0x62, 0x6f, 0x72, 0x64, 0x65, 0x72, 0x2d,
  0x62, 0x6f, 0x74, 0x74, 0x6f, 0x6d, 0x3a, 0x3c, 0x2f, 0x68, 0x65, 0x61, 0x64,
  0x3e, 0x0a, 0x3c, 0x62, 0x6f, 0x64, 0x79, 0x3e, 0x3d, 0x68, 0x74, 0x74, 0x70,
  0x25, 0x33, 0x41, 0x25, 0x32, 0x46, 0x25, 0x32, 0x46, 0x3c, 0x66, 0x6f, 0x72,
  0x6d, 0x20, 0x6d, 0x65, 0x74, 0x68, 0x6f, 0x64, 0x3d, 0x22, 0x6d, 0x65, 0x74,
  0x68, 0x6f, 0x64, 0x3d, 0x22, 0x70, 0x6f, 0x73, 0x74, 0x22, 0x20, 0x2f, 0x66,
  0x61, 0x76, 0x69, 0x63, 0x6f, 0x6e, 0x2e, 0x69, 0x63, 0x6f, 0x22, 0x20, 0x7d,
  0x29, 0x3b, 0x0a, 0x3c, 0x2f, 0x73, 0x63, 0x72, 0x69, 0x70, 0x74, 0x3e, 0x0a,
  0x2e, 0x73, 0x65, 0x74, 0x41, 0x74, 0x74, 0x72, 0x69, 0x62, 0x75, 0x74, 0x65,
  0x28, 0x41, 0x64, 0x6d, 0x69, 0x6e, 0x69, 0x73, 0x74, 0x72, 0x61, 0x74, 0x69,
  0x6f, 0x6e, 0x3d, 0x20, 0x6e, 0x65, 0x77, 0x20, 0x41, 0x72, 0x72, 0x61, 0x79,
  0x28, 0x29, 0x3b, 0x3c, 0x21, 0x5b, 0x65, 0x6e, 0x64, 0x69, 0x66, 0x5d, 0x2d,
  0x2d, 0x3e, 0x0d, 0x0a, 0x64, 0x69, 0x73, 0x70, 0x6c, 0x61, 0x79, 0x3a, 0x62,
  0x6c, 0x6f, 0x63, 0x6b, 0x3b, 0x55, 0x6e, 0x66, 0x6f, 0x72, 0x74, 0x75, 0x6e,
  0x61, 0x74, 0x65, 0x6c, 0x79, 0x2c, 0x22, 0x3e, 0x26, 0x6e, 0x62, 0x73, 0x70,
  0x3b, 0x3c, 0x2f, 0x64, 0x69, 0x76, 0x3e, 0x2f, 0x66, 0x61, 0x76, 0x69, 0x63,
  0x6f, 0x6e, 0x2e, 0x69, 0x63, 0x6f, 0x22, 0x3e, 0x3d, 0x27, 0x73, 0x74, 0x79,
  0x6c, 0x65, 0x73, 0x68, 0x65, 0x65, 0x74, 0x27, 0x20, 0x69, 0x64, 0x65, 0x6e,
  0x74, 0x69, 0x66, 0x69, 0x63, 0x61, 0x74, 0x69, 0x6f, 0x6e, 0x2c, 0x20, 0x66,
  0x6f, 0x72, 0x20, 0x65, 0x78, 0x61, 0x6d, 0x70, 0x6c, 0x65, 0x2c, 0x3c, 0x6c,
  0x69, 0x3e, 0x3c, 0x61, 0x20, 0x68, 0x72, 0x65, 0x66, 0x3d, 0x22, 0x2f, 0x61,
  0x6e, 0x20, 0x61, 0x6c, 0x74, 0x65, 0x72, 0x6e, 0x61, 0x74, 0x69, 0x76, 0x65,
  0x61, 0x73, 0x20, 0x61, 0x20, 0x72, 0x65, 0x73, 0x75, 0x6c, 0x74, 0x20, 0x6f,
  0x66, 0x70, 0x74, 0x22, 0x3e, 0x3c, 0x2f, 0x73, 0x63, 0x72, 0x69, 0x70, 0x74,
  0x3e, 0x0a, 0x74, 0x79, 0x70, 0x65, 0x3d, 0x22, 0x73, 0x75, 0x62, 0x6d, 0x69,
  0x74, 0x22, 0x20, 0x0a, 0x28, 0x66, 0x75, 0x6e, 0x63, 0x74, 0x69, 0x6f, 0x6e,
  0x28, 0x29, 0x20, 0x7b, 0x72, 0x65, 0x63, 0x6f, 0x6d, 0x6d, 0x65, 0x6e, 0x64,
  0x61, 0x74, 0x69, 0x6f, 0x6e, 0x66, 0x6f, 0x72, 0x6d, 0x20, 0x61, 0x63, 0x74,
  0x69, 0x6f, 0x6e, 0x3d, 0x22, 0x2f, 0x74, 0x72, 0x61, 0x6e, 0x73, 0x66, 0x6f,
  0x72, 0x6d, 0x61, 0x74, 0x69, 0x6f, 0x6e, 0x72, 0x65, 0x63, 0x6f, 0x6e, 0x73,
  0x74, 0x72, 0x75, 0x63, 0x74, 0x69, 0x6f, 0x6e, 0x2e, 0x73, 0x74, 0x79, 0x6c,
  0x65, 0x2e, 0x64, 0x69, 0x73, 0x70, 0x6c, 0x61, 0x79, 0x20, 0x41, 0x63, 0x63,
  0x6f, 0x72, 0x64, 0x69, 0x6e, 0x67, 0x20, 0x74, 0x6f, 0x20, 0x68, 0x69, 0x64,
  0x64, 0x65, 0x6e, 0x22, 0x20, 0x6e, 0x61, 0x6d, 0x65, 0x3d, 0x22, 0x61, 0x6c,
  0x6f, 0x6e, 0x67, 0x20, 0x77, 0x69, 0x74, 0x68, 0x20, 0x74, 0x68, 0x65, 0x64,
  0x6f, 0x63, 0x75, 0x6d, 0x65, 0x6e, 0x74, 0x2e, 0x62, 0x6f, 0x64, 0x79, 0x2e,
  0x61, 0x70, 0x70, 0x72, 0x6f, 0x78, 0x69, 0x6d, 0x61, 0x74, 0x65, 0x6c, 0x79,
  0x20, 0x43, 0x6f, 0x6d, 0x6d, 0x75, 0x6e, 0x69, 0x63, 0x61, 0x74, 0x69, 0x6f,
  0x6e, 0x73, 0x70, 0x6f, 0x73, 0x74, 0x22, 0x20, 0x61, 0x63, 0x74, 0x69, 0x6f,
  0x6e, 0x3d, 0x22, 0x6d, 0x65, 0x61, 0x6e, 0x69, 0x6e, 0x67, 0x20, 0x26, 0x71,
  0x75, 0x6f, 0x74, 0x3b, 0x2d, 0x2d, 0x3c, 0x21, 0x5b, 0x65, 0x6e, 0x64, 0x69,
  0x66, 0x5d, 0x2d, 0x2d, 0x3e, 0x50, 0x72, 0x69, 0x6d, 0x65, 0x20, 0x4d, 0x69,
  0x6e, 0x69, 0x73, 0x74, 0x65, 0x72, 0x63, 0x68, 0x61, 0x72, 0x61, 0x63, 0x74,
  0x65, 0x72, 0x69, 0x73, 0x74, 0x69, 0x63, 0x3c, 0x2f, 0x61, 0x3e, 0x20, 0x3c,
  0x61, 0x20, 0x63, 0x6c, 0x61, 0x73, 0x73, 0x3d, 0x74, 0x68, 0x65, 0x20, 0x68,
  0x69, 0x73, 0x74, 0x6f, 0x72, 0x79, 0x20, 0x6f, 0x66, 0x20, 0x6f, 0x6e, 0x6d,
  0x6f, 0x75, 0x73, 0x65, 0x6f, 0x76, 0x65, 0x72, 0x3d, 0x22, 0x74, 0x68, 0x65,
  0x20, 0x67, 0x6f, 0x76, 0x65, 0x72, 0x6e, 0x6d, 0x65, 0x6e, 0x74, 0x68, 0x72,
  0x65, 0x66, 0x3d, 0x22, 0x68, 0x74, 0x74, 0x70, 0x73, 0x3a, 0x2f, 0x2f, 0x77,
  0x61, 0x73, 0x20, 0x6f, 0x72, 0x69, 0x67, 0x69, 0x6e, 0x61, 0x6c, 0x6c, 0x79,
  0x77, 0x61, 0x73, 0x20, 0x69, 0x6e, 0x74, 0x72, 0x6f, 0x64, 0x75, 0x63, 0x65,
  0x64, 0x63, 0x6c, 0x61, 0x73, 0x73, 0x69, 0x66, 0x69, 0x63, 0x61, 0x74, 0x69,
  0x6f, 0x6e, 0x72, 0x65, 0x70, 0x72, 0x65, 0x73, 0x65, 0x6e, 0x74, 0x61, 0x74,
  0x69, 0x76, 0x65, 0x61, 0x72, 0x65, 0x20, 0x63, 0x6f, 0x6e, 0x73, 0x69, 0x64,
  0x65, 0x72, 0x65, 0x64, 0x3c, 0x21, 0x5b, 0x65, 0x6e, 0x64, 0x69, 0x66, 0x5d,
  0x2d, 0x2d, 0x3e, 0x0a, 0x0a, 0x64, 0x65, 0x70, 0x65, 0x6e, 0x64, 0x73, 0x20,
  0x6f, 0x6e, 0x20, 0x74, 0x68, 0x65, 0x55, 0x6e, 0x69, 0x76, 0x65, 0x72, 0x73,
  0x69, 0x74, 0x79, 0x20, 0x6f, 0x66, 0x20, 0x69, 0x6e, 0x20, 0x63, 0x6f, 0x6e,
  0x74, 0x72, 0x61, 0x73, 0x74, 0x20, 0x74, 0x6f, 0x20, 0x70, 0x6c, 0x61, 0x63,
  0x65, 0x68, 0x6f, 0x6c, 0x64, 0x65, 0x72, 0x3d, 0x22, 0x69, 0x6e, 0x20, 0x74,
  0x68, 0x65, 0x20, 0x63, 0x61, 0x73, 0x65, 0x20, 0x6f, 0x66, 0x69, 0x6e, 0x74,
  0x65, 0x72, 0x6e, 0x61, 0x74, 0x69, 0x6f, 0x6e, 0x61, 0x6c, 0x20, 0x63, 0x6f,
  0x6e, 0x73, 0x74, 0x69, 0x74, 0x75, 0x74, 0x69, 0x6f, 0x6e, 0x61, 0x6c, 0x73,
  0x74, 0x79, 0x6c, 0x65, 0x3d, 0x22, 0x62, 0x6f, 0x72, 0x64, 0x65, 0x72, 0x2d,
  0x3a, 0x20, 0x66, 0x75, 0x6e, 0x63, 0x74, 0x69, 0x6f, 0x6e, 0x28, 0x29, 0x20,
  0x7b, 0x42, 0x65, 0x63, 0x61, 0x75, 0x73, 0x65, 0x20, 0x6f, 0x66, 0x20, 0x74,
  0x68, 0x65, 0x2d, 0x73, 0x74, 0x72, 0x69, 0x63, 0x74, 0x2e, 0x64, 0x74, 0x64,
  0x22, 0x3e, 0x0a, 0x3c, 0x74, 0x61, 0x62, 0x6c, 0x65, 0x20, 0x63, 0x6c, 0x61,
  0x73, 0x73, 0x3d, 0x22, 0x61, 0x63, 0x63, 0x6f, 0x6d, 0x70, 0x61, 0x6e, 0x69,
  0x65, 0x64, 0x20, 0x62, 0x79, 0x61, 0x63, 0x63, 0x6f, 0x75, 0x6e, 0x74, 0x20,
  0x6f, 0x66, 0x20, 0x74, 0x68, 0x65, 0x3c, 0x73, 0x63, 0x72, 0x69, 0x70, 0x74,
  0x20, 0x73, 0x72, 0x63, 0x3d, 0x22, 0x2f, 0x6e, 0x61, 0x74, 0x75, 0x72, 0x65,
  0x20, 0x6f, 0x66, 0x20, 0x74, 0x68, 0x65, 0x20, 0x74, 0x68, 0x65, 0x20, 0x70,
  0x65, 0x6f, 0x70, 0x6c, 0x65, 0x20, 0x69, 0x6e, 0x20, 0x69, 0x6e, 0x20, 0x61,
  0x64, 0x64, 0x69, 0x74, 0x69, 0x6f, 0x6e, 0x20, 0x74, 0x6f, 0x73, 0x29, 0x3b,
  0x20, 0x6a, 0x73, 0x2e, 0x69, 0x64, 0x20, 0x3d, 0x20, 0x69, 0x64, 0x22, 0x20,
  0x77, 0x69, 0x64, 0x74, 0x68, 0x3d, 0x22, 0x31, 0x30, 0x30, 0x25, 0x22, 0x72,
  0x65, 0x67, 0x61, 0x72, 0x64, 0x69, 0x6e, 0x67, 0x20, 0x74, 0x68, 0x65, 0x20,
  0x52, 0x6f, 0x6d, 0x61, 0x6e, 0x20, 0x43, 0x61, 0x74, 0x68, 0x6f, 0x6c, 0x69,
  0x63, 0x61, 0x6e, 0x20, 0x69, 0x6e, 0x64, 0x65, 0x70, 0x65, 0x6e, 0x64, 0x65,
  0x6e, 0x74, 0x66, 0x6f, 0x6c, 0x6c, 0x6f, 0x77, 0x69, 0x6e, 0x67, 0x20, 0x74,
  0x68, 0x65, 0x20, 0x2e, 0x67, 0x69, 0x66, 0x22, 0x20, 0x77, 0x69, 0x64, 0x74,
  0x68, 0x3d, 0x22, 0x31, 0x74, 0x68, 0x65, 0x20, 0x66, 0x6f, 0x6c, 0x6c, 0x6f,
  0x77, 0x69, 0x6e, 0x67, 0x20, 0x64, 0x69, 0x73, 0x63, 0x72, 0x69, 0x6d, 0x69,
  0x6e, 0x61, 0x74, 0x69, 0x6f, 0x6e, 0x61, 0x72, 0x63, 0x68, 0x61, 0x65, 0x6f,
  0x6c, 0x6f, 0x67, 0x69, 0x63, 0x61, 0x6c, 0x70, 0x72, 0x69, 0x6d, 0x65, 0x20,
  0x6d, 0x69, 0x6e, 0x69, 0x73, 0x74, 0x65, 0x72, 0x2e, 0x6a, 0x73, 0x22, 0x3e,
  0x3c, 0x2f, 0x73, 0x63, 0x72, 0x69, 0x70, 0x74, 0x3e, 0x63, 0x6f, 0x6d, 0x62,
  0x69, 0x6e, 0x61, 0x74, 0x69, 0x6f, 0x6e, 0x20, 0x6f, 0x66, 0x20, 0x6d, 0x61,
  0x72, 0x67, 0x69, 0x6e, 0x77, 0x69, 0x64, 0x74, 0x68, 0x3d, 0x22, 0x63, 0x72,
  0x65, 0x61, 0x74, 0x65, 0x45, 0x6c, 0x65, 0x6d, 0x65, 0x6e, 0x74, 0x28, 0x77,
  0x2e, 0x61, 0x74, 0x74, 0x61, 0x63, 0x68, 0x45, 0x76, 0x65, 0x6e, 0x74, 0x28,
  0x3c, 0x2f, 0x61, 0x3e, 0x3c, 0x2f, 0x74, 0x64, 0x3e, 0x3c, 0x2f, 0x74, 0x72,
  0x3e, 0x73, 0x72, 0x63, 0x3d, 0x22, 0x68, 0x74, 0x74, 0x70, 0x73, 0x3a, 0x2f,
  0x2f, 0x61, 0x49, 0x6e, 0x20, 0x70, 0x61, 0x72, 0x74, 0x69, 0x63, 0x75, 0x6c,
  0x61, 0x72, 0x2c, 0x20, 0x61, 0x6c, 0x69, 0x67, 0x6e, 0x3d, 0x22, 0x6c, 0x65,
  0x66, 0x74, 0x22, 0x20, 0x43, 0x7a, 0x65, 0x63, 0x68, 0x20, 0x52, 0x65, 0x70,
  0x75, 0x62, 0x6c, 0x69, 0x63, 0x55, 0x6e, 0x69, 0x74, 0x65, 0x64, 0x20, 0x4b,
  0x69, 0x6e, 0x67, 0x64, 0x6f, 0x6d, 0x63, 0x6f, 0x72, 0x72, 0x65, 0x73, 0x70,
  0x6f, 0x6e, 0x64, 0x65, 0x6e, 0x63, 0x65, 0x63, 0x6f, 0x6e, 0x63, 0x6c, 0x75,
  0x64, 0x65, 0x64, 0x20, 0x74, 0x68, 0x61, 0x74, 0x2e, 0x68, 0x74, 0x6d, 0x6c,
  0x22, 0x20, 0x74, 0x69, 0x74, 0x6c, 0x65, 0x3d, 0x22, 0x28, 0x66, 0x75, 0x6e,
  0x63, 0x74, 0x69, 0x6f, 0x6e, 0x20, 0x28, 0x29, 0x20, 0x7b, 0x63, 0x6f, 0x6d,
  0x65, 0x73, 0x20, 0x66, 0x72, 0x6f, 0x6d, 0x20, 0x74, 0x68, 0x65, 0x61, 0x70,
  0x70, 0x6c, 0x69, 0x63, 0x61, 0x74, 0x69, 0x6f, 0x6e, 0x20, 0x6f, 0x66, 0x3c,
  0x73, 0x70, 0x61, 0x6e, 0x20, 0x63, 0x6c, 0x61, 0x73, 0x73, 0x3d, 0x22, 0x73,
  0x62, 0x65, 0x6c, 0x69, 0x65, 0x76, 0x65, 0x64, 0x20, 0x74, 0x6f, 0x20, 0x62,
  0x65, 0x65, 0x6d, 0x65, 0x6e, 0x74, 0x28, 0x27, 0x73, 0x63, 0x72, 0x69, 0x70,
  0x74, 0x27, 0x3c, 0x2f, 0x61, 0x3e, 0x0a, 0x3c, 0x2f, 0x6c, 0x69, 0x3e, 0x0a,
  0x3c, 0x6c, 0x69, 0x76, 0x65, 0x72, 0x79, 0x20, 0x64, 0x69, 0x66, 0x66, 0x65,
  0x72, 0x65, 0x6e, 0x74, 0x3e, 0x3c, 0x73, 0x70, 0x61, 0x6e, 0x20, 0x63, 0x6c,
  0x61, 0x73, 0x73, 0x3d, 0x22, 0x6f, 0x70, 0x74, 0x69, 0x6f, 0x6e, 0x20, 0x76,
  0x61, 0x6c, 0x75, 0x65, 0x3d, 0x22, 0x28, 0x61, 0x6c, 0x73, 0x6f, 0x20, 0x6b,
  0x6e, 0x6f, 0x77, 0x6e, 0x20, 0x61, 0x73, 0x09, 0x3c, 0x6c, 0x69, 0x3e, 0x3c,
  0x61, 0x20, 0x68, 0x72, 0x65, 0x66, 0x3d, 0x22, 0x3e, 0x3c, 0x69, 0x6e, 0x70,
  0x75, 0x74, 0x20, 0x6e, 0x61, 0x6d, 0x65, 0x3d, 0x22, 0x73, 0x65, 0x70, 0x61,
  0x72, 0x61, 0x74, 0x65, 0x64, 0x20, 0x66, 0x72, 0x6f, 0x6d, 0x72, 0x65, 0x66,
  0x65, 0x72, 0x72, 0x65, 0x64, 0x20, 0x74, 0x6f, 0x20, 0x61, 0x73, 0x20, 0x76,
  0x61, 0x6c, 0x69, 0x67, 0x6e, 0x3d, 0x22, 0x74, 0x6f, 0x70, 0x22, 0x3e, 0x66,
  0x6f, 0x75, 0x6e, 0x64, 0x65, 0x72, 0x20, 0x6f, 0x66, 0x20, 0x74, 0x68, 0x65,
  0x61, 0x74, 0x74, 0x65, 0x6d, 0x70, 0x74, 0x69, 0x6e, 0x67, 0x20, 0x74, 0x6f,
  0x20, 0x63, 0x61, 0x72, 0x62, 0x6f, 0x6e, 0x20, 0x64, 0x69, 0x6f, 0x78, 0x69,
  0x64, 0x65, 0x0a, 0x0a, 0x3c, 0x64, 0x69, 0x76, 0x20, 0x63, 0x6c, 0x61, 0x73,
  0x73, 0x3d, 0x22, 0x63, 0x6c, 0x61, 0x73, 0x73, 0x3d, 0x22, 0x73, 0x65, 0x61,
  0x72, 0x63, 0x68, 0x2d, 0x2f, 0x62, 0x6f, 0x64, 0x79, 0x3e, 0x0a, 0x3c, 0x2f,
  0x68, 0x74, 0x6d, 0x6c, 0x3e, 0x6f, 0x70, 0x70, 0x6f, 0x72, 0x74, 0x75, 0x6e,
  0x69, 0x74, 0x79, 0x20, 0x74, 0x6f, 0x63, 0x6f, 0x6d, 0x6d, 0x75, 0x6e, 0x69,
  0x63, 0x61, 0x74, 0x69, 0x6f, 0x6e, 0x73, 0x3c, 0x2f, 0x68, 0x65, 0x61, 0x64,
  0x3e, 0x0d, 0x0a, 0x3c, 0x62, 0x6f, 0x64, 0x79, 0x20, 0x73, 0x74, 0x79, 0x6c,
  0x65, 0x3d, 0x22, 0x77, 0x69, 0x64, 0x74, 0x68, 0x3a, 0x54, 0x69, 0xe1, 0xba,
  0xbf, 0x6e, 0x67, 0x20, 0x56, 0x69, 0xe1, 0xbb, 0x87, 0x74, 0x63, 0x68, 0x61,
  0x6e, 0x67, 0x65, 0x73, 0x20, 0x69, 0x6e, 0x20, 0x74, 0x68, 0x65, 0x62, 0x6f,
  0x72, 0x64, 0x65, 0x72, 0x2d, 0x63, 0x6f, 0x6c, 0x6f, 0x72, 0x3a, 0x23, 0x30,
  0x22, 0x20, 0x62, 0x6f, 0x72, 0x64, 0x65, 0x72, 0x3d, 0x22, 0x30, 0x22, 0x20,
  0x3c, 0x2f, 0x73, 0x70, 0x61, 0x6e, 0x3e, 0x3c, 0x2f, 0x64, 0x69, 0x76, 0x3e,
  0x3c, 0x77, 0x61, 0x73, 0x20, 0x64, 0x69, 0x73, 0x63, 0x6f, 0x76, 0x65, 0x72,
  0x65, 0x64, 0x22, 0x20, 0x74, 0x79, 0x70, 0x65, 0x3d, 0x22, 0x74, 0x65, 0x78,
  0x74, 0x22, 0x20, 0x29, 0x3b, 0x0a, 0x3c, 0x2f, 0x73, 0x63, 0x72, 0x69, 0x70,
  0x74, 0x3e, 0x0a, 0x0a, 0x44, 0x65, 0x70, 0x61, 0x72, 0x74, 0x6d, 0x65, 0x6e,
  0x74, 0x20, 0x6f, 0x66, 0x20, 0x65, 0x63, 0x63, 0x6c, 0x65, 0x73, 0x69, 0x61,
  0x73, 0x74, 0x69, 0x63, 0x61, 0x6c, 0x74, 0x68, 0x65, 0x72, 0x65, 0x20, 0x68,
  0x61, 0x73, 0x20, 0x62, 0x65, 0x65, 0x6e, 0x72, 0x65, 0x73, 0x75, 0x6c, 0x74,
  0x69, 0x6e, 0x67, 0x20, 0x66, 0x72, 0x6f, 0x6d, 0x3c, 0x2f, 0x62, 0x6f, 0x64,
  0x79, 0x3e, 0x3c, 0x2f, 0x68, 0x74, 0x6d, 0x6c, 0x3e, 0x68, 0x61, 0x73, 0x20,
  0x6e, 0x65, 0x76, 0x65, 0x72, 0x20, 0x62, 0x65, 0x65, 0x6e, 0x74, 0x68, 0x65,
  0x20, 0x66, 0x69, 0x72, 0x73, 0x74, 0x20, 0x74, 0x69, 0x6d, 0x65, 0x69, 0x6e,
  0x20, 0x72, 0x65, 0x73, 0x70, 0x6f, 0x6e, 0x73, 0x65, 0x20, 0x74, 0x6f, 0x61,
  0x75, 0x74, 0x6f, 0x6d, 0x61, 0x74, 0x69, 0x63, 0x61, 0x6c, 0x6c, 0x79, 0x20,
  0x3c, 0x2f, 0x64, 0x69, 0x76, 0x3e, 0x0a, 0x0a, 0x3c, 0x64, 0x69, 0x76, 0x20,
  0x69, 0x77, 0x61, 0x73, 0x20, 0x63, 0x6f, 0x6e, 0x73, 0x69, 0x64, 0x65, 0x72,
  0x65, 0x64, 0x70, 0x65, 0x72, 0x63, 0x65, 0x6e, 0x74, 0x20, 0x6f, 0x66, 0x20,
  0x74, 0x68, 0x65, 0x22, 0x20, 0x2f, 0x3e, 0x3c, 0x2f, 0x61, 0x3e, 0x3c, 0x2f,
  0x64, 0x69, 0x76, 0x3e, 0x63, 0x6f, 0x6c, 0x6c, 0x65, 0x63, 0x74, 0x69, 0x6f,
  0x6e, 0x20, 0x6f, 0x66, 0x20, 0x64, 0x65, 0x73, 0x63, 0x65, 0x6e, 0x64, 0x65,
  0x64, 0x20, 0x66, 0x72, 0x6f, 0x6d, 0x73, 0x65, 0x63, 0x74, 0x69, 0x6f, 0x6e,
  0x20, 0x6f, 0x66, 0x20, 0x74, 0x68, 0x65, 0x61, 0x63, 0x63, 0x65, 0x70, 0x74,
  0x2d, 0x63, 0x68, 0x61, 0x72, 0x73, 0x65, 0x74, 0x74, 0x6f, 0x20, 0x62, 0x65,
  0x20, 0x63, 0x6f, 0x6e, 0x66, 0x75, 0x73, 0x65, 0x64, 0x6d, 0x65, 0x6d, 0x62,
  0x65, 0x72, 0x20, 0x6f, 0x66, 0x20, 0x74, 0x68, 0x65, 0x20, 0x70, 0x61, 0x64,
  0x64, 0x69, 0x6e, 0x67, 0x2d, 0x72, 0x69, 0x67, 0x68, 0x74, 0x3a, 0x74, 0x72,
  0x61, 0x6e, 0x73, 0x6c, 0x61, 0x74, 0x69, 0x6f, 0x6e, 0x20, 0x6f, 0x66, 0x69,
  0x6e, 0x74, 0x65, 0x72, 0x70, 0x72, 0x65, 0x74, 0x61, 0x74, 0x69, 0x6f, 0x6e,
  0x20, 0x68, 0x72, 0x65, 0x66, 0x3d, 0x27, 0x68, 0x74, 0x74, 0x70, 0x3a, 0x2f,
  0x2f, 0x77, 0x68, 0x65, 0x74, 0x68, 0x65, 0x72, 0x20, 0x6f, 0x72, 0x20, 0x6e,
  0x6f, 0x74, 0x54, 0x68, 0x65, 0x72, 0x65, 0x20, 0x61, 0x72, 0x65, 0x20, 0x61,
  0x6c, 0x73, 0x6f, 0x74, 0x68, 0x65, 0x72, 0x65, 0x20, 0x61, 0x72, 0x65, 0x20,
  0x6d, 0x61, 0x6e, 0x79, 0x61, 0x20, 0x73, 0x6d, 0x61, 0x6c, 0x6c, 0x20, 0x6e,
  0x75, 0x6d, 0x62, 0x65, 0x72, 0x6f, 0x74, 0x68, 0x65, 0x72, 0x20, 0x70, 0x61,
  0x72, 0x74, 0x73, 0x20, 0x6f, 0x66, 0x69, 0x6d, 0x70, 0x6f, 0x73, 0x73, 0x69,
  0x62, 0x6c, 0x65, 0x20, 0x74, 0x6f, 0x20, 0x20, 0x63, 0x6c, 0x61, 0x73, 0x73,
  0x3d, 0x22, 0x62, 0x75, 0x74, 0x74, 0x6f, 0x6e, 0x6c, 0x6f, 0x63, 0x61, 0x74,
  0x65, 0x64, 0x20, 0x69, 0x6e, 0x20, 0x74, 0x68, 0x65, 0x2e, 0x20, 0x48, 0x6f,
  0x77, 0x65, 0x76, 0x65, 0x72, 0x2c, 0x20, 0x74, 0x68, 0x65, 0x61, 0x6e, 0x64,
  0x20, 0x65, 0x76, 0x65, 0x6e, 0x74, 0x75, 0x61, 0x6c, 0x6c, 0x79, 0x41, 0x74,
  0x20, 0x74, 0x68, 0x65, 0x20, 0x65, 0x6e, 0x64, 0x20, 0x6f, 0x66, 0x20, 0x62,
  0x65, 0x63, 0x61, 0x75, 0x73, 0x65, 0x20, 0x6f, 0x66, 0x20, 0x69, 0x74, 0x73,
  0x72, 0x65, 0x70, 0x72, 0x65, 0x73, 0x65, 0x6e, 0x74, 0x73, 0x20, 0x74, 0x68,
  0x65, 0x3c, 0x66, 0x6f, 0x72, 0x6d, 0x20, 0x61, 0x63, 0x74, 0x69, 0x6f, 0x6e,
  0x3d, 0x22, 0x20, 0x6d, 0x65, 0x74, 0x68, 0x6f, 0x64, 0x3d, 0x22, 0x70, 0x6f,
  0x73, 0x74, 0x22, 0x69, 0x74, 0x20, 0x69, 0x73, 0x20, 0x70, 0x6f, 0x73, 0x73,
  0x69, 0x62, 0x6c, 0x65, 0x6d, 0x6f, 0x72, 0x65, 0x20, 0x6c, 0x69, 0x6b, 0x65,
  0x6c, 0x79, 0x20, 0x74, 0x6f, 0x61, 0x6e, 0x20, 0x69, 0x6e, 0x63, 0x72, 0x65,
  0x61, 0x73, 0x65, 0x20, 0x69, 0x6e, 0x68, 0x61, 0x76, 0x65, 0x20, 0x61, 0x6c,
  0x73, 0x6f, 0x20, 0x62, 0x65, 0x65, 0x6e, 0x63, 0x6f, 0x72, 0x72, 0x65, 0x73,
  0x70, 0x6f, 0x6e, 0x64, 0x73, 0x20, 0x74, 0x6f, 0x61, 0x6e, 0x6e, 0x6f, 0x75,
  0x6e, 0x63, 0x65, 0x64, 0x20, 0x74, 0x68, 0x61, 0x74, 0x61, 0x6c, 0x69, 0x67,
  0x6e, 0x3d, 0x22, 0x72, 0x69, 0x67, 0x68, 0x74, 0x22, 0x3e, 0x6d, 0x61, 0x6e,
  0x79, 0x20, 0x63, 0x6f, 0x75, 0x6e, 0x74, 0x72, 0x69, 0x65, 0x73, 0x66, 0x6f,
  0x72, 0x20, 0x6d, 0x61, 0x6e, 0x79, 0x20, 0x79, 0x65, 0x61, 0x72, 0x73, 0x65,
  0x61, 0x72, 0x6c, 0x69, 0x65, 0x73, 0x74, 0x20, 0x6b, 0x6e, 0x6f, 0x77, 0x6e,
  0x62, 0x65, 0x63, 0x61, 0x75, 0x73, 0x65, 0x20, 0x69, 0x74, 0x20, 0x77, 0x61,
  0x73, 0x70, 0x74, 0x22, 0x3e, 0x3c, 0x2f, 0x73, 0x63, 0x72, 0x69, 0x70, 0x74,
  0x3e, 0x0d, 0x20, 0x76, 0x61, 0x6c, 0x69, 0x67, 0x6e, 0x3d, 0x22, 0x74, 0x6f,
  0x70, 0x22, 0x20, 0x69, 0x6e, 0x68, 0x61, 0x62, 0x69, 0x74, 0x61, 0x6e, 0x74,
  0x73, 0x20, 0x6f, 0x66, 0x66, 0x6f, 0x6c, 0x6c, 0x6f, 0x77, 0x69, 0x6e, 0x67,
  0x20, 0x79, 0x65, 0x61, 0x72, 0x0d, 0x0a, 0x3c, 0x64, 0x69, 0x76, 0x20, 0x63,
  0x6c, 0x61, 0x73, 0x73, 0x3d, 0x22, 0x6d, 0x69, 0x6c, 0x6c, 0x69, 0x6f, 0x6e,
  0x20, 0x70, 0x65, 0x6f, 0x70, 0x6c, 0x65, 0x63, 0x6f, 0x6e, 0x74, 0x72, 0x6f,
  0x76, 0x65, 0x72, 0x73, 0x69, 0x61, 0x6c, 0x20, 0x63, 0x6f, 0x6e, 0x63, 0x65,
  0x72, 0x6e, 0x69, 0x6e, 0x67, 0x20, 0x74, 0x68, 0x65, 0x61, 0x72, 0x67, 0x75,
  0x65, 0x20, 0x74, 0x68, 0x61, 0x74, 0x20, 0x74, 0x68, 0x65, 0x67, 0x6f, 0x76,
  0x65, 0x72, 0x6e, 0x6d, 0x65, 0x6e, 0x74, 0x20, 0x61, 0x6e, 0x64, 0x61, 0x20,
  0x72, 0x65, 0x66, 0x65, 0x72, 0x65, 0x6e, 0x63, 0x65, 0x20, 0x74, 0x6f, 0x74,
  0x72, 0x61, 0x6e, 0x73, 0x66, 0x65, 0x72, 0x72, 0x65, 0x64, 0x20, 0x74, 0x6f,
  0x64, 0x65, 0x73, 0x63, 0x72, 0x69, 0x62, 0x69, 0x6e, 0x67, 0x20, 0x74, 0x68,
  0x65, 0x20, 0x73, 0x74, 0x79, 0x6c, 0x65, 0x3d, 0x22, 0x63, 0x6f, 0x6c, 0x6f,
  0x72, 0x3a, 0x61, 0x6c, 0x74, 0x68, 0x6f, 0x75, 0x67, 0x68, 0x20, 0x74, 0x68,
  0x65, 0x72, 0x65, 0x62, 0x65, 0x73, 0x74, 0x20, 0x6b, 0x6e, 0x6f, 0x77, 0x6e,
  0x20, 0x66, 0x6f, 0x72, 0x73, 0x75, 0x62, 0x6d, 0x69, 0x74, 0x22, 0x20, 0x6e,
  0x61, 0x6d, 0x65, 0x3d, 0x22, 0x6d, 0x75, 0x6c, 0x74, 0x69, 0x70, 0x6c, 0x69,
  0x63, 0x61, 0x74, 0x69, 0x6f, 0x6e, 0x6d, 0x6f, 0x72, 0x65, 0x20, 0x74, 0x68,
  0x61, 0x6e, 0x20, 0x6f, 0x6e, 0x65, 0x20, 0x72, 0x65, 0x63, 0x6f, 0x67, 0x6e,
  0x69, 0x74, 0x69, 0x6f, 0x6e, 0x20, 0x6f, 0x66, 0x43, 0x6f, 0x75, 0x6e, 0x63,
  0x69, 0x6c, 0x20, 0x6f, 0x66, 0x20, 0x74, 0x68, 0x65, 0x65, 0x64, 0x69, 0x74,
  0x69, 0x6f, 0x6e, 0x20, 0x6f, 0x66, 0x20, 0x74, 0x68, 0x65, 0x20, 0x20, 0x3c,
  0x6d, 0x65, 0x74, 0x61, 0x20, 0x6e, 0x61, 0x6d, 0x65, 0x3d, 0x22, 0x45, 0x6e,
  0x74, 0x65, 0x72, 0x74, 0x61, 0x69, 0x6e, 0x6d, 0x65, 0x6e, 0x74, 0x20, 0x61,
  0x77, 0x61, 0x79, 0x20, 0x66, 0x72, 0x6f, 0x6d, 0x20, 0x74, 0x68, 0x65, 0x20,
  0x3b, 0x6d, 0x61, 0x72, 0x67, 0x69, 0x6e, 0x2d, 0x72, 0x69, 0x67, 0x68, 0x74,
  0x3a, 0x61, 0x74, 0x20, 0x74, 0x68, 0x65, 0x20, 0x74, 0x69, 0x6d, 0x65, 0x20,
  0x6f, 0x66, 0x69, 0x6e, 0x76, 0x65, 0x73, 0x74, 0x69, 0x67, 0x61, 0x74, 0x69,
  0x6f, 0x6e, 0x73, 0x63, 0x6f, 0x6e, 0x6e, 0x65, 0x63, 0x74, 0x65, 0x64, 0x20,
  0x77, 0x69, 0x74, 0x68, 0x61, 0x6e, 0x64, 0x20, 0x6d, 0x61, 0x6e, 0x79, 0x20,
  0x6f, 0x74, 0x68, 0x65, 0x72, 0x61, 0x6c, 0x74, 0x68, 0x6f, 0x75, 0x67, 0x68,
  0x20, 0x69, 0x74, 0x20, 0x69, 0x73, 0x62, 0x65, 0x67, 0x69, 0x6e, 0x6e, 0x69,
  0x6e, 0x67, 0x20, 0x77, 0x69, 0x74, 0x68, 0x20, 0x3c, 0x73, 0x70, 0x61, 0x6e,
  0x20, 0x63, 0x6c, 0x61, 0x73, 0x73, 0x3d, 0x22, 0x64, 0x65, 0x73, 0x63, 0x65,
  0x6e, 0x64, 0x61, 0x6e, 0x74, 0x73, 0x20, 0x6f, 0x66, 0x3c, 0x73, 0x70, 0x61,
  0x6e, 0x20, 0x63, 0x6c, 0x61, 0x73, 0x73, 0x3d, 0x22, 0x69, 0x20, 0x61, 0x6c,
  0x69, 0x67, 0x6e, 0x3d, 0x22, 0x72, 0x69, 0x67, 0x68, 0x74, 0x22, 0x3c, 0x2f,
  0x68, 0x65, 0x61, 0x64, 0x3e, 0x0a, 0x3c, 0x62, 0x6f, 0x64, 0x79, 0x20, 0x61,
  0x73, 0x70, 0x65, 0x63, 0x74, 0x73, 0x20, 0x6f, 0x66, 0x20, 0x74, 0x68, 0x65,
  0x68, 0x61, 0x73, 0x20, 0x73, 0x69, 0x6e, 0x63, 0x65, 0x20, 0x62, 0x65, 0x65,
  0x6e, 0x45, 0x75, 0x72, 0x6f, 0x70, 0x65, 0x61, 0x6e, 0x20, 0x55, 0x6e, 0x69,
  0x6f, 0x6e, 0x72, 0x65, 0x6d, 0x69, 0x6e, 0x69, 0x73, 0x63, 0x65, 0x6e, 0x74,
  0x20, 0x6f, 0x66, 0x6d, 0x6f, 0x72, 0x65, 0x20, 0x64, 0x69, 0x66, 0x66, 0x69,
  0x63, 0x75, 0x6c, 0x74, 0x56, 0x69, 0x63, 0x65, 0x20, 0x50, 0x72, 0x65, 0x73,
  0x69, 0x64, 0x65, 0x6e, 0x74, 0x63, 0x6f, 0x6d, 0x70, 0x6f, 0x73, 0x69, 0x74,
  0x69, 0x6f, 0x6e, 0x20, 0x6f, 0x66, 0x70, 0x61, 0x73, 0x73, 0x65, 0x64, 0x20,
  0x74, 0x68, 0x72, 0x6f, 0x75, 0x67, 0x68, 0x6d, 0x6f, 0x72, 0x65, 0x20, 0x69,
  0x6d, 0x70, 0x6f, 0x72, 0x74, 0x61, 0x6e, 0x74, 0x66, 0x6f, 0x6e, 0x74, 0x2d,
  0x73, 0x69, 0x7a, 0x65, 0x3a, 0x31, 0x31, 0x70, 0x78, 0x65, 0x78, 0x70, 0x6c,
  0x61, 0x6e, 0x61, 0x74, 0x69, 0x6f, 0x6e, 0x20, 0x6f, 0x66, 0x74, 0x68, 0x65,
  0x20, 0x63, 0x6f, 0x6e, 0x63, 0x65, 0x70, 0x74, 0x20, 0x6f, 0x66, 0x77, 0x72,
  0x69, 0x74, 0x74, 0x65, 0x6e, 0x20, 0x69, 0x6e, 0x20, 0x74, 0x68, 0x65, 0x09,
  0x3c, 0x73, 0x70, 0x61, 0x6e, 0x20, 0x63, 0x6c, 0x61, 0x73, 0x73, 0x3d, 0x22,
  0x69, 0x73, 0x20, 0x6f, 0x6e, 0x65, 0x20, 0x6f, 0x66, 0x20, 0x74, 0x68, 0x65,
  0x20, 0x72, 0x65, 0x73, 0x65, 0x6d, 0x62, 0x6c, 0x61, 0x6e, 0x63, 0x65, 0x20,
  0x74, 0x6f, 0x6f, 0x6e, 0x20, 0x74, 0x68, 0x65, 0x20, 0x67, 0x72, 0x6f, 0x75,
  0x6e, 0x64, 0x73, 0x77, 0x68, 0x69, 0x63, 0x68, 0x20, 0x63, 0x6f, 0x6e, 0x74,
  0x61, 0x69, 0x6e, 0x73, 0x69, 0x6e, 0x63, 0x6c, 0x75, 0x64, 0x69, 0x6e, 0x67,
  0x20, 0x74, 0x68, 0x65, 0x20, 0x64, 0x65, 0x66, 0x69, 0x6e, 0x65, 0x64, 0x20,
  0x62, 0x79, 0x20, 0x74, 0x68, 0x65, 0x70, 0x75, 0x62, 0x6c, 0x69, 0x63, 0x61,
  0x74, 0x69, 0x6f, 0x6e, 0x20, 0x6f, 0x66, 0x6d, 0x65, 0x61, 0x6e, 0x73, 0x20,
  0x74, 0x68, 0x61, 0x74, 0x20, 0x74, 0x68, 0x65, 0x6f, 0x75, 0x74, 0x73, 0x69,
  0x64, 0x65, 0x20, 0x6f, 0x66, 0x20, 0x74, 0x68, 0x65, 0x73, 0x75, 0x70, 0x70,
  0x6f, 0x72, 0x74, 0x20, 0x6f, 0x66, 0x20, 0x74, 0x68, 0x65, 0x3c, 0x69, 0x6e,
  0x70, 0x75, 0x74, 0x20, 0x63, 0x6c, 0x61, 0x73, 0x73, 0x3d, 0x22, 0x3c, 0x73,
  0x70, 0x61, 0x6e, 0x20, 0x63, 0x6c, 0x61, 0x73, 0x73, 0x3d, 0x22, 0x74, 0x28,
  0x4d, 0x61, 0x74, 0x68, 0x2e, 0x72, 0x61, 0x6e, 0x64, 0x6f, 0x6d, 0x28, 0x29,
  0x6d, 0x6f, 0x73, 0x74, 0x20, 0x70, 0x72, 0x6f, 0x6d, 0x69, 0x6e, 0x65, 0x6e,
  0x74, 0x64, 0x65, 0x73, 0x63, 0x72, 0x69, 0x70, 0x74, 0x69, 0x6f, 0x6e, 0x20,
  0x6f, 0x66, 0x43, 0x6f, 0x6e, 0x73, 0x74, 0x61, 0x6e, 0x74, 0x69, 0x6e, 0x6f,
  0x70, 0x6c, 0x65, 0x77, 0x65, 0x72, 0x65, 0x20, 0x70, 0x75, 0x62, 0x6c, 0x69,
  0x73, 0x68, 0x65, 0x64, 0x3c, 0x64, 0x69, 0x76, 0x20, 0x63, 0x6c, 0x61, 0x73,
  0x73, 0x3d, 0x22, 0x73, 0x65, 0x61, 0x70, 0x70, 0x65, 0x61, 0x72, 0x73, 0x20,
  0x69, 0x6e, 0x20, 0x74, 0x68, 0x65, 0x31, 0x22, 0x20, 0x68, 0x65, 0x69, 0x67,
  0x68, 0x74, 0x3d, 0x22, 0x31, 0x22, 0x20, 0x6d, 0x6f, 0x73, 0x74, 0x20, 0x69,
  0x6d, 0x70, 0x6f, 0x72, 0x74, 0x61, 0x6e, 0x74, 0x77, 0x68, 0x69, 0x63, 0x68,
  0x20, 0x69, 0x6e, 0x63, 0x6c, 0x75, 0x64, 0x65, 0x73, 0x77, 0x68, 0x69, 0x63,
  0x68, 0x20, 0x68, 0x61, 0x64, 0x20, 0x62, 0x65, 0x65, 0x6e, 0x64, 0x65, 0x73,
  0x74, 0x72, 0x75, 0x63, 0x74, 0x69, 0x6f, 0x6e, 0x20, 0x6f, 0x66, 0x74, 0x68,
  0x65, 0x20, 0x70, 0x6f, 0x70, 0x75, 0x6c, 0x61, 0x74, 0x69, 0x6f, 0x6e, 0x0a,
  0x09, 0x3c, 0x64, 0x69, 0x76, 0x20, 0x63, 0x6c, 0x61, 0x73, 0x73, 0x3d, 0x22,
  0x70, 0x6f, 0x73, 0x73, 0x69, 0x62, 0x69, 0x6c, 0x69, 0x74, 0x79, 0x20, 0x6f,
  0x66, 0x73, 0x6f, 0x6d, 0x65, 0x74, 0x69, 0x6d, 0x65, 0x73, 0x20, 0x75, 0x73,
  0x65, 0x64, 0x61, 0x70, 0x70, 0x65, 0x61, 0x72, 0x20, 0x74, 0x6f, 0x20, 0x68,
  0x61, 0x76, 0x65, 0x73, 0x75, 0x63, 0x63, 0x65, 0x73, 0x73, 0x20, 0x6f, 0x66,
  0x20, 0x74, 0x68, 0x65, 0x69, 0x6e, 0x74, 0x65, 0x6e, 0x64, 0x65, 0x64, 0x20,
  0x74, 0x6f, 0x20, 0x62, 0x65, 0x70, 0x72, 0x65, 0x73, 0x65, 0x6e, 0x74, 0x20,
  0x69, 0x6e, 0x20, 0x74, 0x68, 0x65, 0x73, 0x74, 0x79, 0x6c, 0x65, 0x3d, 0x22,
  0x63, 0x6c, 0x65, 0x61, 0x72, 0x3a, 0x62, 0x0d, 0x0a, 0x3c, 0x2f, 0x73, 0x63,
  0x72, 0x69, 0x70, 0x74, 0x3e, 0x0d, 0x0a, 0x3c, 0x77, 0x61, 0x73, 0x20, 0x66,
  0x6f, 0x75, 0x6e, 0x64, 0x65, 0x64, 0x20, 0x69, 0x6e, 0x69, 0x6e, 0x74, 0x65,
  0x72, 0x76, 0x69, 0x65, 0x77, 0x20, 0x77, 0x69, 0x74, 0x68, 0x5f, 0x69, 0x64,
  0x22, 0x20, 0x63, 0x6f, 0x6e, 0x74, 0x65, 0x6e, 0x74, 0x3d, 0x22, 0x63, 0x61,
  0x70, 0x69, 0x74, 0x61, 0x6c, 0x20, 0x6f, 0x66, 0x20, 0x74, 0x68, 0x65, 0x0d,
  0x0a, 0x3c, 0x6c, 0x69, 0x6e, 0x6b, 0x20, 0x72, 0x65, 0x6c, 0x3d, 0x22, 0x73,
  0x72, 0x65, 0x6c, 0x65, 0x61, 0x73, 0x65, 0x20, 0x6f, 0x66, 0x20, 0x74, 0x68,
  0x65, 0x70, 0x6f, 0x69, 0x6e, 0x74, 0x20, 0x6f, 0x75, 0x74, 0x20, 0x74, 0x68,
  0x61, 0x74, 0x78, 0x4d, 0x4c, 0x48, 0x74, 0x74, 0x70, 0x52, 0x65, 0x71, 0x75,
  0x65, 0x73, 0x74, 0x61, 0x6e, 0x64, 0x20, 0x73, 0x75, 0x62, 0x73, 0x65, 0x71,
  0x75, 0x65, 0x6e, 0x74, 0x73, 0x65, 0x63, 0x6f, 0x6e, 0x64, 0x20, 0x6c, 0x61,
  0x72, 0x67, 0x65, 0x73, 0x74, 0x76, 0x65, 0x72, 0x79, 0x20, 0x69, 0x6d, 0x70,
  0x6f, 0x72, 0x74, 0x61, 0x6e, 0x74, 0x73, 0x70, 0x65, 0x63, 0x69, 0x66, 0x69,
  0x63, 0x61, 0x74, 0x69, 0x6f, 0x6e, 0x73, 0x73, 0x75, 0x72, 0x66, 0x61, 0x63,
  0x65, 0x20, 0x6f, 0x66, 0x20, 0x74, 0x68, 0x65, 0x61, 0x70, 0x70, 0x6c, 0x69,
  0x65, 0x64, 0x20, 0x74, 0x6f, 0x20, 0x74, 0x68, 0x65, 0x66, 0x6f, 0x72, 0x65,
  0x69, 0x67, 0x6e, 0x20, 0x70, 0x6f, 0x6c, 0x69, 0x63, 0x79, 0x5f, 0x73, 0x65,
  0x74, 0x44, 0x6f, 0x6d, 0x61, 0x69, 0x6e, 0x4e, 0x61, 0x6d, 0x65, 0x65, 0x73,
  0x74, 0x61, 0x62, 0x6c, 0x69, 0x73, 0x68, 0x65, 0x64, 0x20, 0x69, 0x6e, 0x69,
  0x73, 0x20, 0x62, 0x65, 0x6c, 0x69, 0x65, 0x76, 0x65, 0x64, 0x20, 0x74, 0x6f,
  0x49, 0x6e, 0x20, 0x61, 0x64, 0x64, 0x69, 0x74, 0x69, 0x6f, 0x6e, 0x20, 0x74,
  0x6f, 0x6d, 0x65, 0x61, 0x6e, 0x69, 0x6e, 0x67, 0x20, 0x6f, 0x66, 0x20, 0x74,
  0x68, 0x65, 0x69, 0x73, 0x20, 0x6e, 0x61, 0x6d, 0x65, 0x64, 0x20, 0x61, 0x66,
  0x74, 0x65, 0x72, 0x74, 0x6f, 0x20, 0x70, 0x72, 0x6f, 0x74, 0x65, 0x63, 0x74,
  0x20, 0x74, 0x68, 0x65, 0x69, 0x73, 0x20, 0x72, 0x65, 0x70, 0x72, 0x65, 0x73,
  0x65, 0x6e, 0x74, 0x65, 0x64, 0x44, 0x65, 0x63, 0x6c, 0x61, 0x72, 0x61, 0x74,
  0x69, 0x6f, 0x6e, 0x20, 0x6f, 0x66, 0x6d, 0x6f, 0x72, 0x65, 0x20, 0x65, 0x66,
  0x66, 0x69, 0x63, 0x69, 0x65, 0x6e, 0x74, 0x43, 0x6c, 0x61, 0x73, 0x73, 0x69,
  0x66, 0x69, 0x63, 0x61, 0x74, 0x69, 0x6f, 0x6e, 0x6f, 0x74, 0x68, 0x65, 0x72,
  0x20, 0x66, 0x6f, 0x72, 0x6d, 0x73, 0x20, 0x6f, 0x66, 0x68, 0x65, 0x20, 0x72,
  0x65, 0x74, 0x75, 0x72, 0x6e, 0x65, 0x64, 0x20, 0x74, 0x6f, 0x3c, 0x73, 0x70,
  0x61, 0x6e, 0x20, 0x63, 0x6c, 0x61, 0x73, 0x73, 0x3d, 0x22, 0x63, 0x70, 0x65,
  0x72, 0x66, 0x6f, 0x72, 0x6d, 0x61, 0x6e, 0x63, 0x65, 0x20, 0x6f, 0x66, 0x28,
  0x66, 0x75, 0x6e, 0x63, 0x74, 0x69, 0x6f, 0x6e, 0x28, 0x29, 0x20, 0x7b, 0x0d,
  0x69, 0x66, 0x20, 0x61, 0x6e, 0x64, 0x20, 0x6f, 0x6e, 0x6c, 0x79, 0x20, 0x69,
  0x66, 0x72, 0x65, 0x67, 0x69, 0x6f, 0x6e, 0x73, 0x20, 0x6f, 0x66, 0x20, 0x74,
  0x68, 0x65, 0x6c, 0x65, 0x61, 0x64, 0x69, 0x6e, 0x67, 0x20, 0x74, 0x6f, 0x20,
  0x74, 0x68, 0x65, 0x72, 0x65, 0x6c, 0x61, 0x74, 0x69, 0x6f, 0x6e, 0x73, 0x20,
  0x77, 0x69, 0x74, 0x68, 0x55, 0x6e, 0x69, 0x74, 0x65, 0x64, 0x20, 0x4e, 0x61,
  0x74, 0x69, 0x6f, 0x6e, 0x73, 0x73, 0x74, 0x79, 0x6c, 0x65, 0x3d, 0x22, 0x68,
  0x65, 0x69, 0x67, 0x68, 0x74, 0x3a, 0x6f, 0x74, 0x68, 0x65, 0x72, 0x20, 0x74,
  0x68, 0x61, 0x6e, 0x20, 0x74, 0x68, 0x65, 0x79, 0x70, 0x65, 0x22, 0x20, 0x63,
  0x6f, 0x6e, 0x74, 0x65, 0x6e, 0x74, 0x3d, 0x22, 0x41, 0x73, 0x73, 0x6f, 0x63,
  0x69, 0x61, 0x74, 0x69, 0x6f, 0x6e, 0x20, 0x6f, 0x66, 0x0a, 0x3c, 0x2f, 0x68,
  0x65, 0x61, 0x64, 0x3e, 0x0a, 0x3c, 0x62, 0x6f, 0x64, 0x79, 0x6c, 0x6f, 0x63,
  0x61, 0x74, 0x65, 0x64, 0x20, 0x6f, 0x6e, 0x20, 0x74, 0x68, 0x65, 0x69, 0x73,
  0x20, 0x72, 0x65, 0x66, 0x65, 0x72, 0x72, 0x65, 0x64, 0x20, 0x74, 0x6f, 0x28,
  0x69, 0x6e, 0x63, 0x6c, 0x75, 0x64, 0x69, 0x6e, 0x67, 0x20, 0x74, 0x68, 0x65,
  0x63, 0x6f, 0x6e, 0x63, 0x65, 0x6e, 0x74, 0x72, 0x61, 0x74, 0x69, 0x6f, 0x6e,
  0x73, 0x74, 0x68, 0x65, 0x20, 0x69, 0x6e, 0x64, 0x69, 0x76, 0x69, 0x64, 0x75,
  0x61, 0x6c, 0x61, 0x6d, 0x6f, 0x6e, 0x67, 0x20, 0x74, 0x68, 0x65, 0x20, 0x6d,
  0x6f, 0x73, 0x74, 0x74, 0x68, 0x61, 0x6e, 0x20, 0x61, 0x6e, 0x79, 0x20, 0x6f,
  0x74, 0x68, 0x65, 0x72, 0x2f, 0x3e, 0x0a, 0x3c, 0x6c, 0x69, 0x6e, 0x6b, 0x20,
  0x72, 0x65, 0x6c, 0x3d, 0x22, 0x20, 0x72, 0x65, 0x74, 0x75, 0x72, 0x6e, 0x20,
  0x66, 0x61, 0x6c, 0x73, 0x65, 0x3b, 0x74, 0x68, 0x65, 0x20, 0x70, 0x75, 0x72,
  0x70, 0x6f, 0x73, 0x65, 0x20, 0x6f, 0x66, 0x74, 0x68, 0x65, 0x20, 0x61, 0x62,
  0x69, 0x6c, 0x69, 0x74, 0x79, 0x20, 0x74, 0x6f, 0x3b, 0x63, 0x6f, 0x6c, 0x6f,
  0x72, 0x3a, 0x23, 0x66, 0x66, 0x66, 0x7d, 0x0a, 0x2e, 0x0a, 0x3c, 0x73, 0x70,
  0x61, 0x6e, 0x20, 0x63, 0x6c, 0x61, 0x73, 0x73, 0x3d, 0x22, 0x74, 0x68, 0x65,
  0x20, 0x73, 0x75, 0x62, 0x6a, 0x65, 0x63, 0x74, 0x20, 0x6f, 0x66, 0x64, 0x65,
  0x66, 0x69, 0x6e, 0x69, 0x74, 0x69, 0x6f, 0x6e, 0x73, 0x20, 0x6f, 0x66, 0x3e,
  0x0d, 0x0a, 0x3c, 0x6c, 0x69, 0x6e, 0x6b, 0x20, 0x72, 0x65, 0x6c, 0x3d, 0x22,
  0x63, 0x6c, 0x61, 0x69, 0x6d, 0x20, 0x74, 0x68, 0x61, 0x74, 0x20, 0x74, 0x68,
  0x65, 0x68, 0x61, 0x76, 0x65, 0x20, 0x64, 0x65, 0x76, 0x65, 0x6c, 0x6f, 0x70,
  0x65, 0x64, 0x3c, 0x74, 0x61, 0x62, 0x6c, 0x65, 0x20, 0x77, 0x69, 0x64, 0x74,
  0x68, 0x3d, 0x22, 0x63, 0x65, 0x6c, 0x65, 0x62, 0x72, 0x61, 0x74, 0x69, 0x6f,
  0x6e, 0x20, 0x6f, 0x66, 0x46, 0x6f, 0x6c, 0x6c, 0x6f, 0x77, 0x69, 0x6e, 0x67,
  0x20, 0x74, 0x68, 0x65, 0x20, 0x74, 0x6f, 0x20, 0x64, 0x69, 0x73, 0x74, 0x69,
  0x6e, 0x67, 0x75, 0x69, 0x73, 0x68, 0x3c, 0x73, 0x70, 0x61, 0x6e, 0x20, 0x63,
  0x6c, 0x61, 0x73, 0x73, 0x3d, 0x22, 0x62, 0x74, 0x61, 0x6b, 0x65, 0x73, 0x20,
  0x70, 0x6c, 0x61, 0x63, 0x65, 0x20, 0x69, 0x6e, 0x75, 0x6e, 0x64, 0x65, 0x72,
  0x20, 0x74, 0x68, 0x65, 0x20, 0x6e, 0x61, 0x6d, 0x65, 0x6e, 0x6f, 0x74, 0x65,
  0x64, 0x20, 0x74, 0x68, 0x61, 0x74, 0x20, 0x74, 0x68, 0x65, 0x3e, 0x3c, 0x21,
  0x5b, 0x65, 0x6e, 0x64, 0x69, 0x66, 0x5d, 0x2d, 0x2d, 0x3e, 0x0a, 0x73, 0x74,
  0x79, 0x6c, 0x65, 0x3d, 0x22, 0x6d, 0x61, 0x72, 0x67, 0x69, 0x6e, 0x2d, 0x69,
  0x6e, 0x73, 0x74, 0x65, 0x61, 0x64, 0x20, 0x6f, 0x66, 0x20, 0x74, 0x68, 0x65,
  0x69, 0x6e, 0x74, 0x72, 0x6f, 0x64, 0x75, 0x63, 0x65, 0x64, 0x20, 0x74, 0x68,
  0x65, 0x74, 0x68, 0x65, 0x20, 0x70, 0x72, 0x6f, 0x63, 0x65, 0x73, 0x73, 0x20,
  0x6f, 0x66, 0x69, 0x6e, 0x63, 0x72, 0x65, 0x61, 0x73, 0x69, 0x6e, 0x67, 0x20,
  0x74, 0x68, 0x65, 0x64, 0x69, 0x66, 0x66, 0x65, 0x72, 0x65, 0x6e, 0x63, 0x65,
  0x73, 0x20, 0x69, 0x6e, 0x65, 0x73, 0x74, 0x69, 0x6d, 0x61, 0x74, 0x65, 0x64,
  0x20, 0x74, 0x68, 0x61, 0x74, 0x65, 0x73, 0x70, 0x65, 0x63, 0x69, 0x61, 0x6c,
  0x6c, 0x79, 0x20, 0x74, 0x68, 0x65, 0x2f, 0x64, 0x69, 0x76, 0x3e, 0x3c, 0x64,
  0x69, 0x76, 0x20, 0x69, 0x64, 0x3d, 0x22, 0x77, 0x61, 0x73, 0x20, 0x65, 0x76,
  0x65, 0x6e, 0x74, 0x75, 0x61, 0x6c, 0x6c, 0x79, 0x74, 0x68, 0x72, 0x6f, 0x75,
  0x67, 0x68, 0x6f, 0x75, 0x74, 0x20, 0x68, 0x69, 0x73, 0x74, 0x68, 0x65, 0x20,
  0x64, 0x69, 0x66, 0x66, 0x65, 0x72, 0x65, 0x6e, 0x63, 0x65, 0x73, 0x6f, 0x6d,
  0x65, 0x74, 0x68, 0x69, 0x6e, 0x67, 0x20, 0x74, 0x68, 0x61, 0x74, 0x73, 0x70,
  0x61, 0x6e, 0x3e, 0x3c, 0x2f, 0x73, 0x70, 0x61, 0x6e, 0x3e, 0x3c, 0x2f, 0x73,
  0x69, 0x67, 0x6e, 0x69, 0x66, 0x69, 0x63, 0x61, 0x6e, 0x74, 0x6c, 0x79, 0x20,
  0x3e, 0x3c, 0x2f, 0x73, 0x63, 0x72, 0x69, 0x70, 0x74, 0x3e, 0x0d, 0x0a, 0x0d,
  0x0a, 0x65, 0x6e, 0x76, 0x69, 0x72, 0x6f, 0x6e, 0x6d, 0x65, 0x6e, 0x74, 0x61,
  0x6c, 0x20, 0x74, 0x6f, 0x20, 0x70, 0x72, 0x65, 0x76, 0x65, 0x6e, 0x74, 0x20,
  0x74, 0x68, 0x65, 0x68, 0x61, 0x76, 0x65, 0x20, 0x62, 0x65, 0x65, 0x6e, 0x20,
  0x75, 0x73, 0x65, 0x64, 0x65, 0x73, 0x70, 0x65, 0x63, 0x69, 0x61, 0x6c, 0x6c,
  0x79, 0x20, 0x66, 0x6f, 0x72, 0x75, 0x6e, 0x64, 0x65, 0x72, 0x73, 0x74, 0x61,
  0x6e, 0x64, 0x20, 0x74, 0x68, 0x65, 0x69, 0x73, 0x20, 0x65, 0x73, 0x73, 0x65,
  0x6e, 0x74, 0x69, 0x61, 0x6c, 0x6c, 0x79, 0x77, 0x65, 0x72, 0x65, 0x20, 0x74,
  0x68, 0x65, 0x20, 0x66, 0x69, 0x72, 0x73, 0x74, 0x69, 0x73, 0x20, 0x74, 0x68,
  0x65, 0x20, 0x6c, 0x61, 0x72, 0x67, 0x65, 0x73, 0x74, 0x68, 0x61, 0x76, 0x65,
  0x20, 0x62, 0x65, 0x65, 0x6e, 0x20, 0x6d, 0x61, 0x64, 0x65, 0x22, 0x20, 0x73,
  0x72, 0x63, 0x3d, 0x22, 0x68, 0x74, 0x74, 0x70, 0x3a, 0x2f, 0x2f, 0x69, 0x6e,
  0x74, 0x65, 0x72, 0x70, 0x72, 0x65, 0x74, 0x65, 0x64, 0x20, 0x61, 0x73, 0x73,
  0x65, 0x63, 0x6f, 0x6e, 0x64, 0x20, 0x68, 0x61, 0x6c, 0x66, 0x20, 0x6f, 0x66,
  0x63, 0x72, 0x6f, 0x6c, 0x6c, 0x69, 0x6e, 0x67, 0x3d, 0x22, 0x6e, 0x6f, 0x22,
  0x20, 0x69, 0x73, 0x20, 0x63, 0x6f, 0x6d, 0x70, 0x6f, 0x73, 0x65, 0x64, 0x20,
  0x6f, 0x66, 0x49, 0x49, 0x2c, 0x20, 0x48, 0x6f, 0x6c, 0x79, 0x20, 0x52, 0x6f,
  0x6d, 0x61, 0x6e, 0x69, 0x73, 0x20, 0x65, 0x78, 0x70, 0x65, 0x63, 0x74, 0x65,
  0x64, 0x20, 0x74, 0x6f, 0x68, 0x61, 0x76, 0x65, 0x20, 0x74, 0x68, 0x65, 0x69,
  0x72, 0x20, 0x6f, 0x77, 0x6e, 0x64, 0x65, 0x66, 0x69, 0x6e, 0x65, 0x64, 0x20,
  0x61, 0x73, 0x20, 0x74, 0x68, 0x65, 0x74, 0x72, 0x61, 0x64, 0x69, 0x74, 0x69,
  0x6f, 0x6e, 0x61, 0x6c, 0x6c, 0x79, 0x20, 0x68, 0x61, 0x76, 0x65, 0x20, 0x64,
  0x69, 0x66, 0x66, 0x65, 0x72, 0x65, 0x6e, 0x74, 0x61, 0x72, 0x65, 0x20, 0x6f,
  0x66, 0x74, 0x65, 0x6e, 0x20, 0x75, 0x73, 0x65, 0x64, 0x74, 0x6f, 0x20, 0x65,
  0x6e, 0x73, 0x75, 0x72, 0x65, 0x20, 0x74, 0x68, 0x61, 0x74, 0x61, 0x67, 0x72,
  0x65, 0x65, 0x6d, 0x65, 0x6e, 0x74, 0x20, 0x77, 0x69, 0x74, 0x68, 0x63, 0x6f,
  0x6e, 0x74, 0x61, 0x69, 0x6e, 0x69, 0x6e, 0x67, 0x20, 0x74, 0x68, 0x65, 0x61,
  0x72, 0x65, 0x20, 0x66, 0x72, 0x65, 0x71, 0x75, 0x65, 0x6e, 0x74, 0x6c, 0x79,
  0x69, 0x6e, 0x66, 0x6f, 0x72, 0x6d, 0x61, 0x74, 0x69, 0x6f, 0x6e, 0x20, 0x6f,
  0x6e, 0x65, 0x78, 0x61, 0x6d, 0x70, 0x6c, 0x65, 0x20, 0x69, 0x73, 0x20, 0x74,
  0x68, 0x65, 0x72, 0x65, 0x73, 0x75, 0x6c, 0x74, 0x69, 0x6e, 0x67, 0x20, 0x69,
  0x6e, 0x20, 0x61, 0x3c, 0x2f, 0x61, 0x3e, 0x3c, 0x2f, 0x6c, 0x69, 0x3e, 0x3c,
  0x2f, 0x75, 0x6c, 0x3e, 0x20, 0x63, 0x6c, 0x61, 0x73, 0x73, 0x3d, 0x22, 0x66,
  0x6f, 0x6f, 0x74, 0x65, 0x72, 0x61, 0x6e, 0x64, 0x20, 0x65, 0x73, 0x70, 0x65,
  0x63, 0x69, 0x61, 0x6c, 0x6c, 0x79, 0x74, 0x79, 0x70, 0x65, 0x3d, 0x22, 0x62,
  0x75, 0x74, 0x74, 0x6f, 0x6e, 0x22, 0x20, 0x3c, 0x2f, 0x73, 0x70, 0x61, 0x6e,
  0x3e, 0x3c, 0x2f, 0x73, 0x70, 0x61, 0x6e, 0x3e, 0x77, 0x68, 0x69, 0x63, 0x68,
  0x20, 0x69, 0x6e, 0x63, 0x6c, 0x75, 0x64, 0x65, 0x64, 0x3e, 0x0a, 0x3c, 0x6d,
  0x65, 0x74, 0x61, 0x20, 0x6e, 0x61, 0x6d, 0x65, 0x3d, 0x22, 0x63, 0x6f, 0x6e,
  0x73, 0x69, 0x64, 0x65, 0x72, 0x65, 0x64, 0x20, 0x74, 0x68, 0x65, 0x63, 0x61,
  0x72, 0x72, 0x69, 0x65, 0x64, 0x20, 0x6f, 0x75, 0x74, 0x20, 0x62, 0x79, 0x48,
  0x6f, 0x77, 0x65, 0x76, 0x65, 0x72, 0x2c, 0x20, 0x69, 0x74, 0x20, 0x69, 0x73,
  0x62, 0x65, 0x63, 0x61, 0x6d, 0x65, 0x20, 0x70, 0x61, 0x72, 0x74, 0x20, 0x6f,
  0x66, 0x69, 0x6e, 0x20, 0x72, 0x65, 0x6c, 0x61, 0x74, 0x69, 0x6f, 0x6e, 0x20,
  0x74, 0x6f, 0x70, 0x6f, 0x70, 0x75, 0x6c, 0x61, 0x72, 0x20, 0x69, 0x6e, 0x20,
  0x74, 0x68, 0x65, 0x74, 0x68, 0x65, 0x20, 0x63, 0x61, 0x70, 0x69, 0x74, 0x61,
  0x6c, 0x20, 0x6f, 0x66, 0x77, 0x61, 0x73, 0x20, 0x6f, 0x66, 0x66, 0x69, 0x63,
  0x69, 0x61, 0x6c, 0x6c, 0x79, 0x77, 0x68, 0x69, 0x63, 0x68, 0x20, 0x68, 0x61,
  0x73, 0x20, 0x62, 0x65, 0x65, 0x6e, 0x74, 0x68, 0x65, 0x20, 0x48, 0x69, 0x73,
  0x74, 0x6f, 0x72, 0x79, 0x20, 0x6f, 0x66, 0x61, 0x6c, 0x74, 0x65, 0x72, 0x6e,
  0x61, 0x74, 0x69, 0x76, 0x65, 0x20, 0x74, 0x6f, 0x64, 0x69, 0x66, 0x66, 0x65,
  0x72, 0x65, 0x6e, 0x74, 0x20, 0x66, 0x72, 0x6f, 0x6d, 0x74, 0x6f, 0x20, 0x73,
  0x75, 0x70, 0x70, 0x6f, 0x72, 0x74, 0x20, 0x74, 0x68, 0x65, 0x73, 0x75, 0x67,
  0x67, 0x65, 0x73, 0x74, 0x65, 0x64, 0x20, 0x74, 0x68, 0x61, 0x74, 0x69, 0x6e,
  0x20, 0x74, 0x68, 0x65, 0x20, 0x70, 0x72, 0x6f, 0x63, 0x65, 0x73, 0x73, 0x20,
  0x20, 0x3c, 0x64, 0x69, 0x76, 0x20, 0x63, 0x6c, 0x61, 0x73, 0x73, 0x3d, 0x22,
  0x74, 0x68, 0x65, 0x20, 0x66, 0x6f, 0x75, 0x6e, 0x64, 0x61, 0x74, 0x69, 0x6f,
  0x6e, 0x62, 0x65, 0x63, 0x61, 0x75, 0x73, 0x65, 0x20, 0x6f, 0x66, 0x20, 0x68,
  0x69, 0x73, 0x63, 0x6f, 0x6e, 0x63, 0x65, 0x72, 0x6e, 0x65, 0x64, 0x20, 0x77,
  0x69, 0x74, 0x68, 0x74, 0x68, 0x65, 0x20, 0x75, 0x6e, 0x69, 0x76, 0x65, 0x72,
  0x73, 0x69, 0x74, 0x79, 0x6f, 0x70, 0x70, 0x6f, 0x73, 0x65, 0x64, 0x20, 0x74,
  0x6f, 0x20, 0x74, 0x68, 0x65, 0x74, 0x68, 0x65, 0x20, 0x63, 0x6f, 0x6e, 0x74,
  0x65, 0x78, 0x74, 0x20, 0x6f, 0x66, 0x3c, 0x73, 0x70, 0x61, 0x6e, 0x20, 0x63,
  0x6c, 0x61, 0x73, 0x73, 0x3d, 0x22, 0x70, 0x74, 0x65, 0x78, 0x74, 0x22, 0x20,
  0x6e, 0x61, 0x6d, 0x65, 0x3d, 0x22, 0x71, 0x22, 0x09, 0x09, 0x3c, 0x64, 0x69,
  0x76, 0x20, 0x63, 0x6c, 0x61, 0x73, 0x73, 0x3d, 0x22, 0x74, 0x68, 0x65, 0x20,
  0x73, 0x63, 0x69, 0x65, 0x6e, 0x74, 0x69, 0x66, 0x69, 0x63, 0x72, 0x65, 0x70,
  0x72, 0x65, 0x73, 0x65, 0x6e, 0x74, 0x65, 0x64, 0x20, 0x62, 0x79, 0x6d, 0x61,
  0x74, 0x68, 0x65, 0x6d, 0x61, 0x74, 0x69, 0x63, 0x69, 0x61, 0x6e, 0x73, 0x65,
  0x6c, 0x65, 0x63, 0x74, 0x65, 0x64, 0x20, 0x62, 0x79, 0x20, 0x74, 0x68, 0x65,
  0x74, 0x68, 0x61, 0x74, 0x20, 0x68, 0x61, 0x76, 0x65, 0x20, 0x62, 0x65, 0x65,
  0x6e, 0x3e, 0x3c, 0x64, 0x69, 0x76, 0x20, 0x63, 0x6c, 0x61, 0x73, 0x73, 0x3d,
  0x22, 0x63, 0x64, 0x69, 0x76, 0x20, 0x69, 0x64, 0x3d, 0x22, 0x68, 0x65, 0x61,
  0x64, 0x65, 0x72, 0x69, 0x6e, 0x20, 0x70, 0x61, 0x72, 0x74, 0x69, 0x63, 0x75,
  0x6c, 0x61, 0x72, 0x2c, 0x63, 0x6f, 0x6e, 0x76, 0x65, 0x72, 0x74, 0x65, 0x64,
  0x20, 0x69, 0x6e, 0x74, 0x6f, 0x29, 0x3b, 0x0a, 0x3c, 0x2f, 0x73, 0x63, 0x72,
  0x69, 0x70, 0x74, 0x3e, 0x0a, 0x3c, 0x70, 0x68, 0x69, 0x6c, 0x6f, 0x73, 0x6f,
  0x70, 0x68, 0x69, 0x63, 0x61, 0x6c, 0x20, 0x73, 0x72, 0x70, 0x73, 0x6b, 0x6f,
  0x68, 0x72, 0x76, 0x61, 0x74, 0x73, 0x6b, 0x69, 0x74, 0x69, 0xe1, 0xba, 0xbf,
  0x6e, 0x67, 0x20, 0x56, 0x69, 0xe1, 0xbb, 0x87, 0x74, 0xd0, 0xa0, 0xd1, 0x83,
  0xd1, 0x81, 0xd1, 0x81, 0xd0, 0xba, 0xd0, 0xb8, 0xd0, 0xb9, 0xd1, 0x80, 0xd1,
  0x83, 0xd1, 0x81, 0xd1, 0x81, 0xd0, 0xba, 0xd0, 0xb8, 0xd0, 0xb9, 0x69, 0x6e,
  0x76, 0x65, 0x73, 0x74, 0x69, 0x67, 0x61, 0x63, 0x69, 0xc3, 0xb3, 0x6e, 0x70,
  0x61, 0x72, 0x74, 0x69, 0x63, 0x69, 0x70, 0x61, 0x63, 0x69, 0xc3, 0xb3, 0x6e,
  0xd0, 0xba, 0xd0, 0xbe, 0xd1, 0x82, 0xd0, 0xbe, 0xd1, 0x80, 0xd1, 0x8b, 0xd0,
  0xb5, 0xd0, 0xbe, 0xd0, 0xb1, 0xd0, 0xbb, 0xd0, 0xb0, 0xd1, 0x81, 0xd1, 0x82,
  0xd0, 0xb8, 0xd0, 0xba, 0xd0, 0xbe, 0xd1, 0x82, 0xd0, 0xbe, 0xd1, 0x80, 0xd1,
  0x8b, 0xd0, 0xb9, 0xd1, 0x87, 0xd0, 0xb5, 0xd0, 0xbb, 0xd0, 0xbe, 0xd0, 0xb2,
  0xd0, 0xb5, 0xd0, 0xba, 0xd1, 0x81, 0xd0, 0xb8, 0xd1, 0x81, 0xd1, 0x82, 0xd0,
  0xb5, 0xd0, 0xbc, 0xd1, 0x8b, 0xd0, 0x9d, 0xd0, 0xbe, 0xd0, 0xb2, 0xd0, 0xbe,
  0xd1, 0x81, 0xd1, 0x82, 0xd0, 0xb8, 0xd0, 0xba, 0xd0, 0xbe, 0xd1, 0x82, 0xd0,
  0xbe, 0xd1, 0x80, 0xd1, 0x8b, 0xd1, 0x85, 0xd0, 0xbe, 0xd0, 0xb1, 0xd0, 0xbb,
  0xd0, 0xb0, 0xd1, 0x81, 0xd1, 0x82, 0xd1, 0x8c, 0xd0, 0xb2, 0xd1, 0x80, 0xd0,
  0xb5, 0xd0, 0xbc, 0xd0, 0xb5, 0xd0, 0xbd, 0xd0, 0xb8, 0xd0, 0xba, 0xd0, 0xbe,
  0xd1, 0x82, 0xd0, 0xbe, 0xd1, 0x80, 0xd0, 0xb0, 0xd1, 0x8f, 0xd1, 0x81, 0xd0,
  0xb5, 0xd0, 0xb3, 0xd0, 0xbe, 0xd0, 0xb4, 0xd0, 0xbd, 0xd1, 0x8f, 0xd1, 0x81,
  0xd0, 0xba, 0xd0, 0xb0, 0xd1, 0x87, 0xd0, 0xb0, 0xd1, 0x82, 0xd1, 0x8c, 0xd0,
  0xbd, 0xd0, 0xbe, 0xd0, 0xb2, 0xd0, 0xbe, 0xd1, 0x81, 0xd1, 0x82, 0xd0, 0xb8,
  0xd0, 0xa3, 0xd0, 0xba, 0xd1, 0x80, 0xd0, 0xb0, 0xd0, 0xb8, 0xd0, 0xbd, 0xd1,
  0x8b, 0xd0, 0xb2, 0xd0, 0xbe, 0xd0, 0xbf, 0xd1, 0x80, 0xd0, 0xbe, 0xd1, 0x81,
  0xd1, 0x8b, 0xd0, 0xba, 0xd0, 0xbe, 0xd1, 0x82, 0xd0, 0xbe, 0xd1, 0x80, 0xd0,
  0xbe, 0xd0, 0xb9, 0xd1, 0x81, 0xd0, 0xb4, 0xd0, 0xb5, 0xd0, 0xbb, 0xd0, 0xb0,
  0xd1, 0x82, 0xd1, 0x8c, 0xd0, 0xbf, 0xd0, 0xbe, 0xd0, 0xbc, 0xd0, 0xbe, 0xd1,
  0x89, 0xd1, 0x8c, 0xd1, 0x8e, 0xd1, 0x81, 0xd1, 0x80, 0xd0, 0xb5, 0xd0, 0xb4,
  0xd1, 0x81, 0xd1, 0x82, 0xd0, 0xb2, 0xd0, 0xbe, 0xd0, 0xb1, 0xd1, 0x80, 0xd0,
  0xb0, 0xd0, 0xb7, 0xd0, 0xbe, 0xd0, 0xbc, 0xd1, 0x81, 0xd1, 0x82, 0xd0, 0xbe,
  0xd1, 0x80, 0xd0, 0xbe, 0xd0, 0xbd, 0xd1, 0x8b, 0xd1, 0x83, 0xd1, 0x87, 0xd0,
  0xb0, 0xd1, 0x81, 0xd1, 0x82, 0xd0, 0xb8, 0xd0, 0xb5, 0xd1, 0x82, 0xd0, 0xb5,
  0xd1, 0x87, 0xd0, 0xb5, 0xd0, 0xbd, 0xd0, 0xb8, 0xd0, 0xb5, 0xd0, 0x93, 0xd0,
  0xbb, 0xd0, 0xb0, 0xd0, 0xb2, 0xd0, 0xbd, 0xd0, 0xb0, 0xd1, 0x8f, 0xd0, 0xb8,
  0xd1, 0x81, 0xd1, 0x82, 0xd0, 0xbe, 0xd1, 0x80, 0xd0, 0xb8, 0xd0, 0xb8, 0xd1,
  0x81, 0xd0, 0xb8, 0xd1, 0x81, 0xd1, 0x82, 0xd0, 0xb5, 0xd0, 0xbc, 0xd0, 0xb0,
  0xd1, 0x80, 0xd0, 0xb5, 0xd1, 0x88, 0xd0, 0xb5, 0xd0, 0xbd, 0xd0, 0xb8, 0xd1,
  0x8f, 0xd0, 0xa1, 0xd0, 0xba, 0xd0, 0xb0, 0xd1, 0x87, 0xd0, 0xb0, 0xd1, 0x82,
  0xd1, 0x8c, 0xd0, 0xbf, 0xd0, 0xbe, 0xd1, 0x8d, 0xd1, 0x82, 0xd0, 0xbe, 0xd0,
  0xbc, 0xd1, 0x83, 0xd1, 0x81, 0xd0, 0xbb, 0xd0, 0xb5, 0xd0, 0xb4, 0xd1, 0x83,
  0xd0, 0xb5, 0xd1, 0x82, 0xd1, 0x81, 0xd0, 0xba, 0xd0, 0xb0, 0xd0, 0xb7, 0xd0,
  0xb0, 0xd1, 0x82, 0xd1, 0x8c, 0xd1, 0x82, 0xd0, 0xbe, 0xd0, 0xb2, 0xd0, 0xb0,
  0xd1, 0x80, 0xd0, 0xbe, 0xd0, 0xb2, 0xd0, 0xba, 0xd0, 0xbe, 0xd0, 0xbd, 0xd0,
  0xb5, 0xd1, 0x87, 0xd0, 0xbd, 0xd0, 0xbe, 0xd1, 0x80, 0xd0, 0xb5, 0xd1, 0x88,
  0xd0, 0xb5, 0xd0, 0xbd, 0xd0, 0xb8, 0xd0, 0xb5, 0xd0, 0xba, 0xd0, 0xbe, 0xd1,
  0x82, 0xd0, 0xbe, 0xd1, 0x80, 0xd0, 0xbe, 0xd0, 0xb5, 0xd0, 0xbe, 0xd1, 0x80,
  0xd0, 0xb3, 0xd0, 0xb0, 0xd0, 0xbd, 0xd0, 0xbe, 0xd0, 0xb2, 0xd0, 0xba, 0xd0,
  0xbe, 0xd1, 0x82, 0xd0, 0xbe, 0xd1, 0x80, 0xd0, 0xbe, 0xd0, 0xbc, 0xd0, 0xa0,
  0xd0, 0xb5, 0xd0, 0xba, 0xd0, 0xbb, 0xd0, 0xb0, 0xd0, 0xbc, 0xd0, 0xb0, 0xd8,
  0xa7, 0xd9, 0x84, 0xd9, 0x85, 0xd9, 0x86, 0xd8, 0xaa, 0xd8, 0xaf, 0xd9, 0x89,
  0xd9, 0x85, 0xd9, 0x86, 0xd8, 0xaa, 0xd8, 0xaf, 0xd9, 0x8a, 0xd8, 0xa7, 0xd8,
  0xaa, 0xd8, 0xa7, 0xd9, 0x84, 0xd9, 0x85, 0xd9, 0x88, 0xd8, 0xb6, 0xd9, 0x88,
  0xd8, 0xb9, 0xd8, 0xa7, 0xd9, 0x84, 0xd8, 0xa8, 0xd8, 0xb1, 0xd8, 0xa7, 0xd9,
  0x85, 0xd8, 0xac, 0xd8, 0xa7, 0xd9, 0x84, 0xd9, 0x85, 0xd9, 0x88, 0xd8, 0xa7,
  0xd9, 0x82, 0xd8, 0xb9, 0xd8, 0xa7, 0xd9, 0x84, 0xd8, 0xb1, 0xd8, 0xb3, 0xd8,
  0xa7, 0xd8, 0xa6, 0xd9, 0x84, 0xd9, 0x85, 0xd8, 0xb4, 0xd8, 0xa7, 0xd8, 0xb1,
  0xd9, 0x83, 0xd8, 0xa7, 0xd8, 0xaa, 0xd8, 0xa7, 0xd9, 0x84, 0xd8, 0xa3, 0xd8,
  0xb9, 0xd8, 0xb6, 0xd8, 0xa7, 0xd8, 0xa1, 0xd8, 0xa7, 0xd9, 0x84, 0xd8, 0xb1,
  0xd9, 0x8a, 0xd8, 0xa7, 0xd8, 0xb6, 0xd8, 0xa9, 0xd8, 0xa7, 0xd9, 0x84, 0xd8,
  0xaa, 0xd8, 0xb5, 0xd9, 0x85, 0xd9, 0x8a, 0xd9, 0x85, 0xd8, 0xa7, 0xd9, 0x84,
  0xd8, 0xa7, 0xd8, 0xb9, 0xd8, 0xb6, 0xd8, 0xa7, 0xd8, 0xa1, 0xd8, 0xa7, 0xd9,
  0x84, 0xd9, 0x86, 0xd8, 0xaa, 0xd8, 0xa7, 0xd8, 0xa6, 0xd8, 0xac, 0xd8, 0xa7,
  0xd9, 0x84, 0xd8, 0xa3, 0xd9, 0x84, 0xd8, 0xb9, 0xd8, 0xa7, 0xd8, 0xa8, 0xd8,
  0xa7, 0xd9, 0x84, 0xd8, 0xaa, 0xd8, 0xb3, 0xd8, 0xac, 0xd9, 0x8a, 0xd9, 0x84,
  0xd8, 0xa7, 0xd9, 0x84, 0xd8, 0xa3, 0xd9, 0x82, 0xd8, 0xb3, 0xd8, 0xa7, 0xd9,
  0x85, 0xd8, 0xa7, 0xd9, 0x84, 0xd8, 0xb6, 0xd8, 0xba, 0xd8, 0xb7, 0xd8, 0xa7,
  0xd8, 0xaa, 0xd8, 0xa7, 0xd9, 0x84, 0xd9, 0x81, 0xd9, 0x8a, 0xd8, 0xaf, 0xd9,
  0x8a, 0xd9, 0x88, 0xd8, 0xa7, 0xd9, 0x84, 0xd8, 0xaa, 0xd8, 0xb1, 0xd8, 0xad,
  0xd9, 0x8a, 0xd8, 0xa8, 0xd8, 0xa7, 0xd9, 0x84, 0xd8, 0xac, 0xd8, 0xaf, 0xd9,
  0x8a, 0xd8, 0xaf, 0xd8, 0xa9, 0xd8, 0xa7, 0xd9, 0x84, 0xd8, 0xaa, 0xd8, 0xb9,
  0xd9, 0x84, 0xd9, 0x8a, 0xd9, 0x85, 0xd8, 0xa7, 0xd9, 0x84, 0xd8, 0xa3, 0xd8,
  0xae, 0xd8, 0xa8, 0xd8, 0xa7, 0xd8, 0xb1, 0xd8, 0xa7, 0xd9, 0x84, 0xd8, 0xa7,
  0xd9, 0x81, 0xd9, 0x84, 0xd8, 0xa7, 0xd9, 0x85, 0xd8, 0xa7, 0xd9, 0x84, 0xd8,
  0xa3, 0xd9, 0x81, 0xd9, 0x84, 0xd8, 0xa7, 0xd9, 0x85, 0xd8, 0xa7, 0xd9, 0x84,
  0xd8, 0xaa, 0xd8, 0xa7, 0xd8, 0xb1, 0xd9, 0x8a, 0xd8, 0xae, 0xd8, 0xa7, 0xd9,
  0x84, 0xd8, 0xaa, 0xd9, 0x82, 0xd9, 0x86, 0xd9, 0x8a, 0xd8, 0xa9, 0xd8, 0xa7,
  0xd9, 0x84, 0xd8, 0xa7, 0xd9, 0x84, 0xd8, 0xb9, 0xd8, 0xa7, 0xd8, 0xa8, 0xd8,
  0xa7, 0xd9, 0x84, 0xd8, 0xae, 0xd9, 0x88, 0xd8, 0xa7, 0xd8, 0xb7, 0xd8, 0xb1,
  0xd8, 0xa7, 0xd9, 0x84, 0xd9, 0x85, 0xd8, 0xac, 0xd8, 0xaa, 0xd9, 0x85, 0xd8,
  0xb9, 0xd8, 0xa7, 0xd9, 0x84, 0xd8, 0xaf, 0xd9, 0x8a, 0xd9, 0x83, 0xd9, 0x88,
  0xd8, 0xb1, 0xd8, 0xa7, 0xd9, 0x84, 0xd8, 0xb3, 0xd9, 0x8a, 0xd8, 0xa7, 0xd8,
  0xad, 0xd8, 0xa9, 0xd8, 0xb9, 0xd8, 0xa8, 0xd8, 0xaf, 0xd8, 0xa7, 0xd9, 0x84,
  0xd9, 0x84, 0xd9, 0x87, 0xd8, 0xa7, 0xd9, 0x84, 0xd8, 0xaa, 0xd8, 0xb1, 0xd8,
  0xa8, 0xd9, 0x8a, 0xd8, 0xa9, 0xd8, 0xa7, 0xd9, 0x84, 0xd8, 0xb1, 0xd9, 0x88,
  0xd8, 0xa7, 0xd8, 0xa8, 0xd8, 0xb7, 0xd8, 0xa7, 0xd9, 0x84, 0xd8, 0xa3, 0xd8,
  0xaf, 0xd8, 0xa8, 0xd9, 0x8a, 0xd8, 0xa9, 0xd8, 0xa7, 0xd9, 0x84, 0xd8, 0xa7,
  0xd8, 0xae, 0xd8, 0xa8, 0xd8, 0xa7, 0xd8, 0xb1, 0xd8, 0xa7, 0xd9, 0x84, 0xd9,
  0x85, 0xd8, 0xaa, 0xd8, 0xad, 0xd8, 0xaf, 0xd8, 0xa9, 0xd8, 0xa7, 0xd9, 0x84,
  0xd8, 0xa7, 0xd8, 0xba, 0xd8, 0xa7, 0xd9, 0x86, 0xd9, 0x8a, 0x63, 0x75, 0x72,
  0x73, 0x6f, 0x72, 0x3a, 0x70, 0x6f, 0x69, 0x6e, 0x74, 0x65, 0x72, 0x3b, 0x3c,
  0x2f, 0x74, 0x69, 0x74, 0x6c, 0x65, 0x3e, 0x0a, 0x3c, 0x6d, 0x65, 0x74, 0x61,
  0x20, 0x22, 0x20, 0x68, 0x72, 0x65, 0x66, 0x3d, 0x22, 0x68, 0x74, 0x74, 0x70,
  0x3a, 0x2f, 0x2f, 0x22, 0x3e, 0x3c, 0x73, 0x70, 0x61, 0x6e, 0x20, 0x63, 0x6c,
  0x61, 0x73, 0x73, 0x3d, 0x22, 0x6d, 0x65, 0x6d, 0x62, 0x65, 0x72, 0x73, 0x20,
  0x6f, 0x66, 0x20, 0x74, 0x68, 0x65, 0x20, 0x77, 0x69, 0x6e, 0x64, 0x6f, 0x77,
  0x2e, 0x6c, 0x6f, 0x63, 0x61, 0x74, 0x69, 0x6f, 0x6e, 0x76, 0x65, 0x72, 0x74,
  0x69, 0x63, 0x61, 0x6c, 0x2d, 0x61, 0x6c, 0x69, 0x67, 0x6e, 0x3a, 0x2f, 0x61,
  0x3e, 0x20, 0x7c, 0x20, 0x3c, 0x61, 0x20, 0x68, 0x72, 0x65, 0x66, 0x3d, 0x22,
  0x3c, 0x21, 0x64, 0x6f, 0x63, 0x74, 0x79, 0x70, 0x65, 0x20, 0x68, 0x74, 0x6d,
  0x6c, 0x3e, 0x6d, 0x65, 0x64, 0x69, 0x61, 0x3d, 0x22, 0x73, 0x63, 0x72, 0x65,
  0x65, 0x6e, 0x22, 0x20, 0x3c, 0x6f, 0x70, 0x74, 0x69, 0x6f, 0x6e, 0x20, 0x76,
  0x61, 0x6c, 0x75, 0x65, 0x3d, 0x22, 0x66, 0x61, 0x76, 0x69, 0x63, 0x6f, 0x6e,
  0x2e, 0x69, 0x63, 0x6f, 0x22, 0x20, 0x2f, 0x3e, 0x0a, 0x09, 0x09, 0x3c, 0x64,
  0x69, 0x76, 0x20, 0x63, 0x6c, 0x61, 0x73, 0x73, 0x3d, 0x22, 0x63, 0x68, 0x61,
  0x72, 0x61, 0x63, 0x74, 0x65, 0x72, 0x69, 0x73, 0x74, 0x69, 0x63, 0x73, 0x22,
  0x20, 0x6d, 0x65, 0x74, 0x68, 0x6f, 0x64, 0x3d, 0x22, 0x67, 0x65, 0x74, 0x22,
  0x20, 0x2f, 0x62, 0x6f, 0x64, 0x79, 0x3e, 0x0a, 0x3c, 0x2f, 0x68, 0x74, 0x6d,
  0x6c, 0x3e, 0x0a, 0x73, 0x68, 0x6f, 0x72, 0x74, 0x63, 0x75, 0x74, 0x20, 0x69,
  0x63, 0x6f, 0x6e, 0x22, 0x20, 0x64, 0x6f, 0x63, 0x75, 0x6d, 0x65, 0x6e, 0x74,
  0x2e, 0x77, 0x72, 0x69, 0x74, 0x65, 0x28, 0x70, 0x61, 0x64, 0x64, 0x69, 0x6e,
  0x67, 0x2d, 0x62, 0x6f, 0x74, 0x74, 0x6f, 0x6d, 0x3a, 0x72, 0x65, 0x70, 0x72,
  0x65, 0x73, 0x65, 0x6e, 0x74, 0x61, 0x74, 0x69, 0x76, 0x65, 0x73, 0x73, 0x75,
  0x62, 0x6d, 0x69, 0x74, 0x22, 0x20, 0x76, 0x61, 0x6c, 0x75, 0x65, 0x3d, 0x22,
  0x61, 0x6c, 0x69, 0x67, 0x6e, 0x3d, 0x22, 0x63, 0x65, 0x6e, 0x74, 0x65, 0x72,
  0x22, 0x20, 0x74, 0x68, 0x72, 0x6f, 0x75, 0x67, 0x68, 0x6f, 0x75, 0x74, 0x20,
  0x74, 0x68, 0x65, 0x20, 0x73, 0x63, 0x69, 0x65, 0x6e, 0x63, 0x65, 0x20, 0x66,
  0x69, 0x63, 0x74, 0x69, 0x6f, 0x6e, 0x0a, 0x20, 0x20, 0x3c, 0x64, 0x69, 0x76,
  0x20, 0x63, 0x6c, 0x61, 0x73, 0x73, 0x3d, 0x22, 0x73, 0x75, 0x62, 0x6d, 0x69,
  0x74, 0x22, 0x20, 0x63, 0x6c, 0x61, 0x73, 0x73, 0x3d, 0x22, 0x6f, 0x6e, 0x65,
  0x20, 0x6f, 0x66, 0x20, 0x74, 0x68, 0x65, 0x20, 0x6d, 0x6f, 0x73, 0x74, 0x20,
  0x76, 0x61, 0x6c, 0x69, 0x67, 0x6e, 0x3d, 0x22, 0x74, 0x6f, 0x70, 0x22, 0x3e,
  0x3c, 0x77, 0x61, 0x73, 0x20, 0x65, 0x73, 0x74, 0x61, 0x62, 0x6c, 0x69, 0x73,
  0x68, 0x65, 0x64, 0x29, 0x3b, 0x0d, 0x0a, 0x3c, 0x2f, 0x73, 0x63, 0x72, 0x69,
  0x70, 0x74, 0x3e, 0x0d, 0x0a, 0x72, 0x65, 0x74, 0x75, 0x72, 0x6e, 0x20, 0x66,
  0x61, 0x6c, 0x73, 0x65, 0x3b, 0x22, 0x3e, 0x29, 0x2e, 0x73, 0x74, 0x79, 0x6c,
  0x65, 0x2e, 0x64, 0x69, 0x73, 0x70, 0x6c, 0x61, 0x79, 0x62, 0x65, 0x63, 0x61,
  0x75, 0x73, 0x65, 0x20, 0x6f, 0x66, 0x20, 0x74, 0x68, 0x65, 0x20, 0x64, 0x6f,
  0x63, 0x75, 0x6d, 0x65, 0x6e, 0x74, 0x2e, 0x63, 0x6f, 0x6f, 0x6b, 0x69, 0x65,
  0x3c, 0x66, 0x6f, 0x72, 0x6d, 0x20, 0x61, 0x63, 0x74, 0x69, 0x6f, 0x6e, 0x3d,
  0x22, 0x2f, 0x7d, 0x62, 0x6f, 0x64, 0x79, 0x7b, 0x6d, 0x61, 0x72, 0x67, 0x69,
  0x6e, 0x3a, 0x30, 0x3b, 0x45, 0x6e, 0x63, 0x79, 0x63, 0x6c, 0x6f, 0x70, 0x65,
  0x64, 0x69, 0x61, 0x20, 0x6f, 0x66, 0x76, 0x65, 0x72, 0x73, 0x69, 0x6f, 0x6e,
  0x20, 0x6f, 0x66, 0x20, 0x74, 0x68, 0x65, 0x20, 0x2e, 0x63, 0x72, 0x65, 0x61,
  0x74, 0x65, 0x45, 0x6c, 0x65, 0x6d, 0x65, 0x6e, 0x74, 0x28, 0x6e, 0x61, 0x6d,
  0x65, 0x22, 0x20, 0x63, 0x6f, 0x6e, 0x74, 0x65, 0x6e, 0x74, 0x3d, 0x22, 0x3c,
  0x2f, 0x64, 0x69, 0x76, 0x3e, 0x0a, 0x3c, 0x2f, 0x64, 0x69, 0x76, 0x3e, 0x0a,
  0x0a, 0x61, 0x64, 0x6d, 0x69, 0x6e, 0x69, 0x73, 0x74, 0x72, 0x61, 0x74, 0x69,
  0x76, 0x65, 0x20, 0x3c, 0x2f, 0x62, 0x6f, 0x64, 0x79, 0x3e, 0x0a, 0x3c, 0x2f,
  0x68, 0x74, 0x6d, 0x6c, 0x3e, 0x68, 0x69, 0x73, 0x74, 0x6f, 0x72, 0x79, 0x20,
  0x6f, 0x66, 0x20, 0x74, 0x68, 0x65, 0x20, 0x22, 0x3e, 0x3c, 0x69, 0x6e, 0x70,
  0x75, 0x74, 0x20, 0x74, 0x79, 0x70, 0x65, 0x3d, 0x22, 0x70, 0x6f, 0x72, 0x74,
  0x69, 0x6f, 0x6e, 0x20, 0x6f, 0x66, 0x20, 0x74, 0x68, 0x65, 0x20, 0x61, 0x73,
  0x20, 0x70, 0x61, 0x72, 0x74, 0x20, 0x6f, 0x66, 0x20, 0x74, 0x68, 0x65, 0x20,
  0x26, 0x6e, 0x62, 0x73, 0x70, 0x3b, 0x3c, 0x61, 0x20, 0x68, 0x72, 0x65, 0x66,
  0x3d, 0x22, 0x6f, 0x74, 0x68, 0x65, 0x72, 0x20, 0x63, 0x6f, 0x75, 0x6e, 0x74,
  0x72, 0x69, 0x65, 0x73, 0x22, 0x3e, 0x0a, 0x3c, 0x64, 0x69, 0x76, 0x20, 0x63,
  0x6c, 0x61, 0x73, 0x73, 0x3d, 0x22, 0x3c, 0x2f, 0x73, 0x70, 0x61, 0x6e, 0x3e,
  0x3c, 0x2f, 0x73, 0x70, 0x61, 0x6e, 0x3e, 0x3c, 0x49, 0x6e, 0x20, 0x6f, 0x74,
  0x68, 0x65, 0x72, 0x20, 0x77, 0x6f, 0x72, 0x64, 0x73, 0x2c, 0x64, 0x69, 0x73,
  0x70, 0x6c, 0x61, 0x79, 0x3a, 0x20, 0x62, 0x6c, 0x6f, 0x63, 0x6b, 0x3b, 0x63,
  0x6f, 0x6e, 0x74, 0x72, 0x6f, 0x6c, 0x20, 0x6f, 0x66, 0x20, 0x74, 0x68, 0x65,
  0x20, 0x69, 0x6e, 0x74, 0x72, 0x6f, 0x64, 0x75, 0x63, 0x74, 0x69, 0x6f, 0x6e,
  0x20, 0x6f, 0x66, 0x2f, 0x3e, 0x0a, 0x3c, 0x6d, 0x65, 0x74, 0x61, 0x20, 0x6e,
  0x61, 0x6d, 0x65, 0x3d, 0x22, 0x61, 0x73, 0x20, 0x77, 0x65, 0x6c, 0x6c, 0x20,
  0x61, 0x73, 0x20, 0x74, 0x68, 0x65, 0x20, 0x69, 0x6e, 0x20, 0x72, 0x65, 0x63,
  0x65, 0x6e, 0x74, 0x20, 0x79, 0x65, 0x61, 0x72, 0x73, 0x0d, 0x0a, 0x09, 0x3c,
  0x64, 0x69, 0x76, 0x20, 0x63, 0x6c, 0x61, 0x73, 0x73, 0x3d, 0x22, 0x3c, 0x2f,
  0x64, 0x69, 0x76, 0x3e, 0x0a, 0x09, 0x3c, 0x2f, 0x64, 0x69, 0x76, 0x3e, 0x0a,
  0x69, 0x6e, 0x73, 0x70, 0x69, 0x72, 0x65, 0x64, 0x20, 0x62, 0x79, 0x20, 0x74,
  0x68, 0x65, 0x74, 0x68, 0x65, 0x20, 0x65, 0x6e, 0x64, 0x20, 0x6f, 0x66, 0x20,
  0x74, 0x68, 0x65, 0x20, 0x63, 0x6f, 0x6d, 0x70, 0x61, 0x74, 0x69, 0x62, 0x6c,
  0x65, 0x20, 0x77, 0x69, 0x74, 0x68, 0x62, 0x65, 0x63, 0x61, 0x6d, 0x65, 0x20,
  0x6b, 0x6e, 0x6f, 0x77, 0x6e, 0x20, 0x61, 0x73, 0x20, 0x73, 0x74, 0x79, 0x6c,
  0x65, 0x3d, 0x22, 0x6d, 0x61, 0x72, 0x67, 0x69, 0x6e, 0x3a, 0x2e, 0x6a, 0x73,
  0x22, 0x3e, 0x3c, 0x2f, 0x73, 0x63, 0x72, 0x69, 0x70, 0x74, 0x3e, 0x3c, 0x20,
  0x49, 0x6e, 0x74, 0x65, 0x72, 0x6e, 0x61, 0x74, 0x69, 0x6f, 0x6e, 0x61, 0x6c,
  0x20, 0x74, 0x68, 0x65, 0x72, 0x65, 0x20, 0x68, 0x61, 0x76, 0x65, 0x20, 0x62,
  0x65, 0x65, 0x6e, 0x47, 0x65, 0x72, 0x6d, 0x61, 0x6e, 0x20, 0x6c, 0x61, 0x6e,
  0x67, 0x75, 0x61, 0x67, 0x65, 0x20, 0x73, 0x74, 0x79, 0x6c, 0x65, 0x3d, 0x22,
  0x63, 0x6f, 0x6c, 0x6f, 0x72, 0x3a, 0x23, 0x43, 0x6f, 0x6d, 0x6d, 0x75, 0x6e,
  0x69, 0x73, 0x74, 0x20, 0x50, 0x61, 0x72, 0x74, 0x79, 0x63, 0x6f, 0x6e, 0x73,
  0x69, 0x73, 0x74, 0x65, 0x6e, 0x74, 0x20, 0x77, 0x69, 0x74, 0x68, 0x62, 0x6f,
  0x72, 0x64, 0x65, 0x72, 0x3d, 0x22, 0x30, 0x22, 0x20, 0x63, 0x65, 0x6c, 0x6c,
  0x20, 0x6d, 0x61, 0x72, 0x67, 0x69, 0x6e, 0x68, 0x65, 0x69, 0x67, 0x68, 0x74,
  0x3d, 0x22, 0x74, 0x68, 0x65, 0x20, 0x6d, 0x61, 0x6a, 0x6f, 0x72, 0x69, 0x74,
  0x79, 0x20, 0x6f, 0x66, 0x22, 0x20, 0x61, 0x6c, 0x69, 0x67, 0x6e, 0x3d, 0x22,
  0x63, 0x65, 0x6e, 0x74, 0x65, 0x72, 0x72, 0x65, 0x6c, 0x61, 0x74, 0x65, 0x64,
  0x20, 0x74, 0x6f, 0x20, 0x74, 0x68, 0x65, 0x20, 0x6d, 0x61, 0x6e, 0x79, 0x20,
  0x64, 0x69, 0x66, 0x66, 0x65, 0x72, 0x65, 0x6e, 0x74, 0x20, 0x4f, 0x72, 0x74,
  0x68, 0x6f, 0x64, 0x6f, 0x78, 0x20, 0x43, 0x68, 0x75, 0x72, 0x63, 0x68, 0x73,
  0x69, 0x6d, 0x69, 0x6c, 0x61, 0x72, 0x20, 0x74, 0x6f, 0x20, 0x74, 0x68, 0x65,
  0x20, 0x2f, 0x3e, 0x0a, 0x3c, 0x6c, 0x69, 0x6e, 0x6b, 0x20, 0x72, 0x65, 0x6c,
  0x3d, 0x22, 0x73, 0x77, 0x61, 0x73, 0x20, 0x6f, 0x6e, 0x65, 0x20, 0x6f, 0x66,
  0x20, 0x74, 0x68, 0x65, 0x20, 0x75, 0x6e, 0x74, 0x69, 0x6c, 0x20, 0x68, 0x69,
  0x73, 0x20, 0x64, 0x65, 0x61, 0x74, 0x68, 0x7d, 0x29, 0x28, 0x29, 0x3b, 0x0a,
  0x3c, 0x2f, 0x73, 0x63, 0x72, 0x69, 0x70, 0x74, 0x3e, 0x6f, 0x74, 0x68, 0x65,
  0x72, 0x20, 0x6c, 0x61, 0x6e, 0x67, 0x75, 0x61, 0x67, 0x65, 0x73, 0x63, 0x6f,
  0x6d, 0x70, 0x61, 0x72, 0x65, 0x64, 0x20, 0x74, 0x6f, 0x20, 0x74, 0x68, 0x65,
  0x70, 0x6f, 0x72, 0x74, 0x69, 0x6f, 0x6e, 0x73, 0x20, 0x6f, 0x66, 0x20, 0x74,
  0x68, 0x65, 0x74, 0x68, 0x65, 0x20, 0x4e, 0x65, 0x74, 0x68, 0x65, 0x72, 0x6c,
  0x61, 0x6e, 0x64, 0x73, 0x74, 0x68, 0x65, 0x20, 0x6d, 0x6f, 0x73, 0x74, 0x20,
  0x63, 0x6f, 0x6d, 0x6d, 0x6f, 0x6e, 0x62, 0x61, 0x63, 0x6b, 0x67, 0x72, 0x6f,
  0x75, 0x6e, 0x64, 0x3a, 0x75, 0x72, 0x6c, 0x28, 0x61, 0x72, 0x67, 0x75, 0x65,
  0x64, 0x20, 0x74, 0x68, 0x61, 0x74, 0x20, 0x74, 0x68, 0x65, 0x73, 0x63, 0x72,
  0x6f, 0x6c, 0x6c, 0x69, 0x6e, 0x67, 0x3d, 0x22, 0x6e, 0x6f, 0x22, 0x20, 0x69,
  0x6e, 0x63, 0x6c, 0x75, 0x64, 0x65, 0x64, 0x20, 0x69, 0x6e, 0x20, 0x74, 0x68,
  0x65, 0x4e, 0x6f, 0x72, 0x74, 0x68, 0x20, 0x41, 0x6d, 0x65, 0x72, 0x69, 0x63,
  0x61, 0x6e, 0x20, 0x74, 0x68, 0x65, 0x20, 0x6e, 0x61, 0x6d, 0x65, 0x20, 0x6f,
  0x66, 0x20, 0x74, 0x68, 0x65, 0x69, 0x6e, 0x74, 0x65, 0x72, 0x70, 0x72, 0x65,
  0x74, 0x61, 0x74, 0x69, 0x6f, 0x6e, 0x73, 0x74, 0x68, 0x65, 0x20, 0x74, 0x72,
  0x61, 0x64, 0x69, 0x74, 0x69, 0x6f, 0x6e, 0x61, 0x6c, 0x64, 0x65, 0x76, 0x65,
  0x6c, 0x6f, 0x70, 0x6d, 0x65, 0x6e, 0x74, 0x20, 0x6f, 0x66, 0x20, 0x66, 0x72,
  0x65, 0x71, 0x75, 0x65, 0x6e, 0x74, 0x6c, 0x79, 0x20, 0x75, 0x73, 0x65, 0x64,
  0x61, 0x20, 0x63, 0x6f, 0x6c, 0x6c, 0x65, 0x63, 0x74, 0x69, 0x6f, 0x6e, 0x20,
  0x6f, 0x66, 0x76, 0x65, 0x72, 0x79, 0x20, 0x73, 0x69, 0x6d, 0x69, 0x6c, 0x61,
  0x72, 0x20, 0x74, 0x6f, 0x73, 0x75, 0x72, 0x72, 0x6f, 0x75, 0x6e, 0x64, 0x69,
  0x6e, 0x67, 0x20, 0x74, 0x68, 0x65, 0x65, 0x78, 0x61, 0x6d, 0x70, 0x6c, 0x65,
  0x20, 0x6f, 0x66, 0x20, 0x74, 0x68, 0x69, 0x73, 0x61, 0x6c, 0x69, 0x67, 0x6e,
  0x3d, 0x22, 0x63, 0x65, 0x6e, 0x74, 0x65, 0x72, 0x22, 0x3e, 0x77, 0x6f, 0x75,
  0x6c, 0x64, 0x20, 0x68, 0x61, 0x76, 0x65, 0x20, 0x62, 0x65, 0x65, 0x6e, 0x69,
  0x6d, 0x61, 0x67, 0x65, 0x5f, 0x63, 0x61, 0x70, 0x74, 0x69, 0x6f, 0x6e, 0x20,
  0x3d, 0x61, 0x74, 0x74, 0x61, 0x63, 0x68, 0x65, 0x64, 0x20, 0x74, 0x6f, 0x20,
  0x74, 0x68, 0x65, 0x73, 0x75, 0x67, 0x67, 0x65, 0x73, 0x74, 0x69, 0x6e, 0x67,
  0x20, 0x74, 0x68, 0x61, 0x74, 0x69, 0x6e, 0x20, 0x74, 0x68, 0x65, 0x20, 0x66,
  0x6f, 0x72, 0x6d, 0x20, 0x6f, 0x66, 0x20, 0x69, 0x6e, 0x76, 0x6f, 0x6c, 0x76,
  0x65, 0x64, 0x20, 0x69, 0x6e, 0x20, 0x74, 0x68, 0x65, 0x69, 0x73, 0x20, 0x64,
  0x65, 0x72, 0x69, 0x76, 0x65, 0x64, 0x20, 0x66, 0x72, 0x6f, 0x6d, 0x6e, 0x61,
  0x6d, 0x65, 0x64, 0x20, 0x61, 0x66, 0x74, 0x65, 0x72, 0x20, 0x74, 0x68, 0x65,
  0x49, 0x6e, 0x74, 0x72, 0x6f, 0x64, 0x75, 0x63, 0x74, 0x69, 0x6f, 0x6e, 0x20,
  0x74, 0x6f, 0x72, 0x65, 0x73, 0x74, 0x72, 0x69, 0x63, 0x74, 0x69, 0x6f, 0x6e,
  0x73, 0x20, 0x6f, 0x6e, 0x20, 0x73, 0x74, 0x79, 0x6c, 0x65, 0x3d, 0x22, 0x77,
  0x69, 0x64, 0x74, 0x68, 0x3a, 0x20, 0x63, 0x61, 0x6e, 0x20, 0x62, 0x65, 0x20,
  0x75, 0x73, 0x65, 0x64, 0x20, 0x74, 0x6f, 0x20, 0x74, 0x68, 0x65, 0x20, 0x63,
  0x72, 0x65, 0x61, 0x74, 0x69, 0x6f, 0x6e, 0x20, 0x6f, 0x66, 0x6d, 0x6f, 0x73,
  0x74, 0x20, 0x69, 0x6d, 0x70, 0x6f, 0x72, 0x74, 0x61, 0x6e, 0x74, 0x20, 0x69,
  0x6e, 0x66, 0x6f, 0x72, 0x6d, 0x61, 0x74, 0x69, 0x6f, 0x6e, 0x20, 0x61, 0x6e,
  0x64, 0x72, 0x65, 0x73, 0x75, 0x6c, 0x74, 0x65, 0x64, 0x20, 0x69, 0x6e, 0x20,
  0x74, 0x68, 0x65, 0x63, 0x6f, 0x6c, 0x6c, 0x61, 0x70, 0x73, 0x65, 0x20, 0x6f,
  0x66, 0x20, 0x74, 0x68, 0x65, 0x54, 0x68, 0x69, 0x73, 0x20, 0x6d, 0x65, 0x61,
  0x6e, 0x73, 0x20, 0x74, 0x68, 0x61, 0x74, 0x65, 0x6c, 0x65, 0x6d, 0x65, 0x6e,
  0x74, 0x73, 0x20, 0x6f, 0x66, 0x20, 0x74, 0x68, 0x65, 0x77, 0x61, 0x73, 0x20,
  0x72, 0x65, 0x70, 0x6c, 0x61, 0x63, 0x65, 0x64, 0x20, 0x62, 0x79, 0x61, 0x6e,
  0x61, 0x6c, 0x79, 0x73, 0x69, 0x73, 0x20, 0x6f, 0x66, 0x20, 0x74, 0x68, 0x65,
  0x69, 0x6e, 0x73, 0x70, 0x69, 0x72, 0x61, 0x74, 0x69, 0x6f, 0x6e, 0x20, 0x66,
  0x6f, 0x72, 0x72, 0x65, 0x67, 0x61, 0x72, 0x64, 0x65, 0x64, 0x20, 0x61, 0x73,
  0x20, 0x74, 0x68, 0x65, 0x6d, 0x6f, 0x73, 0x74, 0x20, 0x73, 0x75, 0x63, 0x63,
  0x65, 0x73, 0x73, 0x66, 0x75, 0x6c, 0x6b, 0x6e, 0x6f, 0x77, 0x6e, 0x20, 0x61,
  0x73, 0x20, 0x26, 0x71, 0x75, 0x6f, 0x74, 0x3b, 0x61, 0x20, 0x63, 0x6f, 0x6d,
  0x70, 0x72, 0x65, 0x68, 0x65, 0x6e, 0x73, 0x69, 0x76, 0x65, 0x48, 0x69, 0x73,
  0x74, 0x6f, 0x72, 0x79, 0x20, 0x6f, 0x66, 0x20, 0x74, 0x68, 0x65, 0x20, 0x77,
  0x65, 0x72, 0x65, 0x20, 0x63, 0x6f, 0x6e, 0x73, 0x69, 0x64, 0x65, 0x72, 0x65,
  0x64, 0x72, 0x65, 0x74, 0x75, 0x72, 0x6e, 0x65, 0x64, 0x20, 0x74, 0x6f, 0x20,
  0x74, 0x68, 0x65, 0x61, 0x72, 0x65, 0x20, 0x72, 0x65, 0x66, 0x65, 0x72, 0x72,
  0x65, 0x64, 0x20, 0x74, 0x6f, 0x55, 0x6e, 0x73, 0x6f, 0x75, 0x72, 0x63, 0x65,
  0x64, 0x20, 0x69, 0x6d, 0x61, 0x67, 0x65, 0x3e, 0x0a, 0x09, 0x3c, 0x64, 0x69,
  0x76, 0x20, 0x63, 0x6c, 0x61, 0x73, 0x73, 0x3d, 0x22, 0x63, 0x6f, 0x6e, 0x73,
  0x69, 0x73, 0x74, 0x73, 0x20, 0x6f, 0x66, 0x20, 0x74, 0x68, 0x65, 0x73, 0x74,
  0x6f, 0x70, 0x50, 0x72, 0x6f, 0x70, 0x61, 0x67, 0x61, 0x74, 0x69, 0x6f, 0x6e,
  0x69, 0x6e, 0x74, 0x65, 0x72, 0x65, 0x73, 0x74, 0x20, 0x69, 0x6e, 0x20, 0x74,
  0x68, 0x65, 0x61, 0x76, 0x61, 0x69, 0x6c, 0x61, 0x62, 0x69, 0x6c, 0x69, 0x74,
  0x79, 0x20, 0x6f, 0x66, 0x61, 0x70, 0x70, 0x65, 0x61, 0x72, 0x73, 0x20, 0x74,
  0x6f, 0x20, 0x68, 0x61, 0x76, 0x65, 0x65, 0x6c, 0x65, 0x63, 0x74, 0x72, 0x6f,
  0x6d, 0x61, 0x67, 0x6e, 0x65, 0x74, 0x69, 0x63, 0x65, 0x6e, 0x61, 0x62, 0x6c,
  0x65, 0x53, 0x65, 0x72, 0x76, 0x69, 0x63, 0x65, 0x73, 0x28, 0x66, 0x75, 0x6e,
  0x63, 0x74, 0x69, 0x6f, 0x6e, 0x20, 0x6f, 0x66, 0x20, 0x74, 0x68, 0x65, 0x49,
  0x74, 0x20, 0x69, 0x73, 0x20, 0x69, 0x6d, 0x70, 0x6f, 0x72, 0x74, 0x61, 0x6e,
  0x74, 0x3c, 0x2f, 0x73, 0x63, 0x72, 0x69, 0x70, 0x74, 0x3e, 0x3c, 0x2f, 0x64,
  0x69, 0x76, 0x3e, 0x66, 0x75, 0x6e, 0x63, 0x74, 0x69, 0x6f, 0x6e, 0x28, 0x29,
  0x7b, 0x76, 0x61, 0x72, 0x20, 0x72, 0x65, 0x6c, 0x61, 0x74, 0x69, 0x76, 0x65,
  0x20, 0x74, 0x6f, 0x20, 0x74, 0x68, 0x65, 0x61, 0x73, 0x20, 0x61, 0x20, 0x72,
  0x65, 0x73, 0x75, 0x6c, 0x74, 0x20, 0x6f, 0x66, 0x20, 0x74, 0x68, 0x65, 0x20,
  0x70, 0x6f, 0x73, 0x69, 0x74, 0x69, 0x6f, 0x6e, 0x20, 0x6f, 0x66, 0x46, 0x6f,
  0x72, 0x20, 0x65, 0x78, 0x61, 0x6d, 0x70, 0x6c, 0x65, 0x2c, 0x20, 0x69, 0x6e,
  0x20, 0x6d, 0x65, 0x74, 0x68, 0x6f, 0x64, 0x3d, 0x22, 0x70, 0x6f, 0x73, 0x74,
  0x22, 0x20, 0x77, 0x61, 0x73, 0x20, 0x66, 0x6f, 0x6c, 0x6c, 0x6f, 0x77, 0x65,
  0x64, 0x20, 0x62, 0x79, 0x26, 0x61, 0x6d, 0x70, 0x3b, 0x6d, 0x64, 0x61, 0x73,
  0x68, 0x3b, 0x20, 0x74, 0x68, 0x65, 0x74, 0x68, 0x65, 0x20, 0x61, 0x70, 0x70,
  0x6c, 0x69, 0x63, 0x61, 0x74, 0x69, 0x6f, 0x6e, 0x6a, 0x73, 0x22, 0x3e, 0x3c,
  0x2f, 0x73, 0x63, 0x72, 0x69, 0x70, 0x74, 0x3e, 0x0d, 0x0a, 0x75, 0x6c, 0x3e,
  0x3c, 0x2f, 0x64, 0x69, 0x76, 0x3e, 0x3c, 0x2f, 0x64, 0x69, 0x76, 0x3e, 0x61,
  0x66, 0x74, 0x65, 0x72, 0x20, 0x74, 0x68, 0x65, 0x20, 0x64, 0x65, 0x61, 0x74,
  0x68, 0x77, 0x69, 0x74, 0x68, 0x20, 0x72, 0x65, 0x73, 0x70, 0x65, 0x63, 0x74,
  0x20, 0x74, 0x6f, 0x73, 0x74, 0x79, 0x6c, 0x65, 0x3d, 0x22, 0x70, 0x61, 0x64,
  0x64, 0x69, 0x6e, 0x67, 0x3a, 0x69, 0x73, 0x20, 0x70, 0x61, 0x72, 0x74, 0x69,
  0x63, 0x75, 0x6c, 0x61, 0x72, 0x6c, 0x79, 0x64, 0x69, 0x73, 0x70, 0x6c, 0x61,
  0x79, 0x3a, 0x69, 0x6e, 0x6c, 0x69, 0x6e, 0x65, 0x3b, 0x20, 0x74, 0x79, 0x70,
  0x65, 0x3d, 0x22, 0x73, 0x75, 0x62, 0x6d, 0x69, 0x74, 0x22, 0x20, 0x69, 0x73,
  0x20, 0x64, 0x69, 0x76, 0x69, 0x64, 0x65, 0x64, 0x20, 0x69, 0x6e, 0x74, 0x6f,
  0xe4, 0xb8, 0xad, 0xe6, 0x96, 0x87, 0x20, 0x28, 0xe7, 0xae, 0x80, 0xe4, 0xbd,
  0x93, 0x29, 0x72, 0x65, 0x73, 0x70, 0x6f, 0x6e, 0x73, 0x61, 0x62, 0x69, 0x6c,
  0x69, 0x64, 0x61, 0x64, 0x61, 0x64, 0x6d, 0x69, 0x6e, 0x69, 0x73, 0x74, 0x72,
  0x61, 0x63, 0x69, 0xc3, 0xb3, 0x6e, 0x69, 0x6e, 0x74, 0x65, 0x72, 0x6e, 0x61,
  0x63, 0x69, 0x6f, 0x6e, 0x61, 0x6c, 0x65, 0x73, 0x63, 0x6f, 0x72, 0x72, 0x65,
  0x73, 0x70, 0x6f, 0x6e, 0x64, 0x69, 0x65, 0x6e, 0x74, 0x65, 0xe0, 0xa4, 0x89,
  0xe0, 0xa4, 0xaa, 0xe0, 0xa4, 0xaf, 0xe0, 0xa5, 0x8b, 0xe0, 0xa4, 0x97, 0xe0,
  0xa4, 0xaa, 0xe0, 0xa5, 0x82, 0xe0, 0xa4, 0xb0, 0xe0, 0xa5, 0x8d, 0xe0, 0xa4,
  0xb5, 0xe0, 0xa4, 0xb9, 0xe0, 0xa4, 0xae, 0xe0, 0xa4, 0xbe, 0xe0, 0xa4, 0xb0,
  0xe0, 0xa5, 0x87, 0xe0, 0xa4, 0xb2, 0xe0, 0xa5, 0x8b, 0xe0, 0xa4, 0x97, 0xe0,
  0xa5, 0x8b, 0xe0, 0xa4, 0x82, 0xe0, 0xa4, 0x9a, 0xe0, 0xa5, 0x81, 0xe0, 0xa4,
  0xa8, 0xe0, 0xa4, 0xbe, 0xe0, 0xa4, 0xb5, 0xe0, 0xa4, 0xb2, 0xe0, 0xa5, 0x87,
  0xe0, 0xa4, 0x95, 0xe0, 0xa4, 0xbf, 0xe0, 0xa4, 0xa8, 0xe0, 0xa4, 0xb8, 0xe0,
  0xa4, 0xb0, 0xe0, 0xa4, 0x95, 0xe0, 0xa4, 0xbe, 0xe0, 0xa4, 0xb0, 0xe0, 0xa4,
  0xaa, 0xe0, 0xa5, 0x81, 0xe0, 0xa4, 0xb2, 0xe0, 0xa4, 0xbf, 0xe0, 0xa4, 0xb8,
  0xe0, 0xa4, 0x96, 0xe0, 0xa5, 0x8b, 0xe0, 0xa4, 0x9c, 0xe0, 0xa5, 0x87, 0xe0,
  0xa4, 0x82, 0xe0, 0xa4, 0x9a, 0xe0, 0xa4, 0xbe, 0xe0, 0xa4, 0xb9, 0xe0, 0xa4,
  0xbf, 0xe0, 0xa4, 0x8f, 0xe0, 0xa4, 0xad, 0xe0, 0xa5, 0x87, 0xe0, 0xa4, 0x9c,
  0xe0, 0xa5, 0x87, 0xe0, 0xa4, 0x82, 0xe0, 0xa4, 0xb6, 0xe0, 0xa4, 0xbe, 0xe0,
  0xa4, 0xae, 0xe0, 0xa4, 0xbf, 0xe0, 0xa4, 0xb2, 0xe0, 0xa4, 0xb9, 0xe0, 0xa4,
  0xae, 0xe0, 0xa4, 0xbe, 0xe0, 0xa4, 0xb0, 0xe0, 0xa5, 0x80, 0xe0, 0xa4, 0x9c,
  0xe0, 0xa4, 0xbe, 0xe0, 0xa4, 0x97, 0xe0, 0xa4, 0xb0, 0xe0, 0xa4, 0xa3, 0xe0,
  0xa4, 0xac, 0xe0, 0xa4, 0xa8, 0xe0, 0xa4, 0xbe, 0xe0, 0xa4, 0xa8, 0xe0, 0xa5,
  0x87, 0xe0, 0xa4, 0x95, 0xe0, 0xa5, 0x81, 0xe0, 0xa4, 0xae, 0xe0, 0xa4, 0xbe,
  0xe0, 0xa4, 0xb0, 0xe0, 0xa4, 0xac, 0xe0, 0xa5, 0x8d, 0xe0, 0xa4, 0xb2, 0xe0,
  0xa5, 0x89, 0xe0, 0xa4, 0x97, 0xe0, 0xa4, 0xae, 0xe0, 0xa4, 0xbe, 0xe0, 0xa4,
  0xb2, 0xe0, 0xa4, 0xbf, 0xe0, 0xa4, 0x95, 0xe0, 0xa4, 0xae, 0xe0, 0xa4, 0xb9,
  0xe0, 0xa4, 0xbf, 0xe0, 0xa4, 0xb2, 0xe0, 0xa4, 0xbe, 0xe0, 0xa4, 0xaa, 0xe0,
  0xa5, 0x83, 0xe0, 0xa4, 0xb7, 0xe0, 0xa5, 0x8d, 0xe0, 0xa4, 0xa0, 0xe0, 0xa4,
  0xac, 0xe0, 0xa4, 0xa2, 0xe0, 0xa4, 0xbc, 0xe0, 0xa4, 0xa4, 0xe0, 0xa5, 0x87,
  0xe0, 0xa4, 0xad, 0xe0, 0xa4, 0xbe, 0xe0, 0xa4, 0x9c, 0xe0, 0xa4, 0xaa, 0xe0,
  0xa4, 0xbe, 0xe0, 0xa4, 0x95, 0xe0, 0xa5, 0x8d, 0xe0, 0xa4, 0xb2, 0xe0, 0xa4,
  0xbf, 0xe0, 0xa4, 0x95, 0xe0, 0xa4, 0x9f, 0xe0, 0xa5, 0x8d, 0xe0, 0xa4, 0xb0,
  0xe0, 0xa5, 0x87, 0xe0, 0xa4, 0xa8, 0xe0, 0xa4, 0x96, 0xe0, 0xa4, 0xbf, 0xe0,
  0xa4, 0xb2, 0xe0, 0xa4, 0xbe, 0xe0, 0xa4, 0xab, 0xe0, 0xa4, 0xa6, 0xe0, 0xa5,
  0x8c, 0xe0, 0xa4, 0xb0, 0xe0, 0xa4, 0xbe, 0xe0, 0xa4, 0xa8, 0xe0, 0xa4, 0xae,
  0xe0, 0xa4, 0xbe, 0xe0, 0xa4, 0xae, 0xe0, 0xa4, 0xb2, 0xe0, 0xa5, 0x87, 0xe0,
  0xa4, 0xae, 0xe0, 0xa4, 0xa4, 0xe0, 0xa4, 0xa6, 0xe0, 0xa4, 0xbe, 0xe0, 0xa4,
  0xa8, 0xe0, 0xa4, 0xac, 0xe0, 0xa4, 0xbe, 0xe0, 0xa4, 0x9c, 0xe0, 0xa4, 0xbe,
  0xe0, 0xa4, 0xb0, 0xe0, 0xa4, 0xb5, 0xe0, 0xa4, 0xbf, 0xe0, 0xa4, 0x95, 0xe0,
  0xa4, 0xbe, 0xe0, 0xa4, 0xb8, 0xe0, 0xa4, 0x95, 0xe0, 0xa5, 0x8d, 0xe0, 0xa4,
  0xaf, 0xe0, 0xa5, 0x8b, 0xe0, 0xa4, 0x82, 0xe0, 0xa4, 0x9a, 0xe0, 0xa4, 0xbe,
  0xe0, 0xa4, 0xb9, 0xe0, 0xa4, 0xa4, 0xe0, 0xa5, 0x87, 0xe0, 0xa4, 0xaa, 0xe0,
  0xa4, 0xb9, 0xe0, 0xa5, 0x81, 0xe0, 0xa4, 0x81, 0xe0, 0xa4, 0x9a, 0xe0, 0xa4,
  0xac, 0xe0, 0xa4, 0xa4, 0xe0, 0xa4, 0xbe, 0xe0, 0xa4, 0xaf, 0xe0, 0xa4, 0xbe,
  0xe0, 0xa4, 0xb8, 0xe0, 0xa4, 0x82, 0xe0, 0xa4, 0xb5, 0xe0, 0xa4, 0xbe, 0xe0,
  0xa4, 0xa6, 0xe0, 0xa4, 0xa6, 0xe0, 0xa5, 0x87, 0xe0, 0xa4, 0x96, 0xe0, 0xa4,
  0xa8, 0xe0, 0xa5, 0x87, 0xe0, 0xa4, 0xaa, 0xe0, 0xa4, 0xbf, 0xe0, 0xa4, 0x9b,
  0xe0, 0xa4, 0xb2, 0xe0, 0xa5, 0x87, 0xe0, 0xa4, 0xb5, 0xe0, 0xa4, 0xbf, 0xe0,
  0xa4, 0xb6, 0xe0, 0xa5, 0x87, 0xe0, 0xa4, 0xb7, 0xe0, 0xa4, 0xb0, 0xe0, 0xa4,
  0xbe, 0xe0, 0xa4, 0x9c, 0xe0, 0xa5, 0x8d, 0xe0, 0xa4, 0xaf, 0xe0, 0xa4, 0x89,
  0xe0, 0xa4, 0xa4, 0xe0, 0xa5, 0x8d, 0xe0, 0xa4, 0xa4, 0xe0, 0xa4, 0xb0, 0xe0,
  0xa4, 0xae, 0xe0, 0xa5, 0x81, 0xe0, 0xa4, 0x82, 0xe0, 0xa4, 0xac, 0xe0, 0xa4,
  0x88, 0xe0, 0xa4, 0xa6, 0xe0, 0xa5, 0x8b, 0xe0, 0xa4, 0xa8, 0xe0, 0xa5, 0x8b,
  0xe0, 0xa4, 0x82, 0xe0, 0xa4, 0x89, 0xe0, 0xa4, 0xaa, 0xe0, 0xa4, 0x95, 0xe0,
  0xa4, 0xb0, 0xe0, 0xa4, 0xa3, 0xe0, 0xa4, 0xaa, 0xe0, 0xa4, 0xa2, 0xe0, 0xa4,
  0xbc, 0xe0, 0xa5, 0x87, 0xe0, 0xa4, 0x82, 0xe0, 0xa4, 0xb8, 0xe0, 0xa5, 0x8d,
  0xe0, 0xa4, 0xa5, 0xe0, 0xa4, 0xbf, 0xe0, 0xa4, 0xa4, 0xe0, 0xa4, 0xab, 0xe0,
  0xa4, 0xbf, 0xe0, 0xa4, 0xb2, 0xe0, 0xa5, 0x8d, 0xe0, 0xa4, 0xae, 0xe0, 0xa4,
  0xae, 0xe0, 0xa5, 0x81, 0xe0, 0xa4, 0x96, 0xe0, 0xa5, 0x8d, 0xe0, 0xa4, 0xaf,
  0xe0, 0xa4, 0x85, 0xe0, 0xa4, 0x9a, 0xe0, 0xa5, 0x8d, 0xe0, 0xa4, 0x9b, 0xe0,
  0xa4, 0xbe, 0xe0, 0xa4, 0x9b, 0xe0, 0xa5, 0x82, 0xe0, 0xa4, 0x9f, 0xe0, 0xa4,
  0xa4, 0xe0, 0xa5, 0x80, 0xe0, 0xa4, 0xb8, 0xe0, 0xa4, 0x82, 0xe0, 0xa4, 0x97,
  0xe0, 0xa5, 0x80, 0xe0, 0xa4, 0xa4, 0xe0, 0xa4, 0x9c, 0xe0, 0xa4, 0xbe, 0xe0,
  0xa4, 0x8f, 0xe0, 0xa4, 0x97, 0xe0, 0xa4, 0xbe, 0xe0, 0xa4, 0xb5, 0xe0, 0xa4,
  0xbf, 0xe0, 0xa4, 0xad, 0xe0, 0xa4, 0xbe, 0xe0, 0xa4, 0x97, 0xe0, 0xa4, 0x98,
  0xe0, 0xa4, 0xa3, 0xe0, 0xa5, 0x8d, 0xe0, 0xa4, 0x9f, 0xe0, 0xa5, 0x87, 0xe0,
  0xa4, 0xa6, 0xe0, 0xa5, 0x82, 0xe0, 0xa4, 0xb8, 0xe0, 0xa4, 0xb0, 0xe0, 0xa5,
  0x87, 0xe0, 0xa4, 0xa6, 0xe0, 0xa4, 0xbf, 0xe0, 0xa4, 0xa8, 0xe0, 0xa5, 0x8b,
  0xe0, 0xa4, 0x82, 0xe0, 0xa4, 0xb9, 0xe0, 0xa4, 0xa4, 0xe0, 0xa5, 0x8d, 0xe0,
  0xa4, 0xaf, 0xe0, 0xa4, 0xbe, 0xe0, 0xa4, 0xb8, 0xe0, 0xa5, 0x87, 0xe0, 0xa4,
  0x95, 0xe0, 0xa5, 0x8d, 0xe0, 0xa4, 0xb8, 0xe0, 0xa4, 0x97, 0xe0, 0xa4, 0xbe,
  0xe0, 0xa4, 0x82, 0xe0, 0xa4, 0xa7, 0xe0, 0xa5, 0x80, 0xe0, 0xa4, 0xb5, 0xe0,
  0xa4, 0xbf, 0xe0, 0xa4, 0xb6, 0xe0, 0xa5, 0x8d, 0xe0, 0xa4, 0xb5, 0xe0, 0xa4,
  0xb0, 0xe0, 0xa4, 0xbe, 0xe0, 0xa4, 0xa4, 0xe0, 0xa5, 0x87, 0xe0, 0xa4, 0x82,
  0xe0, 0xa4, 0xa6, 0xe0, 0xa5, 0x88, 0xe0, 0xa4, 0x9f, 0xe0, 0xa5, 0x8d, 0xe0,
  0xa4, 0xb8, 0xe0, 0xa4, 0xa8, 0xe0, 0xa4, 0x95, 0xe0, 0xa5, 0x8d, 0xe0, 0xa4,
  0xb6, 0xe0, 0xa4, 0xbe, 0xe0, 0xa4, 0xb8, 0xe0, 0xa4, 0xbe, 0xe0, 0xa4, 0xae,
  0xe0, 0xa4, 0xa8, 0xe0, 0xa5, 0x87, 0xe0, 0xa4, 0x85, 0xe0, 0xa4, 0xa6, 0xe0,
  0xa4, 0xbe, 0xe0, 0xa4, 0xb2, 0xe0, 0xa4, 0xa4, 0xe0, 0xa4, 0xac, 0xe0, 0xa4,
  0xbf, 0xe0, 0xa4, 0x9c, 0xe0, 0xa4, 0xb2, 0xe0, 0xa5, 0x80, 0xe0, 0xa4, 0xaa,
  0xe0, 0xa5, 0x81, 0xe0, 0xa4, 0xb0, 0xe0, 0xa5, 0x82, 0xe0, 0xa4, 0xb7, 0xe0,
  0xa4, 0xb9, 0xe0, 0xa4, 0xbf, 0xe0, 0xa4, 0x82, 0xe0, 0xa4, 0xa6, 0xe0, 0xa5,
  0x80, 0xe0, 0xa4, 0xae, 0xe0, 0xa4, 0xbf, 0xe0, 0xa4, 0xa4, 0xe0, 0xa5, 0x8d,
  0xe0, 0xa4, 0xb0, 0xe0, 0xa4, 0x95, 0xe0, 0xa4, 0xb5, 0xe0, 0xa4, 0xbf, 0xe0,
  0xa4, 0xa4, 0xe0, 0xa4, 0xbe, 0xe0, 0xa4, 0xb0, 0xe0, 0xa5, 0x81, 0xe0, 0xa4,
  0xaa, 0xe0, 0xa4, 0xaf, 0xe0, 0xa5, 0x87, 0xe0, 0xa4, 0xb8, 0xe0, 0xa5, 0x8d,
  0xe0, 0xa4, 0xa5, 0xe0, 0xa4, 0xbe, 0xe0, 0xa4, 0xa8, 0xe0, 0xa4, 0x95, 0xe0,
  0xa4, 0xb0, 0xe0, 0xa5, 0x8b, 0xe0, 0xa4, 0xa1, 0xe0, 0xa4, 0xbc, 0xe0, 0xa4,
  0xae, 0xe0, 0xa5, 0x81, 0xe0, 0xa4, 0x95, 0xe0, 0xa5, 0x8d, 0xe0, 0xa4, 0xa4,
  0xe0, 0xa4, 0xaf, 0xe0, 0xa5, 0x8b, 0xe0, 0xa4, 0x9c, 0xe0, 0xa4, 0xa8, 0xe0,
  0xa4, 0xbe, 0xe0, 0xa4, 0x95, 0xe0, 0xa5, 0x83, 0xe0, 0xa4, 0xaa, 0xe0, 0xa4,
  0xaf, 0xe0, 0xa4, 0xbe, 0xe0, 0xa4, 0xaa, 0xe0, 0xa5, 0x8b, 0xe0, 0xa4, 0xb8,
  0xe0, 0xa5, 0x8d, 0xe0, 0xa4, 0x9f, 0xe0, 0xa4, 0x98, 0xe0, 0xa4, 0xb0, 0xe0,
  0xa5, 0x87, 0xe0, 0xa4, 0xb2, 0xe0, 0xa5, 0x82, 0xe0, 0xa4, 0x95, 0xe0, 0xa4,
  0xbe, 0xe0, 0xa4, 0xb0, 0xe0, 0xa5, 0x8d, 0xe0, 0xa4, 0xaf, 0xe0, 0xa4, 0xb5,
  0xe0, 0xa4, 0xbf, 0xe0, 0xa4, 0x9a, 0xe0, 0xa4, 0xbe, 0xe0, 0xa4, 0xb0, 0xe0,
  0xa4, 0xb8, 0xe0, 0xa5, 0x82, 0xe0, 0xa4, 0x9a, 0xe0, 0xa4, 0xa8, 0xe0, 0xa4,
  0xbe, 0xe0, 0xa4, 0xae, 0xe0, 0xa5, 0x82, 0xe0, 0xa4, 0xb2, 0xe0, 0xa5, 0x8d,
  0xe0, 0xa4, 0xaf, 0xe0, 0xa4, 0xa6, 0xe0, 0xa5, 0x87, 0xe0, 0xa4, 0x96, 0xe0,
  0xa5, 0x87, 0xe0, 0xa4, 0x82, 0xe0, 0xa4, 0xb9, 0xe0, 0xa4, 0xae, 0xe0, 0xa5,
  0x87, 0xe0, 0xa4, 0xb6, 0xe0, 0xa4, 0xbe, 0xe0, 0xa4, 0xb8, 0xe0, 0xa5, 0x8d,
  0xe0, 0xa4, 0x95, 0xe0, 0xa5, 0x82, 0xe0, 0xa4, 0xb2, 0xe0, 0xa4, 0xae, 0xe0,
  0xa5, 0x88, 0xe0, 0xa4, 0x82, 0xe0, 0xa4, 0xa8, 0xe0, 0xa5, 0x87, 0xe0, 0xa4,
  0xa4, 0xe0, 0xa5, 0x88, 0xe0, 0xa4, 0xaf, 0xe0, 0xa4, 0xbe, 0xe0, 0xa4, 0xb0,
  0xe0, 0xa4, 0x9c, 0xe0, 0xa4, 0xbf, 0xe0, 0xa4, 0xb8, 0xe0, 0xa4, 0x95, 0xe0,
  0xa5, 0x87, 0x72, 0x73, 0x73, 0x2b, 0x78, 0x6d, 0x6c, 0x22, 0x20, 0x74, 0x69,
  0x74, 0x6c, 0x65, 0x3d, 0x22, 0x2d, 0x74, 0x79, 0x70, 0x65, 0x22, 0x20, 0x63,
  0x6f, 0x6e, 0x74, 0x65, 0x6e, 0x74, 0x3d, 0x22, 0x74, 0x69, 0x74, 0x6c, 0x65,
  0x22, 0x20, 0x63, 0x6f, 0x6e, 0x74, 0x65, 0x6e, 0x74, 0x3d, 0x22, 0x61, 0x74,
  0x20, 0x74, 0x68, 0x65, 0x20, 0x73, 0x61, 0x6d, 0x65, 0x20, 0x74, 0x69, 0x6d,
  0x65, 0x2e, 0x6a, 0x73, 0x22, 0x3e, 0x3c, 0x2f, 0x73, 0x63, 0x72, 0x69, 0x70,
  0x74, 0x3e, 0x0a, 0x3c, 0x22, 0x20, 0x6d, 0x65, 0x74, 0x68, 0x6f, 0x64, 0x3d,
  0x22, 0x70, 0x6f, 0x73, 0x74, 0x22, 0x20, 0x3c, 0x2f, 0x73, 0x70, 0x61, 0x6e,
  0x3e, 0x3c, 0x2f, 0x61, 0x3e, 0x3c, 0x2f, 0x6c, 0x69, 0x3e, 0x76, 0x65, 0x72,
  0x74, 0x69, 0x63, 0x61, 0x6c, 0x2d, 0x61, 0x6c, 0x69, 0x67, 0x6e, 0x3a, 0x74,
  0x2f, 0x6a, 0x71, 0x75, 0x65, 0x72, 0x79, 0x2e, 0x6d, 0x69, 0x6e, 0x2e, 0x6a,
  0x73, 0x22, 0x3e, 0x2e, 0x63, 0x6c, 0x69, 0x63, 0x6b, 0x28, 0x66, 0x75, 0x6e,
  0x63, 0x74, 0x69, 0x6f, 0x6e, 0x28, 0x20, 0x73, 0x74, 0x79, 0x6c, 0x65, 0x3d,
  0x22, 0x70, 0x61, 0x64, 0x64, 0x69, 0x6e, 0x67, 0x2d, 0x7d, 0x29, 0x28, 0x29,
  0x3b, 0x0a, 0x3c, 0x2f, 0x73, 0x63, 0x72, 0x69, 0x70, 0x74, 0x3e, 0x0a, 0x3c,
  0x2f, 0x73, 0x70, 0x61, 0x6e, 0x3e, 0x3c, 0x61, 0x20, 0x68, 0x72, 0x65, 0x66,
  0x3d, 0x22, 0x3c, 0x61, 0x20, 0x68, 0x72, 0x65, 0x66, 0x3d, 0x22, 0x68, 0x74,
  0x74, 0x70, 0x3a, 0x2f, 0x2f, 0x29, 0x3b, 0x20, 0x72, 0x65, 0x74, 0x75, 0x72,
  0x6e, 0x20, 0x66, 0x61, 0x6c, 0x73, 0x65, 0x3b, 0x74, 0x65, 0x78, 0x74, 0x2d,
  0x64, 0x65, 0x63, 0x6f, 0x72, 0x61, 0x74, 0x69, 0x6f, 0x6e, 0x3a, 0x20, 0x73,
  0x63, 0x72, 0x6f, 0x6c, 0x6c, 0x69, 0x6e, 0x67, 0x3d, 0x22, 0x6e, 0x6f, 0x22,
  0x20, 0x62, 0x6f, 0x72, 0x64, 0x65, 0x72, 0x2d, 0x63, 0x6f, 0x6c, 0x6c, 0x61,
  0x70, 0x73, 0x65, 0x3a, 0x61, 0x73, 0x73, 0x6f, 0x63, 0x69, 0x61, 0x74, 0x65,
  0x64, 0x20, 0x77, 0x69, 0x74, 0x68, 0x20, 0x42, 0x61, 0x68, 0x61, 0x73, 0x61,
  0x20, 0x49, 0x6e, 0x64, 0x6f, 0x6e, 0x65, 0x73, 0x69, 0x61, 0x45, 0x6e, 0x67,
  0x6c, 0x69, 0x73, 0x68, 0x20, 0x6c, 0x61, 0x6e, 0x67, 0x75, 0x61, 0x67, 0x65,
  0x3c, 0x74, 0x65, 0x78, 0x74, 0x20, 0x78, 0x6d, 0x6c, 0x3a, 0x73, 0x70, 0x61,
  0x63, 0x65, 0x3d, 0x2e, 0x67, 0x69, 0x66, 0x22, 0x20, 0x62, 0x6f, 0x72, 0x64,
  0x65, 0x72, 0x3d, 0x22, 0x30, 0x22, 0x3c, 0x2f, 0x62, 0x6f, 0x64, 0x79, 0x3e,
  0x0a, 0x3c, 0x2f, 0x68, 0x74, 0x6d, 0x6c, 0x3e, 0x0a, 0x6f, 0x76, 0x65, 0x72,
  0x66, 0x6c, 0x6f, 0x77, 0x3a, 0x68, 0x69, 0x64, 0x64, 0x65, 0x6e, 0x3b, 0x69,
  0x6d, 0x67, 0x20, 0x73, 0x72, 0x63, 0x3d, 0x22, 0x68, 0x74, 0x74, 0x70, 0x3a,
  0x2f, 0x2f, 0x61, 0x64, 0x64, 0x45, 0x76, 0x65, 0x6e, 0x74, 0x4c, 0x69, 0x73,
  0x74, 0x65, 0x6e, 0x65, 0x72, 0x72, 0x65, 0x73, 0x70, 0x6f, 0x6e, 0x73, 0x69,
  0x62, 0x6c, 0x65, 0x20, 0x66, 0x6f, 0x72, 0x20, 0x73, 0x2e, 0x6a, 0x73, 0x22,
  0x3e, 0x3c, 0x2f, 0x73, 0x63, 0x72, 0x69, 0x70, 0x74, 0x3e, 0x0a, 0x2f, 0x66,
  0x61, 0x76, 0x69, 0x63, 0x6f, 0x6e, 0x2e, 0x69, 0x63, 0x6f, 0x22, 0x20, 0x2f,
  0x3e, 0x6f, 0x70, 0x65, 0x72, 0x61, 0x74, 0x69, 0x6e, 0x67, 0x20, 0x73, 0x79,
  0x73, 0x74, 0x65, 0x6d, 0x22, 0x20, 0x73, 0x74, 0x79, 0x6c, 0x65, 0x3d, 0x22,
  0x77, 0x69, 0x64, 0x74, 0x68, 0x3a, 0x31, 0x74, 0x61, 0x72, 0x67, 0x65, 0x74,
  0x3d, 0x22, 0x5f, 0x62, 0x6c, 0x61, 0x6e, 0x6b, 0x22, 0x3e, 0x53, 0x74, 0x61,
  0x74, 0x65, 0x20, 0x55, 0x6e, 0x69, 0x76, 0x65, 0x72, 0x73, 0x69, 0x74, 0x79,
  0x74, 0x65, 0x78, 0x74, 0x2d, 0x61, 0x6c, 0x69, 0x67, 0x6e, 0x3a, 0x6c, 0x65,
  0x66, 0x74, 0x3b, 0x0a, 0x64, 0x6f, 0x63, 0x75, 0x6d, 0x65, 0x6e, 0x74, 0x2e,
  0x77, 0x72, 0x69, 0x74, 0x65, 0x28, 0x2c, 0x20, 0x69, 0x6e, 0x63, 0x6c, 0x75,
  0x64, 0x69, 0x6e, 0x67, 0x20, 0x74, 0x68, 0x65, 0x20, 0x61, 0x72, 0x6f, 0x75,
  0x6e, 0x64, 0x20, 0x74, 0x68, 0x65, 0x20, 0x77, 0x6f, 0x72, 0x6c, 0x64, 0x29,
  0x3b, 0x0d, 0x0a, 0x3c, 0x2f, 0x73, 0x63, 0x72, 0x69, 0x70, 0x74, 0x3e, 0x0d,
  0x0a, 0x3c, 0x22, 0x20, 0x73, 0x74, 0x79, 0x6c, 0x65, 0x3d, 0x22, 0x68, 0x65,
  0x69, 0x67, 0x68, 0x74, 0x3a, 0x3b, 0x6f, 0x76, 0x65, 0x72, 0x66, 0x6c, 0x6f,
  0x77, 0x3a, 0x68, 0x69, 0x64, 0x64, 0x65, 0x6e, 0x6d, 0x6f, 0x72, 0x65, 0x20,
  0x69, 0x6e, 0x66, 0x6f, 0x72, 0x6d, 0x61, 0x74, 0x69, 0x6f, 0x6e, 0x61, 0x6e,
  0x20, 0x69, 0x6e, 0x74, 0x65, 0x72, 0x6e, 0x61, 0x74, 0x69, 0x6f, 0x6e, 0x61,
  0x6c, 0x61, 0x20, 0x6d, 0x65, 0x6d, 0x62, 0x65, 0x72, 0x20, 0x6f, 0x66, 0x20,
  0x74, 0x68, 0x65, 0x20, 0x6f, 0x6e, 0x65, 0x20, 0x6f, 0x66, 0x20, 0x74, 0x68,
  0x65, 0x20, 0x66, 0x69, 0x72, 0x73, 0x74, 0x63, 0x61, 0x6e, 0x20, 0x62, 0x65,
  0x20, 0x66, 0x6f, 0x75, 0x6e, 0x64, 0x20, 0x69, 0x6e, 0x20, 0x3c, 0x2f, 0x64,
  0x69, 0x76, 0x3e, 0x0a, 0x09, 0x09, 0x3c, 0x2f, 0x64, 0x69, 0x76, 0x3e, 0x0a,
  0x64, 0x69, 0x73, 0x70, 0x6c, 0x61, 0x79, 0x3a, 0x20, 0x6e, 0x6f, 0x6e, 0x65,
  0x3b, 0x22, 0x3e, 0x22, 0x20, 0x2f, 0x3e, 0x0a, 0x3c, 0x6c, 0x69, 0x6e, 0x6b,
  0x20, 0x72, 0x65, 0x6c, 0x3d, 0x22, 0x0a, 0x20, 0x20, 0x28, 0x66, 0x75, 0x6e,
  0x63, 0x74, 0x69, 0x6f, 0x6e, 0x28, 0x29, 0x20, 0x7b, 0x74, 0x68, 0x65, 0x20,
  0x31, 0x35, 0x74, 0x68, 0x20, 0x63, 0x65, 0x6e, 0x74, 0x75, 0x72, 0x79, 0x2e,
  0x70, 0x72, 0x65, 0x76, 0x65, 0x6e, 0x74, 0x44, 0x65, 0x66, 0x61, 0x75, 0x6c,
  0x74, 0x28, 0x6c, 0x61, 0x72, 0x67, 0x65, 0x20, 0x6e, 0x75, 0x6d, 0x62, 0x65,
  0x72, 0x20, 0x6f, 0x66, 0x20, 0x42, 0x79, 0x7a, 0x61, 0x6e, 0x74, 0x69, 0x6e,
  0x65, 0x20, 0x45, 0x6d, 0x70, 0x69, 0x72, 0x65, 0x2e, 0x6a, 0x70, 0x67, 0x7c,
  0x74, 0x68, 0x75, 0x6d, 0x62, 0x7c, 0x6c, 0x65, 0x66, 0x74, 0x7c, 0x76, 0x61,
  0x73, 0x74, 0x20, 0x6d, 0x61, 0x6a, 0x6f, 0x72, 0x69, 0x74, 0x79, 0x20, 0x6f,
  0x66, 0x6d, 0x61, 0x6a, 0x6f, 0x72, 0x69, 0x74, 0x79, 0x20, 0x6f, 0x66, 0x20,
  0x74, 0x68, 0x65, 0x20, 0x20, 0x61, 0x6c, 0x69, 0x67, 0x6e, 0x3d, 0x22, 0x63,
  0x65, 0x6e, 0x74, 0x65, 0x72, 0x22, 0x3e, 0x55, 0x6e, 0x69, 0x76, 0x65, 0x72,
  0x73, 0x69, 0x74, 0x79, 0x20, 0x50, 0x72, 0x65, 0x73, 0x73, 0x64, 0x6f, 0x6d,
  0x69, 0x6e, 0x61, 0x74, 0x65, 0x64, 0x20, 0x62, 0x79, 0x20, 0x74, 0x68, 0x65,
  0x53, 0x65, 0x63, 0x6f, 0x6e, 0x64, 0x20, 0x57, 0x6f, 0x72, 0x6c, 0x64, 0x20,
  0x57, 0x61, 0x72, 0x64, 0x69, 0x73, 0x74, 0x72, 0x69, 0x62, 0x75, 0x74, 0x69,
  0x6f, 0x6e, 0x20, 0x6f, 0x66, 0x20, 0x73, 0x74, 0x79, 0x6c, 0x65, 0x3d, 0x22,
  0x70, 0x6f, 0x73, 0x69, 0x74, 0x69, 0x6f, 0x6e, 0x3a, 0x74, 0x68, 0x65, 0x20,
  0x72, 0x65, 0x73, 0x74, 0x20, 0x6f, 0x66, 0x20, 0x74, 0x68, 0x65, 0x20, 0x63,
  0x68, 0x61, 0x72, 0x61, 0x63, 0x74, 0x65, 0x72, 0x69, 0x7a, 0x65, 0x64, 0x20,
  0x62, 0x79, 0x20, 0x72, 0x65, 0x6c, 0x3d, 0x22, 0x6e, 0x6f, 0x66, 0x6f, 0x6c,
  0x6c, 0x6f, 0x77, 0x22, 0x3e, 0x64, 0x65, 0x72, 0x69, 0x76, 0x65, 0x73, 0x20,
  0x66, 0x72, 0x6f, 0x6d, 0x20, 0x74, 0x68, 0x65, 0x72, 0x61, 0x74, 0x68, 0x65,
  0x72, 0x20, 0x74, 0x68, 0x61, 0x6e, 0x20, 0x74, 0x68, 0x65, 0x20, 0x61, 0x20,
  0x63, 0x6f, 0x6d, 0x62, 0x69, 0x6e, 0x61, 0x74, 0x69, 0x6f, 0x6e, 0x20, 0x6f,
  0x66, 0x73, 0x74, 0x79, 0x6c, 0x65, 0x3d, 0x22, 0x77, 0x69, 0x64, 0x74, 0x68,
  0x3a, 0x31, 0x30, 0x30, 0x45, 0x6e, 0x67, 0x6c, 0x69, 0x73, 0x68, 0x2d, 0x73,
  0x70, 0x65, 0x61, 0x6b, 0x69, 0x6e, 0x67, 0x63, 0x6f, 0x6d, 0x70, 0x75, 0x74,
  0x65, 0x72, 0x20, 0x73, 0x63, 0x69, 0x65, 0x6e, 0x63, 0x65, 0x62, 0x6f, 0x72,
  0x64, 0x65, 0x72, 0x3d, 0x22, 0x30, 0x22, 0x20, 0x61, 0x6c, 0x74, 0x3d, 0x22,
  0x74, 0x68, 0x65, 0x20, 0x65, 0x78, 0x69, 0x73, 0x74, 0x65, 0x6e, 0x63, 0x65,
  0x20, 0x6f, 0x66, 0x44, 0x65, 0x6d, 0x6f, 0x63, 0x72, 0x61, 0x74, 0x69, 0x63,
  0x20, 0x50, 0x61, 0x72, 0x74, 0x79, 0x22, 0x20, 0x73, 0x74, 0x79, 0x6c, 0x65,
  0x3d, 0x22, 0x6d, 0x61, 0x72, 0x67, 0x69, 0x6e, 0x2d, 0x46, 0x6f, 0x72, 0x20,
  0x74, 0x68, 0x69, 0x73, 0x20, 0x72, 0x65, 0x61, 0x73, 0x6f, 0x6e, 0x2c, 0x2e,
  0x6a, 0x73, 0x22, 0x3e, 0x3c, 0x2f, 0x73, 0x63, 0x72, 0x69, 0x70, 0x74, 0x3e,
  0x0a, 0x09, 0x73, 0x42, 0x79, 0x54, 0x61, 0x67, 0x4e, 0x61, 0x6d, 0x65, 0x28,
  0x73, 0x29, 0x5b, 0x30, 0x5d, 0x6a, 0x73, 0x22, 0x3e, 0x3c, 0x2f, 0x73, 0x63,
  0x72, 0x69, 0x70, 0x74, 0x3e, 0x0d, 0x0a, 0x3c, 0x2e, 0x6a, 0x73, 0x22, 0x3e,
  0x3c, 0x2f, 0x73, 0x63, 0x72, 0x69, 0x70, 0x74, 0x3e, 0x0d, 0x0a, 0x6c, 0x69,
  0x6e, 0x6b, 0x20, 0x72, 0x65, 0x6c, 0x3d, 0x22, 0x69, 0x63, 0x6f, 0x6e, 0x22,
  0x20, 0x27, 0x20, 0x61, 0x6c, 0x74, 0x3d, 0x27, 0x27, 0x20, 0x63, 0x6c, 0x61,
  0x73, 0x73, 0x3d, 0x27, 0x66, 0x6f, 0x72, 0x6d, 0x61, 0x74, 0x69, 0x6f, 0x6e,
  0x20, 0x6f, 0x66, 0x20, 0x74, 0x68, 0x65, 0x76, 0x65, 0x72, 0x73, 0x69, 0x6f,
  0x6e, 0x73, 0x20, 0x6f, 0x66, 0x20, 0x74, 0x68, 0x65, 0x20, 0x3c, 0x2f, 0x61,
  0x3e, 0x3c, 0x2f, 0x64, 0x69, 0x76, 0x3e, 0x3c, 0x2f, 0x64, 0x69, 0x76, 0x3e,
  0x2f, 0x70, 0x61, 0x67, 0x65, 0x3e, 0x0a, 0x20, 0x20, 0x3c, 0x70, 0x61, 0x67,
  0x65, 0x3e, 0x0a, 0x3c, 0x64, 0x69, 0x76, 0x20, 0x63, 0x6c, 0x61, 0x73, 0x73,
  0x3d, 0x22, 0x63, 0x6f, 0x6e, 0x74, 0x62, 0x65, 0x63, 0x61, 0x6d, 0x65, 0x20,
  0x74, 0x68, 0x65, 0x20, 0x66, 0x69, 0x72, 0x73, 0x74, 0x62, 0x61, 0x68, 0x61,
  0x73, 0x61, 0x20, 0x49, 0x6e, 0x64, 0x6f, 0x6e, 0x65, 0x73, 0x69, 0x61, 0x65,
  0x6e, 0x67, 0x6c, 0x69, 0x73, 0x68, 0x20, 0x28, 0x73, 0x69, 0x6d, 0x70, 0x6c,
  0x65, 0x29, 0xce, 0x95, 0xce, 0xbb, 0xce, 0xbb, 0xce, 0xb7, 0xce, 0xbd, 0xce,
  0xb9, 0xce, 0xba, 0xce, 0xac, 0xd1, 0x85, 0xd1, 0x80, 0xd0, 0xb2, 0xd0, 0xb0,
  0xd1, 0x82, 0xd1, 0x81, 0xd0, 0xba, 0xd0, 0xb8, 0xd0, 0xba, 0xd0, 0xbe, 0xd0,
  0xbc, 0xd0, 0xbf, 0xd0, 0xb0, 0xd0, 0xbd, 0xd0, 0xb8, 0xd0, 0xb8, 0xd1, 0x8f,
  0xd0, 0xb2, 0xd0, 0xbb, 0xd1, 0x8f, 0xd0, 0xb5, 0xd1, 0x82, 0xd1, 0x81, 0xd1,
  0x8f, 0xd0, 0x94, 0xd0, 0xbe, 0xd0, 0xb1, 0xd0, 0xb0, 0xd0, 0xb2, 0xd0, 0xb8,
  0xd1, 0x82, 0xd1, 0x8c, 0xd1, 0x87, 0xd0, 0xb5, 0xd0, 0xbb, 0xd0, 0xbe, 0xd0,
  0xb2, 0xd0, 0xb5, 0xd0, 0xba, 0xd0, 0xb0, 0xd1, 0x80, 0xd0, 0xb0, 0xd0, 0xb7,
  0xd0, 0xb2, 0xd0, 0xb8, 0xd1, 0x82, 0xd0, 0xb8, 0xd1, 0x8f, 0xd0, 0x98, 0xd0,
  0xbd, 0xd1, 0x82, 0xd0, 0xb5, 0xd1, 0x80, 0xd0, 0xbd, 0xd0, 0xb5, 0xd1, 0x82,
  0xd0, 0x9e, 0xd1, 0x82, 0xd0, 0xb2, 0xd0, 0xb5, 0xd1, 0x82, 0xd0, 0xb8, 0xd1,
  0x82, 0xd1, 0x8c, 0xd0, 0xbd, 0xd0, 0xb0, 0xd0, 0xbf, 0xd1, 0x80, 0xd0, 0xb8,
  0xd0, 0xbc, 0xd0, 0xb5, 0xd1, 0x80, 0xd0, 0xb8, 0xd0, 0xbd, 0xd1, 0x82, 0xd0,
  0xb5, 0xd1, 0x80, 0xd0, 0xbd, 0xd0, 0xb5, 0xd1, 0x82, 0xd0, 0xba, 0xd0, 0xbe,
  0xd1, 0x82, 0xd0, 0xbe, 0xd1, 0x80, 0xd0, 0xbe, 0xd0, 0xb3, 0xd0, 0xbe, 0xd1,
  0x81, 0xd1, 0x82, 0xd1, 0x80, 0xd0, 0xb0, 0xd0, 0xbd, 0xd0, 0xb8, 0xd1, 0x86,
  0xd1, 0x8b, 0xd0, 0xba, 0xd0, 0xb0, 0xd1, 0x87, 0xd0, 0xb5, 0xd1, 0x81, 0xd1,
  0x82, 0xd0, 0xb2, 0xd0, 0xb5, 0xd1, 0x83, 0xd1, 0x81, 0xd0, 0xbb, 0xd0, 0xbe,
  0xd0, 0xb2, 0xd0, 0xb8, 0xd1, 0x8f, 0xd1, 0x85, 0xd0, 0xbf, 0xd1, 0x80, 0xd0,
  0xbe, 0xd0, 0xb1, 0xd0, 0xbb, 0xd0, 0xb5, 0xd0, 0xbc, 0xd1, 0x8b, 0xd0, 0xbf,
  0xd0, 0xbe, 0xd0, 0xbb, 0xd1, 0x83, 0xd1, 0x87, 0xd0, 0xb8, 0xd1, 0x82, 0xd1,
  0x8c, 0xd1, 0x8f, 0xd0, 0xb2, 0xd0, 0xbb, 0xd1, 0x8f, 0xd1, 0x8e, 0xd1, 0x82,
  0xd1, 0x81, 0xd1, 0x8f, 0xd0, 0xbd, 0xd0, 0xb0, 0xd0, 0xb8, 0xd0, 0xb1, 0xd0,
  0xbe, 0xd0, 0xbb, 0xd0, 0xb5, 0xd0, 0xb5, 0xd0, 0xba, 0xd0, 0xbe, 0xd0, 0xbc,
  0xd0, 0xbf, 0xd0, 0xb0, 0xd0, 0xbd, 0xd0, 0xb8, 0xd1, 0x8f, 0xd0, 0xb2, 0xd0,
  0xbd, 0xd0, 0xb8, 0xd0, 0xbc, 0xd0, 0xb0, 0xd0, 0xbd, 0xd0, 0xb8, 0xd0, 0xb5,
  0xd1, 0x81, 0xd1, 0x80, 0xd0, 0xb5, 0xd0, 0xb4, 0xd1, 0x81, 0xd1, 0x82, 0xd0,
  0xb2, 0xd0, 0xb0, 0xd8, 0xa7, 0xd9, 0x84, 0xd9, 0x85, 0xd9, 0x88, 0xd8, 0xa7,
  0xd8, 0xb6, 0xd9, 0x8a, 0xd8, 0xb9, 0xd8, 0xa7, 0xd9, 0x84, 0xd8, 0xb1, 0xd8,
  0xa6, 0xd9, 0x8a, 0xd8, 0xb3, 0xd9, 0x8a, 0xd8, 0xa9, 0xd8, 0xa7, 0xd9, 0x84,
  0xd8, 0xa7, 0xd9, 0x86, 0xd8, 0xaa, 0xd9, 0x82, 0xd8, 0xa7, 0xd9, 0x84, 0xd9,
  0x85, 0xd8, 0xb4, 0xd8, 0xa7, 0xd8, 0xb1, 0xd9, 0x83, 0xd8, 0xa7, 0xd8, 0xaa,
  0xd9, 0x83, 0xd8, 0xa7, 0xd9, 0x84, 0xd8, 0xb3, 0xd9, 0x8a, 0xd8, 0xa7, 0xd8,
  0xb1, 0xd8, 0xa7, 0xd8, 0xaa, 0xd8, 0xa7, 0xd9, 0x84, 0xd9, 0x85, 0xd9, 0x83,
  0xd8, 0xaa, 0xd9, 0x88, 0xd8, 0xa8, 0xd8, 0xa9, 0xd8, 0xa7, 0xd9, 0x84, 0xd8,
  0xb3, 0xd8, 0xb9, 0xd9, 0x88, 0xd8, 0xaf, 0xd9, 0x8a, 0xd8, 0xa9, 0xd8, 0xa7,
  0xd8, 0xad, 0xd8, 0xb5, 0xd8, 0xa7, 0xd8, 0xa6, 0xd9, 0x8a, 0xd8, 0xa7, 0xd8,
  0xaa, 0xd8, 0xa7, 0xd9, 0x84, 0xd8, 0xb9, 0xd8, 0xa7, 0xd9, 0x84, 0xd9, 0x85,
  0xd9, 0x8a, 0xd8, 0xa9, 0xd8, 0xa7, 0xd9, 0x84, 0xd8, 0xb5, 0xd9, 0x88, 0xd8,
  0xaa, 0xd9, 0x8a, 0xd8, 0xa7, 0xd8, 0xaa, 0xd8, 0xa7, 0xd9, 0x84, 0xd8, 0xa7,
  0xd9, 0x86, 0xd8, 0xaa, 0xd8, 0xb1, 0xd9, 0x86, 0xd8, 0xaa, 0xd8, 0xa7, 0xd9,
  0x84, 0xd8, 0xaa, 0xd8, 0xb5, 0xd8, 0xa7, 0xd9, 0x85, 0xd9, 0x8a, 0xd9, 0x85,
  0xd8, 0xa7, 0xd9, 0x84, 0xd8, 0xa5, 0xd8, 0xb3, 0xd9, 0x84, 0xd8, 0xa7, 0xd9,
  0x85, 0xd9, 0x8a, 0xd8, 0xa7, 0xd9, 0x84, 0xd9, 0x85, 0xd8, 0xb4, 0xd8, 0xa7,
  0xd8, 0xb1, 0xd9, 0x83, 0xd8, 0xa9, 0xd8, 0xa7, 0xd9, 0x84, 0xd9, 0x85, 0xd8,
  0xb1, 0xd8, 0xa6, 0xd9, 0x8a, 0xd8, 0xa7, 0xd8, 0xaa, 0x72, 0x6f, 0x62, 0x6f,
  0x74, 0x73, 0x22, 0x20, 0x63, 0x6f, 0x6e, 0x74, 0x65, 0x6e, 0x74, 0x3d, 0x22,
  0x3c, 0x64, 0x69, 0x76, 0x20, 0x69, 0x64, 0x3d, 0x22, 0x66, 0x6f, 0x6f, 0x74,
  0x65, 0x72, 0x22, 0x3e, 0x74, 0x68, 0x65, 0x20, 0x55, 0x6e, 0x69, 0x74, 0x65,
  0x64, 0x20, 0x53, 0x74, 0x61, 0x74, 0x65, 0x73, 0x3c, 0x69, 0x6d, 0x67, 0x20,
  0x73, 0x72, 0x63, 0x3d, 0x22, 0x68, 0x74, 0x74, 0x70, 0x3a, 0x2f, 0x2f, 0x2e,
  0x6a, 0x70, 0x67, 0x7c, 0x72, 0x69, 0x67, 0x68, 0x74, 0x7c, 0x74, 0x68, 0x75,
  0x6d, 0x62, 0x7c, 0x2e, 0x6a, 0x73, 0x22, 0x3e, 0x3c, 0x2f, 0x73, 0x63, 0x72,
  0x69, 0x70, 0x74, 0x3e, 0x0d, 0x0a, 0x3c, 0x6c, 0x6f, 0x63, 0x61, 0x74, 0x69,
  0x6f, 0x6e, 0x2e, 0x70, 0x72, 0x6f, 0x74, 0x6f, 0x63, 0x6f, 0x6c, 0x66, 0x72,
  0x61, 0x6d, 0x65, 0x62, 0x6f, 0x72, 0x64, 0x65, 0x72, 0x3d, 0x22, 0x30, 0x22,
  0x20, 0x73, 0x22, 0x20, 0x2f, 0x3e, 0x0a, 0x3c, 0x6d, 0x65, 0x74, 0x61, 0x20,
  0x6e, 0x61, 0x6d, 0x65, 0x3d, 0x22, 0x3c, 0x2f, 0x61, 0x3e, 0x3c, 0x2f, 0x64,
  0x69, 0x76, 0x3e, 0x3c, 0x2f, 0x64, 0x69, 0x76, 0x3e, 0x3c, 0x66, 0x6f, 0x6e,
  0x74, 0x2d, 0x77, 0x65, 0x69, 0x67, 0x68, 0x74, 0x3a, 0x62, 0x6f, 0x6c, 0x64,
  0x3b, 0x26, 0x71, 0x75, 0x6f, 0x74, 0x3b, 0x20, 0x61, 0x6e, 0x64, 0x20, 0x26,
  0x71, 0x75, 0x6f, 0x74, 0x3b, 0x64, 0x65, 0x70, 0x65, 0x6e, 0x64, 0x69, 0x6e,
  0x67, 0x20, 0x6f, 0x6e, 0x20, 0x74, 0x68, 0x65, 0x20, 0x6d, 0x61, 0x72, 0x67,
  0x69, 0x6e, 0x3a, 0x30, 0x3b, 0x70, 0x61, 0x64, 0x64, 0x69, 0x6e, 0x67, 0x3a,
  0x22, 0x20, 0x72, 0x65, 0x6c, 0x3d, 0x22, 0x6e, 0x6f, 0x66, 0x6f, 0x6c, 0x6c,
  0x6f, 0x77, 0x22, 0x20, 0x50, 0x72, 0x65, 0x73, 0x69, 0x64, 0x65, 0x6e, 0x74,
  0x20, 0x6f, 0x66, 0x20, 0x74, 0x68, 0x65, 0x20, 0x74, 0x77, 0x65, 0x6e, 0x74,
  0x69, 0x65, 0x74, 0x68, 0x20, 0x63, 0x65, 0x6e, 0x74, 0x75, 0x72, 0x79, 0x65,
  0x76, 0x69, 0x73, 0x69, 0x6f, 0x6e, 0x3e, 0x0a, 0x20, 0x20, 0x3c, 0x2f, 0x70,
  0x61, 0x67, 0x65, 0x49, 0x6e, 0x74, 0x65, 0x72, 0x6e, 0x65, 0x74, 0x20, 0x45,
  0x78, 0x70, 0x6c, 0x6f, 0x72, 0x65, 0x72, 0x61, 0x2e, 0x61, 0x73, 0x79, 0x6e,
  0x63, 0x20, 0x3d, 0x20, 0x74, 0x72, 0x75, 0x65, 0x3b, 0x0d, 0x0a, 0x69, 0x6e,
  0x66, 0x6f, 0x72, 0x6d, 0x61, 0x74, 0x69, 0x6f, 0x6e, 0x20, 0x61, 0x62, 0x6f,
  0x75, 0x74, 0x3c, 0x64, 0x69, 0x76, 0x20, 0x69, 0x64, 0x3d, 0x22, 0x68, 0x65,
  0x61, 0x64, 0x65, 0x72, 0x22, 0x3e, 0x22, 0x20, 0x61, 0x63, 0x74, 0x69, 0x6f,
  0x6e, 0x3d, 0x22, 0x68, 0x74, 0x74, 0x70, 0x3a, 0x2f, 0x2f, 0x3c, 0x61, 0x20,
  0x68, 0x72, 0x65, 0x66, 0x3d, 0x22, 0x68, 0x74, 0x74, 0x70, 0x73, 0x3a, 0x2f,
  0x2f, 0x3c, 0x64, 0x69, 0x76, 0x20, 0x69, 0x64, 0x3d, 0x22, 0x63, 0x6f, 0x6e,
  0x74, 0x65, 0x6e, 0x74, 0x22, 0x3c, 0x2f, 0x64, 0x69, 0x76, 0x3e, 0x0d, 0x0a,
  0x3c, 0x2f, 0x64, 0x69, 0x76, 0x3e, 0x0d, 0x0a, 0x3c, 0x64, 0x65, 0x72, 0x69,
  0x76, 0x65, 0x64, 0x20, 0x66, 0x72, 0x6f, 0x6d, 0x20, 0x74, 0x68, 0x65, 0x20,
  0x3c, 0x69, 0x6d, 0x67, 0x20, 0x73, 0x72, 0x63, 0x3d, 0x27, 0x68, 0x74, 0x74,
  0x70, 0x3a, 0x2f, 0x2f, 0x61, 0x63, 0x63, 0x6f, 0x72, 0x64, 0x69, 0x6e, 0x67,
  0x20, 0x74, 0x6f, 0x20, 0x74, 0x68, 0x65, 0x20, 0x0a, 0x3c, 0x2f, 0x62, 0x6f,
  0x64, 0x79, 0x3e, 0x0a, 0x3c, 0x2f, 0x68, 0x74, 0x6d, 0x6c, 0x3e, 0x0a, 0x73,
  0x74, 0x79, 0x6c, 0x65, 0x3d, 0x22, 0x66, 0x6f, 0x6e, 0x74, 0x2d, 0x73, 0x69,
  0x7a, 0x65, 0x3a, 0x73, 0x63, 0x72, 0x69, 0x70, 0x74, 0x20, 0x6c, 0x61, 0x6e,
  0x67, 0x75, 0x61, 0x67, 0x65, 0x3d, 0x22, 0x41, 0x72, 0x69, 0x61, 0x6c, 0x2c,
  0x20, 0x48, 0x65, 0x6c, 0x76, 0x65, 0x74, 0x69, 0x63, 0x61, 0x2c, 0x3c, 0x2f,
  0x61, 0x3e, 0x3c, 0x73, 0x70, 0x61, 0x6e, 0x20, 0x63, 0x6c, 0x61, 0x73, 0x73,
  0x3d, 0x22, 0x3c, 0x2f, 0x73, 0x63, 0x72, 0x69, 0x70, 0x74, 0x3e, 0x3c, 0x73,
  0x63, 0x72, 0x69, 0x70, 0x74, 0x20, 0x70, 0x6f, 0x6c, 0x69, 0x74, 0x69, 0x63,
  0x61, 0x6c, 0x20, 0x70, 0x61, 0x72, 0x74, 0x69, 0x65, 0x73, 0x74, 0x64, 0x3e,
  0x3c, 0x2f, 0x74, 0x72, 0x3e, 0x3c, 0x2f, 0x74, 0x61, 0x62, 0x6c, 0x65, 0x3e,
  0x3c, 0x68, 0x72, 0x65, 0x66, 0x3d, 0x22, 0x68, 0x74, 0x74, 0x70, 0x3a, 0x2f,
  0x2f, 0x77, 0x77, 0x77, 0x2e, 0x69, 0x6e, 0x74, 0x65, 0x72, 0x70, 0x72, 0x65,
  0x74, 0x61, 0x74, 0x69, 0x6f, 0x6e, 0x20, 0x6f, 0x66, 0x72, 0x65, 0x6c, 0x3d,
  0x22, 0x73, 0x74, 0x79, 0x6c, 0x65, 0x73, 0x68, 0x65, 0x65, 0x74, 0x22, 0x20,
  0x64, 0x6f, 0x63, 0x75, 0x6d, 0x65, 0x6e, 0x74, 0x2e, 0x77, 0x72, 0x69, 0x74,
  0x65, 0x28, 0x27, 0x3c, 0x63, 0x68, 0x61, 0x72, 0x73, 0x65, 0x74, 0x3d, 0x22,
  0x75, 0x74, 0x66, 0x2d, 0x38, 0x22, 0x3e, 0x0a, 0x62, 0x65, 0x67, 0x69, 0x6e,
  0x6e, 0x69, 0x6e, 0x67, 0x20, 0x6f, 0x66, 0x20, 0x74, 0x68, 0x65, 0x20, 0x72,
  0x65, 0x76, 0x65, 0x61, 0x6c, 0x65, 0x64, 0x20, 0x74, 0x68, 0x61, 0x74, 0x20,
  0x74, 0x68, 0x65, 0x74, 0x65, 0x6c, 0x65, 0x76, 0x69, 0x73, 0x69, 0x6f, 0x6e,
  0x20, 0x73, 0x65, 0x72, 0x69, 0x65, 0x73, 0x22, 0x20, 0x72, 0x65, 0x6c, 0x3d,
  0x22, 0x6e, 0x6f, 0x66, 0x6f, 0x6c, 0x6c, 0x6f, 0x77, 0x22, 0x3e, 0x20, 0x74,
  0x61, 0x72, 0x67, 0x65, 0x74, 0x3d, 0x22, 0x5f, 0x62, 0x6c, 0x61, 0x6e, 0x6b,
  0x22, 0x3e, 0x63, 0x6c, 0x61, 0x69, 0x6d, 0x69, 0x6e, 0x67, 0x20, 0x74, 0x68,
  0x61, 0x74, 0x20, 0x74, 0x68, 0x65, 0x68, 0x74, 0x74, 0x70, 0x25, 0x33, 0x41,
  0x25, 0x32, 0x46, 0x25, 0x32, 0x46, 0x77, 0x77, 0x77, 0x2e, 0x6d, 0x61, 0x6e,
  0x69, 0x66, 0x65, 0x73, 0x74, 0x61, 0x74, 0x69, 0x6f, 0x6e, 0x73, 0x20, 0x6f,
  0x66, 0x50, 0x72, 0x69, 0x6d, 0x65, 0x20, 0x4d, 0x69, 0x6e, 0x69, 0x73, 0x74,
  0x65, 0x72, 0x20, 0x6f, 0x66, 0x69, 0x6e, 0x66, 0x6c, 0x75, 0x65, 0x6e, 0x63,
  0x65, 0x64, 0x20, 0x62, 0x79, 0x20, 0x74, 0x68, 0x65, 0x63, 0x6c, 0x61, 0x73,
  0x73, 0x3d, 0x22, 0x63, 0x6c, 0x65, 0x61, 0x72, 0x66, 0x69, 0x78, 0x22, 0x3e,
  0x2f, 0x64, 0x69, 0x76, 0x3e, 0x0d, 0x0a, 0x3c, 0x2f, 0x64, 0x69, 0x76, 0x3e,
  0x0d, 0x0a, 0x0d, 0x0a, 0x74, 0x68, 0x72, 0x65, 0x65, 0x2d, 0x64, 0x69, 0x6d,
  0x65, 0x6e, 0x73, 0x69, 0x6f, 0x6e, 0x61, 0x6c, 0x43, 0x68, 0x75, 0x72, 0x63,
  0x68, 0x20, 0x6f, 0x66, 0x20, 0x45, 0x6e, 0x67, 0x6c, 0x61, 0x6e, 0x64, 0x6f,
  0x66, 0x20, 0x4e, 0x6f, 0x72, 0x74, 0x68, 0x20, 0x43, 0x61, 0x72, 0x6f, 0x6c,
  0x69, 0x6e, 0x61, 0x73, 0x71, 0x75, 0x61, 0x72, 0x65, 0x20, 0x6b, 0x69, 0x6c,
  0x6f, 0x6d, 0x65, 0x74, 0x72, 0x65, 0x73, 0x2e, 0x61, 0x64, 0x64, 0x45, 0x76,
  0x65, 0x6e, 0x74, 0x4c, 0x69, 0x73, 0x74, 0x65, 0x6e, 0x65, 0x72, 0x64, 0x69,
  0x73, 0x74, 0x69, 0x6e, 0x63, 0x74, 0x20, 0x66, 0x72, 0x6f, 0x6d, 0x20, 0x74,
  0x68, 0x65, 0x63, 0x6f, 0x6d, 0x6d, 0x6f, 0x6e, 0x6c, 0x79, 0x20, 0x6b, 0x6e,
  0x6f, 0x77, 0x6e, 0x20, 0x61, 0x73, 0x50, 0x68, 0x6f, 0x6e, 0x65, 0x74, 0x69,
  0x63, 0x20, 0x41, 0x6c, 0x70, 0x68, 0x61, 0x62, 0x65, 0x74, 0x64, 0x65, 0x63,
  0x6c, 0x61, 0x72, 0x65, 0x64, 0x20, 0x74, 0x68, 0x61, 0x74, 0x20, 0x74, 0x68,
  0x65, 0x63, 0x6f, 0x6e, 0x74, 0x72, 0x6f, 0x6c, 0x6c, 0x65, 0x64, 0x20, 0x62,
  0x79, 0x20, 0x74, 0x68, 0x65, 0x42, 0x65, 0x6e, 0x6a, 0x61, 0x6d, 0x69, 0x6e,
  0x20, 0x46, 0x72, 0x61, 0x6e, 0x6b, 0x6c, 0x69, 0x6e, 0x72, 0x6f, 0x6c, 0x65,
  0x2d, 0x70, 0x6c, 0x61, 0x79, 0x69, 0x6e, 0x67, 0x20, 0x67, 0x61, 0x6d, 0x65,
  0x74, 0x68, 0x65, 0x20, 0x55, 0x6e, 0x69, 0x76, 0x65, 0x72, 0x73, 0x69, 0x74,
  0x79, 0x20, 0x6f, 0x66, 0x69, 0x6e, 0x20, 0x57, 0x65, 0x73, 0x74, 0x65, 0x72,
  0x6e, 0x20, 0x45, 0x75, 0x72, 0x6f, 0x70, 0x65, 0x70, 0x65, 0x72, 0x73, 0x6f,
  0x6e, 0x61, 0x6c, 0x20, 0x63, 0x6f, 0x6d, 0x70, 0x75, 0x74, 0x65, 0x72, 0x50,
  0x72, 0x6f, 0x6a, 0x65, 0x63, 0x74, 0x20, 0x47, 0x75, 0x74, 0x65, 0x6e, 0x62,
  0x65, 0x72, 0x67, 0x72, 0x65, 0x67, 0x61, 0x72, 0x64, 0x6c, 0x65, 0x73, 0x73,
  0x20, 0x6f, 0x66, 0x20, 0x74, 0x68, 0x65, 0x68, 0x61, 0x73, 0x20, 0x62, 0x65,
  0x65, 0x6e, 0x20, 0x70, 0x72, 0x6f, 0x70, 0x6f, 0x73, 0x65, 0x64, 0x74, 0x6f,
  0x67, 0x65, 0x74, 0x68, 0x65, 0x72, 0x20, 0x77, 0x69, 0x74, 0x68, 0x20, 0x74,
  0x68, 0x65, 0x3e, 0x3c, 0x2f, 0x6c, 0x69, 0x3e, 0x3c, 0x6c, 0x69, 0x20, 0x63,
  0x6c, 0x61, 0x73, 0x73, 0x3d, 0x22, 0x69, 0x6e, 0x20, 0x73, 0x6f, 0x6d, 0x65,
  0x20, 0x63, 0x6f, 0x75, 0x6e, 0x74, 0x72, 0x69, 0x65, 0x73, 0x6d, 0x69, 0x6e,
  0x2e, 0x6a, 0x73, 0x22, 0x3e, 0x3c, 0x2f, 0x73, 0x63, 0x72, 0x69, 0x70, 0x74,
  0x3e, 0x6f, 0x66, 0x20, 0x74, 0x68, 0x65, 0x20, 0x70, 0x6f, 0x70, 0x75, 0x6c,
  0x61, 0x74, 0x69, 0x6f, 0x6e, 0x6f, 0x66, 0x66, 0x69, 0x63, 0x69, 0x61, 0x6c,
  0x20, 0x6c, 0x61, 0x6e, 0x67, 0x75, 0x61, 0x67, 0x65, 0x3c, 0x69, 0x6d, 0x67,
  0x20, 0x73, 0x72, 0x63, 0x3d, 0x22, 0x69, 0x6d, 0x61, 0x67, 0x65, 0x73, 0x2f,
  0x69, 0x64, 0x65, 0x6e, 0x74, 0x69, 0x66, 0x69, 0x65, 0x64, 0x20, 0x62, 0x79,
  0x20, 0x74, 0x68, 0x65, 0x6e, 0x61, 0x74, 0x75, 0x72, 0x61, 0x6c, 0x20, 0x72,
  0x65, 0x73, 0x6f, 0x75, 0x72, 0x63, 0x65, 0x73, 0x63, 0x6c, 0x61, 0x73, 0x73,
  0x69, 0x66, 0x69, 0x63, 0x61, 0x74, 0x69, 0x6f, 0x6e, 0x20, 0x6f, 0x66, 0x63,
  0x61, 0x6e, 0x20, 0x62, 0x65, 0x20, 0x63, 0x6f, 0x6e, 0x73, 0x69, 0x64, 0x65,
  0x72, 0x65, 0x64, 0x71, 0x75, 0x61, 0x6e, 0x74, 0x75, 0x6d, 0x20, 0x6d, 0x65,
  0x63, 0x68, 0x61, 0x6e, 0x69, 0x63, 0x73, 0x4e, 0x65, 0x76, 0x65, 0x72, 0x74,
  0x68, 0x65, 0x6c, 0x65, 0x73, 0x73, 0x2c, 0x20, 0x74, 0x68, 0x65, 0x6d, 0x69,
  0x6c, 0x6c, 0x69, 0x6f, 0x6e, 0x20, 0x79, 0x65, 0x61, 0x72, 0x73, 0x20, 0x61,
  0x67, 0x6f, 0x3c, 0x2f, 0x62, 0x6f, 0x64, 0x79, 0x3e, 0x0d, 0x0a, 0x3c, 0x2f,
  0x68, 0x74, 0x6d, 0x6c, 0x3e, 0x0d, 0xce, 0x95, 0xce, 0xbb, 0xce, 0xbb, 0xce,
  0xb7, 0xce, 0xbd, 0xce, 0xb9, 0xce, 0xba, 0xce, 0xac, 0x0a, 0x74, 0x61, 0x6b,
  0x65, 0x20, 0x61, 0x64, 0x76, 0x61, 0x6e, 0x74, 0x61, 0x67, 0x65, 0x20, 0x6f,
  0x66, 0x61, 0x6e, 0x64, 0x2c, 0x20, 0x61, 0x63, 0x63, 0x6f, 0x72, 0x64, 0x69,
  0x6e, 0x67, 0x20, 0x74, 0x6f, 0x61, 0x74, 0x74, 0x72, 0x69, 0x62, 0x75, 0x74,
  0x65, 0x64, 0x20, 0x74, 0x6f, 0x20, 0x74, 0x68, 0x65, 0x4d, 0x69, 0x63, 0x72,
  0x6f, 0x73, 0x6f, 0x66, 0x74, 0x20, 0x57, 0x69, 0x6e, 0x64, 0x6f, 0x77, 0x73,
  0x74, 0x68, 0x65, 0x20, 0x66, 0x69, 0x72, 0x73, 0x74, 0x20, 0x63, 0x65, 0x6e,
  0x74, 0x75, 0x72, 0x79, 0x75, 0x6e, 0x64, 0x65, 0x72, 0x20, 0x74, 0x68, 0x65,
  0x20, 0x63, 0x6f, 0x6e, 0x74, 0x72, 0x6f, 0x6c, 0x64, 0x69, 0x76, 0x20, 0x63,
  0x6c, 0x61, 0x73, 0x73, 0x3d, 0x22, 0x68, 0x65, 0x61, 0x64, 0x65, 0x72, 0x73,
  0x68, 0x6f, 0x72, 0x74, 0x6c, 0x79, 0x20, 0x61, 0x66, 0x74, 0x65, 0x72, 0x20,
  0x74, 0x68, 0x65, 0x6e, 0x6f, 0x74, 0x61, 0x62, 0x6c, 0x65, 0x20, 0x65, 0x78,
  0x63, 0x65, 0x70, 0x74, 0x69, 0x6f, 0x6e, 0x74, 0x65, 0x6e, 0x73, 0x20, 0x6f,
  0x66, 0x20, 0x74, 0x68, 0x6f, 0x75, 0x73, 0x61, 0x6e, 0x64, 0x73, 0x73, 0x65,
  0x76, 0x65, 0x72, 0x61, 0x6c, 0x20, 0x64, 0x69, 0x66, 0x66, 0x65, 0x72, 0x65,
  0x6e, 0x74, 0x61, 0x72, 0x6f, 0x75, 0x6e, 0x64, 0x20, 0x74, 0x68, 0x65, 0x20,
  0x77, 0x6f, 0x72, 0x6c, 0x64, 0x2e, 0x72, 0x65, 0x61, 0x63, 0x68, 0x69, 0x6e,
  0x67, 0x20, 0x6d, 0x69, 0x6c, 0x69, 0x74, 0x61, 0x72, 0x79, 0x69, 0x73, 0x6f,
  0x6c, 0x61, 0x74, 0x65, 0x64, 0x20, 0x66, 0x72, 0x6f, 0x6d, 0x20, 0x74, 0x68,
  0x65, 0x6f, 0x70, 0x70, 0x6f, 0x73, 0x69, 0x74, 0x69, 0x6f, 0x6e, 0x20, 0x74,
  0x6f, 0x20, 0x74, 0x68, 0x65, 0x74, 0x68, 0x65, 0x20, 0x4f, 0x6c, 0x64, 0x20,
  0x54, 0x65, 0x73, 0x74, 0x61, 0x6d, 0x65, 0x6e, 0x74, 0x41, 0x66, 0x72, 0x69,
  0x63, 0x61, 0x6e, 0x20, 0x41, 0x6d, 0x65, 0x72, 0x69, 0x63, 0x61, 0x6e, 0x73,
  0x69, 0x6e, 0x73, 0x65, 0x72, 0x74, 0x65, 0x64, 0x20, 0x69, 0x6e, 0x74, 0x6f,
  0x20, 0x74, 0x68, 0x65, 0x73, 0x65, 0x70, 0x61, 0x72, 0x61, 0x74, 0x65, 0x20,
  0x66, 0x72, 0x6f, 0x6d, 0x20, 0x74, 0x68, 0x65, 0x6d, 0x65, 0x74, 0x72, 0x6f,
  0x70, 0x6f, 0x6c, 0x69, 0x74, 0x61, 0x6e, 0x20, 0x61, 0x72, 0x65, 0x61, 0x6d,
  0x61, 0x6b, 0x65, 0x73, 0x20, 0x69, 0x74, 0x20, 0x70, 0x6f, 0x73, 0x73, 0x69,
  0x62, 0x6c, 0x65, 0x61, 0x63, 0x6b, 0x6e, 0x6f, 0x77, 0x6c, 0x65, 0x64, 0x67,
  0x65, 0x64, 0x20, 0x74, 0x68, 0x61, 0x74, 0x61, 0x72, 0x67, 0x75, 0x61, 0x62,
  0x6c, 0x79, 0x20, 0x74, 0x68, 0x65, 0x20, 0x6d, 0x6f, 0x73, 0x74, 0x74, 0x79,
  0x70, 0x65, 0x3d, 0x22, 0x74, 0x65, 0x78, 0x74, 0x2f, 0x63, 0x73, 0x73, 0x22,
  0x3e, 0x0a, 0x74, 0x68, 0x65, 0x20, 0x49, 0x6e, 0x74, 0x65, 0x72, 0x6e, 0x61,
  0x74, 0x69, 0x6f, 0x6e, 0x61, 0x6c, 0x41, 0x63, 0x63, 0x6f, 0x72, 0x64, 0x69,
  0x6e, 0x67, 0x20, 0x74, 0x6f, 0x20, 0x74, 0x68, 0x65, 0x20, 0x70, 0x65, 0x3d,
  0x22, 0x74, 0x65, 0x78, 0x74, 0x2f, 0x63, 0x73, 0x73, 0x22, 0x20, 0x2f, 0x3e,
  0x0a, 0x63, 0x6f, 0x69, 0x6e, 0x63, 0x69, 0x64, 0x65, 0x20, 0x77, 0x69, 0x74,
  0x68, 0x20, 0x74, 0x68, 0x65, 0x74, 0x77, 0x6f, 0x2d, 0x74, 0x68, 0x69, 0x72,
  0x64, 0x73, 0x20, 0x6f, 0x66, 0x20, 0x74, 0x68, 0x65, 0x44, 0x75, 0x72, 0x69,
  0x6e, 0x67, 0x20, 0x74, 0x68, 0x69, 0x73, 0x20, 0x74, 0x69, 0x6d, 0x65, 0x2c,
  0x64, 0x75, 0x72, 0x69, 0x6e, 0x67, 0x20, 0x74, 0x68, 0x65, 0x20, 0x70, 0x65,
  0x72, 0x69, 0x6f, 0x64, 0x61, 0x6e, 0x6e, 0x6f, 0x75, 0x6e, 0x63, 0x65, 0x64,
  0x20, 0x74, 0x68, 0x61, 0x74, 0x20, 0x68, 0x65, 0x74, 0x68, 0x65, 0x20, 0x69,
  0x6e, 0x74, 0x65, 0x72, 0x6e, 0x61, 0x74, 0x69, 0x6f, 0x6e, 0x61, 0x6c, 0x61,
  0x6e, 0x64, 0x20, 0x6d, 0x6f, 0x72, 0x65, 0x20, 0x72, 0x65, 0x63, 0x65, 0x6e,
  0x74, 0x6c, 0x79, 0x62, 0x65, 0x6c, 0x69, 0x65, 0x76, 0x65, 0x64, 0x20, 0x74,
  0x68, 0x61, 0x74, 0x20, 0x74, 0x68, 0x65, 0x63, 0x6f, 0x6e, 0x73, 0x63, 0x69,
  0x6f, 0x75, 0x73, 0x6e, 0x65, 0x73, 0x73, 0x20, 0x61, 0x6e, 0x64, 0x66, 0x6f,
  0x72, 0x6d, 0x65, 0x72, 0x6c, 0x79, 0x20, 0x6b, 0x6e, 0x6f, 0x77, 0x6e, 0x20,
  0x61, 0x73, 0x73, 0x75, 0x72, 0x72, 0x6f, 0x75, 0x6e, 0x64, 0x65, 0x64, 0x20,
  0x62, 0x79, 0x20, 0x74, 0x68, 0x65, 0x66, 0x69, 0x72, 0x73, 0x74, 0x20, 0x61,
  0x70, 0x70, 0x65, 0x61, 0x72, 0x65, 0x64, 0x20, 0x69, 0x6e, 0x6f, 0x63, 0x63,
  0x61, 0x73, 0x69, 0x6f, 0x6e, 0x61, 0x6c, 0x6c, 0x79, 0x20, 0x75, 0x73, 0x65,
  0x64, 0x70, 0x6f, 0x73, 0x69, 0x74, 0x69, 0x6f, 0x6e, 0x3a, 0x61, 0x62, 0x73,
  0x6f, 0x6c, 0x75, 0x74, 0x65, 0x3b, 0x22, 0x20, 0x74, 0x61, 0x72, 0x67, 0x65,
  0x74, 0x3d, 0x22, 0x5f, 0x62, 0x6c, 0x61, 0x6e, 0x6b, 0x22, 0x20, 0x70, 0x6f,
  0x73, 0x69, 0x74, 0x69, 0x6f, 0x6e, 0x3a, 0x72, 0x65, 0x6c, 0x61, 0x74, 0x69,
  0x76, 0x65, 0x3b, 0x74, 0x65, 0x78, 0x74, 0x2d, 0x61, 0x6c, 0x69, 0x67, 0x6e,
  0x3a, 0x63, 0x65, 0x6e, 0x74, 0x65, 0x72, 0x3b, 0x6a, 0x61, 0x78, 0x2f, 0x6c,
  0x69, 0x62, 0x73, 0x2f, 0x6a, 0x71, 0x75, 0x65, 0x72, 0x79, 0x2f, 0x31, 0x2e,
  0x62, 0x61, 0x63, 0x6b, 0x67, 0x72, 0x6f, 0x75, 0x6e, 0x64, 0x2d, 0x63, 0x6f,
  0x6c, 0x6f, 0x72, 0x3a, 0x23, 0x74, 0x79, 0x70, 0x65, 0x3d, 0x22, 0x61, 0x70,
  0x70, 0x6c, 0x69, 0x63, 0x61, 0x74, 0x69, 0x6f, 0x6e, 0x2f, 0x61, 0x6e, 0x67,
  0x75, 0x61, 0x67, 0x65, 0x22, 0x20, 0x63, 0x6f, 0x6e, 0x74, 0x65, 0x6e, 0x74,
  0x3d, 0x22, 0x3c, 0x6d, 0x65, 0x74, 0x61, 0x20, 0x68, 0x74, 0x74, 0x70, 0x2d,
  0x65, 0x71, 0x75, 0x69, 0x76, 0x3d, 0x22, 0x50, 0x72, 0x69, 0x76, 0x61, 0x63,
  0x79, 0x20, 0x50, 0x6f, 0x6c, 0x69, 0x63, 0x79, 0x3c, 0x2f, 0x61, 0x3e, 0x65,
  0x28, 0x22, 0x25, 0x33, 0x43, 0x73, 0x63, 0x72, 0x69, 0x70, 0x74, 0x20, 0x73,
  0x72, 0x63, 0x3d, 0x27, 0x22, 0x20, 0x74, 0x61, 0x72, 0x67, 0x65, 0x74, 0x3d,
  0x22, 0x5f, 0x62, 0x6c, 0x61, 0x6e, 0x6b, 0x22, 0x3e, 0x4f, 0x6e, 0x20, 0x74,
  0x68, 0x65, 0x20, 0x6f, 0x74, 0x68, 0x65, 0x72, 0x20, 0x68, 0x61, 0x6e, 0x64,
  0x2c, 0x2e, 0x6a, 0x70, 0x67, 0x7c, 0x74, 0x68, 0x75, 0x6d, 0x62, 0x7c, 0x72,
  0x69, 0x67, 0x68, 0x74, 0x7c, 0x32, 0x3c, 0x2f, 0x64, 0x69, 0x76, 0x3e, 0x3c,
  0x64, 0x69, 0x76, 0x20, 0x63, 0x6c, 0x61, 0x73, 0x73, 0x3d, 0x22, 0x3c, 0x64,
  0x69, 0x76, 0x20, 0x73, 0x74, 0x79, 0x6c, 0x65, 0x3d, 0x22, 0x66, 0x6c, 0x6f,
  0x61, 0x74, 0x3a, 0x6e, 0x69, 0x6e, 0x65, 0x74, 0x65, 0x65, 0x6e, 0x74, 0x68,
  0x20, 0x63, 0x65, 0x6e, 0x74, 0x75, 0x72, 0x79, 0x3c, 0x2f, 0x62, 0x6f, 0x64,
  0x79, 0x3e, 0x0d, 0x0a, 0x3c, 0x2f, 0x68, 0x74, 0x6d, 0x6c, 0x3e, 0x0d, 0x0a,
  0x3c, 0x69, 0x6d, 0x67, 0x20, 0x73, 0x72, 0x63, 0x3d, 0x22, 0x68, 0x74, 0x74,
  0x70, 0x3a, 0x2f, 0x2f, 0x73, 0x3b, 0x74, 0x65, 0x78, 0x74, 0x2d, 0x61, 0x6c,
  0x69, 0x67, 0x6e, 0x3a, 0x63, 0x65, 0x6e, 0x74, 0x65, 0x72, 0x66, 0x6f, 0x6e,
  0x74, 0x2d, 0x77, 0x65, 0x69, 0x67, 0x68, 0x74, 0x3a, 0x20, 0x62, 0x6f, 0x6c,
  0x64, 0x3b, 0x20, 0x41, 0x63, 0x63, 0x6f, 0x72, 0x64, 0x69, 0x6e, 0x67, 0x20,
  0x74, 0x6f, 0x20, 0x74, 0x68, 0x65, 0x20, 0x64, 0x69, 0x66, 0x66, 0x65, 0x72,
  0x65, 0x6e, 0x63, 0x65, 0x20, 0x62, 0x65, 0x74, 0x77, 0x65, 0x65, 0x6e, 0x22,
  0x20, 0x66, 0x72, 0x61, 0x6d, 0x65, 0x62, 0x6f, 0x72, 0x64, 0x65, 0x72, 0x3d,
  0x22, 0x30, 0x22, 0x20, 0x22, 0x20, 0x73, 0x74, 0x79, 0x6c, 0x65, 0x3d, 0x22,
  0x70, 0x6f, 0x73, 0x69, 0x74, 0x69, 0x6f, 0x6e, 0x3a, 0x6c, 0x69, 0x6e, 0x6b,
  0x20, 0x68, 0x72, 0x65, 0x66, 0x3d, 0x22, 0x68, 0x74, 0x74, 0x70, 0x3a, 0x2f,
  0x2f, 0x68, 0x74, 0x6d, 0x6c, 0x34, 0x2f, 0x6c, 0x6f, 0x6f, 0x73, 0x65, 0x2e,
  0x64, 0x74, 0x64, 0x22, 0x3e, 0x0a, 0x64, 0x75, 0x72, 0x69, 0x6e, 0x67, 0x20,
  0x74, 0x68, 0x69, 0x73, 0x20, 0x70, 0x65, 0x72, 0x69, 0x6f, 0x64, 0x3c, 0x2f,
  0x74, 0x64, 0x3e, 0x3c, 0x2f, 0x74, 0x72, 0x3e, 0x3c, 0x2f, 0x74, 0x61, 0x62,
  0x6c, 0x65, 0x3e, 0x63, 0x6c, 0x6f, 0x73, 0x65, 0x6c, 0x79, 0x20, 0x72, 0x65,
  0x6c, 0x61, 0x74, 0x65, 0x64, 0x20, 0x74, 0x6f, 0x66, 0x6f, 0x72, 0x20, 0x74,
  0x68, 0x65, 0x20, 0x66, 0x69, 0x72, 0x73, 0x74, 0x20, 0x74, 0x69, 0x6d, 0x65,
  0x3b, 0x66, 0x6f, 0x6e, 0x74, 0x2d, 0x77, 0x65, 0x69, 0x67, 0x68, 0x74, 0x3a,
  0x62, 0x6f, 0x6c, 0x64, 0x3b, 0x69, 0x6e, 0x70, 0x75, 0x74, 0x20, 0x74, 0x79,
  0x70, 0x65, 0x3d, 0x22, 0x74, 0x65, 0x78, 0x74, 0x22, 0x20, 0x3c, 0x73, 0x70,
  0x61, 0x6e, 0x20, 0x73, 0x74, 0x79, 0x6c, 0x65, 0x3d, 0x22, 0x66, 0x6f, 0x6e,
  0x74, 0x2d, 0x6f, 0x6e, 0x72, 0x65, 0x61, 0x64, 0x79, 0x73, 0x74, 0x61, 0x74,
  0x65, 0x63, 0x68, 0x61, 0x6e, 0x67, 0x65, 0x09, 0x3c, 0x64, 0x69, 0x76, 0x20,
  0x63, 0x6c, 0x61, 0x73, 0x73, 0x3d, 0x22, 0x63, 0x6c, 0x65, 0x61, 0x72, 0x64,
  0x6f, 0x63, 0x75, 0x6d, 0x65, 0x6e, 0x74, 0x2e, 0x6c, 0x6f, 0x63, 0x61, 0x74,
  0x69, 0x6f, 0x6e, 0x2e, 0x20, 0x46, 0x6f, 0x72, 0x20, 0x65, 0x78, 0x61, 0x6d,
  0x70, 0x6c, 0x65, 0x2c, 0x20, 0x74, 0x68, 0x65, 0x20, 0x61, 0x20, 0x77, 0x69,
  0x64, 0x65, 0x20, 0x76, 0x61, 0x72, 0x69, 0x65, 0x74, 0x79, 0x20, 0x6f, 0x66,
  0x20, 0x3c, 0x21, 0x44, 0x4f, 0x43, 0x54, 0x59, 0x50, 0x45, 0x20, 0x68, 0x74,
  0x6d, 0x6c, 0x3e, 0x0d, 0x0a, 0x3c, 0x26, 0x6e, 0x62, 0x73, 0x70, 0x3b, 0x26,
  0x6e, 0x62, 0x73, 0x70, 0x3b, 0x26, 0x6e, 0x62, 0x73, 0x70, 0x3b, 0x22, 0x3e,
  0x3c, 0x61, 0x20, 0x68, 0x72, 0x65, 0x66, 0x3d, 0x22, 0x68, 0x74, 0x74, 0x70,
  0x3a, 0x2f, 0x2f, 0x73, 0x74, 0x79, 0x6c, 0x65, 0x3d, 0x22, 0x66, 0x6c, 0x6f,
  0x61, 0x74, 0x3a, 0x6c, 0x65, 0x66, 0x74, 0x3b, 0x63, 0x6f, 0x6e, 0x63, 0x65,
  0x72, 0x6e, 0x65, 0x64, 0x20, 0x77, 0x69, 0x74, 0x68, 0x20, 0x74, 0x68, 0x65,
  0x3d, 0x68, 0x74, 0x74, 0x70, 0x25, 0x33, 0x41, 0x25, 0x32, 0x46, 0x25, 0x32,
  0x46, 0x77, 0x77, 0x77, 0x2e, 0x69, 0x6e, 0x20, 0x70, 0x6f, 0x70, 0x75, 0x6c,
  0x61, 0x72, 0x20, 0x63, 0x75, 0x6c, 0x74, 0x75, 0x72, 0x65, 0x74, 0x79, 0x70,
  0x65, 0x3d, 0x22, 0x74, 0x65, 0x78, 0x74, 0x2f, 0x63, 0x73, 0x73, 0x22, 0x20,
  0x2f, 0x3e, 0x69, 0x74, 0x20, 0x69, 0x73, 0x20, 0x70, 0x6f, 0x73, 0x73, 0x69,
  0x62, 0x6c, 0x65, 0x20, 0x74, 0x6f, 0x20, 0x48, 0x61, 0x72, 0x76, 0x61, 0x72,
  0x64, 0x20, 0x55, 0x6e, 0x69, 0x76, 0x65, 0x72, 0x73, 0x69, 0x74, 0x79, 0x74,
  0x79, 0x6c, 0x65, 0x73, 0x68, 0x65, 0x65, 0x74, 0x22, 0x20, 0x68, 0x72, 0x65,
  0x66, 0x3d, 0x22, 0x2f, 0x74, 0x68, 0x65, 0x20, 0x6d, 0x61, 0x69, 0x6e, 0x20,
  0x63, 0x68, 0x61, 0x72, 0x61, 0x63, 0x74, 0x65, 0x72, 0x4f, 0x78, 0x66, 0x6f,
  0x72, 0x64, 0x20, 0x55, 0x6e, 0x69, 0x76, 0x65, 0x72, 0x73, 0x69, 0x74, 0x79,
  0x20, 0x20, 0x6e, 0x61, 0x6d, 0x65, 0x3d, 0x22, 0x6b, 0x65, 0x79, 0x77, 0x6f,
  0x72, 0x64, 0x73, 0x22, 0x20, 0x63, 0x73, 0x74, 0x79, 0x6c, 0x65, 0x3d, 0x22,
  0x74, 0x65, 0x78, 0x74, 0x2d, 0x61, 0x6c, 0x69, 0x67, 0x6e, 0x3a, 0x74, 0x68,
  0x65, 0x20, 0x55, 0x6e, 0x69, 0x74, 0x65, 0x64, 0x20, 0x4b, 0x69, 0x6e, 0x67,
  0x64, 0x6f, 0x6d, 0x66, 0x65, 0x64, 0x65, 0x72, 0x61, 0x6c, 0x20, 0x67, 0x6f,
  0x76, 0x65, 0x72, 0x6e, 0x6d, 0x65, 0x6e, 0x74, 0x3c, 0x64, 0x69, 0x76, 0x20,
  0x73, 0x74, 0x79, 0x6c, 0x65, 0x3d, 0x22, 0x6d, 0x61, 0x72, 0x67, 0x69, 0x6e,
  0x20, 0x64, 0x65, 0x70, 0x65, 0x6e, 0x64, 0x69, 0x6e, 0x67, 0x20, 0x6f, 0x6e,
  0x20, 0x74, 0x68, 0x65, 0x20, 0x64, 0x65, 0x73, 0x63, 0x72, 0x69, 0x70, 0x74,
  0x69, 0x6f, 0x6e, 0x20, 0x6f, 0x66, 0x20, 0x74, 0x68, 0x65, 0x3c, 0x64, 0x69,
  0x76, 0x20, 0x63, 0x6c, 0x61, 0x73, 0x73, 0x3d, 0x22, 0x68, 0x65, 0x61, 0x64,
  0x65, 0x72, 0x2e, 0x6d, 0x69, 0x6e, 0x2e, 0x6a, 0x73, 0x22, 0x3e, 0x3c, 0x2f,
  0x73, 0x63, 0x72, 0x69, 0x70, 0x74, 0x3e, 0x64, 0x65, 0x73, 0x74, 0x72, 0x75,
  0x63, 0x74, 0x69, 0x6f, 0x6e, 0x20, 0x6f, 0x66, 0x20, 0x74, 0x68, 0x65, 0x73,
  0x6c, 0x69, 0x67, 0x68, 0x74, 0x6c, 0x79, 0x20, 0x64, 0x69, 0x66, 0x66, 0x65,
  0x72, 0x65, 0x6e, 0x74, 0x69, 0x6e, 0x20, 0x61, 0x63, 0x63, 0x6f, 0x72, 0x64,
  0x61, 0x6e, 0x63, 0x65, 0x20, 0x77, 0x69, 0x74, 0x68, 0x74, 0x65, 0x6c, 0x65,
  0x63, 0x6f, 0x6d, 0x6d, 0x75, 0x6e, 0x69, 0x63, 0x61, 0x74, 0x69, 0x6f, 0x6e,
  0x73, 0x69, 0x6e, 0x64, 0x69, 0x63, 0x61, 0x74, 0x65, 0x73, 0x20, 0x74, 0x68,
  0x61, 0x74, 0x20, 0x74, 0x68, 0x65, 0x73, 0x68, 0x6f, 0x72, 0x74, 0x6c, 0x79,
  0x20, 0x74, 0x68, 0x65, 0x72, 0x65, 0x61, 0x66, 0x74, 0x65, 0x72, 0x65, 0x73,
  0x70, 0x65, 0x63, 0x69, 0x61, 0x6c, 0x6c, 0x79, 0x20, 0x69, 0x6e, 0x20, 0x74,
  0x68, 0x65, 0x20, 0x45, 0x75, 0x72, 0x6f, 0x70, 0x65, 0x61, 0x6e, 0x20, 0x63,
  0x6f, 0x75, 0x6e, 0x74, 0x72, 0x69, 0x65, 0x73, 0x48, 0x6f, 0x77, 0x65, 0x76,
  0x65, 0x72, 0x2c, 0x20, 0x74, 0x68, 0x65, 0x72, 0x65, 0x20, 0x61, 0x72, 0x65,
  0x73, 0x72, 0x63, 0x3d, 0x22, 0x68, 0x74, 0x74, 0x70, 0x3a, 0x2f, 0x2f, 0x73,
  0x74, 0x61, 0x74, 0x69, 0x63, 0x73, 0x75, 0x67, 0x67, 0x65, 0x73, 0x74, 0x65,
  0x64, 0x20, 0x74, 0x68, 0x61, 0x74, 0x20, 0x74, 0x68, 0x65, 0x22, 0x20, 0x73,
  0x72, 0x63, 0x3d, 0x22, 0x68, 0x74, 0x74, 0x70, 0x3a, 0x2f, 0x2f, 0x77, 0x77,
  0x77, 0x2e, 0x61, 0x20, 0x6c, 0x61, 0x72, 0x67, 0x65, 0x20, 0x6e, 0x75, 0x6d,
  0x62, 0x65, 0x72, 0x20, 0x6f, 0x66, 0x20, 0x54, 0x65, 0x6c, 0x65, 0x63, 0x6f,
  0x6d, 0x6d, 0x75, 0x6e, 0x69, 0x63, 0x61, 0x74, 0x69, 0x6f, 0x6e, 0x73, 0x22,
  0x20, 0x72, 0x65, 0x6c, 0x3d, 0x22, 0x6e, 0x6f, 0x66, 0x6f, 0x6c, 0x6c, 0x6f,
  0x77, 0x22, 0x20, 0x74, 0x48, 0x6f, 0x6c, 0x79, 0x20, 0x52, 0x6f, 0x6d, 0x61,
  0x6e, 0x20, 0x45, 0x6d, 0x70, 0x65, 0x72, 0x6f, 0x72, 0x61, 0x6c, 0x6d, 0x6f,
  0x73, 0x74, 0x20, 0x65, 0x78, 0x63, 0x6c, 0x75, 0x73, 0x69, 0x76, 0x65, 0x6c,
  0x79, 0x22, 0x20, 0x62, 0x6f, 0x72, 0x64, 0x65, 0x72, 0x3d, 0x22, 0x30, 0x22,
  0x20, 0x61, 0x6c, 0x74, 0x3d, 0x22, 0x53, 0x65, 0x63, 0x72, 0x65, 0x74, 0x61,
  0x72, 0x79, 0x20, 0x6f, 0x66, 0x20, 0x53, 0x74, 0x61, 0x74, 0x65, 0x63, 0x75,
  0x6c, 0x6d, 0x69, 0x6e, 0x61, 0x74, 0x69, 0x6e, 0x67, 0x20, 0x69, 0x6e, 0x20,
  0x74, 0x68, 0x65, 0x43, 0x49, 0x41, 0x20, 0x57, 0x6f, 0x72, 0x6c, 0x64, 0x20,
  0x46, 0x61, 0x63, 0x74, 0x62, 0x6f, 0x6f, 0x6b, 0x74, 0x68, 0x65, 0x20, 0x6d,
  0x6f, 0x73, 0x74, 0x20, 0x69, 0x6d, 0x70, 0x6f, 0x72, 0x74, 0x61, 0x6e, 0x74,
  0x61, 0x6e, 0x6e, 0x69, 0x76, 0x65, 0x72, 0x73, 0x61, 0x72, 0x79, 0x20, 0x6f,
  0x66, 0x20, 0x74, 0x68, 0x65, 0x73, 0x74, 0x79, 0x6c, 0x65, 0x3d, 0x22, 0x62,
  0x61, 0x63, 0x6b, 0x67, 0x72, 0x6f, 0x75, 0x6e, 0x64, 0x2d, 0x3c, 0x6c, 0x69,
  0x3e, 0x3c, 0x65, 0x6d, 0x3e, 0x3c, 0x61, 0x20, 0x68, 0x72, 0x65, 0x66, 0x3d,
  0x22, 0x2f, 0x74, 0x68, 0x65, 0x20, 0x41, 0x74, 0x6c, 0x61, 0x6e, 0x74, 0x69,
  0x63, 0x20, 0x4f, 0x63, 0x65, 0x61, 0x6e, 0x73, 0x74, 0x72, 0x69, 0x63, 0x74,
  0x6c, 0x79, 0x20, 0x73, 0x70, 0x65, 0x61, 0x6b, 0x69, 0x6e, 0x67, 0x2c, 0x73,
  0x68, 0x6f, 0x72, 0x74, 0x6c, 0x79, 0x20, 0x62, 0x65, 0x66, 0x6f, 0x72, 0x65,
  0x20, 0x74, 0x68, 0x65, 0x64, 0x69, 0x66, 0x66, 0x65, 0x72, 0x65, 0x6e, 0x74,
  0x20, 0x74, 0x79, 0x70, 0x65, 0x73, 0x20, 0x6f, 0x66, 0x74, 0x68, 0x65, 0x20,
  0x4f, 0x74, 0x74, 0x6f, 0x6d, 0x61, 0x6e, 0x20, 0x45, 0x6d, 0x70, 0x69, 0x72,
  0x65, 0x3e, 0x3c, 0x69, 0x6d, 0x67, 0x20, 0x73, 0x72, 0x63, 0x3d, 0x22, 0x68,
  0x74, 0x74, 0x70, 0x3a, 0x2f, 0x2f, 0x41, 0x6e, 0x20, 0x49, 0x6e, 0x74, 0x72,
  0x6f, 0x64, 0x75, 0x63, 0x74, 0x69, 0x6f, 0x6e, 0x20, 0x74, 0x6f, 0x63, 0x6f,
  0x6e, 0x73, 0x65, 0x71, 0x75, 0x65, 0x6e, 0x63, 0x65, 0x20, 0x6f, 0x66, 0x20,
  0x74, 0x68, 0x65, 0x64, 0x65, 0x70, 0x61, 0x72, 0x74, 0x75, 0x72, 0x65, 0x20,
  0x66, 0x72, 0x6f, 0x6d, 0x20, 0x74, 0x68, 0x65, 0x43, 0x6f, 0x6e, 0x66, 0x65,
  0x64, 0x65, 0x72, 0x61, 0x74, 0x65, 0x20, 0x53, 0x74, 0x61, 0x74, 0x65, 0x73,
  0x69, 0x6e, 0x64, 0x69, 0x67, 0x65, 0x6e, 0x6f, 0x75, 0x73, 0x20, 0x70, 0x65,
  0x6f, 0x70, 0x6c, 0x65, 0x73, 0x50, 0x72, 0x6f, 0x63, 0x65, 0x65, 0x64, 0x69,
  0x6e, 0x67, 0x73, 0x20, 0x6f, 0x66, 0x20, 0x74, 0x68, 0x65, 0x69, 0x6e, 0x66,
  0x6f, 0x72, 0x6d, 0x61, 0x74, 0x69, 0x6f, 0x6e, 0x20, 0x6f, 0x6e, 0x20, 0x74,
  0x68, 0x65, 0x74, 0x68, 0x65, 0x6f, 0x72, 0x69, 0x65, 0x73, 0x20, 0x68, 0x61,
  0x76, 0x65, 0x20, 0x62, 0x65, 0x65, 0x6e, 0x69, 0x6e, 0x76, 0x6f, 0x6c, 0x76,
  0x65, 0x6d, 0x65, 0x6e, 0x74, 0x20, 0x69, 0x6e, 0x20, 0x74, 0x68, 0x65, 0x64,
  0x69, 0x76, 0x69, 0x64, 0x65, 0x64, 0x20, 0x69, 0x6e, 0x74, 0x6f, 0x20, 0x74,
  0x68, 0x72, 0x65, 0x65, 0x61, 0x64, 0x6a, 0x61, 0x63, 0x65, 0x6e, 0x74, 0x20,
  0x63, 0x6f, 0x75, 0x6e, 0x74, 0x72, 0x69, 0x65, 0x73, 0x69, 0x73, 0x20, 0x72,
  0x65, 0x73, 0x70, 0x6f, 0x6e, 0x73, 0x69, 0x62, 0x6c, 0x65, 0x20, 0x66, 0x6f,
  0x72, 0x64, 0x69, 0x73, 0x73, 0x6f, 0x6c, 0x75, 0x74, 0x69, 0x6f, 0x6e, 0x20,
  0x6f, 0x66, 0x20, 0x74, 0x68, 0x65, 0x63, 0x6f, 0x6c, 0x6c, 0x61, 0x62, 0x6f,
  0x72, 0x61, 0x74, 0x69, 0x6f, 0x6e, 0x20, 0x77, 0x69, 0x74, 0x68, 0x77, 0x69,
  0x64, 0x65, 0x6c, 0x79, 0x20, 0x72, 0x65, 0x67, 0x61, 0x72, 0x64, 0x65, 0x64,
  0x20, 0x61, 0x73, 0x68, 0x69, 0x73, 0x20, 0x63, 0x6f, 0x6e, 0x74, 0x65, 0x6d,
  0x70, 0x6f, 0x72, 0x61, 0x72, 0x69, 0x65, 0x73, 0x66, 0x6f, 0x75, 0x6e, 0x64,
  0x69, 0x6e, 0x67, 0x20, 0x6d, 0x65, 0x6d, 0x62, 0x65, 0x72, 0x20, 0x6f, 0x66,
  0x44, 0x6f, 0x6d, 0x69, 0x6e, 0x69, 0x63, 0x61, 0x6e, 0x20, 0x52, 0x65, 0x70,
  0x75, 0x62, 0x6c, 0x69, 0x63, 0x67, 0x65, 0x6e, 0x65, 0x72, 0x61, 0x6c, 0x6c,
  0x79, 0x20, 0x61, 0x63, 0x63, 0x65, 0x70, 0x74, 0x65, 0x64, 0x74, 0x68, 0x65,
  0x20, 0x70, 0x6f, 0x73, 0x73, 0x69, 0x62, 0x69, 0x6c, 0x69, 0x74, 0x79, 0x20,
  0x6f, 0x66, 0x61, 0x72, 0x65, 0x20, 0x61, 0x6c, 0x73, 0x6f, 0x20, 0x61, 0x76,
  0x61, 0x69, 0x6c, 0x61, 0x62, 0x6c, 0x65, 0x75, 0x6e, 0x64, 0x65, 0x72, 0x20,
  0x63, 0x6f, 0x6e, 0x73, 0x74, 0x72, 0x75, 0x63, 0x74, 0x69, 0x6f, 0x6e, 0x72,
  0x65, 0x73, 0x74, 0x6f, 0x72, 0x61, 0x74, 0x69, 0x6f, 0x6e, 0x20, 0x6f, 0x66,
  0x20, 0x74, 0x68, 0x65, 0x74, 0x68, 0x65, 0x20, 0x67, 0x65, 0x6e, 0x65, 0x72,
  0x61, 0x6c, 0x20, 0x70, 0x75, 0x62, 0x6c, 0x69, 0x63, 0x69, 0x73, 0x20, 0x61,
  0x6c, 0x6d, 0x6f, 0x73, 0x74, 0x20, 0x65, 0x6e, 0x74, 0x69, 0x72, 0x65, 0x6c,
  0x79, 0x70, 0x61, 0x73, 0x73, 0x65, 0x73, 0x20, 0x74, 0x68, 0x72, 0x6f, 0x75,
  0x67, 0x68, 0x20, 0x74, 0x68, 0x65, 0x68, 0x61, 0x73, 0x20, 0x62, 0x65, 0x65,
  0x6e, 0x20, 0x73, 0x75, 0x67, 0x67, 0x65, 0x73, 0x74, 0x65, 0x64, 0x63, 0x6f,
  0x6d, 0x70, 0x75, 0x74, 0x65, 0x72, 0x20, 0x61, 0x6e, 0x64, 0x20, 0x76, 0x69,
  0x64, 0x65, 0x6f, 0x47, 0x65, 0x72, 0x6d, 0x61, 0x6e, 0x69, 0x63, 0x20, 0x6c,
  0x61, 0x6e, 0x67, 0x75, 0x61, 0x67, 0x65, 0x73, 0x20, 0x61, 0x63, 0x63, 0x6f,
  0x72, 0x64, 0x69, 0x6e, 0x67, 0x20, 0x74, 0x6f, 0x20, 0x74, 0x68, 0x65, 0x20,
  0x64, 0x69, 0x66, 0x66, 0x65, 0x72, 0x65, 0x6e, 0x74, 0x20, 0x66, 0x72, 0x6f,
  0x6d, 0x20, 0x74, 0x68, 0x65, 0x73, 0x68, 0x6f, 0x72, 0x74, 0x6c, 0x79, 0x20,
  0x61, 0x66, 0x74, 0x65, 0x72, 0x77, 0x61, 0x72, 0x64, 0x73, 0x68, 0x72, 0x65,
  0x66, 0x3d, 0x22, 0x68, 0x74, 0x74, 0x70, 0x73, 0x3a, 0x2f, 0x2f, 0x77, 0x77,
  0x77, 0x2e, 0x72, 0x65, 0x63, 0x65, 0x6e, 0x74, 0x20, 0x64, 0x65, 0x76, 0x65,
  0x6c, 0x6f, 0x70, 0x6d, 0x65, 0x6e, 0x74, 0x42, 0x6f, 0x61, 0x72, 0x64, 0x20,
  0x6f, 0x66, 0x20, 0x44, 0x69, 0x72, 0x65, 0x63, 0x74, 0x6f, 0x72, 0x73, 0x3c,
  0x64, 0x69, 0x76, 0x20, 0x63, 0x6c, 0x61, 0x73, 0x73, 0x3d, 0x22, 0x73, 0x65,
  0x61, 0x72, 0x63, 0x68, 0x7c, 0x20, 0x3c, 0x61, 0x20, 0x68, 0x72, 0x65, 0x66,
  0x3d, 0x22, 0x68, 0x74, 0x74, 0x70, 0x3a, 0x2f, 0x2f, 0x49, 0x6e, 0x20, 0x70,
  0x61, 0x72, 0x74, 0x69, 0x63, 0x75, 0x6c, 0x61, 0x72, 0x2c, 0x20, 0x74, 0x68,
  0x65, 0x4d, 0x75, 0x6c, 0x74, 0x69, 0x70, 0x6c, 0x65, 0x20, 0x66, 0x6f, 0x6f,
  0x74, 0x6e, 0x6f, 0x74, 0x65, 0x73, 0x6f, 0x72, 0x20, 0x6f, 0x74, 0x68, 0x65,
  0x72, 0x20, 0x73, 0x75, 0x62, 0x73, 0x74, 0x61, 0x6e, 0x63, 0x65, 0x74, 0x68,
  0x6f, 0x75, 0x73, 0x61, 0x6e, 0x64, 0x73, 0x20, 0x6f, 0x66, 0x20, 0x79, 0x65,
  0x61, 0x72, 0x73, 0x74, 0x72, 0x61, 0x6e, 0x73, 0x6c, 0x61, 0x74, 0x69, 0x6f,
  0x6e, 0x20, 0x6f, 0x66, 0x20, 0x74, 0x68, 0x65, 0x3c, 0x2f, 0x64, 0x69, 0x76,
  0x3e, 0x0d, 0x0a, 0x3c, 0x2f, 0x64, 0x69, 0x76, 0x3e, 0x0d, 0x0a, 0x0d, 0x0a,
  0x3c, 0x61, 0x20, 0x68, 0x72, 0x65, 0x66, 0x3d, 0x22, 0x69, 0x6e, 0x64, 0x65,
  0x78, 0x2e, 0x70, 0x68, 0x70, 0x77, 0x61, 0x73, 0x20, 0x65, 0x73, 0x74, 0x61,
  0x62, 0x6c, 0x69, 0x73, 0x68, 0x65, 0x64, 0x20, 0x69, 0x6e, 0x6d, 0x69, 0x6e,
  0x2e, 0x6a, 0x73, 0x22, 0x3e, 0x3c, 0x2f, 0x73, 0x63, 0x72, 0x69, 0x70, 0x74,
  0x3e, 0x0a, 0x70, 0x61, 0x72, 0x74, 0x69, 0x63, 0x69, 0x70, 0x61, 0x74, 0x65,
  0x20, 0x69, 0x6e, 0x20, 0x74, 0x68, 0x65, 0x61, 0x20, 0x73, 0x74, 0x72, 0x6f,
  0x6e, 0x67, 0x20, 0x69, 0x6e, 0x66, 0x6c, 0x75, 0x65, 0x6e, 0x63, 0x65, 0x73,
  0x74, 0x79, 0x6c, 0x65, 0x3d, 0x22, 0x6d, 0x61, 0x72, 0x67, 0x69, 0x6e, 0x2d,
  0x74, 0x6f, 0x70, 0x3a, 0x72, 0x65, 0x70, 0x72, 0x65, 0x73, 0x65, 0x6e, 0x74,
  0x65, 0x64, 0x20, 0x62, 0x79, 0x20, 0x74, 0x68, 0x65, 0x67, 0x72, 0x61, 0x64,
  0x75, 0x61, 0x74, 0x65, 0x64, 0x20, 0x66, 0x72, 0x6f, 0x6d, 0x20, 0x74, 0x68,
  0x65, 0x54, 0x72, 0x61, 0x64, 0x69, 0x74, 0x69, 0x6f, 0x6e, 0x61, 0x6c, 0x6c,
  0x79, 0x2c, 0x20, 0x74, 0x68, 0x65, 0x45, 0x6c, 0x65, 0x6d, 0x65, 0x6e, 0x74,
  0x28, 0x22, 0x73, 0x63, 0x72, 0x69, 0x70, 0x74, 0x22, 0x29, 0x3b, 0x48, 0x6f,
  0x77, 0x65, 0x76, 0x65, 0x72, 0x2c, 0x20, 0x73, 0x69, 0x6e, 0x63, 0x65, 0x20,
  0x74, 0x68, 0x65, 0x2f, 0x64, 0x69, 0x76, 0x3e, 0x0a, 0x3c, 0x2f, 0x64, 0x69,
  0x76, 0x3e, 0x0a, 0x3c, 0x64, 0x69, 0x76, 0x20, 0x6c, 0x65, 0x66, 0x74, 0x3b,
  0x20, 0x6d, 0x61, 0x72, 0x67, 0x69, 0x6e, 0x2d, 0x6c, 0x65, 0x66, 0x74, 0x3a,
  0x70, 0x72, 0x6f, 0x74, 0x65, 0x63, 0x74, 0x69, 0x6f, 0x6e, 0x20, 0x61, 0x67,
  0x61, 0x69, 0x6e, 0x73, 0x74, 0x30, 0x3b, 0x20, 0x76, 0x65, 0x72, 0x74, 0x69,
  0x63, 0x61, 0x6c, 0x2d, 0x61, 0x6c, 0x69, 0x67, 0x6e, 0x3a, 0x55, 0x6e, 0x66,
  0x6f, 0x72, 0x74, 0x75, 0x6e, 0x61, 0x74, 0x65, 0x6c, 0x79, 0x2c, 0x20, 0x74,
  0x68, 0x65, 0x74, 0x79, 0x70, 0x65, 0x3d, 0x22, 0x69, 0x6d, 0x61, 0x67, 0x65,
  0x2f, 0x78, 0x2d, 0x69, 0x63, 0x6f, 0x6e, 0x2f, 0x64, 0x69, 0x76, 0x3e, 0x0a,
  0x3c, 0x64, 0x69, 0x76, 0x20, 0x63, 0x6c, 0x61, 0x73, 0x73, 0x3d, 0x22, 0x20,
  0x63, 0x6c, 0x61, 0x73, 0x73, 0x3d, 0x22, 0x63, 0x6c, 0x65, 0x61, 0x72, 0x66,
  0x69, 0x78, 0x22, 0x3e, 0x3c, 0x64, 0x69, 0x76, 0x20, 0x63, 0x6c, 0x61, 0x73,
  0x73, 0x3d, 0x22, 0x66, 0x6f, 0x6f, 0x74, 0x65, 0x72, 0x09, 0x09, 0x3c, 0x2f,
  0x64, 0x69, 0x76, 0x3e, 0x0a, 0x09, 0x09, 0x3c, 0x2f, 0x64, 0x69, 0x76, 0x3e,
  0x0a, 0x74, 0x68, 0x65, 0x20, 0x6d, 0x6f, 0x74, 0x69, 0x6f, 0x6e, 0x20, 0x70,
  0x69, 0x63, 0x74, 0x75, 0x72, 0x65, 0xd0, 0x91, 0xd1, 0x8a, 0xd0, 0xbb, 0xd0,
  0xb3, 0xd0, 0xb0, 0xd1, 0x80, 0xd1, 0x81, 0xd0, 0xba, 0xd0, 0xb8, 0xd0, 0xb1,
  0xd1, 0x8a, 0xd0, 0xbb, 0xd0, 0xb3, 0xd0, 0xb0, 0xd1, 0x80, 0xd1, 0x81, 0xd0,
  0xba, 0xd0, 0xb8, 0xd0, 0xa4, 0xd0, 0xb5, 0xd0, 0xb4, 0xd0, 0xb5, 0xd1, 0x80,
  0xd0, 0xb0, 0xd1, 0x86, 0xd0, 0xb8, 0xd0, 0xb8, 0xd0, 0xbd, 0xd0, 0xb5, 0xd1,
  0x81, 0xd0, 0xba, 0xd0, 0xbe, 0xd0, 0xbb, 0xd1, 0x8c, 0xd0, 0xba, 0xd0, 0xbe,
  0xd1, 0x81, 0xd0, 0xbe, 0xd0, 0xbe, 0xd0, 0xb1, 0xd1, 0x89, 0xd0, 0xb5, 0xd0,
  0xbd, 0xd0, 0xb8, 0xd0, 0xb5, 0xd1, 0x81, 0xd0, 0xbe, 0xd0, 0xbe, 0xd0, 0xb1,
  0xd1, 0x89, 0xd0, 0xb5, 0xd0, 0xbd, 0xd0, 0xb8, 0xd1, 0x8f, 0xd0, 0xbf, 0xd1,
  0x80, 0xd0, 0xbe, 0xd0, 0xb3, 0xd1, 0x80, 0xd0, 0xb0, 0xd0, 0xbc, 0xd0, 0xbc,
  0xd1, 0x8b, 0xd0, 0x9e, 0xd1, 0x82, 0xd0, 0xbf, 0xd1, 0x80, 0xd0, 0xb0, 0xd0,
  0xb2, 0xd0, 0xb8, 0xd1, 0x82, 0xd1, 0x8c, 0xd0, 0xb1, 0xd0, 0xb5, 0xd1, 0x81,
  0xd0, 0xbf, 0xd0, 0xbb, 0xd0, 0xb0, 0xd1, 0x82, 0xd0, 0xbd, 0xd0, 0xbe, 0xd0,
  0xbc, 0xd0, 0xb0, 0xd1, 0x82, 0xd0, 0xb5, 0xd1, 0x80, 0xd0, 0xb8, 0xd0, 0xb0,
  0xd0, 0xbb, 0xd1, 0x8b, 0xd0, 0xbf, 0xd0, 0xbe, 0xd0, 0xb7, 0xd0, 0xb2, 0xd0,
  0xbe, 0xd0, 0xbb, 0xd1, 0x8f, 0xd0, 0xb5, 0xd1, 0x82, 0xd0, 0xbf, 0xd0, 0xbe,
  0xd1, 0x81, 0xd0, 0xbb, 0xd0, 0xb5, 0xd0, 0xb4, 0xd0, 0xbd, 0xd0, 0xb8, 0xd0,
  0xb5, 0xd1, 0x80, 0xd0, 0xb0, 0xd0, 0xb7, 0xd0, 0xbb, 0xd0, 0xb8, 0xd1, 0x87,
  0xd0, 0xbd, 0xd1, 0x8b, 0xd1, 0x85, 0xd0, 0xbf, 0xd1, 0x80, 0xd0, 0xbe, 0xd0,
  0xb4, 0xd1, 0x83, 0xd0, 0xba, 0xd1, 0x86, 0xd0, 0xb8, 0xd0, 0xb8, 0xd0, 0xbf,
  0xd1, 0x80, 0xd0, 0xbe, 0xd0, 0xb3, 0xd1, 0x80, 0xd0, 0xb0, 0xd0, 0xbc, 0xd0,
  0xbc, 0xd0, 0xb0, 0xd0, 0xbf, 0xd0, 0xbe, 0xd0, 0xbb, 0xd0, 0xbd, 0xd0, 0xbe,
  0xd1, 0x81, 0xd1, 0x82, 0xd1, 0x8c, 0xd1, 0x8e, 0xd0, 0xbd, 0xd0, 0xb0, 0xd1,
  0x85, 0xd0, 0xbe, 0xd0, 0xb4, 0xd0, 0xb8, 0xd1, 0x82, 0xd1, 0x81, 0xd1, 0x8f,
  0xd0, 0xb8, 0xd0, 0xb7, 0xd0, 0xb1, 0xd1, 0x80, 0xd0, 0xb0, 0xd0, 0xbd, 0xd0,
  0xbd, 0xd0, 0xbe, 0xd0, 0xb5, 0xd0, 0xbd, 0xd0, 0xb0, 0xd1, 0x81, 0xd0, 0xb5,
  0xd0, 0xbb, 0xd0, 0xb5, 0xd0, 0xbd, 0xd0, 0xb8, 0xd1, 0x8f, 0xd0, 0xb8, 0xd0,
  0xb7, 0xd0, 0xbc, 0xd0, 0xb5, 0xd0, 0xbd, 0xd0, 0xb5, 0xd0, 0xbd, 0xd0, 0xb8,
  0xd1, 0x8f, 0xd0, 0xba, 0xd0, 0xb0, 0xd1, 0x82, 0xd0, 0xb5, 0xd0, 0xb3, 0xd0,
  0xbe, 0xd1, 0x80, 0xd0, 0xb8, 0xd0, 0xb8, 0xd0, 0x90, 0xd0, 0xbb, 0xd0, 0xb5,
  0xd0, 0xba, 0xd1, 0x81, 0xd0, 0xb0, 0xd0, 0xbd, 0xd0, 0xb4, 0xd1, 0x80, 0xe0,
  0xa4, 0xa6, 0xe0, 0xa5, 0x8d, 0xe0, 0xa4, 0xb5, 0xe0, 0xa4, 0xbe, 0xe0, 0xa4,
  0xb0, 0xe0, 0xa4, 0xbe, 0xe0, 0xa4, 0xae, 0xe0, 0xa5, 0x88, 0xe0, 0xa4, 0xa8,
  0xe0, 0xa5, 0x81, 0xe0, 0xa4, 0x85, 0xe0, 0xa4, 0xb2, 0xe0, 0xa4, 0xaa, 0xe0,
  0xa5, 0x8d, 0xe0, 0xa4, 0xb0, 0xe0, 0xa4, 0xa6, 0xe0, 0xa4, 0xbe, 0xe0, 0xa4,
  0xa8, 0xe0, 0xa4, 0xad, 0xe0, 0xa4, 0xbe, 0xe0, 0xa4, 0xb0, 0xe0, 0xa4, 0xa4,
  0xe0, 0xa5, 0x80, 0xe0, 0xa4, 0xaf, 0xe0, 0xa4, 0x85, 0xe0, 0xa4, 0xa8, 0xe0,
  0xa5, 0x81, 0xe0, 0xa4, 0xa6, 0xe0, 0xa5, 0x87, 0xe0, 0xa4, 0xb6, 0xe0, 0xa4,
  0xb9, 0xe0, 0xa4, 0xbf, 0xe0, 0xa4, 0xa8, 0xe0, 0xa5, 0x8d, 0xe0, 0xa4, 0xa6,
  0xe0, 0xa5, 0x80, 0xe0, 0xa4, 0x87, 0xe0, 0xa4, 0x82, 0xe0, 0xa4, 0xa1, 0xe0,
  0xa4, 0xbf, 0xe0, 0xa4, 0xaf, 0xe0, 0xa4, 0xbe, 0xe0, 0xa4, 0xa6, 0xe0, 0xa4,
  0xbf, 0xe0, 0xa4, 0xb2, 0xe0, 0xa5, 0x8d, 0xe0, 0xa4, 0xb2, 0xe0, 0xa5, 0x80,
  0xe0, 0xa4, 0x85, 0xe0, 0xa4, 0xa7, 0xe0, 0xa4, 0xbf, 0xe0, 0xa4, 0x95, 0xe0,
  0xa4, 0xbe, 0xe0, 0xa4, 0xb0, 0xe0, 0xa4, 0xb5, 0xe0, 0xa5, 0x80, 0xe0, 0xa4,
  0xa1, 0xe0, 0xa4, 0xbf, 0xe0, 0xa4, 0xaf, 0xe0, 0xa5, 0x8b, 0xe0, 0xa4, 0x9a,
  0xe0, 0xa4, 0xbf, 0xe0, 0xa4, 0x9f, 0xe0, 0xa5, 0x8d, 0xe0, 0xa4, 0xa0, 0xe0,
  0xa5, 0x87, 0xe0, 0xa4, 0xb8, 0xe0, 0xa4, 0xae, 0xe0, 0xa4, 0xbe, 0xe0, 0xa4,
  0x9a, 0xe0, 0xa4, 0xbe, 0xe0, 0xa4, 0xb0, 0xe0, 0xa4, 0x9c, 0xe0, 0xa4, 0x82,
  0xe0, 0xa4, 0x95, 0xe0, 0xa5, 0x8d, 0xe0, 0xa4, 0xb6, 0xe0, 0xa4, 0xa8, 0xe0,
  0xa4, 0xa6, 0xe0, 0xa5, 0x81, 0xe0, 0xa4, 0xa8, 0xe0, 0xa4, 0xbf, 0xe0, 0xa4,
  0xaf, 0xe0, 0xa4, 0xbe, 0xe0, 0xa4, 0xaa, 0xe0, 0xa5, 0x8d, 0xe0, 0xa4, 0xb0,
  0xe0, 0xa4, 0xaf, 0xe0, 0xa5, 0x8b, 0xe0, 0xa4, 0x97, 0xe0, 0xa4, 0x85, 0xe0,
  0xa4, 0xa8, 0xe0, 0xa5, 0x81, 0xe0, 0xa4, 0xb8, 0xe0, 0xa4, 0xbe, 0xe0, 0xa4,
  0xb0, 0xe0, 0xa4, 0x91, 0xe0, 0xa4, 0xa8, 0xe0, 0xa4, 0xb2, 0xe0, 0xa4, 0xbe,
  0xe0, 0xa4, 0x87, 0xe0, 0xa4, 0xa8, 0xe0, 0xa4, 0xaa, 0xe0, 0xa4, 0xbe, 0xe0,
  0xa4, 0xb0, 0xe0, 0xa5, 0x8d, 0xe0, 0xa4, 0x9f, 0xe0, 0xa5, 0x80, 0xe0, 0xa4,
  0xb6, 0xe0, 0xa4, 0xb0, 0xe0, 0xa5, 0x8d, 0xe0, 0xa4, 0xa4, 0xe0, 0xa5, 0x8b,
  0xe0, 0xa4, 0x82, 0xe0, 0xa4, 0xb2, 0xe0, 0xa5, 0x8b, 0xe0, 0xa4, 0x95, 0xe0,
  0xa4, 0xb8, 0xe0, 0xa4, 0xad, 0xe0, 0xa4, 0xbe, 0xe0, 0xa4, 0xab, 0xe0, 0xa4,
  0xbc, 0xe0, 0xa5, 0x8d, 0xe0, 0xa4, 0xb2, 0xe0, 0xa5, 0x88, 0xe0, 0xa4, 0xb6,
  0xe0, 0xa4, 0xb6, 0xe0, 0xa4, 0xb0, 0xe0, 0xa5, 0x8d, 0xe0, 0xa4, 0xa4, 0xe0,
  0xa5, 0x87, 0xe0, 0xa4, 0x82, 0xe0, 0xa4, 0xaa, 0xe0, 0xa5, 0x8d, 0xe0, 0xa4,
  0xb0, 0xe0, 0xa4, 0xa6, 0xe0, 0xa5, 0x87, 0xe0, 0xa4, 0xb6, 0xe0, 0xa4, 0xaa,
  0xe0, 0xa5, 0x8d, 0xe0, 0xa4, 0xb2, 0xe0, 0xa5, 0x87, 0xe0, 0xa4, 0xaf, 0xe0,
  0xa4, 0xb0, 0xe0, 0xa4, 0x95, 0xe0, 0xa5, 0x87, 0xe0, 0xa4, 0x82, 0xe0, 0xa4,
  0xa6, 0xe0, 0xa5, 0x8d, 0xe0, 0xa4, 0xb0, 0xe0, 0xa4, 0xb8, 0xe0, 0xa5, 0x8d,
  0xe0, 0xa4, 0xa5, 0xe0, 0xa4, 0xbf, 0xe0, 0xa4, 0xa4, 0xe0, 0xa4, 0xbf, 0xe0,
  0xa4, 0x89, 0xe0, 0xa4, 0xa4, 0xe0, 0xa5, 0x8d, 0xe0, 0xa4, 0xaa, 0xe0, 0xa4,
  0xbe, 0xe0, 0xa4, 0xa6, 0xe0, 0xa4, 0x89, 0xe0, 0xa4, 0xa8, 0xe0, 0xa5, 0x8d,
  0xe0, 0xa4, 0xb9, 0xe0, 0xa5, 0x87, 0xe0, 0xa4, 0x82, 0xe0, 0xa4, 0x9a, 0xe0,
  0xa4, 0xbf, 0xe0, 0xa4, 0x9f, 0xe0, 0xa5, 0x8d, 0xe0, 0xa4, 0xa0, 0xe0, 0xa4,
  0xbe, 0xe0, 0xa4, 0xaf, 0xe0, 0xa4, 0xbe, 0xe0, 0xa4, 0xa4, 0xe0, 0xa5, 0x8d,
  0xe0, 0xa4, 0xb0, 0xe0, 0xa4, 0xbe, 0xe0, 0xa4, 0x9c, 0xe0, 0xa5, 0x8d, 0xe0,
  0xa4, 0xaf, 0xe0, 0xa4, 0xbe, 0xe0, 0xa4, 0xa6, 0xe0, 0xa4, 0xbe, 0xe0, 0xa4,
  0xaa, 0xe0, 0xa5, 0x81, 0xe0, 0xa4, 0xb0, 0xe0, 0xa4, 0xbe, 0xe0, 0xa4, 0xa8,
  0xe0, 0xa5, 0x87, 0xe0, 0xa4, 0x9c, 0xe0, 0xa5, 0x8b, 0xe0, 0xa4, 0xa1, 0xe0,
  0xa4, 0xbc, 0xe0, 0xa5, 0x87, 0xe0, 0xa4, 0x82, 0xe0, 0xa4, 0x85, 0xe0, 0xa4,
  0xa8, 0xe0, 0xa5, 0x81, 0xe0, 0xa4, 0xb5, 0xe0, 0xa4, 0xbe, 0xe0, 0xa4, 0xa6,
  0xe0, 0xa4, 0xb6, 0xe0, 0xa5, 0x8d, 0xe0, 0xa4, 0xb0, 0xe0, 0xa5, 0x87, 0xe0,
  0xa4, 0xa3, 0xe0, 0xa5, 0x80, 0xe0, 0xa4, 0xb6, 0xe0, 0xa4, 0xbf, 0xe0, 0xa4,
  0x95, 0xe0, 0xa5, 0x8d, 0xe0, 0xa4, 0xb7, 0xe0, 0xa4, 0xbe, 0xe0, 0xa4, 0xb8,
  0xe0, 0xa4, 0xb0, 0xe0, 0xa4, 0x95, 0xe0, 0xa4, 0xbe, 0xe0, 0xa4, 0xb0, 0xe0,
  0xa5, 0x80, 0xe0, 0xa4, 0xb8, 0xe0, 0xa4, 0x82, 0xe0, 0xa4, 0x97, 0xe0, 0xa5,
  0x8d, 0xe0, 0xa4, 0xb0, 0xe0, 0xa4, 0xb9, 0xe0, 0xa4, 0xaa, 0xe0, 0xa4, 0xb0,
  0xe0, 0xa4, 0xbf, 0xe0, 0xa4, 0xa3, 0xe0, 0xa4, 0xbe, 0xe0, 0xa4, 0xae, 0xe0,
  0xa4, 0xac, 0xe0, 0xa5, 0x8d, 0xe0, 0xa4, 0xb0, 0xe0, 0xa4, 0xbe, 0xe0, 0xa4,
  0x82, 0xe0, 0xa4, 0xa1, 0xe0, 0xa4, 0xac, 0xe0, 0xa4, 0x9a, 0xe0, 0xa5, 0x8d,
  0xe0, 0xa4, 0x9a, 0xe0, 0xa5, 0x8b, 0xe0, 0xa4, 0x82, 0xe0, 0xa4, 0x89, 0xe0,
  0xa4, 0xaa, 0xe0, 0xa4, 0xb2, 0xe0, 0xa4, 0xac, 0xe0, 0xa5, 0x8d, 0xe0, 0xa4,
  0xa7, 0xe0, 0xa4, 0xae, 0xe0, 0xa4, 0x82, 0xe0, 0xa4, 0xa4, 0xe0, 0xa5, 0x8d,
  0xe0, 0xa4, 0xb0, 0xe0, 0xa5, 0x80, 0xe0, 0xa4, 0xb8, 0xe0, 0xa4, 0x82, 0xe0,
  0xa4, 0xaa, 0xe0, 0xa4, 0xb0, 0xe0, 0xa5, 0x8d, 0xe0, 0xa4, 0x95, 0xe0, 0xa4,
  0x89, 0xe0, 0xa4, 0xae, 0xe0, 0xa5, 0x8d, 0xe0, 0xa4, 0xae, 0xe0, 0xa5, 0x80,
  0xe0, 0xa4, 0xa6, 0xe0, 0xa4, 0xae, 0xe0, 0xa4, 0xbe, 0xe0, 0xa4, 0xa7, 0xe0,
  0xa5, 0x8d, 0xe0, 0xa4, 0xaf, 0xe0, 0xa4, 0xae, 0xe0, 0xa4, 0xb8, 0xe0, 0xa4,
  0xb9, 0xe0, 0xa4, 0xbe, 0xe0, 0xa4, 0xaf, 0xe0, 0xa4, 0xa4, 0xe0, 0xa4, 0xbe,
  0xe0, 0xa4, 0xb6, 0xe0, 0xa4, 0xac, 0xe0, 0xa5, 0x8d, 0xe0, 0xa4, 0xa6, 0xe0,
  0xa5, 0x8b, 0xe0, 0xa4, 0x82, 0xe0, 0xa4, 0xae, 0xe0, 0xa5, 0x80, 0xe0, 0xa4,
  0xa1, 0xe0, 0xa4, 0xbf, 0xe0, 0xa4, 0xaf, 0xe0, 0xa4, 0xbe, 0xe0, 0xa4, 0x86,
  0xe0, 0xa4, 0x88, 0xe0, 0xa4, 0xaa, 0xe0, 0xa5, 0x80, 0xe0, 0xa4, 0x8f, 0xe0,
  0xa4, 0xb2, 0xe0, 0xa4, 0xae, 0xe0, 0xa5, 0x8b, 0xe0, 0xa4, 0xac, 0xe0, 0xa4,
  0xbe, 0xe0, 0xa4, 0x87, 0xe0, 0xa4, 0xb2, 0xe0, 0xa4, 0xb8, 0xe0, 0xa4, 0x82,
  0xe0, 0xa4, 0x96, 0xe0, 0xa5, 0x8d, 0xe0, 0xa4, 0xaf, 0xe0, 0xa4, 0xbe, 0xe0,
  0xa4, 0x86, 0xe0, 0xa4, 0xaa, 0xe0, 0xa4, 0xb0, 0xe0, 0xa5, 0x87, 0xe0, 0xa4,
  0xb6, 0xe0, 0xa4, 0xa8, 0xe0, 0xa4, 0x85, 0xe0, 0xa4, 0xa8, 0xe0, 0xa5, 0x81,
  0xe0, 0xa4, 0xac, 0xe0, 0xa4, 0x82, 0xe0, 0xa4, 0xa7, 0xe0, 0xa4, 0xac, 0xe0,
  0xa4, 0xbe, 0xe0, 0xa4, 0x9c, 0xe0, 0xa4, 0xbc, 0xe0, 0xa4, 0xbe, 0xe0, 0xa4,
  0xb0, 0xe0, 0xa4, 0xa8, 0xe0, 0xa4, 0xb5, 0xe0, 0xa5, 0x80, 0xe0, 0xa4, 0xa8,
  0xe0, 0xa4, 0xa4, 0xe0, 0xa4, 0xae, 0xe0, 0xa4, 0xaa, 0xe0, 0xa5, 0x8d, 0xe0,
  0xa4, 0xb0, 0xe0, 0xa4, 0xae, 0xe0, 0xa5, 0x81, 0xe0, 0xa4, 0x96, 0xe0, 0xa4,
  0xaa, 0xe0, 0xa5, 0x8d, 0xe0, 0xa4, 0xb0, 0xe0, 0xa4, 0xb6, 0xe0, 0xa5, 0x8d,
  0xe0, 0xa4, 0xa8, 0xe0, 0xa4, 0xaa, 0xe0, 0xa4, 0xb0, 0xe0, 0xa4, 0xbf, 0xe0,
  0xa4, 0xb5, 0xe0, 0xa4, 0xbe, 0xe0, 0xa4, 0xb0, 0xe0, 0xa4, 0xa8, 0xe0, 0xa5,
  0x81, 0xe0, 0xa4, 0x95, 0xe0, 0xa4, 0xb8, 0xe0, 0xa4, 0xbe, 0xe0, 0xa4, 0xa8,
  0xe0, 0xa4, 0xb8, 0xe0, 0xa4, 0xae, 0xe0, 0xa4, 0xb0, 0xe0, 0xa5, 0x8d, 0xe0,
  0xa4, 0xa5, 0xe0, 0xa4, 0xa8, 0xe0, 0xa4, 0x86, 0xe0, 0xa4, 0xaf, 0xe0, 0xa5,
  0x8b, 0xe0, 0xa4, 0x9c, 0xe0, 0xa4, 0xbf, 0xe0, 0xa4, 0xa4, 0xe0, 0xa4, 0xb8,
  0xe0, 0xa5, 0x8b, 0xe0, 0xa4, 0xae, 0xe0, 0xa4, 0xb5, 0xe0, 0xa4, 0xbe, 0xe0,
  0xa4, 0xb0, 0xd8, 0xa7, 0xd9, 0x84, 0xd9, 0x85, 0xd8, 0xb4, 0xd8, 0xa7, 0xd8,
  0xb1, 0xd9, 0x83, 0xd8, 0xa7, 0xd8, 0xaa, 0xd8, 0xa7, 0xd9, 0x84, 0xd9, 0x85,
  0xd9, 0x86, 0xd8, 0xaa, 0xd8, 0xaf, 0xd9, 0x8a, 0xd8, 0xa7, 0xd8, 0xaa, 0xd8,
  0xa7, 0xd9, 0x84, 0xd9, 0x83, 0xd9, 0x85, 0xd8, 0xa8, 0xd9, 0x8a, 0xd9, 0x88,
  0xd8, 0xaa, 0xd8, 0xb1, 0xd8, 0xa7, 0xd9, 0x84, 0xd9, 0x85, 0xd8, 0xb4, 0xd8,
  0xa7, 0xd9, 0x87, 0xd8, 0xaf, 0xd8, 0xa7, 0xd8, 0xaa, 0xd8, 0xb9, 0xd8, 0xaf,
  0xd8, 0xaf, 0xd8, 0xa7, 0xd9, 0x84, 0xd8, 0xb2, 0xd9, 0x88, 0xd8, 0xa7, 0xd8,
  0xb1, 0xd8, 0xb9, 0xd8, 0xaf, 0xd8, 0xaf, 0xd8, 0xa7, 0xd9, 0x84, 0xd8, 0xb1,
  0xd8, 0xaf, 0xd9, 0x88, 0xd8, 0xaf, 0xd8, 0xa7, 0xd9, 0x84, 0xd8, 0xa5, 0xd8,
  0xb3, 0xd9, 0x84, 0xd8, 0xa7, 0xd9, 0x85, 0xd9, 0x8a, 0xd8, 0xa9, 0xd8, 0xa7,
  0xd9, 0x84, 0xd9, 0x81, 0xd9, 0x88, 0xd8, 0xaa, 0xd9, 0x88, 0xd8, 0xb4, 0xd9,
  0x88, 0xd8, 0xa8, 0xd8, 0xa7, 0xd9, 0x84, 0xd9, 0x85, 0xd8, 0xb3, 0xd8, 0xa7,
  0xd8, 0xa8, 0xd9, 0x82, 0xd8, 0xa7, 0xd8, 0xaa, 0xd8, 0xa7, 0xd9, 0x84, 0xd9,
  0x85, 0xd8, 0xb9, 0xd9, 0x84, 0xd9, 0x88, 0xd9, 0x85, 0xd8, 0xa7, 0xd8, 0xaa,
  0xd8, 0xa7, 0xd9, 0x84, 0xd9, 0x85, 0xd8, 0xb3, 0xd9, 0x84, 0xd8, 0xb3, 0xd9,
  0x84, 0xd8, 0xa7, 0xd8, 0xaa, 0xd8, 0xa7, 0xd9, 0x84, 0xd8, 0xac, 0xd8, 0xb1,
  0xd8, 0xa7, 0xd9, 0x81, 0xd9, 0x8a, 0xd9, 0x83, 0xd8, 0xb3, 0xd8, 0xa7, 0xd9,
  0x84, 0xd8, 0xa7, 0xd8, 0xb3, 0xd9, 0x84, 0xd8, 0xa7, 0xd9, 0x85, 0xd9, 0x8a,
  0xd8, 0xa9, 0xd8, 0xa7, 0xd9, 0x84, 0xd8, 0xa7, 0xd8, 0xaa, 0xd8, 0xb5, 0xd8,
  0xa7, 0xd9, 0x84, 0xd8, 0xa7, 0xd8, 0xaa, 0x6b, 0x65, 0x79, 0x77, 0x6f, 0x72,
  0x64, 0x73, 0x22, 0x20, 0x63, 0x6f, 0x6e, 0x74, 0x65, 0x6e, 0x74, 0x3d, 0x22,
  0x77, 0x33, 0x2e, 0x6f, 0x72, 0x67, 0x2f, 0x31, 0x39, 0x39, 0x39, 0x2f, 0x78,
  0x68, 0x74, 0x6d, 0x6c, 0x22, 0x3e, 0x3c, 0x61, 0x20, 0x74, 0x61, 0x72, 0x67,
  0x65, 0x74, 0x3d, 0x22, 0x5f, 0x62, 0x6c, 0x61, 0x6e, 0x6b, 0x22, 0x20, 0x74,
  0x65, 0x78, 0x74, 0x2f, 0x68, 0x74, 0x6d, 0x6c, 0x3b, 0x20, 0x63, 0x68, 0x61,
  0x72, 0x73, 0x65, 0x74, 0x3d, 0x22, 0x20, 0x74, 0x61, 0x72, 0x67, 0x65, 0x74,
  0x3d, 0x22, 0x5f, 0x62, 0x6c, 0x61, 0x6e, 0x6b, 0x22, 0x3e, 0x3c, 0x74, 0x61,
  0x62, 0x6c, 0x65, 0x20, 0x63, 0x65, 0x6c, 0x6c, 0x70, 0x61, 0x64, 0x64, 0x69,
  0x6e, 0x67, 0x3d, 0x22, 0x61, 0x75, 0x74, 0x6f, 0x63, 0x6f, 0x6d, 0x70, 0x6c,
  0x65, 0x74, 0x65, 0x3d, 0x22, 0x6f, 0x66, 0x66, 0x22, 0x20, 0x74, 0x65, 0x78,
  0x74, 0x2d, 0x61, 0x6c, 0x69, 0x67, 0x6e, 0x3a, 0x20, 0x63, 0x65, 0x6e, 0x74,
  0x65, 0x72, 0x3b, 0x74, 0x6f, 0x20, 0x6c, 0x61, 0x73, 0x74, 0x20, 0x76, 0x65,
  0x72, 0x73, 0x69, 0x6f, 0x6e, 0x20, 0x62, 0x79, 0x20, 0x62, 0x61, 0x63, 0x6b,
  0x67, 0x72, 0x6f, 0x75, 0x6e, 0x64, 0x2d, 0x63, 0x6f, 0x6c, 0x6f, 0x72, 0x3a,
  0x20, 0x23, 0x22, 0x20, 0x68, 0x72, 0x65, 0x66, 0x3d, 0x22, 0x68, 0x74, 0x74,
  0x70, 0x3a, 0x2f, 0x2f, 0x77, 0x77, 0x77, 0x2e, 0x2f, 0x64, 0x69, 0x76, 0x3e,
  0x3c, 0x2f, 0x64, 0x69, 0x76, 0x3e, 0x3c, 0x64, 0x69, 0x76, 0x20, 0x69, 0x64,
  0x3d, 0x3c, 0x61, 0x20, 0x68, 0x72, 0x65, 0x66, 0x3d, 0x22, 0x23, 0x22, 0x20,
  0x63, 0x6c, 0x61, 0x73, 0x73, 0x3d, 0x22, 0x22, 0x3e, 0x3c, 0x69, 0x6d, 0x67,
  0x20, 0x73, 0x72, 0x63, 0x3d, 0x22, 0x68, 0x74, 0x74, 0x70, 0x3a, 0x2f, 0x2f,
  0x63, 0x72, 0x69, 0x70, 0x74, 0x22, 0x20, 0x73, 0x72, 0x63, 0x3d, 0x22, 0x68,
  0x74, 0x74, 0x70, 0x3a, 0x2f, 0x2f, 0x0a, 0x3c, 0x73, 0x63, 0x72, 0x69, 0x70,
  0x74, 0x20, 0x6c, 0x61, 0x6e, 0x67, 0x75, 0x61, 0x67, 0x65, 0x3d, 0x22, 0x2f,
  0x2f, 0x45, 0x4e, 0x22, 0x20, 0x22, 0x68, 0x74, 0x74, 0x70, 0x3a, 0x2f, 0x2f,
  0x77, 0x77, 0x77, 0x2e, 0x77, 0x65, 0x6e, 0x63, 0x6f, 0x64, 0x65, 0x55, 0x52,
  0x49, 0x43, 0x6f, 0x6d, 0x70, 0x6f, 0x6e, 0x65, 0x6e, 0x74, 0x28, 0x22, 0x20,
  0x68, 0x72, 0x65, 0x66, 0x3d, 0x22, 0x6a, 0x61, 0x76, 0x61, 0x73, 0x63, 0x72,
  0x69, 0x70, 0x74, 0x3a, 0x3c, 0x64, 0x69, 0x76, 0x20, 0x63, 0x6c, 0x61, 0x73,
  0x73, 0x3d, 0x22, 0x63, 0x6f, 0x6e, 0x74, 0x65, 0x6e, 0x74, 0x64, 0x6f, 0x63,
  0x75, 0x6d, 0x65, 0x6e, 0x74, 0x2e, 0x77, 0x72, 0x69, 0x74, 0x65, 0x28, 0x27,
  0x3c, 0x73, 0x63, 0x70, 0x6f, 0x73, 0x69, 0x74, 0x69, 0x6f, 0x6e, 0x3a, 0x20,
  0x61, 0x62, 0x73, 0x6f, 0x6c, 0x75, 0x74, 0x65, 0x3b, 0x73, 0x63, 0x72, 0x69,
  0x70, 0x74, 0x20, 0x73, 0x72, 0x63, 0x3d, 0x22, 0x68, 0x74, 0x74, 0x70, 0x3a,
  0x2f, 0x2f, 0x20, 0x73, 0x74, 0x79, 0x6c, 0x65, 0x3d, 0x22, 0x6d, 0x61, 0x72,
  0x67, 0x69, 0x6e, 0x2d, 0x74, 0x6f, 0x70, 0x3a, 0x2e, 0x6d, 0x69, 0x6e, 0x2e,
  0x6a, 0x73, 0x22, 0x3e, 0x3c, 0x2f, 0x73, 0x63, 0x72, 0x69, 0x70, 0x74, 0x3e,
  0x0a, 0x3c, 0x2f, 0x64, 0x69, 0x76, 0x3e, 0x0a, 0x3c, 0x64, 0x69, 0x76, 0x20,
  0x63, 0x6c, 0x61, 0x73, 0x73, 0x3d, 0x22, 0x77, 0x33, 0x2e, 0x6f, 0x72, 0x67,
  0x2f, 0x31, 0x39, 0x39, 0x39, 0x2f, 0x78, 0x68, 0x74, 0x6d, 0x6c, 0x22, 0x20,
  0x0a, 0x0d, 0x0a, 0x3c, 0x2f, 0x62, 0x6f, 0x64, 0x79, 0x3e, 0x0d, 0x0a, 0x3c,
  0x2f, 0x68, 0x74, 0x6d, 0x6c, 0x3e, 0x64, 0x69, 0x73, 0x74, 0x69, 0x6e, 0x63,
  0x74, 0x69, 0x6f, 0x6e, 0x20, 0x62, 0x65, 0x74, 0x77, 0x65, 0x65, 0x6e, 0x2f,
  0x22, 0x20, 0x74, 0x61, 0x72, 0x67, 0x65, 0x74, 0x3d, 0x22, 0x5f, 0x62, 0x6c,
  0x61, 0x6e, 0x6b, 0x22, 0x3e, 0x3c, 0x6c, 0x69, 0x6e, 0x6b, 0x20, 0x68, 0x72,
  0x65, 0x66, 0x3d, 0x22, 0x68, 0x74, 0x74, 0x70, 0x3a, 0x2f, 0x2f, 0x65, 0x6e,
  0x63, 0x6f, 0x64, 0x69, 0x6e, 0x67, 0x3d, 0x22, 0x75, 0x74, 0x66, 0x2d, 0x38,
  0x22, 0x3f, 0x3e, 0x0a, 0x77, 0x2e, 0x61, 0x64, 0x64, 0x45, 0x76, 0x65, 0x6e,
  0x74, 0x4c, 0x69, 0x73, 0x74, 0x65, 0x6e, 0x65, 0x72, 0x3f, 0x61, 0x63, 0x74,
  0x69, 0x6f, 0x6e, 0x3d, 0x22, 0x68, 0x74, 0x74, 0x70, 0x3a, 0x2f, 0x2f, 0x77,
  0x77, 0x77, 0x2e, 0x69, 0x63, 0x6f, 0x6e, 0x22, 0x20, 0x68, 0x72, 0x65, 0x66,
  0x3d, 0x22, 0x68, 0x74, 0x74, 0x70, 0x3a, 0x2f, 0x2f, 0x20, 0x73, 0x74, 0x79,
  0x6c, 0x65, 0x3d, 0x22, 0x62, 0x61, 0x63, 0x6b, 0x67, 0x72, 0x6f, 0x75, 0x6e,
  0x64, 0x3a, 0x74, 0x79, 0x70, 0x65, 0x3d, 0x22, 0x74, 0x65, 0x78, 0x74, 0x2f,
  0x63, 0x73, 0x73, 0x22, 0x20, 0x2f, 0x3e, 0x0a, 0x6d, 0x65, 0x74, 0x61, 0x20,
  0x70, 0x72, 0x6f, 0x70, 0x65, 0x72, 0x74, 0x79, 0x3d, 0x22, 0x6f, 0x67, 0x3a,
  0x74, 0x3c, 0x69, 0x6e, 0x70, 0x75, 0x74, 0x20, 0x74, 0x79, 0x70, 0x65, 0x3d,
  0x22, 0x74, 0x65, 0x78, 0x74, 0x22, 0x20, 0x20, 0x73, 0x74, 0x79, 0x6c, 0x65,
  0x3d, 0x22, 0x74, 0x65, 0x78, 0x74, 0x2d, 0x61, 0x6c, 0x69, 0x67, 0x6e, 0x3a,
  0x74, 0x68, 0x65, 0x20, 0x64, 0x65, 0x76, 0x65, 0x6c, 0x6f, 0x70, 0x6d, 0x65,
  0x6e, 0x74, 0x20, 0x6f, 0x66, 0x20, 0x74, 0x79, 0x6c, 0x65, 0x73, 0x68, 0x65,
  0x65, 0x74, 0x22, 0x20, 0x74, 0x79, 0x70, 0x65, 0x3d, 0x22, 0x74, 0x65, 0x68,
  0x74, 0x6d, 0x6c, 0x3b, 0x20, 0x63, 0x68, 0x61, 0x72, 0x73, 0x65, 0x74, 0x3d,
  0x75, 0x74, 0x66, 0x2d, 0x38, 0x69, 0x73, 0x20, 0x63, 0x6f, 0x6e, 0x73, 0x69,
  0x64, 0x65, 0x72, 0x65, 0x64, 0x20, 0x74, 0x6f, 0x20, 0x62, 0x65, 0x74, 0x61,
  0x62, 0x6c, 0x65, 0x20, 0x77, 0x69, 0x64, 0x74, 0x68, 0x3d, 0x22, 0x31, 0x30,
  0x30, 0x25, 0x22, 0x20, 0x49, 0x6e, 0x20, 0x61, 0x64, 0x64, 0x69, 0x74, 0x69,
  0x6f, 0x6e, 0x20, 0x74, 0x6f, 0x20, 0x74, 0x68, 0x65, 0x20, 0x63, 0x6f, 0x6e,
  0x74, 0x72, 0x69, 0x62, 0x75, 0x74, 0x65, 0x64, 0x20, 0x74, 0x6f, 0x20, 0x74,
  0x68, 0x65, 0x20, 0x64, 0x69, 0x66, 0x66, 0x65, 0x72, 0x65, 0x6e, 0x63, 0x65,
  0x73, 0x20, 0x62, 0x65, 0x74, 0x77, 0x65, 0x65, 0x6e, 0x64, 0x65, 0x76, 0x65,
  0x6c, 0x6f, 0x70, 0x6d, 0x65, 0x6e, 0x74, 0x20, 0x6f, 0x66, 0x20, 0x74, 0x68,
  0x65, 0x20, 0x49, 0x74, 0x20, 0x69, 0x73, 0x20, 0x69, 0x6d, 0x70, 0x6f, 0x72,
  0x74, 0x61, 0x6e, 0x74, 0x20, 0x74, 0x6f, 0x20, 0x3c, 0x2f, 0x73, 0x63, 0x72,
  0x69, 0x70, 0x74, 0x3e, 0x0a, 0x0a, 0x3c, 0x73, 0x63, 0x72, 0x69, 0x70, 0x74,
  0x20, 0x20, 0x73, 0x74, 0x79, 0x6c, 0x65, 0x3d, 0x22, 0x66, 0x6f, 0x6e, 0x74,
  0x2d, 0x73, 0x69, 0x7a, 0x65, 0x3a, 0x31, 0x3e, 0x3c, 0x2f, 0x73, 0x70, 0x61,
  0x6e, 0x3e, 0x3c, 0x73, 0x70, 0x61, 0x6e, 0x20, 0x69, 0x64, 0x3d, 0x67, 0x62,
  0x4c, 0x69, 0x62, 0x72, 0x61, 0x72, 0x79, 0x20, 0x6f, 0x66, 0x20, 0x43, 0x6f,
  0x6e, 0x67, 0x72, 0x65, 0x73, 0x73, 0x3c, 0x69, 0x6d, 0x67, 0x20, 0x73, 0x72,
  0x63, 0x3d, 0x22, 0x68, 0x74, 0x74, 0x70, 0x3a, 0x2f, 0x2f, 0x69, 0x6d, 0x45,
  0x6e, 0x67, 0x6c, 0x69, 0x73, 0x68, 0x20, 0x74, 0x72, 0x61, 0x6e, 0x73, 0x6c,
  0x61, 0x74, 0x69, 0x6f, 0x6e, 0x41, 0x63, 0x61, 0x64, 0x65, 0x6d, 0x79, 0x20,
  0x6f, 0x66, 0x20, 0x53, 0x63, 0x69, 0x65, 0x6e, 0x63, 0x65, 0x73, 0x64, 0x69,
  0x76, 0x20, 0x73, 0x74, 0x79, 0x6c, 0x65, 0x3d, 0x22, 0x64, 0x69, 0x73, 0x70,
  0x6c, 0x61, 0x79, 0x3a, 0x63, 0x6f, 0x6e, 0x73, 0x74, 0x72, 0x75, 0x63, 0x74,
  0x69, 0x6f, 0x6e, 0x20, 0x6f, 0x66, 0x20, 0x74, 0x68, 0x65, 0x2e, 0x67, 0x65,
  0x74, 0x45, 0x6c, 0x65, 0x6d, 0x65, 0x6e, 0x74, 0x42, 0x79, 0x49, 0x64, 0x28,
  0x69, 0x64, 0x29, 0x69, 0x6e, 0x20, 0x63, 0x6f, 0x6e, 0x6a, 0x75, 0x6e, 0x63,
  0x74, 0x69, 0x6f, 0x6e, 0x20, 0x77, 0x69, 0x74, 0x68, 0x45, 0x6c, 0x65, 0x6d,
  0x65, 0x6e, 0x74, 0x28, 0x27, 0x73, 0x63, 0x72, 0x69, 0x70, 0x74, 0x27, 0x29,
  0x3b, 0x20, 0x3c, 0x6d, 0x65, 0x74, 0x61, 0x20, 0x70, 0x72, 0x6f, 0x70, 0x65,
  0x72, 0x74, 0x79, 0x3d, 0x22, 0x6f, 0x67, 0x3a, 0xd0, 0x91, 0xd1, 0x8a, 0xd0,
  0xbb, 0xd0, 0xb3, 0xd0, 0xb0, 0xd1, 0x80, 0xd1, 0x81, 0xd0, 0xba, 0xd0, 0xb8,
  0x0a, 0x20, 0x74, 0x79, 0x70, 0x65, 0x3d, 0x22, 0x74, 0x65, 0x78, 0x74, 0x22,
  0x20, 0x6e, 0x61, 0x6d, 0x65, 0x3d, 0x22, 0x3e, 0x50, 0x72, 0x69, 0x76, 0x61,
  0x63, 0x79, 0x20, 0x50, 0x6f, 0x6c, 0x69, 0x63, 0x79, 0x3c, 0x2f, 0x61, 0x3e,
  0x61, 0x64, 0x6d, 0x69, 0x6e, 0x69, 0x73, 0x74, 0x65, 0x72, 0x65, 0x64, 0x20,
  0x62, 0x79, 0x20, 0x74, 0x68, 0x65, 0x65, 0x6e, 0x61, 0x62, 0x6c, 0x65, 0x53,
  0x69, 0x6e, 0x67, 0x6c, 0x65, 0x52, 0x65, 0x71, 0x75, 0x65, 0x73, 0x74, 0x73,
  0x74, 0x79, 0x6c, 0x65, 0x3d, 0x26, 0x71, 0x75, 0x6f, 0x74, 0x3b, 0x6d, 0x61,
  0x72, 0x67, 0x69, 0x6e, 0x3a, 0x3c, 0x2f, 0x64, 0x69, 0x76, 0x3e, 0x3c, 0x2f,
  0x64, 0x69, 0x76, 0x3e, 0x3c, 0x2f, 0x64, 0x69, 0x76, 0x3e, 0x3c, 0x3e, 0x3c,
  0x69, 0x6d, 0x67, 0x20, 0x73, 0x72, 0x63, 0x3d, 0x22, 0x68, 0x74, 0x74, 0x70,
  0x3a, 0x2f, 0x2f, 0x69, 0x20, 0x73, 0x74, 0x79, 0x6c, 0x65, 0x3d, 0x26, 0x71,
  0x75, 0x6f, 0x74, 0x3b, 0x66, 0x6c, 0x6f, 0x61, 0x74, 0x3a, 0x72, 0x65, 0x66,
  0x65, 0x72, 0x72, 0x65, 0x64, 0x20, 0x74, 0x6f, 0x20, 0x61, 0x73, 0x20, 0x74,
  0x68, 0x65, 0x20, 0x74, 0x6f, 0x74, 0x61, 0x6c, 0x20, 0x70, 0x6f, 0x70, 0x75,
  0x6c, 0x61, 0x74, 0x69, 0x6f, 0x6e, 0x20, 0x6f, 0x66, 0x69, 0x6e, 0x20, 0x57,
  0x61, 0x73, 0x68, 0x69, 0x6e, 0x67, 0x74, 0x6f, 0x6e, 0x2c, 0x20, 0x44, 0x2e,
  0x43, 0x2e, 0x20, 0x73, 0x74, 0x79, 0x6c, 0x65, 0x3d, 0x22, 0x62, 0x61, 0x63,
  0x6b, 0x67, 0x72, 0x6f, 0x75, 0x6e, 0x64, 0x2d, 0x61, 0x6d, 0x6f, 0x6e, 0x67,
  0x20, 0x6f, 0x74, 0x68, 0x65, 0x72, 0x20, 0x74, 0x68, 0x69, 0x6e, 0x67, 0x73,
  0x2c, 0x6f, 0x72, 0x67, 0x61, 0x6e, 0x69, 0x7a, 0x61, 0x74, 0x69, 0x6f, 0x6e,
  0x20, 0x6f, 0x66, 0x20, 0x74, 0x68, 0x65, 0x70, 0x61, 0x72, 0x74, 0x69, 0x63,
  0x69, 0x70, 0x61, 0x74, 0x65, 0x64, 0x20, 0x69, 0x6e, 0x20, 0x74, 0x68, 0x65,
  0x74, 0x68, 0x65, 0x20, 0x69, 0x6e, 0x74, 0x72, 0x6f, 0x64, 0x75, 0x63, 0x74,
  0x69, 0x6f, 0x6e, 0x20, 0x6f, 0x66, 0x69, 0x64, 0x65, 0x6e, 0x74, 0x69, 0x66,
  0x69, 0x65, 0x64, 0x20, 0x77, 0x69, 0x74, 0x68, 0x20, 0x74, 0x68, 0x65, 0x66,
  0x69, 0x63, 0x74, 0x69, 0x6f, 0x6e, 0x61, 0x6c, 0x20, 0x63, 0x68, 0x61, 0x72,
  0x61, 0x63, 0x74, 0x65, 0x72, 0x20, 0x4f, 0x78, 0x66, 0x6f, 0x72, 0x64, 0x20,
  0x55, 0x6e, 0x69, 0x76, 0x65, 0x72, 0x73, 0x69, 0x74, 0x79, 0x20, 0x6d, 0x69,
  0x73, 0x75, 0x6e, 0x64, 0x65, 0x72, 0x73, 0x74, 0x61, 0x6e, 0x64, 0x69, 0x6e,
  0x67, 0x20, 0x6f, 0x66, 0x54, 0x68, 0x65, 0x72, 0x65, 0x20, 0x61, 0x72, 0x65,
  0x2c, 0x20, 0x68, 0x6f, 0x77, 0x65, 0x76, 0x65, 0x72, 0x2c, 0x73, 0x74, 0x79,
  0x6c, 0x65, 0x73, 0x68, 0x65, 0x65, 0x74, 0x22, 0x20, 0x68, 0x72, 0x65, 0x66,
  0x3d, 0x22, 0x2f, 0x43, 0x6f, 0x6c, 0x75, 0x6d, 0x62, 0x69, 0x61, 0x20, 0x55,
  0x6e, 0x69, 0x76, 0x65, 0x72, 0x73, 0x69, 0x74, 0x79, 0x65, 0x78, 0x70, 0x61,
  0x6e, 0x64, 0x65, 0x64, 0x20, 0x74, 0x6f, 0x20, 0x69, 0x6e, 0x63, 0x6c, 0x75,
  0x64, 0x65, 0x75, 0x73, 0x75, 0x61, 0x6c, 0x6c, 0x79, 0x20, 0x72, 0x65, 0x66,
  0x65, 0x72, 0x72, 0x65, 0x64, 0x20, 0x74, 0x6f, 0x69, 0x6e, 0x64, 0x69, 0x63,
  0x61, 0x74, 0x69, 0x6e, 0x67, 0x20, 0x74, 0x68, 0x61, 0x74, 0x20, 0x74, 0x68,
  0x65, 0x68, 0x61, 0x76, 0x65, 0x20, 0x73, 0x75, 0x67, 0x67, 0x65, 0x73, 0x74,
  0x65, 0x64, 0x20, 0x74, 0x68, 0x61, 0x74, 0x61, 0x66, 0x66, 0x69, 0x6c, 0x69,
  0x61, 0x74, 0x65, 0x64, 0x20, 0x77, 0x69, 0x74, 0x68, 0x20, 0x74, 0x68, 0x65,
  0x63, 0x6f, 0x72, 0x72, 0x65, 0x6c, 0x61, 0x74, 0x69, 0x6f, 0x6e, 0x20, 0x62,
  0x65, 0x74, 0x77, 0x65, 0x65, 0x6e, 0x6e, 0x75, 0x6d, 0x62, 0x65, 0x72, 0x20,
  0x6f, 0x66, 0x20, 0x64, 0x69, 0x66, 0x66, 0x65, 0x72, 0x65, 0x6e, 0x74, 0x3e,
  0x3c, 0x2f, 0x74, 0x64, 0x3e, 0x3c, 0x2f, 0x74, 0x72, 0x3e, 0x3c, 0x2f, 0x74,
  0x61, 0x62, 0x6c, 0x65, 0x3e, 0x52, 0x65, 0x70, 0x75, 0x62, 0x6c, 0x69, 0x63,
  0x20, 0x6f, 0x66, 0x20, 0x49, 0x72, 0x65, 0x6c, 0x61, 0x6e, 0x64, 0x0a, 0x3c,
  0x2f, 0x73, 0x63, 0x72, 0x69, 0x70, 0x74, 0x3e, 0x0a, 0x3c, 0x73, 0x63, 0x72,
  0x69, 0x70, 0x74, 0x20, 0x75, 0x6e, 0x64, 0x65, 0x72, 0x20, 0x74, 0x68, 0x65,
  0x20, 0x69, 0x6e, 0x66, 0x6c, 0x75, 0x65, 0x6e, 0x63, 0x65, 0x63, 0x6f, 0x6e,
  0x74, 0x72, 0x69, 0x62, 0x75, 0x74, 0x69, 0x6f, 0x6e, 0x20, 0x74, 0x6f, 0x20,
  0x74, 0x68, 0x65, 0x4f, 0x66, 0x66, 0x69, 0x63, 0x69, 0x61, 0x6c, 0x20, 0x77,
  0x65, 0x62, 0x73, 0x69, 0x74, 0x65, 0x20, 0x6f, 0x66, 0x68, 0x65, 0x61, 0x64,
  0x71, 0x75, 0x61, 0x72, 0x74, 0x65, 0x72, 0x73, 0x20, 0x6f, 0x66, 0x20, 0x74,
  0x68, 0x65, 0x63, 0x65, 0x6e, 0x74, 0x65, 0x72, 0x65, 0x64, 0x20, 0x61, 0x72,
  0x6f, 0x75, 0x6e, 0x64, 0x20, 0x74, 0x68, 0x65, 0x69, 0x6d, 0x70, 0x6c, 0x69,
  0x63, 0x61, 0x74, 0x69, 0x6f, 0x6e, 0x73, 0x20, 0x6f, 0x66, 0x20, 0x74, 0x68,
  0x65, 0x68, 0x61, 0x76, 0x65, 0x20, 0x62, 0x65, 0x65, 0x6e, 0x20, 0x64, 0x65,
  0x76, 0x65, 0x6c, 0x6f, 0x70, 0x65, 0x64, 0x46, 0x65, 0x64, 0x65, 0x72, 0x61,
  0x6c, 0x20, 0x52, 0x65, 0x70, 0x75, 0x62, 0x6c, 0x69, 0x63, 0x20, 0x6f, 0x66,
  0x62, 0x65, 0x63, 0x61, 0x6d, 0x65, 0x20, 0x69, 0x6e, 0x63, 0x72, 0x65, 0x61,
  0x73, 0x69, 0x6e, 0x67, 0x6c, 0x79, 0x63, 0x6f, 0x6e, 0x74, 0x69, 0x6e, 0x75,
  0x61, 0x74, 0x69, 0x6f, 0x6e, 0x20, 0x6f, 0x66, 0x20, 0x74, 0x68, 0x65, 0x4e,
  0x6f, 0x74, 0x65, 0x2c, 0x20, 0x68, 0x6f, 0x77, 0x65, 0x76, 0x65, 0x72, 0x2c,
  0x20, 0x74, 0x68, 0x61, 0x74, 0x73, 0x69, 0x6d, 0x69, 0x6c, 0x61, 0x72, 0x20,
  0x74, 0x6f, 0x20, 0x74, 0x68, 0x61, 0x74, 0x20, 0x6f, 0x66, 0x20, 0x63, 0x61,
  0x70, 0x61, 0x62, 0x69, 0x6c, 0x69, 0x74, 0x69, 0x65, 0x73, 0x20, 0x6f, 0x66,
  0x20, 0x74, 0x68, 0x65, 0x61, 0x63, 0x63, 0x6f, 0x72, 0x64, 0x61, 0x6e, 0x63,
  0x65, 0x20, 0x77, 0x69, 0x74, 0x68, 0x20, 0x74, 0x68, 0x65, 0x70, 0x61, 0x72,
  0x74, 0x69, 0x63, 0x69, 0x70, 0x61, 0x6e, 0x74, 0x73, 0x20, 0x69, 0x6e, 0x20,
  0x74, 0x68, 0x65, 0x66, 0x75, 0x72, 0x74, 0x68, 0x65, 0x72, 0x20, 0x64, 0x65,
  0x76, 0x65, 0x6c, 0x6f, 0x70, 0x6d, 0x65, 0x6e, 0x74, 0x75, 0x6e, 0x64, 0x65,
  0x72, 0x20, 0x74, 0x68, 0x65, 0x20, 0x64, 0x69, 0x72, 0x65, 0x63, 0x74, 0x69,
  0x6f, 0x6e, 0x69, 0x73, 0x20, 0x6f, 0x66, 0x74, 0x65, 0x6e, 0x20, 0x63, 0x6f,
  0x6e, 0x73, 0x69, 0x64, 0x65, 0x72, 0x65, 0x64, 0x68, 0x69, 0x73, 0x20, 0x79,
  0x6f, 0x75, 0x6e, 0x67, 0x65, 0x72, 0x20, 0x62, 0x72, 0x6f, 0x74, 0x68, 0x65,
  0x72, 0x3c, 0x2f, 0x74, 0x64, 0x3e, 0x3c, 0x2f, 0x74, 0x72, 0x3e, 0x3c, 0x2f,
  0x74, 0x61, 0x62, 0x6c, 0x65, 0x3e, 0x3c, 0x61, 0x20, 0x68, 0x74, 0x74, 0x70,
  0x2d, 0x65, 0x71, 0x75, 0x69, 0x76, 0x3d, 0x22, 0x58, 0x2d, 0x55, 0x41, 0x2d,
  0x70, 0x68, 0x79, 0x73, 0x69, 0x63, 0x61, 0x6c, 0x20, 0x70, 0x72, 0x6f, 0x70,
  0x65, 0x72, 0x74, 0x69, 0x65, 0x73, 0x6f, 0x66, 0x20, 0x42, 0x72, 0x69, 0x74,
  0x69, 0x73, 0x68, 0x20, 0x43, 0x6f, 0x6c, 0x75, 0x6d, 0x62, 0x69, 0x61, 0x68,
  0x61, 0x73, 0x20, 0x62, 0x65, 0x65, 0x6e, 0x20, 0x63, 0x72, 0x69, 0x74, 0x69,
  0x63, 0x69, 0x7a, 0x65, 0x64, 0x28, 0x77, 0x69, 0x74, 0x68, 0x20, 0x74, 0x68,
  0x65, 0x20, 0x65, 0x78, 0x63, 0x65, 0x70, 0x74, 0x69, 0x6f, 0x6e, 0x71, 0x75,
  0x65, 0x73, 0x74, 0x69, 0x6f, 0x6e, 0x73, 0x20, 0x61, 0x62, 0x6f, 0x75, 0x74,
  0x20, 0x74, 0x68, 0x65, 0x70, 0x61, 0x73, 0x73, 0x69, 0x6e, 0x67, 0x20, 0x74,
  0x68, 0x72, 0x6f, 0x75, 0x67, 0x68, 0x20, 0x74, 0x68, 0x65, 0x30, 0x22, 0x20,
  0x63, 0x65, 0x6c, 0x6c, 0x70, 0x61, 0x64, 0x64, 0x69, 0x6e, 0x67, 0x3d, 0x22,
  0x30, 0x22, 0x20, 0x74, 0x68, 0x6f, 0x75, 0x73, 0x61, 0x6e, 0x64, 0x73, 0x20,
  0x6f, 0x66, 0x20, 0x70, 0x65, 0x6f, 0x70, 0x6c, 0x65, 0x72, 0x65, 0x64, 0x69,
  0x72, 0x65, 0x63, 0x74, 0x73, 0x20, 0x68, 0x65, 0x72, 0x65, 0x2e, 0x20, 0x46,
  0x6f, 0x72, 0x68, 0x61, 0x76, 0x65, 0x20, 0x63, 0x68, 0x69, 0x6c, 0x64, 0x72,
  0x65, 0x6e, 0x20, 0x75, 0x6e, 0x64, 0x65, 0x72, 0x25, 0x33, 0x45, 0x25, 0x33,
  0x43, 0x2f, 0x73, 0x63, 0x72, 0x69, 0x70, 0x74, 0x25, 0x33, 0x45, 0x22, 0x29,
  0x29, 0x3b, 0x3c, 0x61, 0x20, 0x68, 0x72, 0x65, 0x66, 0x3d, 0x22, 0x68, 0x74,
  0x74, 0x70, 0x3a, 0x2f, 0x2f, 0x77, 0x77, 0x77, 0x2e, 0x3c, 0x6c, 0x69, 0x3e,
  0x3c, 0x61, 0x20, 0x68, 0x72, 0x65, 0x66, 0x3d, 0x22, 0x68, 0x74, 0x74, 0x70,
  0x3a, 0x2f, 0x2f, 0x73, 0x69, 0x74, 0x65, 0x5f, 0x6e, 0x61, 0x6d, 0x65, 0x22,
  0x20, 0x63, 0x6f, 0x6e, 0x74, 0x65, 0x6e, 0x74, 0x3d, 0x22, 0x74, 0x65, 0x78,
  0x74, 0x2d, 0x64, 0x65, 0x63, 0x6f, 0x72, 0x61, 0x74, 0x69, 0x6f, 0x6e, 0x3a,
  0x6e, 0x6f, 0x6e, 0x65, 0x73, 0x74, 0x79, 0x6c, 0x65, 0x3d, 0x22, 0x64, 0x69,
  0x73, 0x70, 0x6c, 0x61, 0x79, 0x3a, 0x20, 0x6e, 0x6f, 0x6e, 0x65, 0x3c, 0x6d,
  0x65, 0x74, 0x61, 0x20, 0x68, 0x74, 0x74, 0x70, 0x2d, 0x65, 0x71, 0x75, 0x69,
  0x76, 0x3d, 0x22, 0x58, 0x2d, 0x6e, 0x65, 0x77, 0x20, 0x44, 0x61, 0x74, 0x65,
  0x28, 0x29, 0x2e, 0x67, 0x65, 0x74, 0x54, 0x69, 0x6d, 0x65, 0x28, 0x29, 0x20,
  0x74, 0x79, 0x70, 0x65, 0x3d, 0x22, 0x69, 0x6d, 0x61, 0x67, 0x65, 0x2f, 0x78,
  0x2d, 0x69, 0x63, 0x6f, 0x6e, 0x22, 0x3c, 0x2f, 0x73, 0x70, 0x61, 0x6e, 0x3e,
  0x3c, 0x73, 0x70, 0x61, 0x6e, 0x20, 0x63, 0x6c, 0x61, 0x73, 0x73, 0x3d, 0x22,
  0x6c, 0x61, 0x6e, 0x67, 0x75, 0x61, 0x67, 0x65, 0x3d, 0x22, 0x6a, 0x61, 0x76,
  0x61, 0x73, 0x63, 0x72, 0x69, 0x70, 0x74, 0x77, 0x69, 0x6e, 0x64, 0x6f, 0x77,
  0x2e, 0x6c, 0x6f, 0x63, 0x61, 0x74, 0x69, 0x6f, 0x6e, 0x2e, 0x68, 0x72, 0x65,
  0x66, 0x3c, 0x61, 0x20, 0x68, 0x72, 0x65, 0x66, 0x3d, 0x22, 0x6a, 0x61, 0x76,
  0x61, 0x73, 0x63, 0x72, 0x69, 0x70, 0x74, 0x3a, 0x2d, 0x2d, 0x3e, 0x0d, 0x0a,
  0x3c, 0x73, 0x63, 0x72, 0x69, 0x70, 0x74, 0x20, 0x74, 0x79, 0x70, 0x65, 0x3d,
  0x22, 0x74, 0x3c, 0x61, 0x20, 0x68, 0x72, 0x65, 0x66, 0x3d, 0x27, 0x68, 0x74,
  0x74, 0x70, 0x3a, 0x2f, 0x2f, 0x77, 0x77, 0x77, 0x2e, 0x68, 0x6f, 0x72, 0x74,
  0x63, 0x75, 0x74, 0x20, 0x69, 0x63, 0x6f, 0x6e, 0x22, 0x20, 0x68, 0x72, 0x65,
  0x66, 0x3d, 0x22, 0x3c, 0x2f, 0x64, 0x69, 0x76, 0x3e, 0x0d, 0x0a, 0x3c, 0x64,
  0x69, 0x76, 0x20, 0x63, 0x6c, 0x61, 0x73, 0x73, 0x3d, 0x22, 0x3c, 0x73, 0x63,
  0x72, 0x69, 0x70, 0x74, 0x20, 0x73, 0x72, 0x63, 0x3d, 0x22, 0x68, 0x74, 0x74,
  0x70, 0x3a, 0x2f, 0x2f, 0x22, 0x20, 0x72, 0x65, 0x6c, 0x3d, 0x22, 0x73, 0x74,
  0x79, 0x6c, 0x65, 0x73, 0x68, 0x65, 0x65, 0x74, 0x22, 0x20, 0x74, 0x3c, 0x2f,
  0x64, 0x69, 0x76, 0x3e, 0x0a, 0x3c, 0x73, 0x63, 0x72, 0x69, 0x70, 0x74, 0x20,
  0x74, 0x79, 0x70, 0x65, 0x3d, 0x2f, 0x61, 0x3e, 0x20, 0x3c, 0x61, 0x20, 0x68,
  0x72, 0x65, 0x66, 0x3d, 0x22, 0x68, 0x74, 0x74, 0x70, 0x3a, 0x2f, 0x2f, 0x20,
  0x61, 0x6c, 0x6c, 0x6f, 0x77, 0x54, 0x72, 0x61, 0x6e, 0x73, 0x70, 0x61, 0x72,
  0x65, 0x6e, 0x63, 0x79, 0x3d, 0x22, 0x58, 0x2d, 0x55, 0x41, 0x2d, 0x43, 0x6f,
  0x6d, 0x70, 0x61, 0x74, 0x69, 0x62, 0x6c, 0x65, 0x22, 0x20, 0x63, 0x6f, 0x6e,
  0x72, 0x65, 0x6c, 0x61, 0x74, 0x69, 0x6f, 0x6e, 0x73, 0x68, 0x69, 0x70, 0x20,
  0x62, 0x65, 0x74, 0x77, 0x65, 0x65, 0x6e, 0x0a, 0x3c, 0x2f, 0x73, 0x63, 0x72,
  0x69, 0x70, 0x74, 0x3e, 0x0d, 0x0a, 0x3c, 0x73, 0x63, 0x72, 0x69, 0x70, 0x74,
  0x20, 0x3c, 0x2f, 0x61, 0x3e, 0x3c, 0x2f, 0x6c, 0x69, 0x3e, 0x3c, 0x2f, 0x75,
  0x6c, 0x3e, 0x3c, 0x2f, 0x64, 0x69, 0x76, 0x3e, 0x61, 0x73, 0x73, 0x6f, 0x63,
  0x69, 0x61, 0x74, 0x65, 0x64, 0x20, 0x77, 0x69, 0x74, 0x68, 0x20, 0x74, 0x68,
  0x65, 0x20, 0x70, 0x72, 0x6f, 0x67, 0x72, 0x61, 0x6d, 0x6d, 0x69, 0x6e, 0x67,
  0x20, 0x6c, 0x61, 0x6e, 0x67, 0x75, 0x61, 0x67, 0x65, 0x3c, 0x2f, 0x61, 0x3e,
  0x3c, 0x61, 0x20, 0x68, 0x72, 0x65, 0x66, 0x3d, 0x22, 0x68, 0x74, 0x74, 0x70,
  0x3a, 0x2f, 0x2f, 0x3c, 0x2f, 0x61, 0x3e, 0x3c, 0x2f, 0x6c, 0x69, 0x3e, 0x3c,
  0x6c, 0x69, 0x20, 0x63, 0x6c, 0x61, 0x73, 0x73, 0x3d, 0x22, 0x66, 0x6f, 0x72,
  0x6d, 0x20, 0x61, 0x63, 0x74, 0x69, 0x6f, 0x6e, 0x3d, 0x22, 0x68, 0x74, 0x74,
  0x70, 0x3a, 0x2f, 0x2f, 0x3c, 0x64, 0x69, 0x76, 0x20, 0x73, 0x74, 0x79, 0x6c,
  0x65, 0x3d, 0x22, 0x64, 0x69, 0x73, 0x70, 0x6c, 0x61, 0x79, 0x3a, 0x74, 0x79,
  0x70, 0x65, 0x3d, 0x22, 0x74, 0x65, 0x78, 0x74, 0x22, 0x20, 0x6e, 0x61, 0x6d,
  0x65, 0x3d, 0x22, 0x71, 0x22, 0x3c, 0x74, 0x61, 0x62, 0x6c, 0x65, 0x20, 0x77,
  0x69, 0x64, 0x74, 0x68, 0x3d, 0x22, 0x31, 0x30, 0x30, 0x25, 0x22, 0x20, 0x62,
  0x61, 0x63, 0x6b, 0x67, 0x72, 0x6f, 0x75, 0x6e, 0x64, 0x2d, 0x70, 0x6f, 0x73,
  0x69, 0x74, 0x69, 0x6f, 0x6e, 0x3a, 0x22, 0x20, 0x62, 0x6f, 0x72, 0x64, 0x65,
  0x72, 0x3d, 0x22, 0x30, 0x22, 0x20, 0x77, 0x69, 0x64, 0x74, 0x68, 0x3d, 0x22,
  0x72, 0x65, 0x6c, 0x3d, 0x22, 0x73, 0x68, 0x6f, 0x72, 0x74, 0x63, 0x75, 0x74,
  0x20, 0x69, 0x63, 0x6f, 0x6e, 0x22, 0x20, 0x68, 0x36, 0x3e, 0x3c, 0x75, 0x6c,
  0x3e, 0x3c, 0x6c, 0x69, 0x3e, 0x3c, 0x61, 0x20, 0x68, 0x72, 0x65, 0x66, 0x3d,
  0x22, 0x20, 0x20, 0x3c, 0x6d, 0x65, 0x74, 0x61, 0x20, 0x68, 0x74, 0x74, 0x70,
  0x2d, 0x65, 0x71, 0x75, 0x69, 0x76, 0x3d, 0x22, 0x63, 0x73, 0x73, 0x22, 0x20,
  0x6d, 0x65, 0x64, 0x69, 0x61, 0x3d, 0x22, 0x73, 0x63, 0x72, 0x65, 0x65, 0x6e,
  0x22, 0x20, 0x72, 0x65, 0x73, 0x70, 0x6f, 0x6e, 0x73, 0x69, 0x62, 0x6c, 0x65,
  0x20, 0x66, 0x6f, 0x72, 0x20, 0x74, 0x68, 0x65, 0x20, 0x22, 0x20, 0x74, 0x79,
  0x70, 0x65, 0x3d, 0x22, 0x61, 0x70, 0x70, 0x6c, 0x69, 0x63, 0x61, 0x74, 0x69,
  0x6f, 0x6e, 0x2f, 0x22, 0x20, 0x73, 0x74, 0x79, 0x6c, 0x65, 0x3d, 0x22, 0x62,
  0x61, 0x63, 0x6b, 0x67, 0x72, 0x6f, 0x75, 0x6e, 0x64, 0x2d, 0x68, 0x74, 0x6d,
  0x6c, 0x3b, 0x20, 0x63, 0x68, 0x61, 0x72, 0x73, 0x65, 0x74, 0x3d, 0x75, 0x74,
  0x66, 0x2d, 0x38, 0x22, 0x20, 0x61, 0x6c, 0x6c, 0x6f, 0x77, 0x74, 0x72, 0x61,
  0x6e, 0x73, 0x70, 0x61, 0x72, 0x65, 0x6e, 0x63, 0x79, 0x3d, 0x22, 0x73, 0x74,
  0x79, 0x6c, 0x65, 0x73, 0x68, 0x65, 0x65, 0x74, 0x22, 0x20, 0x74, 0x79, 0x70,
  0x65, 0x3d, 0x22, 0x74, 0x65, 0x0d, 0x0a, 0x3c, 0x6d, 0x65, 0x74, 0x61, 0x20,
  0x68, 0x74, 0x74, 0x70, 0x2d, 0x65, 0x71, 0x75, 0x69, 0x76, 0x3d, 0x22, 0x3e,
  0x3c, 0x2f, 0x73, 0x70, 0x61, 0x6e, 0x3e, 0x3c, 0x73, 0x70, 0x61, 0x6e, 0x20,
  0x63, 0x6c, 0x61, 0x73, 0x73, 0x3d, 0x22, 0x30, 0x22, 0x20, 0x63, 0x65, 0x6c,
  0x6c, 0x73, 0x70, 0x61, 0x63, 0x69, 0x6e, 0x67, 0x3d, 0x22, 0x30, 0x22, 0x3e,
  0x3b, 0x0a, 0x3c, 0x2f, 0x73, 0x63, 0x72, 0x69, 0x70, 0x74, 0x3e, 0x0a, 0x3c,
  0x73, 0x63, 0x72, 0x69, 0x70, 0x74, 0x20, 0x73, 0x6f, 0x6d, 0x65, 0x74, 0x69,
  0x6d, 0x65, 0x73, 0x20, 0x63, 0x61, 0x6c, 0x6c, 0x65, 0x64, 0x20, 0x74, 0x68,
  0x65, 0x64, 0x6f, 0x65, 0x73, 0x20, 0x6e, 0x6f, 0x74, 0x20, 0x6e, 0x65, 0x63,
  0x65, 0x73, 0x73, 0x61, 0x72, 0x69, 0x6c, 0x79, 0x46, 0x6f, 0x72, 0x20, 0x6d,
  0x6f, 0x72, 0x65, 0x20, 0x69, 0x6e, 0x66, 0x6f, 0x72, 0x6d, 0x61, 0x74, 0x69,
  0x6f, 0x6e, 0x61, 0x74, 0x20, 0x74, 0x68, 0x65, 0x20, 0x62, 0x65, 0x67, 0x69,
  0x6e, 0x6e, 0x69, 0x6e, 0x67, 0x20, 0x6f, 0x66, 0x20, 0x3c, 0x21, 0x44, 0x4f,
  0x43, 0x54, 0x59, 0x50, 0x45, 0x20, 0x68, 0x74, 0x6d, 0x6c, 0x3e, 0x3c, 0x68,
  0x74, 0x6d, 0x6c, 0x70, 0x61, 0x72, 0x74, 0x69, 0x63, 0x75, 0x6c, 0x61, 0x72,
  0x6c, 0x79, 0x20, 0x69, 0x6e, 0x20, 0x74, 0x68, 0x65, 0x20, 0x74, 0x79, 0x70,
  0x65, 0x3d, 0x22, 0x68, 0x69, 0x64, 0x64, 0x65, 0x6e, 0x22, 0x20, 0x6e, 0x61,
  0x6d, 0x65, 0x3d, 0x22, 0x6a, 0x61, 0x76, 0x61, 0x73, 0x63, 0x72, 0x69, 0x70,
  0x74, 0x3a, 0x76, 0x6f, 0x69, 0x64, 0x28, 0x30, 0x29, 0x3b, 0x22, 0x65, 0x66,
  0x66, 0x65, 0x63, 0x74, 0x69, 0x76, 0x65, 0x6e, 0x65, 0x73, 0x73, 0x20, 0x6f,
  0x66, 0x20, 0x74, 0x68, 0x65, 0x20, 0x61, 0x75, 0x74, 0x6f, 0x63, 0x6f, 0x6d,
  0x70, 0x6c, 0x65, 0x74, 0x65, 0x3d, 0x22, 0x6f, 0x66, 0x66, 0x22, 0x20, 0x67,
  0x65, 0x6e, 0x65, 0x72, 0x61, 0x6c, 0x6c, 0x79, 0x20, 0x63, 0x6f, 0x6e, 0x73,
  0x69, 0x64, 0x65, 0x72, 0x65, 0x64, 0x3e, 0x3c, 0x69, 0x6e, 0x70, 0x75, 0x74,
  0x20, 0x74, 0x79, 0x70, 0x65, 0x3d, 0x22, 0x74, 0x65, 0x78, 0x74, 0x22, 0x20,
  0x22, 0x3e, 0x3c, 0x2f, 0x73, 0x63, 0x72, 0x69, 0x70, 0x74, 0x3e, 0x0d, 0x0a,
  0x3c, 0x73, 0x63, 0x72, 0x69, 0x70, 0x74, 0x74, 0x68, 0x72, 0x6f, 0x75, 0x67,
  0x68, 0x6f, 0x75, 0x74, 0x20, 0x74, 0x68, 0x65, 0x20, 0x77, 0x6f, 0x72, 0x6c,
  0x64, 0x63, 0x6f, 0x6d, 0x6d, 0x6f, 0x6e, 0x20, 0x6d, 0x69, 0x73, 0x63, 0x6f,
  0x6e, 0x63, 0x65, 0x70, 0x74, 0x69, 0x6f, 0x6e, 0x61, 0x73, 0x73, 0x6f, 0x63,
  0x69, 0x61, 0x74, 0x69, 0x6f, 0x6e, 0x20, 0x77, 0x69, 0x74, 0x68, 0x20, 0x74,
  0x68, 0x65, 0x3c, 0x2f, 0x64, 0x69, 0x76, 0x3e, 0x0a, 0x3c, 0x2f, 0x64, 0x69,
  0x76, 0x3e, 0x0a, 0x3c, 0x64, 0x69, 0x76, 0x20, 0x63, 0x64, 0x75, 0x72, 0x69,
  0x6e, 0x67, 0x20, 0x68, 0x69, 0x73, 0x20, 0x6c, 0x69, 0x66, 0x65, 0x74, 0x69,
  0x6d, 0x65, 0x2c, 0x63, 0x6f, 0x72, 0x72, 0x65, 0x73, 0x70, 0x6f, 0x6e, 0x64,
  0x69, 0x6e, 0x67, 0x20, 0x74, 0x6f, 0x20, 0x74, 0x68, 0x65, 0x74, 0x79, 0x70,
  0x65, 0x3d, 0x22, 0x69, 0x6d, 0x61, 0x67, 0x65, 0x2f, 0x78, 0x2d, 0x69, 0x63,
  0x6f, 0x6e, 0x22, 0x20, 0x61, 0x6e, 0x20, 0x69, 0x6e, 0x63, 0x72, 0x65, 0x61,
  0x73, 0x69, 0x6e, 0x67, 0x20, 0x6e, 0x75, 0x6d, 0x62, 0x65, 0x72, 0x64, 0x69,
  0x70, 0x6c, 0x6f, 0x6d, 0x61, 0x74, 0x69, 0x63, 0x20, 0x72, 0x65, 0x6c, 0x61,
  0x74, 0x69, 0x6f, 0x6e, 0x73, 0x61, 0x72, 0x65, 0x20, 0x6f, 0x66, 0x74, 0x65,
  0x6e, 0x20, 0x63, 0x6f, 0x6e, 0x73, 0x69, 0x64, 0x65, 0x72, 0x65, 0x64, 0x6d,
  0x65, 0x74, 0x61, 0x20, 0x63, 0x68, 0x61, 0x72, 0x73, 0x65, 0x74, 0x3d, 0x22,
  0x75, 0x74, 0x66, 0x2d, 0x38, 0x22, 0x20, 0x3c, 0x69, 0x6e, 0x70, 0x75, 0x74,
  0x20, 0x74, 0x79, 0x70, 0x65, 0x3d, 0x22, 0x74, 0x65, 0x78, 0x74, 0x22, 0x20,
  0x65, 0x78, 0x61, 0x6d, 0x70, 0x6c, 0x65, 0x73, 0x20, 0x69, 0x6e, 0x63, 0x6c,
  0x75, 0x64, 0x65, 0x20, 0x74, 0x68, 0x65, 0x22, 0x3e, 0x3c, 0x69, 0x6d, 0x67,
  0x20, 0x73, 0x72, 0x63, 0x3d, 0x22, 0x68, 0x74, 0x74, 0x70, 0x3a, 0x2f, 0x2f,
  0x69, 0x70, 0x61, 0x72, 0x74, 0x69, 0x63, 0x69, 0x70, 0x61, 0x74, 0x69, 0x6f,
  0x6e, 0x20, 0x69, 0x6e, 0x20, 0x74, 0x68, 0x65, 0x74, 0x68, 0x65, 0x20, 0x65,
  0x73, 0x74, 0x61, 0x62, 0x6c, 0x69, 0x73, 0x68, 0x6d, 0x65, 0x6e, 0x74, 0x20,
  0x6f, 0x66, 0x0a, 0x3c, 0x2f, 0x64, 0x69, 0x76, 0x3e, 0x0a, 0x3c, 0x64, 0x69,
  0x76, 0x20, 0x63, 0x6c, 0x61, 0x73, 0x73, 0x3d, 0x22, 0x26, 0x61, 0x6d, 0x70,
  0x3b, 0x6e, 0x62, 0x73, 0x70, 0x3b, 0x26, 0x61, 0x6d, 0x70, 0x3b, 0x6e, 0x62,
  0x73, 0x70, 0x3b, 0x74, 0x6f, 0x20, 0x64, 0x65, 0x74, 0x65, 0x72, 0x6d, 0x69,
  0x6e, 0x65, 0x20, 0x77, 0x68, 0x65, 0x74, 0x68, 0x65, 0x72, 0x71, 0x75, 0x69,
  0x74, 0x65, 0x20, 0x64, 0x69, 0x66, 0x66, 0x65, 0x72, 0x65, 0x6e, 0x74, 0x20,
  0x66, 0x72, 0x6f, 0x6d, 0x6d, 0x61, 0x72, 0x6b, 0x65, 0x64, 0x20, 0x74, 0x68,
  0x65, 0x20, 0x62, 0x65, 0x67, 0x69, 0x6e, 0x6e, 0x69, 0x6e, 0x67, 0x64, 0x69,
  0x73, 0x74, 0x61, 0x6e, 0x63, 0x65, 0x20, 0x62, 0x65, 0x74, 0x77, 0x65, 0x65,
  0x6e, 0x20, 0x74, 0x68, 0x65, 0x63, 0x6f, 0x6e, 0x74, 0x72, 0x69, 0x62, 0x75,
  0x74, 0x69, 0x6f, 0x6e, 0x73, 0x20, 0x74, 0x6f, 0x20, 0x74, 0x68, 0x65, 0x63,
  0x6f, 0x6e, 0x66, 0x6c, 0x69, 0x63, 0x74, 0x20, 0x62, 0x65, 0x74, 0x77, 0x65,
  0x65, 0x6e, 0x20, 0x74, 0x68, 0x65, 0x77, 0x69, 0x64, 0x65, 0x6c, 0x79, 0x20,
  0x63, 0x6f, 0x6e, 0x73, 0x69, 0x64, 0x65, 0x72, 0x65, 0x64, 0x20, 0x74, 0x6f,
  0x77, 0x61, 0x73, 0x20, 0x6f, 0x6e, 0x65, 0x20, 0x6f, 0x66, 0x20, 0x74, 0x68,
  0x65, 0x20, 0x66, 0x69, 0x72, 0x73, 0x74, 0x77, 0x69, 0x74, 0x68, 0x20, 0x76,
  0x61, 0x72, 0x79, 0x69, 0x6e, 0x67, 0x20, 0x64, 0x65, 0x67, 0x72, 0x65, 0x65,
  0x73, 0x68, 0x61, 0x76, 0x65, 0x20, 0x73, 0x70, 0x65, 0x63, 0x75, 0x6c, 0x61,
  0x74, 0x65, 0x64, 0x20, 0x74, 0x68, 0x61, 0x74, 0x28, 0x64, 0x6f, 0x63, 0x75,
  0x6d, 0x65, 0x6e, 0x74, 0x2e, 0x67, 0x65, 0x74, 0x45, 0x6c, 0x65, 0x6d, 0x65,
  0x6e, 0x74, 0x70, 0x61, 0x72, 0x74, 0x69, 0x63, 0x69, 0x70, 0x61, 0x74, 0x69,
  0x6e, 0x67, 0x20, 0x69, 0x6e, 0x20, 0x74, 0x68, 0x65, 0x6f, 0x72, 0x69, 0x67,
  0x69, 0x6e, 0x61, 0x6c, 0x6c, 0x79, 0x20, 0x64, 0x65, 0x76, 0x65, 0x6c, 0x6f,
  0x70, 0x65, 0x64, 0x65, 0x74, 0x61, 0x20, 0x63, 0x68, 0x61, 0x72, 0x73, 0x65,
  0x74, 0x3d, 0x22, 0x75, 0x74, 0x66, 0x2d, 0x38, 0x22, 0x3e, 0x20, 0x74, 0x79,
  0x70, 0x65, 0x3d, 0x22, 0x74, 0x65, 0x78, 0x74, 0x2f, 0x63, 0x73, 0x73, 0x22,
  0x20, 0x2f, 0x3e, 0x0a, 0x69, 0x6e, 0x74, 0x65, 0x72, 0x63, 0x68, 0x61, 0x6e,
  0x67, 0x65, 0x61, 0x62, 0x6c, 0x79, 0x20, 0x77, 0x69, 0x74, 0x68, 0x6d, 0x6f,
  0x72, 0x65, 0x20, 0x63, 0x6c, 0x6f, 0x73, 0x65, 0x6c, 0x79, 0x20, 0x72, 0x65,
  0x6c, 0x61, 0x74, 0x65, 0x64, 0x73, 0x6f, 0x63, 0x69, 0x61, 0x6c, 0x20, 0x61,
  0x6e, 0x64, 0x20, 0x70, 0x6f, 0x6c, 0x69, 0x74, 0x69, 0x63, 0x61, 0x6c, 0x74,
  0x68, 0x61, 0x74, 0x20, 0x77, 0x6f, 0x75, 0x6c, 0x64, 0x20, 0x6f, 0x74, 0x68,
  0x65, 0x72, 0x77, 0x69, 0x73, 0x65, 0x70, 0x65, 0x72, 0x70, 0x65, 0x6e, 0x64,
  0x69, 0x63, 0x75, 0x6c, 0x61, 0x72, 0x20, 0x74, 0x6f, 0x20, 0x74, 0x68, 0x65,
  0x73, 0x74, 0x79, 0x6c, 0x65, 0x20, 0x74, 0x79, 0x70, 0x65, 0x3d, 0x22, 0x74,
  0x65, 0x78, 0x74, 0x2f, 0x63, 0x73, 0x73, 0x74, 0x79, 0x70, 0x65, 0x3d, 0x22,
  0x73, 0x75, 0x62, 0x6d, 0x69, 0x74, 0x22, 0x20, 0x6e, 0x61, 0x6d, 0x65, 0x3d,
  0x22, 0x66, 0x61, 0x6d, 0x69, 0x6c, 0x69, 0x65, 0x73, 0x20, 0x72, 0x65, 0x73,
  0x69, 0x64, 0x69, 0x6e, 0x67, 0x20, 0x69, 0x6e, 0x64, 0x65, 0x76, 0x65, 0x6c,
  0x6f, 0x70, 0x69, 0x6e, 0x67, 0x20, 0x63, 0x6f, 0x75, 0x6e, 0x74, 0x72, 0x69,
  0x65, 0x73, 0x63, 0x6f, 0x6d, 0x70, 0x75, 0x74, 0x65, 0x72, 0x20, 0x70, 0x72,
  0x6f, 0x67, 0x72, 0x61, 0x6d, 0x6d, 0x69, 0x6e, 0x67, 0x65, 0x63, 0x6f, 0x6e,
  0x6f, 0x6d, 0x69, 0x63, 0x20, 0x64, 0x65, 0x76, 0x65, 0x6c, 0x6f, 0x70, 0x6d,
  0x65, 0x6e, 0x74, 0x64, 0x65, 0x74, 0x65, 0x72, 0x6d, 0x69, 0x6e, 0x61, 0x74,
  0x69, 0x6f, 0x6e, 0x20, 0x6f, 0x66, 0x20, 0x74, 0x68, 0x65, 0x66, 0x6f, 0x72,
  0x20, 0x6d, 0x6f, 0x72, 0x65, 0x20, 0x69, 0x6e, 0x66, 0x6f, 0x72, 0x6d, 0x61,
  0x74, 0x69, 0x6f, 0x6e, 0x6f, 0x6e, 0x20, 0x73, 0x65, 0x76, 0x65, 0x72, 0x61,
  0x6c, 0x20, 0x6f, 0x63, 0x63, 0x61, 0x73, 0x69, 0x6f, 0x6e, 0x73, 0x70, 0x6f,
  0x72, 0x74, 0x75, 0x67, 0x75, 0xc3, 0xaa, 0x73, 0x20, 0x28, 0x45, 0x75, 0x72,
  0x6f, 0x70, 0x65, 0x75, 0x29, 0xd0, 0xa3, 0xd0, 0xba, 0xd1, 0x80, 0xd0, 0xb0,
  0xd1, 0x97, 0xd0, 0xbd, 0xd1, 0x81, 0xd1, 0x8c, 0xd0, 0xba, 0xd0, 0xb0, 0xd1,
  0x83, 0xd0, 0xba, 0xd1, 0x80, 0xd0, 0xb0, 0xd1, 0x97, 0xd0, 0xbd, 0xd1, 0x81,
  0xd1, 0x8c, 0xd0, 0xba, 0xd0, 0xb0, 0xd0, 0xa0, 0xd0, 0xbe, 0xd1, 0x81, 0xd1,
  0x81, 0xd0, 0xb8, 0xd0, 0xb9, 0xd1, 0x81, 0xd0, 0xba, 0xd0, 0xbe, 0xd0, 0xb9,
  0xd0, 0xbc, 0xd0, 0xb0, 0xd1, 0x82, 0xd0, 0xb5, 0xd1, 0x80, 0xd0, 0xb8, 0xd0,
  0xb0, 0xd0, 0xbb, 0xd0, 0xbe, 0xd0, 0xb2, 0xd0, 0xb8, 0xd0, 0xbd, 0xd1, 0x84,
  0xd0, 0xbe, 0xd1, 0x80, 0xd0, 0xbc, 0xd0, 0xb0, 0xd1, 0x86, 0xd0, 0xb8, 0xd0,
  0xb8, 0xd1, 0x83, 0xd0, 0xbf, 0xd1, 0x80, 0xd0, 0xb0, 0xd0, 0xb2, 0xd0, 0xbb,
  0xd0, 0xb5, 0xd0, 0xbd, 0xd0, 0xb8, 0xd1, 0x8f, 0xd0, 0xbd, 0xd0, 0xb5, 0xd0,
  0xbe, 0xd0, 0xb1, 0xd1, 0x85, 0xd0, 0xbe, 0xd0, 0xb4, 0xd0, 0xb8, 0xd0, 0xbc,
  0xd0, 0xbe, 0xd0, 0xb8, 0xd0, 0xbd, 0xd1, 0x84, 0xd0, 0xbe, 0xd1, 0x80, 0xd0,
  0xbc, 0xd0, 0xb0, 0xd1, 0x86, 0xd0, 0xb8, 0xd1, 0x8f, 0xd0, 0x98, 0xd0, 0xbd,
  0xd1, 0x84, 0xd0, 0xbe, 0xd1, 0x80, 0xd0, 0xbc, 0xd0, 0xb0, 0xd1, 0x86, 0xd0,
  0xb8, 0xd1, 0x8f, 0xd0, 0xa0, 0xd0, 0xb5, 0xd1, 0x81, 0xd0, 0xbf, 0xd1, 0x83,
  0xd0, 0xb1, 0xd0, 0xbb, 0xd0, 0xb8, 0xd0, 0xba, 0xd0, 0xb8, 0xd0, 0xba, 0xd0,
  0xbe, 0xd0, 0xbb, 0xd0, 0xb8, 0xd1, 0x87, 0xd0, 0xb5, 0xd1, 0x81, 0xd1, 0x82,
  0xd0, 0xb2, 0xd0, 0xbe, 0xd0, 0xb8, 0xd0, 0xbd, 0xd1, 0x84, 0xd0, 0xbe, 0xd1,
  0x80, 0xd0, 0xbc, 0xd0, 0xb0, 0xd1, 0x86, 0xd0, 0xb8, 0xd1, 0x8e, 0xd1, 0x82,
  0xd0, 0xb5, 0xd1, 0x80, 0xd1, 0x80, 0xd0, 0xb8, 0xd1, 0x82, 0xd0, 0xbe, 0xd1,
  0x80, 0xd0, 0xb8, 0xd0, 0xb8, 0xd0, 0xb4, 0xd0, 0xbe, 0xd1, 0x81, 0xd1, 0x82,
  0xd0, 0xb0, 0xd1, 0x82, 0xd0, 0xbe, 0xd1, 0x87, 0xd0, 0xbd, 0xd0, 0xbe, 0xd8,
  0xa7, 0xd9, 0x84, 0xd9, 0x85, 0xd8, 0xaa, 0xd9, 0x88, 0xd8, 0xa7, 0xd8, 0xac,
  0xd8, 0xaf, 0xd9, 0x88, 0xd9, 0x86, 0xd8, 0xa7, 0xd9, 0x84, 0xd8, 0xa7, 0xd8,
  0xb4, 0xd8, 0xaa, 0xd8, 0xb1, 0xd8, 0xa7, 0xd9, 0x83, 0xd8, 0xa7, 0xd8, 0xaa,
  0xd8, 0xa7, 0xd9, 0x84, 0xd8, 0xa7, 0xd9, 0x82, 0xd8, 0xaa, 0xd8, 0xb1, 0xd8,
  0xa7, 0xd8, 0xad, 0xd8, 0xa7, 0xd8, 0xaa, 0x68, 0x74, 0x6d, 0x6c, 0x3b, 0x20,
  0x63, 0x68, 0x61, 0x72, 0x73, 0x65, 0x74, 0x3d, 0x55, 0x54, 0x46, 0x2d, 0x38,
  0x22, 0x20, 0x73, 0x65, 0x74, 0x54, 0x69, 0x6d, 0x65, 0x6f, 0x75, 0x74, 0x28,
  0x66, 0x75, 0x6e, 0x63, 0x74, 0x69, 0x6f, 0x6e, 0x28, 0x29, 0x64, 0x69, 0x73,
  0x70, 0x6c, 0x61, 0x79, 0x3a, 0x69, 0x6e, 0x6c, 0x69, 0x6e, 0x65, 0x2d, 0x62,
  0x6c, 0x6f, 0x63, 0x6b, 0x3b, 0x3c, 0x69, 0x6e, 0x70, 0x75, 0x74, 0x20, 0x74,
  0x79, 0x70, 0x65, 0x3d, 0x22, 0x73, 0x75, 0x62, 0x6d, 0x69, 0x74, 0x22, 0x20,
  0x74, 0x79, 0x70, 0x65, 0x20, 0x3d, 0x20, 0x27, 0x74, 0x65, 0x78, 0x74, 0x2f,
  0x6a, 0x61, 0x76, 0x61, 0x73, 0x63, 0x72, 0x69, 0x3c, 0x69, 0x6d, 0x67, 0x20,
  0x73, 0x72, 0x63, 0x3d, 0x22, 0x68, 0x74, 0x74, 0x70, 0x3a, 0x2f, 0x2f, 0x77,
  0x77, 0x77, 0x2e, 0x22, 0x20, 0x22, 0x68, 0x74, 0x74, 0x70, 0x3a, 0x2f, 0x2f,
  0x77, 0x77, 0x77, 0x2e, 0x77, 0x33, 0x2e, 0x6f, 0x72, 0x67, 0x2f, 0x73, 0x68,
  0x6f, 0x72, 0x74, 0x63, 0x75, 0x74, 0x20, 0x69, 0x63, 0x6f, 0x6e, 0x22, 0x20,
  0x68, 0x72, 0x65, 0x66, 0x3d, 0x22, 0x22, 0x20, 0x61, 0x75, 0x74, 0x6f, 0x63,
  0x6f, 0x6d, 0x70, 0x6c, 0x65, 0x74, 0x65, 0x3d, 0x22, 0x6f, 0x66, 0x66, 0x22,
  0x20, 0x3c, 0x2f, 0x61, 0x3e, 0x3c, 0x2f, 0x64, 0x69, 0x76, 0x3e, 0x3c, 0x64,
  0x69, 0x76, 0x20, 0x63, 0x6c, 0x61, 0x73, 0x73, 0x3d, 0x3c, 0x2f, 0x61, 0x3e,
  0x3c, 0x2f, 0x6c, 0x69, 0x3e, 0x0a, 0x3c, 0x6c, 0x69, 0x20, 0x63, 0x6c, 0x61,
  0x73, 0x73, 0x3d, 0x22, 0x63, 0x73, 0x73, 0x22, 0x20, 0x74, 0x79, 0x70, 0x65,
  0x3d, 0x22, 0x74, 0x65, 0x78, 0x74, 0x2f, 0x63, 0x73, 0x73, 0x22, 0x20, 0x3c,
  0x66, 0x6f, 0x72, 0x6d, 0x20, 0x61, 0x63, 0x74, 0x69, 0x6f, 0x6e, 0x3d, 0x22,
  0x68, 0x74, 0x74, 0x70, 0x3a, 0x2f, 0x2f, 0x78, 0x74, 0x2f, 0x63, 0x73, 0x73,
  0x22, 0x20, 0x68, 0x72, 0x65, 0x66, 0x3d, 0x22, 0x68, 0x74, 0x74, 0x70, 0x3a,
  0x2f, 0x2f, 0x6c, 0x69, 0x6e, 0x6b, 0x20, 0x72, 0x65, 0x6c, 0x3d, 0x22, 0x61,
  0x6c, 0x74, 0x65, 0x72, 0x6e, 0x61, 0x74, 0x65, 0x22, 0x20, 0x0d, 0x0a, 0x3c,
  0x73, 0x63, 0x72, 0x69, 0x70, 0x74, 0x20, 0x74, 0x79, 0x70, 0x65, 0x3d, 0x22,
  0x74, 0x65, 0x78, 0x74, 0x2f, 0x20, 0x6f, 0x6e, 0x63, 0x6c, 0x69, 0x63, 0x6b,
  0x3d, 0x22, 0x6a, 0x61, 0x76, 0x61, 0x73, 0x63, 0x72, 0x69, 0x70, 0x74, 0x3a,
  0x28, 0x6e, 0x65, 0x77, 0x20, 0x44, 0x61, 0x74, 0x65, 0x29, 0x2e, 0x67, 0x65,
  0x74, 0x54, 0x69, 0x6d, 0x65, 0x28, 0x29, 0x7d, 0x68, 0x65, 0x69, 0x67, 0x68,
  0x74, 0x3d, 0x22, 0x31, 0x22, 0x20, 0x77, 0x69, 0x64, 0x74, 0x68, 0x3d, 0x22,
  0x31, 0x22, 0x20, 0x50, 0x65, 0x6f, 0x70, 0x6c, 0x65, 0x27, 0x73, 0x20, 0x52,
  0x65, 0x70, 0x75, 0x62, 0x6c, 0x69, 0x63, 0x20, 0x6f, 0x66, 0x20, 0x20, 0x3c,
  0x61, 0x20, 0x68, 0x72, 0x65, 0x66, 0x3d, 0x22, 0x68, 0x74, 0x74, 0x70, 0x3a,
  0x2f, 0x2f, 0x77, 0x77, 0x77, 0x2e, 0x74, 0x65, 0x78, 0x74, 0x2d, 0x64, 0x65,
  0x63, 0x6f, 0x72, 0x61, 0x74, 0x69, 0x6f, 0x6e, 0x3a, 0x75, 0x6e, 0x64, 0x65,
  0x72, 0x74, 0x68, 0x65, 0x20, 0x62, 0x65, 0x67, 0x69, 0x6e, 0x6e, 0x69, 0x6e,
  0x67, 0x20, 0x6f, 0x66, 0x20, 0x74, 0x68, 0x65, 0x20, 0x3c, 0x2f, 0x64, 0x69,
  0x76, 0x3e, 0x0a, 0x3c, 0x2f, 0x64, 0x69, 0x76, 0x3e, 0x0a, 0x3c, 0x2f, 0x64,
  0x69, 0x76, 0x3e, 0x0a, 0x65, 0x73, 0x74, 0x61, 0x62, 0x6c, 0x69, 0x73, 0x68,
  0x6d, 0x65, 0x6e, 0x74, 0x20, 0x6f, 0x66, 0x20, 0x74, 0x68, 0x65, 0x20, 0x3c,
  0x2f, 0x64, 0x69, 0x76, 0x3e, 0x3c, 0x2f, 0x64, 0x69, 0x76, 0x3e, 0x3c, 0x2f,
  0x64, 0x69, 0x76, 0x3e, 0x3c, 0x2f, 0x64, 0x23, 0x76, 0x69, 0x65, 0x77, 0x70,
  0x6f, 0x72, 0x74, 0x7b, 0x6d, 0x69, 0x6e, 0x2d, 0x68, 0x65, 0x69, 0x67, 0x68,
  0x74, 0x3a, 0x0a, 0x3c, 0x73, 0x63, 0x72, 0x69, 0x70, 0x74, 0x20, 0x73, 0x72,
  0x63, 0x3d, 0x22, 0x68, 0x74, 0x74, 0x70, 0x3a, 0x2f, 0x2f, 0x6f, 0x70, 0x74,
  0x69, 0x6f, 0x6e, 0x3e, 0x3c, 0x6f, 0x70, 0x74, 0x69, 0x6f, 0x6e, 0x20, 0x76,
  0x61, 0x6c, 0x75, 0x65, 0x3d, 0x6f, 0x66, 0x74, 0x65, 0x6e, 0x20, 0x72, 0x65,
  0x66, 0x65, 0x72, 0x72, 0x65, 0x64, 0x20, 0x74, 0x6f, 0x20, 0x61, 0x73, 0x20,
  0x2f, 0x6f, 0x70, 0x74, 0x69, 0x6f, 0x6e, 0x3e, 0x0a, 0x3c, 0x6f, 0x70, 0x74,
  0x69, 0x6f, 0x6e, 0x20, 0x76, 0x61, 0x6c, 0x75, 0x3c, 0x21, 0x44, 0x4f, 0x43,
  0x54, 0x59, 0x50, 0x45, 0x20, 0x68, 0x74, 0x6d, 0x6c, 0x3e, 0x0a, 0x3c, 0x21,
  0x2d, 0x2d, 0x5b, 0x49, 0x6e, 0x74, 0x65, 0x72, 0x6e, 0x61, 0x74, 0x69, 0x6f,
  0x6e, 0x61, 0x6c, 0x20, 0x41, 0x69, 0x72, 0x70, 0x6f, 0x72, 0x74, 0x3e, 0x0a,
  0x3c, 0x61, 0x20, 0x68, 0x72, 0x65, 0x66, 0x3d, 0x22, 0x68, 0x74, 0x74, 0x70,
  0x3a, 0x2f, 0x2f, 0x77, 0x77, 0x77, 0x3c, 0x2f, 0x61, 0x3e, 0x3c, 0x61, 0x20,
  0x68, 0x72, 0x65, 0x66, 0x3d, 0x22, 0x68, 0x74, 0x74, 0x70, 0x3a, 0x2f, 0x2f,
  0x77, 0xe0, 0xb8, 0xa0, 0xe0, 0xb8, 0xb2, 0xe0, 0xb8, 0xa9, 0xe0, 0xb8, 0xb2,
  0xe0, 0xb9, 0x84, 0xe0, 0xb8, 0x97, 0xe0, 0xb8, 0xa2, 0xe1, 0x83, 0xa5, 0xe1,
  0x83, 0x90, 0xe1, 0x83, 0xa0, 0xe1, 0x83, 0x97, 0xe1, 0x83, 0xa3, 0xe1, 0x83,
  0x9a, 0xe1, 0x83, 0x98, 0xe6, 0xad, 0xa3, 0xe9, 0xab, 0x94, 0xe4, 0xb8, 0xad,
  0xe6, 0x96, 0x87, 0x20, 0x28, 0xe7, 0xb9, 0x81, 0xe9, 0xab, 0x94, 0x29, 0xe0,
  0xa4, 0xa8, 0xe0, 0xa4, 0xbf, 0xe0, 0xa4, 0xb0, 0xe0, 0xa5, 0x8d, 0xe0, 0xa4,
  0xa6, 0xe0, 0xa5, 0x87, 0xe0, 0xa4, 0xb6, 0xe0, 0xa4, 0xa1, 0xe0, 0xa4, 0xbe,
  0xe0, 0xa4, 0x89, 0xe0, 0xa4, 0xa8, 0xe0, 0xa4, 0xb2, 0xe0, 0xa5, 0x8b, 0xe0,
  0xa4, 0xa1, 0xe0, 0xa4, 0x95, 0xe0, 0xa5, 0x8d, 0xe0, 0xa4, 0xb7, 0xe0, 0xa5,
  0x87, 0xe0, 0xa4, 0xa4, 0xe0, 0xa5, 0x8d, 0xe0, 0xa4, 0xb0, 0xe0, 0xa4, 0x9c,
  0xe0, 0xa4, 0xbe, 0xe0, 0xa4, 0xa8, 0xe0, 0xa4, 0x95, 0xe0, 0xa4, 0xbe, 0xe0,
  0xa4, 0xb0, 0xe0, 0xa5, 0x80, 0xe0, 0xa4, 0xb8, 0xe0, 0xa4, 0x82, 0xe0, 0xa4,
  0xac, 0xe0, 0xa4, 0x82, 0xe0, 0xa4, 0xa7, 0xe0, 0xa4, 0xbf, 0xe0, 0xa4, 0xa4,
  0xe0, 0xa4, 0xb8, 0xe0, 0xa5, 0x8d, 0xe0, 0xa4, 0xa5, 0xe0, 0xa4, 0xbe, 0xe0,
  0xa4, 0xaa, 0xe0, 0xa4, 0xa8, 0xe0, 0xa4, 0xbe, 0xe0, 0xa4, 0xb8, 0xe0, 0xa5,
  0x8d, 0xe0, 0xa4, 0xb5, 0xe0, 0xa5, 0x80, 0xe0, 0xa4, 0x95, 0xe0, 0xa4, 0xbe,
  0xe0, 0xa4, 0xb0, 0xe0, 0xa4, 0xb8, 0xe0, 0xa4, 0x82, 0xe0, 0xa4, 0xb8, 0xe0,
  0xa5, 0x8d, 0xe0, 0xa4, 0x95, 0xe0, 0xa4, 0xb0, 0xe0, 0xa4, 0xa3, 0xe0, 0xa4,
  0xb8, 0xe0, 0xa4, 0xbe, 0xe0, 0xa4, 0xae, 0xe0, 0xa4, 0x97, 0xe0, 0xa5, 0x8d,
  0xe0, 0xa4, 0xb0, 0xe0, 0xa5, 0x80, 0xe0, 0xa4, 0x9a, 0xe0, 0xa4, 0xbf, 0xe0,
  0xa4, 0x9f, 0xe0, 0xa5, 0x8d, 0xe0, 0xa4, 0xa0, 0xe0, 0xa5, 0x8b, 0xe0, 0xa4,
  0x82, 0xe0, 0xa4, 0xb5, 0xe0, 0xa4, 0xbf, 0xe0, 0xa4, 0x9c, 0xe0, 0xa5, 0x8d,
  0xe0, 0xa4, 0x9e, 0xe0, 0xa4, 0xbe, 0xe0, 0xa4, 0xa8, 0xe0, 0xa4, 0x85, 0xe0,
  0xa4, 0xae, 0xe0, 0xa5, 0x87, 0xe0, 0xa4, 0xb0, 0xe0, 0xa4, 0xbf, 0xe0, 0xa4,
  0x95, 0xe0, 0xa4, 0xbe, 0xe0, 0xa4, 0xb5, 0xe0, 0xa4, 0xbf, 0xe0, 0xa4, 0xad,
  0xe0, 0xa4, 0xbf, 0xe0, 0xa4, 0xa8, 0xe0, 0xa5, 0x8d, 0xe0, 0xa4, 0xa8, 0xe0,
  0xa4, 0x97, 0xe0, 0xa4, 0xbe, 0xe0, 0xa4, 0xa1, 0xe0, 0xa4, 0xbf, 0xe0, 0xa4,
  0xaf, 0xe0, 0xa4, 0xbe, 0xe0, 0xa4, 0x81, 0xe0, 0xa4, 0x95, 0xe0, 0xa5, 0x8d,
  0xe0, 0xa4, 0xaf, 0xe0, 0xa5, 0x8b, 0xe0, 0xa4, 0x82, 0xe0, 0xa4, 0x95, 0xe0,
  0xa4, 0xbf, 0xe0, 0xa4, 0xb8, 0xe0, 0xa5, 0x81, 0xe0, 0xa4, 0xb0, 0xe0, 0xa4,
  0x95, 0xe0, 0xa5, 0x8d, 0xe0, 0xa4, 0xb7, 0xe0, 0xa4, 0xbe, 0xe0, 0xa4, 0xaa,
  0xe0, 0xa4, 0xb9, 0xe0, 0xa5, 0x81, 0xe0, 0xa4, 0x81, 0xe0, 0xa4, 0x9a, 0xe0,
  0xa4, 0xa4, 0xe0, 0xa5, 0x80, 0xe0, 0xa4, 0xaa, 0xe0, 0xa5, 0x8d, 0xe0, 0xa4,
  0xb0, 0xe0, 0xa4, 0xac, 0xe0, 0xa4, 0x82, 0xe0, 0xa4, 0xa7, 0xe0, 0xa4, 0xa8,
  0xe0, 0xa4, 0x9f, 0xe0, 0xa4, 0xbf, 0xe0, 0xa4, 0xaa, 0xe0, 0xa5, 0x8d, 0xe0,
  0xa4, 0xaa, 0xe0, 0xa4, 0xa3, 0xe0, 0xa5, 0x80, 0xe0, 0xa4, 0x95, 0xe0, 0xa5,
  0x8d, 0xe0, 0xa4, 0xb0, 0xe0, 0xa4, 0xbf, 0xe0, 0xa4, 0x95, 0xe0, 0xa5, 0x87,
  0xe0, 0xa4, 0x9f, 0xe0, 0xa4, 0xaa, 0xe0, 0xa5, 0x8d, 0xe0, 0xa4, 0xb0, 0xe0,
  0xa4, 0xbe, 0xe0, 0xa4, 0xb0, 0xe0, 0xa4, 0x82, 0xe0, 0xa4, 0xad, 0xe0, 0xa4,
  0xaa, 0xe0, 0xa5, 0x8d, 0xe0, 0xa4, 0xb0, 0xe0, 0xa4, 0xbe, 0xe0, 0xa4, 0xaa,
  0xe0, 0xa5, 0x8d, 0xe0, 0xa4, 0xa4, 0xe0, 0xa4, 0xae, 0xe0, 0xa4, 0xbe, 0xe0,
  0xa4, 0xb2, 0xe0, 0xa4, 0xbf, 0xe0, 0xa4, 0x95, 0xe0, 0xa5, 0x8b, 0xe0, 0xa4,
  0x82, 0xe0, 0xa4, 0xb0, 0xe0, 0xa4, 0xab, 0xe0, 0xa4, 0xbc, 0xe0, 0xa5, 0x8d,
  0xe0, 0xa4, 0xa4, 0xe0, 0xa4, 0xbe, 0xe0, 0xa4, 0xb0, 0xe0, 0xa4, 0xa8, 0xe0,
  0xa4, 0xbf, 0xe0, 0xa4, 0xb0, 0xe0, 0xa5, 0x8d, 0xe0, 0xa4, 0xae, 0xe0, 0xa4,
  0xbe, 0xe0, 0xa4, 0xa3, 0xe0, 0xa4, 0xb2, 0xe0, 0xa4, 0xbf, 0xe0, 0xa4, 0xae,
  0xe0, 0xa4, 0xbf, 0xe0, 0xa4, 0x9f, 0xe0, 0xa5, 0x87, 0xe0, 0xa4, 0xa1, 0x64,
  0x65, 0x73, 0x63, 0x72, 0x69, 0x70, 0x74, 0x69, 0x6f, 0x6e, 0x22, 0x20, 0x63,
  0x6f, 0x6e, 0x74, 0x65, 0x6e, 0x74, 0x3d, 0x22, 0x64, 0x6f, 0x63, 0x75, 0x6d,
  0x65, 0x6e, 0x74, 0x2e, 0x6c, 0x6f, 0x63, 0x61, 0x74, 0x69, 0x6f, 0x6e, 0x2e,
  0x70, 0x72, 0x6f, 0x74, 0x2e, 0x67, 0x65, 0x74, 0x45, 0x6c, 0x65, 0x6d, 0x65,
  0x6e, 0x74, 0x73, 0x42, 0x79, 0x54, 0x61, 0x67, 0x4e, 0x61, 0x6d, 0x65, 0x28,
  0x3c, 0x21, 0x44, 0x4f, 0x43, 0x54, 0x59, 0x50, 0x45, 0x20, 0x68, 0x74, 0x6d,
  0x6c, 0x3e, 0x0a, 0x3c, 0x68, 0x74, 0x6d, 0x6c, 0x20, 0x3c, 0x6d, 0x65, 0x74,
  0x61, 0x20, 0x63, 0x68, 0x61, 0x72, 0x73, 0x65, 0x74, 0x3d, 0x22, 0x75, 0x74,
  0x66, 0x2d, 0x38, 0x22, 0x3e, 0x3a, 0x75, 0x72, 0x6c, 0x22, 0x20, 0x63, 0x6f,
  0x6e, 0x74, 0x65, 0x6e, 0x74, 0x3d, 0x22, 0x68, 0x74, 0x74, 0x70, 0x3a, 0x2f,
  0x2f, 0x2e, 0x63, 0x73, 0x73, 0x22, 0x20, 0x72, 0x65, 0x6c, 0x3d, 0x22, 0x73,
  0x74, 0x79, 0x6c, 0x65, 0x73, 0x68, 0x65, 0x65, 0x74, 0x22, 0x73, 0x74, 0x79,
  0x6c, 0x65, 0x20, 0x74, 0x79, 0x70, 0x65, 0x3d, 0x22, 0x74, 0x65, 0x78, 0x74,
  0x2f, 0x63, 0x73, 0x73, 0x22, 0x3e, 0x74, 0x79, 0x70, 0x65, 0x3d, 0x22, 0x74,
  0x65, 0x78, 0x74, 0x2f, 0x63, 0x73, 0x73, 0x22, 0x20, 0x68, 0x72, 0x65, 0x66,
  0x3d, 0x22, 0x77, 0x33, 0x2e, 0x6f, 0x72, 0x67, 0x2f, 0x31, 0x39, 0x39, 0x39,
  0x2f, 0x78, 0x68, 0x74, 0x6d, 0x6c, 0x22, 0x20, 0x78, 0x6d, 0x6c, 0x74, 0x79,
  0x70, 0x65, 0x3d, 0x22, 0x74, 0x65, 0x78, 0x74, 0x2f, 0x6a, 0x61, 0x76, 0x61,
  0x73, 0x63, 0x72, 0x69, 0x70, 0x74, 0x22, 0x20, 0x6d, 0x65, 0x74, 0x68, 0x6f,
  0x64, 0x3d, 0x22, 0x67, 0x65, 0x74, 0x22, 0x20, 0x61, 0x63, 0x74, 0x69, 0x6f,
  0x6e, 0x3d, 0x22, 0x6c, 0x69, 0x6e, 0x6b, 0x20, 0x72, 0x65, 0x6c, 0x3d, 0x22,
  0x73, 0x74, 0x79, 0x6c, 0x65, 0x73, 0x68, 0x65, 0x65, 0x74, 0x22, 0x20, 0x20,
  0x3d, 0x20, 0x64, 0x6f, 0x63, 0x75, 0x6d, 0x65, 0x6e, 0x74, 0x2e, 0x67, 0x65,
  0x74, 0x45, 0x6c, 0x65, 0x6d, 0x65, 0x6e, 0x74, 0x74, 0x79, 0x70, 0x65, 0x3d,
  0x22, 0x69, 0x6d, 0x61, 0x67, 0x65, 0x2f, 0x78, 0x2d, 0x69, 0x63, 0x6f, 0x6e,
  0x22, 0x20, 0x2f, 0x3e, 0x63, 0x65, 0x6c, 0x6c, 0x70, 0x61, 0x64, 0x64, 0x69,
  0x6e, 0x67, 0x3d, 0x22, 0x30, 0x22, 0x20, 0x63, 0x65, 0x6c, 0x6c, 0x73, 0x70,
  0x2e, 0x63, 0x73, 0x73, 0x22, 0x20, 0x74, 0x79, 0x70, 0x65, 0x3d, 0x22, 0x74,
  0x65, 0x78, 0x74, 0x2f, 0x63, 0x73, 0x73, 0x22, 0x20, 0x3c, 0x2f, 0x61, 0x3e,
  0x3c, 0x2f, 0x6c, 0x69, 0x3e, 0x3c, 0x6c, 0x69, 0x3e, 0x3c, 0x61, 0x20, 0x68,
  0x72, 0x65, 0x66, 0x3d, 0x22, 0x22, 0x20, 0x77, 0x69, 0x64, 0x74, 0x68, 0x3d,
  0x22, 0x31, 0x22, 0x20, 0x68, 0x65, 0x69, 0x67, 0x68, 0x74, 0x3d, 0x22, 0x31,
  0x22, 0x22, 0x3e, 0x3c, 0x61, 0x20, 0x68, 0x72, 0x65, 0x66, 0x3d, 0x22, 0x68,
  0x74, 0x74, 0x70, 0x3a, 0x2f, 0x2f, 0x77, 0x77, 0x77, 0x2e, 0x73, 0x74, 0x79,
  0x6c, 0x65, 0x3d, 0x22, 0x64, 0x69, 0x73, 0x70, 0x6c, 0x61, 0x79, 0x3a, 0x6e,
  0x6f, 0x6e, 0x65, 0x3b, 0x22, 0x3e, 0x61, 0x6c, 0x74, 0x65, 0x72, 0x6e, 0x61,
  0x74, 0x65, 0x22, 0x20, 0x74, 0x79, 0x70, 0x65, 0x3d, 0x22, 0x61, 0x70, 0x70,
  0x6c, 0x69, 0x2d, 0x2f, 0x2f, 0x57, 0x33, 0x43, 0x2f, 0x2f, 0x44, 0x54, 0x44,
  0x20, 0x58, 0x48, 0x54, 0x4d, 0x4c, 0x20, 0x31, 0x2e, 0x30, 0x20, 0x65, 0x6c,
  0x6c, 0x73, 0x70, 0x61, 0x63, 0x69, 0x6e, 0x67, 0x3d, 0x22, 0x30, 0x22, 0x20,
  0x63, 0x65, 0x6c, 0x6c, 0x70, 0x61, 0x64, 0x20, 0x74, 0x79, 0x70, 0x65, 0x3d,
  0x22, 0x68, 0x69, 0x64, 0x64, 0x65, 0x6e, 0x22, 0x20, 0x76, 0x61, 0x6c, 0x75,
  0x65, 0x3d, 0x22, 0x2f, 0x61, 0x3e, 0x26, 0x6e, 0x62, 0x73, 0x70, 0x3b, 0x3c,
  0x73, 0x70, 0x61, 0x6e, 0x20, 0x72, 0x6f, 0x6c, 0x65, 0x3d, 0x22, 0x73, 0x0a,
  0x3c, 0x69, 0x6e, 0x70, 0x75, 0x74, 0x20, 0x74, 0x79, 0x70, 0x65, 0x3d, 0x22,
  0x68, 0x69, 0x64, 0x64, 0x65, 0x6e, 0x22, 0x20, 0x6c, 0x61, 0x6e, 0x67, 0x75,
  0x61, 0x67, 0x65, 0x3d, 0x22, 0x4a, 0x61, 0x76, 0x61, 0x53, 0x63, 0x72, 0x69,
  0x70, 0x74, 0x22, 0x20, 0x20, 0x64, 0x6f, 0x63, 0x75, 0x6d, 0x65, 0x6e, 0x74,
  0x2e, 0x67, 0x65, 0x74, 0x45, 0x6c, 0x65, 0x6d, 0x65, 0x6e, 0x74, 0x73, 0x42,
  0x67, 0x3d, 0x22, 0x30, 0x22, 0x20, 0x63, 0x65, 0x6c, 0x6c, 0x73, 0x70, 0x61,
  0x63, 0x69, 0x6e, 0x67, 0x3d, 0x22, 0x30, 0x22, 0x20, 0x79, 0x70, 0x65, 0x3d,
  0x22, 0x74, 0x65, 0x78, 0x74, 0x2f, 0x63, 0x73, 0x73, 0x22, 0x20, 0x6d, 0x65,
  0x64, 0x69, 0x61, 0x3d, 0x22, 0x74, 0x79, 0x70, 0x65, 0x3d, 0x27, 0x74, 0x65,
  0x78, 0x74, 0x2f, 0x6a, 0x61, 0x76, 0x61, 0x73, 0x63, 0x72, 0x69, 0x70, 0x74,
  0x27, 0x77, 0x69, 0x74, 0x68, 0x20, 0x74, 0x68, 0x65, 0x20, 0x65, 0x78, 0x63,
  0x65, 0x70, 0x74, 0x69, 0x6f, 0x6e, 0x20, 0x6f, 0x66, 0x20, 0x79, 0x70, 0x65,
  0x3d, 0x22, 0x74, 0x65, 0x78, 0x74, 0x2f, 0x63, 0x73, 0x73, 0x22, 0x20, 0x72,
  0x65, 0x6c, 0x3d, 0x22, 0x73, 0x74, 0x20, 0x68, 0x65, 0x69, 0x67, 0x68, 0x74,
  0x3d, 0x22, 0x31, 0x22, 0x20, 0x77, 0x69, 0x64, 0x74, 0x68, 0x3d, 0x22, 0x31,
  0x22, 0x20, 0x3d, 0x27, 0x2b, 0x65, 0x6e, 0x63, 0x6f, 0x64, 0x65, 0x55, 0x52,
  0x49, 0x43, 0x6f, 0x6d, 0x70, 0x6f, 0x6e, 0x65, 0x6e, 0x74, 0x28, 0x3c, 0x6c,
  0x69, 0x6e, 0x6b, 0x20, 0x72, 0x65, 0x6c, 0x3d, 0x22, 0x61, 0x6c, 0x74, 0x65,
  0x72, 0x6e, 0x61, 0x74, 0x65, 0x22, 0x20, 0x0a, 0x62, 0x6f, 0x64, 0x79, 0x2c,
  0x20, 0x74, 0x72, 0x2c, 0x20, 0x69, 0x6e, 0x70, 0x75, 0x74, 0x2c, 0x20, 0x74,
  0x65, 0x78, 0x74, 0x6d, 0x65, 0x74, 0x61, 0x20, 0x6e, 0x61, 0x6d, 0x65, 0x3d,
  0x22, 0x72, 0x6f, 0x62, 0x6f, 0x74, 0x73, 0x22, 0x20, 0x63, 0x6f, 0x6e, 0x6d,
  0x65, 0x74, 0x68, 0x6f, 0x64, 0x3d, 0x22, 0x70, 0x6f, 0x73, 0x74, 0x22, 0x20,
  0x61, 0x63, 0x74, 0x69, 0x6f, 0x6e, 0x3d, 0x22, 0x3e, 0x0a, 0x3c, 0x61, 0x20,
  0x68, 0x72, 0x65, 0x66, 0x3d, 0x22, 0x68, 0x74, 0x74, 0x70, 0x3a, 0x2f, 0x2f,
  0x77, 0x77, 0x77, 0x2e, 0x63, 0x73, 0x73, 0x22, 0x20, 0x72, 0x65, 0x6c, 0x3d,
  0x22, 0x73, 0x74, 0x79, 0x6c, 0x65, 0x73, 0x68, 0x65, 0x65, 0x74, 0x22, 0x20,
  0x3c, 0x2f, 0x64, 0x69, 0x76, 0x3e, 0x3c, 0x2f, 0x64, 0x69, 0x76, 0x3e, 0x3c,
  0x64, 0x69, 0x76, 0x20, 0x63, 0x6c, 0x61, 0x73, 0x73, 0x6c, 0x61, 0x6e, 0x67,
  0x75, 0x61, 0x67, 0x65, 0x3d, 0x22, 0x6a, 0x61, 0x76, 0x61, 0x73, 0x63, 0x72,
  0x69, 0x70, 0x74, 0x22, 0x3e, 0x61, 0x72, 0x69, 0x61, 0x2d, 0x68, 0x69, 0x64,
  0x64, 0x65, 0x6e, 0x3d, 0x22, 0x74, 0x72, 0x75, 0x65, 0x22, 0x3e, 0xc2, 0xb7,
  0x3c, 0x72, 0x69, 0x70, 0x74, 0x22, 0x20, 0x74, 0x79, 0x70, 0x65, 0x3d, 0x22,
  0x74, 0x65, 0x78, 0x74, 0x2f, 0x6a, 0x61, 0x76, 0x61, 0x73, 0x6c, 0x3d, 0x30,
  0x3b, 0x7d, 0x29, 0x28, 0x29, 0x3b, 0x0a, 0x28, 0x66, 0x75, 0x6e, 0x63, 0x74,
  0x69, 0x6f, 0x6e, 0x28, 0x29, 0x7b, 0x62, 0x61, 0x63, 0x6b, 0x67, 0x72, 0x6f,
  0x75, 0x6e, 0x64, 0x2d, 0x69, 0x6d, 0x61, 0x67, 0x65, 0x3a, 0x20, 0x75, 0x72,
  0x6c, 0x28, 0x2f, 0x61, 0x3e, 0x3c, 0x2f, 0x6c, 0x69, 0x3e, 0x3c, 0x6c, 0x69,
  0x3e, 0x3c, 0x61, 0x20, 0x68, 0x72, 0x65, 0x66, 0x3d, 0x22, 0x68, 0x09, 0x09,
  0x3c, 0x6c, 0x69, 0x3e, 0x3c, 0x61, 0x20, 0x68, 0x72, 0x65, 0x66, 0x3d, 0x22,
  0x68, 0x74, 0x74, 0x70, 0x3a, 0x2f, 0x2f, 0x61, 0x74, 0x6f, 0x72, 0x22, 0x20,
  0x61, 0x72, 0x69, 0x61, 0x2d, 0x68, 0x69, 0x64, 0x64, 0x65, 0x6e, 0x3d, 0x22,
  0x74, 0x72, 0x75, 0x3e, 0x20, 0x3c, 0x61, 0x20, 0x68, 0x72, 0x65, 0x66, 0x3d,
  0x22, 0x68, 0x74, 0x74, 0x70, 0x3a, 0x2f, 0x2f, 0x77, 0x77, 0x77, 0x2e, 0x6c,
  0x61, 0x6e, 0x67, 0x75, 0x61, 0x67, 0x65, 0x3d, 0x22, 0x6a, 0x61, 0x76, 0x61,
  0x73, 0x63, 0x72, 0x69, 0x70, 0x74, 0x22, 0x20, 0x2f, 0x6f, 0x70, 0x74, 0x69,
  0x6f, 0x6e, 0x3e, 0x0a, 0x3c, 0x6f, 0x70, 0x74, 0x69, 0x6f, 0x6e, 0x20, 0x76,
  0x61, 0x6c, 0x75, 0x65, 0x2f, 0x64, 0x69, 0x76, 0x3e, 0x3c, 0x2f, 0x64, 0x69,
  0x76, 0x3e, 0x3c, 0x64, 0x69, 0x76, 0x20, 0x63, 0x6c, 0x61, 0x73, 0x73, 0x3d,
  0x72, 0x61, 0x74, 0x6f, 0x72, 0x22, 0x20, 0x61, 0x72, 0x69, 0x61, 0x2d, 0x68,
  0x69, 0x64, 0x64, 0x65, 0x6e, 0x3d, 0x22, 0x74, 0x72, 0x65, 0x3d, 0x28, 0x6e,
  0x65, 0x77, 0x20, 0x44, 0x61, 0x74, 0x65, 0x29, 0x2e, 0x67, 0x65, 0x74, 0x54,
  0x69, 0x6d, 0x65, 0x28, 0x29, 0x70, 0x6f, 0x72, 0x74, 0x75, 0x67, 0x75, 0xc3,
  0xaa, 0x73, 0x20, 0x28, 0x64, 0x6f, 0x20, 0x42, 0x72, 0x61, 0x73, 0x69, 0x6c,
  0x29, 0xd0, 0xbe, 0xd1, 0x80, 0xd0, 0xb3, 0xd0, 0xb0, 0xd0, 0xbd, 0xd0, 0xb8,
  0xd0, 0xb7, 0xd0, 0xb0, 0xd1, 0x86, 0xd0, 0xb8, 0xd0, 0xb8, 0xd0, 0xb2, 0xd0,
  0xbe, 0xd0, 0xb7, 0xd0, 0xbc, 0xd0, 0xbe, 0xd0, 0xb6, 0xd0, 0xbd, 0xd0, 0xbe,
  0xd1, 0x81, 0xd1, 0x82, 0xd1, 0x8c, 0xd0, 0xbe, 0xd0, 0xb1, 0xd1, 0x80, 0xd0,
  0xb0, 0xd0, 0xb7, 0xd0, 0xbe, 0xd0, 0xb2, 0xd0, 0xb0, 0xd0, 0xbd, 0xd0, 0xb8,
  0xd1, 0x8f, 0xd1, 0x80, 0xd0, 0xb5, 0xd0, 0xb3, 0xd0, 0xb8, 0xd1, 0x81, 0xd1,
  0x82, 0xd1, 0x80, 0xd0, 0xb0, 0xd1, 0x86, 0xd0, 0xb8, 0xd0, 0xb8, 0xd0, 0xb2,
  0xd0, 0xbe, 0xd0, 0xb7, 0xd0, 0xbc, 0xd0, 0xbe, 0xd0, 0xb6, 0xd0, 0xbd, 0xd0,
  0xbe, 0xd1, 0x81, 0xd1, 0x82, 0xd0, 0xb8, 0xd0, 0xbe, 0xd0, 0xb1, 0xd1, 0x8f,
  0xd0, 0xb7, 0xd0, 0xb0, 0xd1, 0x82, 0xd0, 0xb5, 0xd0, 0xbb, 0xd1, 0x8c, 0xd0,
  0xbd, 0xd0, 0xb0, 0x3c, 0x21, 0x44, 0x4f, 0x43, 0x54, 0x59, 0x50, 0x45, 0x20,
  0x68, 0x74, 0x6d, 0x6c, 0x20, 0x50, 0x55, 0x42, 0x4c, 0x49, 0x43, 0x20, 0x22,
  0x6e, 0x74, 0x2d, 0x54, 0x79, 0x70, 0x65, 0x22, 0x20, 0x63, 0x6f, 0x6e, 0x74,
  0x65, 0x6e, 0x74, 0x3d, 0x22, 0x74, 0x65, 0x78, 0x74, 0x2f, 0x3c, 0x6d, 0x65,
  0x74, 0x61, 0x20, 0x68, 0x74, 0x74, 0x70, 0x2d, 0x65, 0x71, 0x75, 0x69, 0x76,
  0x3d, 0x22, 0x43, 0x6f, 0x6e, 0x74, 0x65, 0x72, 0x61, 0x6e, 0x73, 0x69, 0x74,
  0x69, 0x6f, 0x6e, 0x61, 0x6c, 0x2f, 0x2f, 0x45, 0x4e, 0x22, 0x20, 0x22, 0x68,
  0x74, 0x74, 0x70, 0x3a, 0x3c, 0x68, 0x74, 0x6d, 0x6c, 0x20, 0x78, 0x6d, 0x6c,
  0x6e, 0x73, 0x3d, 0x22, 0x68, 0x74, 0x74, 0x70, 0x3a, 0x2f, 0x2f, 0x77, 0x77,
  0x77, 0x2d, 0x2f, 0x2f, 0x57, 0x33, 0x43, 0x2f, 0x2f, 0x44, 0x54, 0x44, 0x20,
  0x58, 0x48, 0x54, 0x4d, 0x4c, 0x20, 0x31, 0x2e, 0x30, 0x20, 0x54, 0x44, 0x54,
  0x44, 0x2f, 0x78, 0x68, 0x74, 0x6d, 0x6c, 0x31, 0x2d, 0x74, 0x72, 0x61, 0x6e,
  0x73, 0x69, 0x74, 0x69, 0x6f, 0x6e, 0x61, 0x6c, 0x2f, 0x2f, 0x77, 0x77, 0x77,
  0x2e, 0x77, 0x33, 0x2e, 0x6f, 0x72, 0x67, 0x2f, 0x54, 0x52, 0x2f, 0x78, 0x68,
  0x74, 0x6d, 0x6c, 0x31, 0x2f, 0x70, 0x65, 0x20, 0x3d, 0x20, 0x27, 0x74, 0x65,
  0x78, 0x74, 0x2f, 0x6a, 0x61, 0x76, 0x61, 0x73, 0x63, 0x72, 0x69, 0x70, 0x74,
  0x27, 0x3b, 0x3c, 0x6d, 0x65, 0x74, 0x61, 0x20, 0x6e, 0x61, 0x6d, 0x65, 0x3d,
  0x22, 0x64, 0x65, 0x73, 0x63, 0x72, 0x69, 0x70, 0x74, 0x69, 0x6f, 0x6e, 0x70,
  0x61, 0x72, 0x65, 0x6e, 0x74, 0x4e, 0x6f, 0x64, 0x65, 0x2e, 0x69, 0x6e, 0x73,
  0x65, 0x72, 0x74, 0x42, 0x65, 0x66, 0x6f, 0x72, 0x65, 0x3c, 0x69, 0x6e, 0x70,
  0x75, 0x74, 0x20, 0x74, 0x79, 0x70, 0x65, 0x3d, 0x22, 0x68, 0x69, 0x64, 0x64,
  0x65, 0x6e, 0x22, 0x20, 0x6e, 0x61, 0x6a, 0x73, 0x22, 0x20, 0x74, 0x79, 0x70,
  0x65, 0x3d, 0x22, 0x74, 0x65, 0x78, 0x74, 0x2f, 0x6a, 0x61, 0x76, 0x61, 0x73,
  0x63, 0x72, 0x69, 0x28, 0x64, 0x6f, 0x63, 0x75, 0x6d, 0x65, 0x6e, 0x74, 0x29,
  0x2e, 0x72, 0x65, 0x61, 0x64, 0x79, 0x28, 0x66, 0x75, 0x6e, 0x63, 0x74, 0x69,
  0x73, 0x63, 0x72, 0x69, 0x70, 0x74, 0x20, 0x74, 0x79, 0x70, 0x65, 0x3d, 0x22,
  0x74, 0x65, 0x78, 0x74, 0x2f, 0x6a, 0x61, 0x76, 0x61, 0x73, 0x69, 0x6d, 0x61,
  0x67, 0x65, 0x22, 0x20, 0x63, 0x6f, 0x6e, 0x74, 0x65, 0x6e, 0x74, 0x3d, 0x22,
  0x68, 0x74, 0x74, 0x70, 0x3a, 0x2f, 0x2f, 0x55, 0x41, 0x2d, 0x43, 0x6f, 0x6d,
  0x70, 0x61, 0x74, 0x69, 0x62, 0x6c, 0x65, 0x22, 0x20, 0x63, 0x6f, 0x6e, 0x74,
  0x65, 0x6e, 0x74, 0x3d, 0x74, 0x6d, 0x6c, 0x3b, 0x20, 0x63, 0x68, 0x61, 0x72,
  0x73, 0x65, 0x74, 0x3d, 0x75, 0x74, 0x66, 0x2d, 0x38, 0x22, 0x20, 0x2f, 0x3e,
  0x0a, 0x6c, 0x69, 0x6e, 0x6b, 0x20, 0x72, 0x65, 0x6c, 0x3d, 0x22, 0x73, 0x68,
  0x6f, 0x72, 0x74, 0x63, 0x75, 0x74, 0x20, 0x69, 0x63, 0x6f, 0x6e, 0x3c, 0x6c,
  0x69, 0x6e, 0x6b, 0x20, 0x72, 0x65, 0x6c, 0x3d, 0x22, 0x73, 0x74, 0x79, 0x6c,
  0x65, 0x73, 0x68, 0x65, 0x65, 0x74, 0x22, 0x20, 0x3c, 0x2f, 0x73, 0x63, 0x72,
  0x69, 0x70, 0x74, 0x3e, 0x0a, 0x3c, 0x73, 0x63, 0x72, 0x69, 0x70, 0x74, 0x20,
  0x74, 0x79, 0x70, 0x65, 0x3d, 0x3d, 0x20, 0x64, 0x6f, 0x63, 0x75, 0x6d, 0x65,
  0x6e, 0x74, 0x2e, 0x63, 0x72, 0x65, 0x61, 0x74, 0x65, 0x45, 0x6c, 0x65, 0x6d,
  0x65, 0x6e, 0x3c, 0x61, 0x20, 0x74, 0x61, 0x72, 0x67, 0x65, 0x74, 0x3d, 0x22,
  0x5f, 0x62, 0x6c, 0x61, 0x6e, 0x6b, 0x22, 0x20, 0x68, 0x72, 0x65, 0x66, 0x3d,
  0x20, 0x64, 0x6f, 0x63, 0x75, 0x6d, 0x65, 0x6e, 0x74, 0x2e, 0x67, 0x65, 0x74,
  0x45, 0x6c, 0x65, 0x6d, 0x65, 0x6e, 0x74, 0x73, 0x42, 0x69, 0x6e, 0x70, 0x75,
  0x74, 0x20, 0x74, 0x79, 0x70, 0x65, 0x3d, 0x22, 0x74, 0x65, 0x78, 0x74, 0x22,
  0x20, 0x6e, 0x61, 0x6d, 0x65, 0x3d, 0x61, 0x2e, 0x74, 0x79, 0x70, 0x65, 0x20,
  0x3d, 0x20, 0x27, 0x74, 0x65, 0x78, 0x74, 0x2f, 0x6a, 0x61, 0x76, 0x61, 0x73,
  0x63, 0x72, 0x69, 0x6e, 0x70, 0x75, 0x74, 0x20, 0x74, 0x79, 0x70, 0x65, 0x3d,
  0x22, 0x68, 0x69, 0x64, 0x64, 0x65, 0x6e, 0x22, 0x20, 0x6e, 0x61, 0x6d, 0x65,
  0x68, 0x74, 0x6d, 0x6c, 0x3b, 0x20, 0x63, 0x68, 0x61, 0x72, 0x73, 0x65, 0x74,
  0x3d, 0x75, 0x74, 0x66, 0x2d, 0x38, 0x22, 0x20, 0x2f, 0x3e, 0x64, 0x74, 0x64,
  0x22, 0x3e, 0x0a, 0x3c, 0x68, 0x74, 0x6d, 0x6c, 0x20, 0x78, 0x6d, 0x6c, 0x6e,
  0x73, 0x3d, 0x22, 0x68, 0x74, 0x74, 0x70, 0x2d, 0x2f, 0x2f, 0x57, 0x33, 0x43,
  0x2f, 0x2f, 0x44, 0x54, 0x44, 0x20, 0x48, 0x54, 0x4d, 0x4c, 0x20, 0x34, 0x2e,
  0x30, 0x31, 0x20, 0x54, 0x65, 0x6e, 0x74, 0x73, 0x42, 0x79, 0x54, 0x61, 0x67,
  0x4e, 0x61, 0x6d, 0x65, 0x28, 0x27, 0x73, 0x63, 0x72, 0x69, 0x70, 0x74, 0x27,
  0x29, 0x69, 0x6e, 0x70, 0x75, 0x74, 0x20, 0x74, 0x79, 0x70, 0x65, 0x3d, 0x22,
  0x68, 0x69, 0x64, 0x64, 0x65, 0x6e, 0x22, 0x20, 0x6e, 0x61, 0x6d, 0x3c, 0x73,
  0x63, 0x72, 0x69, 0x70, 0x74, 0x20, 0x74, 0x79, 0x70, 0x65, 0x3d, 0x22, 0x74,
  0x65, 0x78, 0x74, 0x2f, 0x6a, 0x61, 0x76, 0x61, 0x73, 0x22, 0x20, 0x73, 0x74,
  0x79, 0x6c, 0x65, 0x3d, 0x22, 0x64, 0x69, 0x73, 0x70, 0x6c, 0x61, 0x79, 0x3a,
  0x6e, 0x6f, 0x6e, 0x65, 0x3b, 0x22, 0x3e, 0x64, 0x6f, 0x63, 0x75, 0x6d, 0x65,
  0x6e, 0x74, 0x2e, 0x67, 0x65, 0x74, 0x45, 0x6c, 0x65, 0x6d, 0x65, 0x6e, 0x74,
  0x42, 0x79, 0x49, 0x64, 0x28, 0x3d, 0x64, 0x6f, 0x63, 0x75, 0x6d, 0x65, 0x6e,
  0x74, 0x2e, 0x63, 0x72, 0x65, 0x61, 0x74, 0x65, 0x45, 0x6c, 0x65, 0x6d, 0x65,
  0x6e, 0x74, 0x28, 0x27, 0x20, 0x74, 0x79, 0x70, 0x65, 0x3d, 0x27, 0x74, 0x65,
  0x78, 0x74, 0x2f, 0x6a, 0x61, 0x76, 0x61, 0x73, 0x63, 0x72, 0x69, 0x70, 0x74,
  0x27, 0x69, 0x6e, 0x70, 0x75, 0x74, 0x20, 0x74, 0x79, 0x70, 0x65, 0x3d, 0x22,
  0x74, 0x65, 0x78, 0x74, 0x22, 0x20, 0x6e, 0x61, 0x6d, 0x65, 0x3d, 0x22, 0x64,
  0x2e, 0x67, 0x65, 0x74, 0x45, 0x6c, 0x65, 0x6d, 0x65, 0x6e, 0x74, 0x73, 0x42,
  0x79, 0x54, 0x61, 0x67, 0x4e, 0x61, 0x6d, 0x65, 0x28, 0x73, 0x6e, 0x69, 0x63,
  0x61, 0x6c, 0x22, 0x20, 0x68, 0x72, 0x65, 0x66, 0x3d, 0x22, 0x68, 0x74, 0x74,
  0x70, 0x3a, 0x2f, 0x2f, 0x77, 0x77, 0x77, 0x2e, 0x43, 0x2f, 0x2f, 0x44, 0x54,
  0x44, 0x20, 0x48, 0x54, 0x4d, 0x4c, 0x20, 0x34, 0x2e, 0x30, 0x31, 0x20, 0x54,
  0x72, 0x61, 0x6e, 0x73, 0x69, 0x74, 0x3c, 0x73, 0x74, 0x79, 0x6c, 0x65, 0x20,
  0x74, 0x79, 0x70, 0x65, 0x3d, 0x22, 0x74, 0x65, 0x78, 0x74, 0x2f, 0x63, 0x73,
  0x73, 0x22, 0x3e, 0x0a, 0x0a, 0x3c, 0x73, 0x74, 0x79, 0x6c, 0x65, 0x20, 0x74,
  0x79, 0x70, 0x65, 0x3d, 0x22, 0x74, 0x65, 0x78, 0x74, 0x2f, 0x63, 0x73, 0x73,
  0x22, 0x3e, 0x69, 0x6f, 0x6e, 0x61, 0x6c, 0x2e, 0x64, 0x74, 0x64, 0x22, 0x3e,
  0x0a, 0x3c, 0x68, 0x74, 0x6d, 0x6c, 0x20, 0x78, 0x6d, 0x6c, 0x6e, 0x73, 0x3d,
  0x68, 0x74, 0x74, 0x70, 0x2d, 0x65, 0x71, 0x75, 0x69, 0x76, 0x3d, 0x22, 0x43,
  0x6f, 0x6e, 0x74, 0x65, 0x6e, 0x74, 0x2d, 0x54, 0x79, 0x70, 0x65, 0x64, 0x69,
  0x6e, 0x67, 0x3d, 0x22, 0x30, 0x22, 0x20, 0x63, 0x65, 0x6c, 0x6c, 0x73, 0x70,
  0x61, 0x63, 0x69, 0x6e, 0x67, 0x3d, 0x22, 0x30, 0x22, 0x68, 0x74, 0x6d, 0x6c,
  0x3b, 0x20, 0x63, 0x68, 0x61, 0x72, 0x73, 0x65, 0x74, 0x3d, 0x75, 0x74, 0x66,
  0x2d, 0x38, 0x22, 0x20, 0x2f, 0x3e, 0x0a, 0x20, 0x73, 0x74, 0x79, 0x6c, 0x65,
  0x3d, 0x22, 0x64, 0x69, 0x73, 0x70, 0x6c, 0x61, 0x79, 0x3a, 0x6e, 0x6f, 0x6e,
  0x65, 0x3b, 0x22, 0x3e, 0x3c, 0x3c, 0x6c, 0x69, 0x3e, 0x3c, 0x61, 0x20, 0x68,
  0x72, 0x65, 0x66, 0x3d, 0x22, 0x68, 0x74, 0x74, 0x70, 0x3a, 0x2f, 0x2f, 0x77,
  0x77, 0x77, 0x2e, 0x20, 0x74, 0x79, 0x70, 0x65, 0x3d, 0x27, 0x74, 0x65, 0x78,
  0x74, 0x2f, 0x6a, 0x61, 0x76, 0x61, 0x73, 0x63, 0x72, 0x69, 0x70, 0x74, 0x27,
  0x3e, 0xd0, 0xb4, 0xd0, 0xb5, 0xd1, 0x8f, 0xd1, 0x82, 0xd0, 0xb5, 0xd0, 0xbb,
  0xd1, 0x8c, 0xd0, 0xbd, 0xd0, 0xbe, 0xd1, 0x81, 0xd1, 0x82, 0xd0, 0xb8, 0xd1,
  0x81, 0xd0, 0xbe, 0xd0, 0xbe, 0xd1, 0x82, 0xd0, 0xb2, 0xd0, 0xb5, 0xd1, 0x82,
  0xd1, 0x81, 0xd1, 0x82, 0xd0, 0xb2, 0xd0, 0xb8, 0xd0, 0xb8, 0xd0, 0xbf, 0xd1,
  0x80, 0xd0, 0xbe, 0xd0, 0xb8, 0xd0, 0xb7, 0xd0, 0xb2, 0xd0, 0xbe, 0xd0, 0xb4,
  0xd1, 0x81, 0xd1, 0x82, 0xd0, 0xb2, 0xd0, 0xb0, 0xd0, 0xb1, 0xd0, 0xb5, 0xd0,
  0xb7, 0xd0, 0xbe, 0xd0, 0xbf, 0xd0, 0xb0, 0xd1, 0x81, 0xd0, 0xbd, 0xd0, 0xbe,
  0xd1, 0x81, 0xd1, 0x82, 0xd0, 0xb8, 0xe0, 0xa4, 0xaa, 0xe0, 0xa5, 0x81, 0xe0,
  0xa4, 0xb8, 0xe0, 0xa5, 0x8d, 0xe0, 0xa4, 0xa4, 0xe0, 0xa4, 0xbf, 0xe0, 0xa4,
  0x95, 0xe0, 0xa4, 0xbe, 0xe0, 0xa4, 0x95, 0xe0, 0xa4, 0xbe, 0xe0, 0xa4, 0x82,
  0xe0, 0xa4, 0x97, 0xe0, 0xa5, 0x8d, 0xe0, 0xa4, 0xb0, 0xe0, 0xa5, 0x87, 0xe0,
  0xa4, 0xb8, 0xe0, 0xa4, 0x89, 0xe0, 0xa4, 0xa8, 0xe0, 0xa5, 0x8d, 0xe0, 0xa4,
  0xb9, 0xe0, 0xa5, 0x8b, 0xe0, 0xa4, 0x82, 0xe0, 0xa4, 0xa8, 0xe0, 0xa5, 0x87,
  0xe0, 0xa4, 0xb5, 0xe0, 0xa4, 0xbf, 0xe0, 0xa4, 0xa7, 0xe0, 0xa4, 0xbe, 0xe0,
  0xa4, 0xa8, 0xe0, 0xa4, 0xb8, 0xe0, 0xa4, 0xad, 0xe0, 0xa4, 0xbe, 0xe0, 0xa4,
  0xab, 0xe0, 0xa4, 0xbf, 0xe0, 0xa4, 0x95, 0xe0, 0xa5, 0x8d, 0xe0, 0xa4, 0xb8,
  0xe0, 0xa4, 0xbf, 0xe0, 0xa4, 0x82, 0xe0, 0xa4, 0x97, 0xe0, 0xa4, 0xb8, 0xe0,
  0xa5, 0x81, 0xe0, 0xa4, 0xb0, 0xe0, 0xa4, 0x95, 0xe0, 0xa5, 0x8d, 0xe0, 0xa4,
  0xb7, 0xe0, 0xa4, 0xbf, 0xe0, 0xa4, 0xa4, 0xe0, 0xa4, 0x95, 0xe0, 0xa5, 0x89,
  0xe0, 0xa4, 0xaa, 0xe0, 0xa5, 0x80, 0xe0, 0xa4, 0xb0, 0xe0, 0xa4, 0xbe, 0xe0,
  0xa4, 0x87, 0xe0, 0xa4, 0x9f, 0xe0, 0xa4, 0xb5, 0xe0, 0xa4, 0xbf, 0xe0, 0xa4,
  0x9c, 0xe0, 0xa5, 0x8d, 0xe0, 0xa4, 0x9e, 0xe0, 0xa4, 0xbe, 0xe0, 0xa4, 0xaa,
  0xe0, 0xa4, 0xa8, 0xe0, 0xa4, 0x95, 0xe0, 0xa4, 0xbe, 0xe0, 0xa4, 0xb0, 0xe0,
  0xa5, 0x8d, 0xe0, 0xa4, 0xb0, 0xe0, 0xa4, 0xb5, 0xe0, 0xa4, 0xbe, 0xe0, 0xa4,
  0x88, 0xe0, 0xa4, 0xb8, 0xe0, 0xa4, 0x95, 0xe0, 0xa5, 0x8d, 0xe0, 0xa4, 0xb0,
  0xe0, 0xa4, 0xbf, 0xe0, 0xa4, 0xaf, 0xe0, 0xa4, 0xa4, 0xe0, 0xa4, 0xbe,
]);

// Used by the browser version
exports.init = function() {
  return exports.dictionary;
};

});
def("dictionary",function(require,exports,module){
/* Copyright 2013 Google Inc. All Rights Reserved.

   Licensed under the Apache License, Version 2.0 (the "License");
   you may not use this file except in compliance with the License.
   You may obtain a copy of the License at

   http://www.apache.org/licenses/LICENSE-2.0

   Unless required by applicable law or agreed to in writing, software
   distributed under the License is distributed on an "AS IS" BASIS,
   WITHOUT WARRANTIES OR CONDITIONS OF ANY KIND, either express or implied.
   See the License for the specific language governing permissions and
   limitations under the License.

   Collection of static dictionary words.
*/

var data = require('./dictionary-data');
exports.init = function() {
  exports.dictionary = data.init();
};

exports.offsetsByLength = new Uint32Array([
     0,     0,     0,     0,     0,  4096,  9216, 21504, 35840, 44032,
 53248, 63488, 74752, 87040, 93696, 100864, 104704, 106752, 108928, 113536,
 115968, 118528, 119872, 121280, 122016,
]);

exports.sizeBitsByLength = new Uint8Array([
  0,  0,  0,  0, 10, 10, 11, 11, 10, 10,
 10, 10, 10,  9,  9,  8,  7,  7,  8,  7,
  7,  6,  6,  5,  5,
]);

exports.minDictionaryWordLength = 4;
exports.maxDictionaryWordLength = 24;

});
def("context",function(require,exports,module){
/* Copyright 2013 Google Inc. All Rights Reserved.

   Licensed under the Apache License, Version 2.0 (the "License");
   you may not use this file except in compliance with the License.
   You may obtain a copy of the License at

   http://www.apache.org/licenses/LICENSE-2.0

   Unless required by applicable law or agreed to in writing, software
   distributed under the License is distributed on an "AS IS" BASIS,
   WITHOUT WARRANTIES OR CONDITIONS OF ANY KIND, either express or implied.
   See the License for the specific language governing permissions and
   limitations under the License.

   Lookup table to map the previous two bytes to a context id.

   There are four different context modeling modes defined here:
     CONTEXT_LSB6: context id is the least significant 6 bits of the last byte,
     CONTEXT_MSB6: context id is the most significant 6 bits of the last byte,
     CONTEXT_UTF8: second-order context model tuned for UTF8-encoded text,
     CONTEXT_SIGNED: second-order context model tuned for signed integers.

   The context id for the UTF8 context model is calculated as follows. If p1
   and p2 are the previous two bytes, we calcualte the context as

     context = kContextLookup[p1] | kContextLookup[p2 + 256].

   If the previous two bytes are ASCII characters (i.e. < 128), this will be
   equivalent to

     context = 4 * context1(p1) + context2(p2),

   where context1 is based on the previous byte in the following way:

     0  : non-ASCII control
     1  : \t, \n, \r
     2  : space
     3  : other punctuation
     4  : " '
     5  : %
     6  : ( < [ {
     7  : ) > ] }
     8  : , ; :
     9  : .
     10 : =
     11 : number
     12 : upper-case vowel
     13 : upper-case consonant
     14 : lower-case vowel
     15 : lower-case consonant

   and context2 is based on the second last byte:

     0 : control, space
     1 : punctuation
     2 : upper-case letter, number
     3 : lower-case letter

   If the last byte is ASCII, and the second last byte is not (in a valid UTF8
   stream it will be a continuation byte, value between 128 and 191), the
   context is the same as if the second last byte was an ASCII control or space.

   If the last byte is a UTF8 lead byte (value >= 192), then the next byte will
   be a continuation byte and the context id is 2 or 3 depending on the LSB of
   the last byte and to a lesser extent on the second last byte if it is ASCII.

   If the last byte is a UTF8 continuation byte, the second last byte can be:
     - continuation byte: the next byte is probably ASCII or lead byte (assuming
       4-byte UTF8 characters are rare) and the context id is 0 or 1.
     - lead byte (192 - 207): next byte is ASCII or lead byte, context is 0 or 1
     - lead byte (208 - 255): next byte is continuation byte, context is 2 or 3

   The possible value combinations of the previous two bytes, the range of
   context ids and the type of the next byte is summarized in the table below:

   |--------\-----------------------------------------------------------------|
   |         \                         Last byte                              |
   | Second   \---------------------------------------------------------------|
   | last byte \    ASCII            |   cont. byte        |   lead byte      |
   |            \   (0-127)          |   (128-191)         |   (192-)         |
   |=============|===================|=====================|==================|
   |  ASCII      | next: ASCII/lead  |  not valid          |  next: cont.     |
   |  (0-127)    | context: 4 - 63   |                     |  context: 2 - 3  |
   |-------------|-------------------|---------------------|------------------|
   |  cont. byte | next: ASCII/lead  |  next: ASCII/lead   |  next: cont.     |
   |  (128-191)  | context: 4 - 63   |  context: 0 - 1     |  context: 2 - 3  |
   |-------------|-------------------|---------------------|------------------|
   |  lead byte  | not valid         |  next: ASCII/lead   |  not valid       |
   |  (192-207)  |                   |  context: 0 - 1     |                  |
   |-------------|-------------------|---------------------|------------------|
   |  lead byte  | not valid         |  next: cont.        |  not valid       |
   |  (208-)     |                   |  context: 2 - 3     |                  |
   |-------------|-------------------|---------------------|------------------|

   The context id for the signed context mode is calculated as:

     context = (kContextLookup[512 + p1] << 3) | kContextLookup[512 + p2].

   For any context modeling modes, the context ids can be calculated by |-ing
   together two lookups from one table using context model dependent offsets:

     context = kContextLookup[offset1 + p1] | kContextLookup[offset2 + p2].

   where offset1 and offset2 are dependent on the context mode.
*/

var CONTEXT_LSB6         = 0;
var CONTEXT_MSB6         = 1;
var CONTEXT_UTF8         = 2;
var CONTEXT_SIGNED       = 3;

/* Common context lookup table for all context modes. */
exports.lookup = new Uint8Array([
  /* CONTEXT_UTF8, last byte. */
  /* ASCII range. */
   0,  0,  0,  0,  0,  0,  0,  0,  0,  4,  4,  0,  0,  4,  0,  0,
   0,  0,  0,  0,  0,  0,  0,  0,  0,  0,  0,  0,  0,  0,  0,  0,
   8, 12, 16, 12, 12, 20, 12, 16, 24, 28, 12, 12, 32, 12, 36, 12,
  44, 44, 44, 44, 44, 44, 44, 44, 44, 44, 32, 32, 24, 40, 28, 12,
  12, 48, 52, 52, 52, 48, 52, 52, 52, 48, 52, 52, 52, 52, 52, 48,
  52, 52, 52, 52, 52, 48, 52, 52, 52, 52, 52, 24, 12, 28, 12, 12,
  12, 56, 60, 60, 60, 56, 60, 60, 60, 56, 60, 60, 60, 60, 60, 56,
  60, 60, 60, 60, 60, 56, 60, 60, 60, 60, 60, 24, 12, 28, 12,  0,
  /* UTF8 continuation byte range. */
  0, 1, 0, 1, 0, 1, 0, 1, 0, 1, 0, 1, 0, 1, 0, 1,
  0, 1, 0, 1, 0, 1, 0, 1, 0, 1, 0, 1, 0, 1, 0, 1,
  0, 1, 0, 1, 0, 1, 0, 1, 0, 1, 0, 1, 0, 1, 0, 1,
  0, 1, 0, 1, 0, 1, 0, 1, 0, 1, 0, 1, 0, 1, 0, 1,
  /* UTF8 lead byte range. */
  2, 3, 2, 3, 2, 3, 2, 3, 2, 3, 2, 3, 2, 3, 2, 3,
  2, 3, 2, 3, 2, 3, 2, 3, 2, 3, 2, 3, 2, 3, 2, 3,
  2, 3, 2, 3, 2, 3, 2, 3, 2, 3, 2, 3, 2, 3, 2, 3,
  2, 3, 2, 3, 2, 3, 2, 3, 2, 3, 2, 3, 2, 3, 2, 3,
  /* CONTEXT_UTF8 second last byte. */
  /* ASCII range. */
  0, 0, 0, 0, 0, 0, 0, 0, 0, 0, 0, 0, 0, 0, 0, 0,
  0, 0, 0, 0, 0, 0, 0, 0, 0, 0, 0, 0, 0, 0, 0, 0,
  0, 1, 1, 1, 1, 1, 1, 1, 1, 1, 1, 1, 1, 1, 1, 1,
  2, 2, 2, 2, 2, 2, 2, 2, 2, 2, 1, 1, 1, 1, 1, 1,
  1, 2, 2, 2, 2, 2, 2, 2, 2, 2, 2, 2, 2, 2, 2, 2,
  2, 2, 2, 2, 2, 2, 2, 2, 2, 2, 2, 1, 1, 1, 1, 1,
  1, 3, 3, 3, 3, 3, 3, 3, 3, 3, 3, 3, 3, 3, 3, 3,
  3, 3, 3, 3, 3, 3, 3, 3, 3, 3, 3, 1, 1, 1, 1, 0,
  /* UTF8 continuation byte range. */
  0, 0, 0, 0, 0, 0, 0, 0, 0, 0, 0, 0, 0, 0, 0, 0,
  0, 0, 0, 0, 0, 0, 0, 0, 0, 0, 0, 0, 0, 0, 0, 0,
  0, 0, 0, 0, 0, 0, 0, 0, 0, 0, 0, 0, 0, 0, 0, 0,
  0, 0, 0, 0, 0, 0, 0, 0, 0, 0, 0, 0, 0, 0, 0, 0,
  0, 0, 0, 0, 0, 0, 0, 0, 0, 0, 0, 0, 0, 0, 0, 0,
  /* UTF8 lead byte range. */
  0, 0, 0, 0, 0, 0, 0, 0, 0, 0, 0, 0, 0, 0, 0, 0,
  2, 2, 2, 2, 2, 2, 2, 2, 2, 2, 2, 2, 2, 2, 2, 2,
  2, 2, 2, 2, 2, 2, 2, 2, 2, 2, 2, 2, 2, 2, 2, 2,
  /* CONTEXT_SIGNED, second last byte. */
  0, 1, 1, 1, 1, 1, 1, 1, 1, 1, 1, 1, 1, 1, 1, 1,
  2, 2, 2, 2, 2, 2, 2, 2, 2, 2, 2, 2, 2, 2, 2, 2,
  2, 2, 2, 2, 2, 2, 2, 2, 2, 2, 2, 2, 2, 2, 2, 2,
  2, 2, 2, 2, 2, 2, 2, 2, 2, 2, 2, 2, 2, 2, 2, 2,
  3, 3, 3, 3, 3, 3, 3, 3, 3, 3, 3, 3, 3, 3, 3, 3,
  3, 3, 3, 3, 3, 3, 3, 3, 3, 3, 3, 3, 3, 3, 3, 3,
  3, 3, 3, 3, 3, 3, 3, 3, 3, 3, 3, 3, 3, 3, 3, 3,
  3, 3, 3, 3, 3, 3, 3, 3, 3, 3, 3, 3, 3, 3, 3, 3,
  4, 4, 4, 4, 4, 4, 4, 4, 4, 4, 4, 4, 4, 4, 4, 4,
  4, 4, 4, 4, 4, 4, 4, 4, 4, 4, 4, 4, 4, 4, 4, 4,
  4, 4, 4, 4, 4, 4, 4, 4, 4, 4, 4, 4, 4, 4, 4, 4,
  4, 4, 4, 4, 4, 4, 4, 4, 4, 4, 4, 4, 4, 4, 4, 4,
  5, 5, 5, 5, 5, 5, 5, 5, 5, 5, 5, 5, 5, 5, 5, 5,
  5, 5, 5, 5, 5, 5, 5, 5, 5, 5, 5, 5, 5, 5, 5, 5,
  5, 5, 5, 5, 5, 5, 5, 5, 5, 5, 5, 5, 5, 5, 5, 5,
  6, 6, 6, 6, 6, 6, 6, 6, 6, 6, 6, 6, 6, 6, 6, 7,
  /* CONTEXT_SIGNED, last byte, same as the above values shifted by 3 bits. */
   0, 8, 8, 8, 8, 8, 8, 8, 8, 8, 8, 8, 8, 8, 8, 8,
  16, 16, 16, 16, 16, 16, 16, 16, 16, 16, 16, 16, 16, 16, 16, 16,
  16, 16, 16, 16, 16, 16, 16, 16, 16, 16, 16, 16, 16, 16, 16, 16,
  16, 16, 16, 16, 16, 16, 16, 16, 16, 16, 16, 16, 16, 16, 16, 16,
  24, 24, 24, 24, 24, 24, 24, 24, 24, 24, 24, 24, 24, 24, 24, 24,
  24, 24, 24, 24, 24, 24, 24, 24, 24, 24, 24, 24, 24, 24, 24, 24,
  24, 24, 24, 24, 24, 24, 24, 24, 24, 24, 24, 24, 24, 24, 24, 24,
  24, 24, 24, 24, 24, 24, 24, 24, 24, 24, 24, 24, 24, 24, 24, 24,
  32, 32, 32, 32, 32, 32, 32, 32, 32, 32, 32, 32, 32, 32, 32, 32,
  32, 32, 32, 32, 32, 32, 32, 32, 32, 32, 32, 32, 32, 32, 32, 32,
  32, 32, 32, 32, 32, 32, 32, 32, 32, 32, 32, 32, 32, 32, 32, 32,
  32, 32, 32, 32, 32, 32, 32, 32, 32, 32, 32, 32, 32, 32, 32, 32,
  40, 40, 40, 40, 40, 40, 40, 40, 40, 40, 40, 40, 40, 40, 40, 40,
  40, 40, 40, 40, 40, 40, 40, 40, 40, 40, 40, 40, 40, 40, 40, 40,
  40, 40, 40, 40, 40, 40, 40, 40, 40, 40, 40, 40, 40, 40, 40, 40,
  48, 48, 48, 48, 48, 48, 48, 48, 48, 48, 48, 48, 48, 48, 48, 56,
  /* CONTEXT_LSB6, last byte. */
   0,  1,  2,  3,  4,  5,  6,  7,  8,  9, 10, 11, 12, 13, 14, 15,
  16, 17, 18, 19, 20, 21, 22, 23, 24, 25, 26, 27, 28, 29, 30, 31,
  32, 33, 34, 35, 36, 37, 38, 39, 40, 41, 42, 43, 44, 45, 46, 47,
  48, 49, 50, 51, 52, 53, 54, 55, 56, 57, 58, 59, 60, 61, 62, 63,
   0,  1,  2,  3,  4,  5,  6,  7,  8,  9, 10, 11, 12, 13, 14, 15,
  16, 17, 18, 19, 20, 21, 22, 23, 24, 25, 26, 27, 28, 29, 30, 31,
  32, 33, 34, 35, 36, 37, 38, 39, 40, 41, 42, 43, 44, 45, 46, 47,
  48, 49, 50, 51, 52, 53, 54, 55, 56, 57, 58, 59, 60, 61, 62, 63,
   0,  1,  2,  3,  4,  5,  6,  7,  8,  9, 10, 11, 12, 13, 14, 15,
  16, 17, 18, 19, 20, 21, 22, 23, 24, 25, 26, 27, 28, 29, 30, 31,
  32, 33, 34, 35, 36, 37, 38, 39, 40, 41, 42, 43, 44, 45, 46, 47,
  48, 49, 50, 51, 52, 53, 54, 55, 56, 57, 58, 59, 60, 61, 62, 63,
   0,  1,  2,  3,  4,  5,  6,  7,  8,  9, 10, 11, 12, 13, 14, 15,
  16, 17, 18, 19, 20, 21, 22, 23, 24, 25, 26, 27, 28, 29, 30, 31,
  32, 33, 34, 35, 36, 37, 38, 39, 40, 41, 42, 43, 44, 45, 46, 47,
  48, 49, 50, 51, 52, 53, 54, 55, 56, 57, 58, 59, 60, 61, 62, 63,
  /* CONTEXT_MSB6, last byte. */
   0,  0,  0,  0,  1,  1,  1,  1,  2,  2,  2,  2,  3,  3,  3,  3,
   4,  4,  4,  4,  5,  5,  5,  5,  6,  6,  6,  6,  7,  7,  7,  7,
   8,  8,  8,  8,  9,  9,  9,  9, 10, 10, 10, 10, 11, 11, 11, 11,
  12, 12, 12, 12, 13, 13, 13, 13, 14, 14, 14, 14, 15, 15, 15, 15,
  16, 16, 16, 16, 17, 17, 17, 17, 18, 18, 18, 18, 19, 19, 19, 19,
  20, 20, 20, 20, 21, 21, 21, 21, 22, 22, 22, 22, 23, 23, 23, 23,
  24, 24, 24, 24, 25, 25, 25, 25, 26, 26, 26, 26, 27, 27, 27, 27,
  28, 28, 28, 28, 29, 29, 29, 29, 30, 30, 30, 30, 31, 31, 31, 31,
  32, 32, 32, 32, 33, 33, 33, 33, 34, 34, 34, 34, 35, 35, 35, 35,
  36, 36, 36, 36, 37, 37, 37, 37, 38, 38, 38, 38, 39, 39, 39, 39,
  40, 40, 40, 40, 41, 41, 41, 41, 42, 42, 42, 42, 43, 43, 43, 43,
  44, 44, 44, 44, 45, 45, 45, 45, 46, 46, 46, 46, 47, 47, 47, 47,
  48, 48, 48, 48, 49, 49, 49, 49, 50, 50, 50, 50, 51, 51, 51, 51,
  52, 52, 52, 52, 53, 53, 53, 53, 54, 54, 54, 54, 55, 55, 55, 55,
  56, 56, 56, 56, 57, 57, 57, 57, 58, 58, 58, 58, 59, 59, 59, 59,
  60, 60, 60, 60, 61, 61, 61, 61, 62, 62, 62, 62, 63, 63, 63, 63,
  /* CONTEXT_{M,L}SB6, second last byte, */
  0, 0, 0, 0, 0, 0, 0, 0, 0, 0, 0, 0, 0, 0, 0, 0,
  0, 0, 0, 0, 0, 0, 0, 0, 0, 0, 0, 0, 0, 0, 0, 0,
  0, 0, 0, 0, 0, 0, 0, 0, 0, 0, 0, 0, 0, 0, 0, 0,
  0, 0, 0, 0, 0, 0, 0, 0, 0, 0, 0, 0, 0, 0, 0, 0,
  0, 0, 0, 0, 0, 0, 0, 0, 0, 0, 0, 0, 0, 0, 0, 0,
  0, 0, 0, 0, 0, 0, 0, 0, 0, 0, 0, 0, 0, 0, 0, 0,
  0, 0, 0, 0, 0, 0, 0, 0, 0, 0, 0, 0, 0, 0, 0, 0,
  0, 0, 0, 0, 0, 0, 0, 0, 0, 0, 0, 0, 0, 0, 0, 0,
  0, 0, 0, 0, 0, 0, 0, 0, 0, 0, 0, 0, 0, 0, 0, 0,
  0, 0, 0, 0, 0, 0, 0, 0, 0, 0, 0, 0, 0, 0, 0, 0,
  0, 0, 0, 0, 0, 0, 0, 0, 0, 0, 0, 0, 0, 0, 0, 0,
  0, 0, 0, 0, 0, 0, 0, 0, 0, 0, 0, 0, 0, 0, 0, 0,
  0, 0, 0, 0, 0, 0, 0, 0, 0, 0, 0, 0, 0, 0, 0, 0,
  0, 0, 0, 0, 0, 0, 0, 0, 0, 0, 0, 0, 0, 0, 0, 0,
  0, 0, 0, 0, 0, 0, 0, 0, 0, 0, 0, 0, 0, 0, 0, 0,
  0, 0, 0, 0, 0, 0, 0, 0, 0, 0, 0, 0, 0, 0, 0, 0,
]);

exports.lookupOffsets = new Uint16Array([
  /* CONTEXT_LSB6 */
  1024, 1536,
  /* CONTEXT_MSB6 */
  1280, 1536,
  /* CONTEXT_UTF8 */
  0, 256,
  /* CONTEXT_SIGNED */
  768, 512,
]);

});
def("prefix",function(require,exports,module){
/* Copyright 2013 Google Inc. All Rights Reserved.

   Licensed under the Apache License, Version 2.0 (the "License");
   you may not use this file except in compliance with the License.
   You may obtain a copy of the License at

   http://www.apache.org/licenses/LICENSE-2.0

   Unless required by applicable law or agreed to in writing, software
   distributed under the License is distributed on an "AS IS" BASIS,
   WITHOUT WARRANTIES OR CONDITIONS OF ANY KIND, either express or implied.
   See the License for the specific language governing permissions and
   limitations under the License.

   Lookup tables to map prefix codes to value ranges. This is used during
   decoding of the block lengths, literal insertion lengths and copy lengths.
*/

/* Represents the range of values belonging to a prefix code: */
/* [offset, offset + 2^nbits) */
function PrefixCodeRange(offset, nbits) {
  this.offset = offset;
  this.nbits = nbits;
}

exports.kBlockLengthPrefixCode = [
  new PrefixCodeRange(1, 2), new PrefixCodeRange(5, 2), new PrefixCodeRange(9, 2), new PrefixCodeRange(13, 2),
  new PrefixCodeRange(17, 3), new PrefixCodeRange(25, 3), new PrefixCodeRange(33, 3), new PrefixCodeRange(41, 3),
  new PrefixCodeRange(49, 4), new PrefixCodeRange(65, 4), new PrefixCodeRange(81, 4), new PrefixCodeRange(97, 4),
  new PrefixCodeRange(113, 5), new PrefixCodeRange(145, 5), new PrefixCodeRange(177, 5), new PrefixCodeRange(209, 5),
  new PrefixCodeRange(241, 6), new PrefixCodeRange(305, 6), new PrefixCodeRange(369, 7), new PrefixCodeRange(497, 8),
  new PrefixCodeRange(753, 9), new PrefixCodeRange(1265, 10), new PrefixCodeRange(2289, 11), new PrefixCodeRange(4337, 12),
  new PrefixCodeRange(8433, 13), new PrefixCodeRange(16625, 24)
];

exports.kInsertLengthPrefixCode = [
  new PrefixCodeRange(0, 0), new PrefixCodeRange(1, 0), new PrefixCodeRange(2, 0), new PrefixCodeRange(3, 0),
  new PrefixCodeRange(4, 0), new PrefixCodeRange(5, 0), new PrefixCodeRange(6, 1), new PrefixCodeRange(8, 1),
  new PrefixCodeRange(10, 2), new PrefixCodeRange(14, 2), new PrefixCodeRange(18, 3), new PrefixCodeRange(26, 3),
  new PrefixCodeRange(34, 4), new PrefixCodeRange(50, 4), new PrefixCodeRange(66, 5), new PrefixCodeRange(98, 5),
  new PrefixCodeRange(130, 6), new PrefixCodeRange(194, 7), new PrefixCodeRange(322, 8), new PrefixCodeRange(578, 9),
  new PrefixCodeRange(1090, 10), new PrefixCodeRange(2114, 12), new PrefixCodeRange(6210, 14), new PrefixCodeRange(22594, 24),
];

exports.kCopyLengthPrefixCode = [
  new PrefixCodeRange(2, 0), new PrefixCodeRange(3, 0), new PrefixCodeRange(4, 0), new PrefixCodeRange(5, 0),
  new PrefixCodeRange(6, 0), new PrefixCodeRange(7, 0), new PrefixCodeRange(8, 0), new PrefixCodeRange(9, 0),
  new PrefixCodeRange(10, 1), new PrefixCodeRange(12, 1), new PrefixCodeRange(14, 2), new PrefixCodeRange(18, 2),
  new PrefixCodeRange(22, 3), new PrefixCodeRange(30, 3), new PrefixCodeRange(38, 4), new PrefixCodeRange(54, 4),
  new PrefixCodeRange(70, 5), new PrefixCodeRange(102, 5), new PrefixCodeRange(134, 6), new PrefixCodeRange(198, 7),
  new PrefixCodeRange(326, 8), new PrefixCodeRange(582, 9), new PrefixCodeRange(1094, 10), new PrefixCodeRange(2118, 24),
];

exports.kInsertRangeLut = [
  0, 0, 8, 8, 0, 16, 8, 16, 16,
];

exports.kCopyRangeLut = [
  0, 8, 0, 8, 16, 0, 16, 8, 16,
];

});
def("transform",function(require,exports,module){
/* Copyright 2013 Google Inc. All Rights Reserved.

   Licensed under the Apache License, Version 2.0 (the "License");
   you may not use this file except in compliance with the License.
   You may obtain a copy of the License at

   http://www.apache.org/licenses/LICENSE-2.0

   Unless required by applicable law or agreed to in writing, software
   distributed under the License is distributed on an "AS IS" BASIS,
   WITHOUT WARRANTIES OR CONDITIONS OF ANY KIND, either express or implied.
   See the License for the specific language governing permissions and
   limitations under the License.

   Transformations on dictionary words.
*/

var BrotliDictionary = require('./dictionary');

var kIdentity       = 0;
var kOmitLast1      = 1;
var kOmitLast2      = 2;
var kOmitLast3      = 3;
var kOmitLast4      = 4;
var kOmitLast5      = 5;
var kOmitLast6      = 6;
var kOmitLast7      = 7;
var kOmitLast8      = 8;
var kOmitLast9      = 9;
var kUppercaseFirst = 10;
var kUppercaseAll   = 11;
var kOmitFirst1     = 12;
var kOmitFirst2     = 13;
var kOmitFirst3     = 14;
var kOmitFirst4     = 15;
var kOmitFirst5     = 16;
var kOmitFirst6     = 17;
var kOmitFirst7     = 18;
var kOmitFirst8     = 19;
var kOmitFirst9     = 20;

function Transform(prefix, transform, suffix) {
  this.prefix = new Uint8Array(prefix.length);
  this.transform = transform;
  this.suffix = new Uint8Array(suffix.length);
  
  for (var i = 0; i < prefix.length; i++)
    this.prefix[i] = prefix.charCodeAt(i);
  
  for (var i = 0; i < suffix.length; i++)
    this.suffix[i] = suffix.charCodeAt(i);
}

var kTransforms = [
     new Transform(         "", kIdentity,       ""           ),
     new Transform(         "", kIdentity,       " "          ),
     new Transform(        " ", kIdentity,       " "          ),
     new Transform(         "", kOmitFirst1,     ""           ),
     new Transform(         "", kUppercaseFirst, " "          ),
     new Transform(         "", kIdentity,       " the "      ),
     new Transform(        " ", kIdentity,       ""           ),
     new Transform(       "s ", kIdentity,       " "          ),
     new Transform(         "", kIdentity,       " of "       ),
     new Transform(         "", kUppercaseFirst, ""           ),
     new Transform(         "", kIdentity,       " and "      ),
     new Transform(         "", kOmitFirst2,     ""           ),
     new Transform(         "", kOmitLast1,      ""           ),
     new Transform(       ", ", kIdentity,       " "          ),
     new Transform(         "", kIdentity,       ", "         ),
     new Transform(        " ", kUppercaseFirst, " "          ),
     new Transform(         "", kIdentity,       " in "       ),
     new Transform(         "", kIdentity,       " to "       ),
     new Transform(       "e ", kIdentity,       " "          ),
     new Transform(         "", kIdentity,       "\""         ),
     new Transform(         "", kIdentity,       "."          ),
     new Transform(         "", kIdentity,       "\">"        ),
     new Transform(         "", kIdentity,       "\n"         ),
     new Transform(         "", kOmitLast3,      ""           ),
     new Transform(         "", kIdentity,       "]"          ),
     new Transform(         "", kIdentity,       " for "      ),
     new Transform(         "", kOmitFirst3,     ""           ),
     new Transform(         "", kOmitLast2,      ""           ),
     new Transform(         "", kIdentity,       " a "        ),
     new Transform(         "", kIdentity,       " that "     ),
     new Transform(        " ", kUppercaseFirst, ""           ),
     new Transform(         "", kIdentity,       ". "         ),
     new Transform(        ".", kIdentity,       ""           ),
     new Transform(        " ", kIdentity,       ", "         ),
     new Transform(         "", kOmitFirst4,     ""           ),
     new Transform(         "", kIdentity,       " with "     ),
     new Transform(         "", kIdentity,       "'"          ),
     new Transform(         "", kIdentity,       " from "     ),
     new Transform(         "", kIdentity,       " by "       ),
     new Transform(         "", kOmitFirst5,     ""           ),
     new Transform(         "", kOmitFirst6,     ""           ),
     new Transform(    " the ", kIdentity,       ""           ),
     new Transform(         "", kOmitLast4,      ""           ),
     new Transform(         "", kIdentity,       ". The "     ),
     new Transform(         "", kUppercaseAll,   ""           ),
     new Transform(         "", kIdentity,       " on "       ),
     new Transform(         "", kIdentity,       " as "       ),
     new Transform(         "", kIdentity,       " is "       ),
     new Transform(         "", kOmitLast7,      ""           ),
     new Transform(         "", kOmitLast1,      "ing "       ),
     new Transform(         "", kIdentity,       "\n\t"       ),
     new Transform(         "", kIdentity,       ":"          ),
     new Transform(        " ", kIdentity,       ". "         ),
     new Transform(         "", kIdentity,       "ed "        ),
     new Transform(         "", kOmitFirst9,     ""           ),
     new Transform(         "", kOmitFirst7,     ""           ),
     new Transform(         "", kOmitLast6,      ""           ),
     new Transform(         "", kIdentity,       "("          ),
     new Transform(         "", kUppercaseFirst, ", "         ),
     new Transform(         "", kOmitLast8,      ""           ),
     new Transform(         "", kIdentity,       " at "       ),
     new Transform(         "", kIdentity,       "ly "        ),
     new Transform(    " the ", kIdentity,       " of "       ),
     new Transform(         "", kOmitLast5,      ""           ),
     new Transform(         "", kOmitLast9,      ""           ),
     new Transform(        " ", kUppercaseFirst, ", "         ),
     new Transform(         "", kUppercaseFirst, "\""         ),
     new Transform(        ".", kIdentity,       "("          ),
     new Transform(         "", kUppercaseAll,   " "          ),
     new Transform(         "", kUppercaseFirst, "\">"        ),
     new Transform(         "", kIdentity,       "=\""        ),
     new Transform(        " ", kIdentity,       "."          ),
     new Transform(    ".com/", kIdentity,       ""           ),
     new Transform(    " the ", kIdentity,       " of the "   ),
     new Transform(         "", kUppercaseFirst, "'"          ),
     new Transform(         "", kIdentity,       ". This "    ),
     new Transform(         "", kIdentity,       ","          ),
     new Transform(        ".", kIdentity,       " "          ),
     new Transform(         "", kUppercaseFirst, "("          ),
     new Transform(         "", kUppercaseFirst, "."          ),
     new Transform(         "", kIdentity,       " not "      ),
     new Transform(        " ", kIdentity,       "=\""        ),
     new Transform(         "", kIdentity,       "er "        ),
     new Transform(        " ", kUppercaseAll,   " "          ),
     new Transform(         "", kIdentity,       "al "        ),
     new Transform(        " ", kUppercaseAll,   ""           ),
     new Transform(         "", kIdentity,       "='"         ),
     new Transform(         "", kUppercaseAll,   "\""         ),
     new Transform(         "", kUppercaseFirst, ". "         ),
     new Transform(        " ", kIdentity,       "("          ),
     new Transform(         "", kIdentity,       "ful "       ),
     new Transform(        " ", kUppercaseFirst, ". "         ),
     new Transform(         "", kIdentity,       "ive "       ),
     new Transform(         "", kIdentity,       "less "      ),
     new Transform(         "", kUppercaseAll,   "'"          ),
     new Transform(         "", kIdentity,       "est "       ),
     new Transform(        " ", kUppercaseFirst, "."          ),
     new Transform(         "", kUppercaseAll,   "\">"        ),
     new Transform(        " ", kIdentity,       "='"         ),
     new Transform(         "", kUppercaseFirst, ","          ),
     new Transform(         "", kIdentity,       "ize "       ),
     new Transform(         "", kUppercaseAll,   "."          ),
     new Transform( "\xc2\xa0", kIdentity,       ""           ),
     new Transform(        " ", kIdentity,       ","          ),
     new Transform(         "", kUppercaseFirst, "=\""        ),
     new Transform(         "", kUppercaseAll,   "=\""        ),
     new Transform(         "", kIdentity,       "ous "       ),
     new Transform(         "", kUppercaseAll,   ", "         ),
     new Transform(         "", kUppercaseFirst, "='"         ),
     new Transform(        " ", kUppercaseFirst, ","          ),
     new Transform(        " ", kUppercaseAll,   "=\""        ),
     new Transform(        " ", kUppercaseAll,   ", "         ),
     new Transform(         "", kUppercaseAll,   ","          ),
     new Transform(         "", kUppercaseAll,   "("          ),
     new Transform(         "", kUppercaseAll,   ". "         ),
     new Transform(        " ", kUppercaseAll,   "."          ),
     new Transform(         "", kUppercaseAll,   "='"         ),
     new Transform(        " ", kUppercaseAll,   ". "         ),
     new Transform(        " ", kUppercaseFirst, "=\""        ),
     new Transform(        " ", kUppercaseAll,   "='"         ),
     new Transform(        " ", kUppercaseFirst, "='"         )
];

exports.kTransforms = kTransforms;
exports.kNumTransforms = kTransforms.length;

function ToUpperCase(p, i) {
  if (p[i] < 0xc0) {
    if (p[i] >= 97 && p[i] <= 122) {
      p[i] ^= 32;
    }
    return 1;
  }
  
  /* An overly simplified uppercasing model for utf-8. */
  if (p[i] < 0xe0) {
    p[i + 1] ^= 32;
    return 2;
  }
  
  /* An arbitrary transform for three byte characters. */
  p[i + 2] ^= 5;
  return 3;
}

exports.transformDictionaryWord = function(dst, idx, word, len, transform) {
  var prefix = kTransforms[transform].prefix;
  var suffix = kTransforms[transform].suffix;
  var t = kTransforms[transform].transform;
  var skip = t < kOmitFirst1 ? 0 : t - (kOmitFirst1 - 1);
  var i = 0;
  var start_idx = idx;
  var uppercase;
  
  if (skip > len) {
    skip = len;
  }
  
  var prefix_pos = 0;
  while (prefix_pos < prefix.length) {
    dst[idx++] = prefix[prefix_pos++];
  }
  
  word += skip;
  len -= skip;
  
  if (t <= kOmitLast9) {
    len -= t;
  }
  
  for (i = 0; i < len; i++) {
    dst[idx++] = BrotliDictionary.dictionary[word + i];
  }
  
  uppercase = idx - len;
  
  if (t === kUppercaseFirst) {
    ToUpperCase(dst, uppercase);
  } else if (t === kUppercaseAll) {
    while (len > 0) {
      var step = ToUpperCase(dst, uppercase);
      uppercase += step;
      len -= step;
    }
  }
  
  var suffix_pos = 0;
  while (suffix_pos < suffix.length) {
    dst[idx++] = suffix[suffix_pos++];
  }
  
  return idx - start_idx;
}

});
def("huffman",function(require,exports,module){
function HuffmanCode(bits, value) {
  this.bits = bits;   /* number of bits used for this symbol */
  this.value = value; /* symbol value or table offset */
}

exports.HuffmanCode = HuffmanCode;

var MAX_LENGTH = 15;

/* Returns reverse(reverse(key, len) + 1, len), where reverse(key, len) is the
   bit-wise reversal of the len least significant bits of key. */
function GetNextKey(key, len) {
  var step = 1 << (len - 1);
  while (key & step) {
    step >>= 1;
  }
  return (key & (step - 1)) + step;
}

/* Stores code in table[0], table[step], table[2*step], ..., table[end] */
/* Assumes that end is an integer multiple of step */
function ReplicateValue(table, i, step, end, code) {
  do {
    end -= step;
    table[i + end] = new HuffmanCode(code.bits, code.value);
  } while (end > 0);
}

/* Returns the table width of the next 2nd level table. count is the histogram
   of bit lengths for the remaining symbols, len is the code length of the next
   processed symbol */
function NextTableBitSize(count, len, root_bits) {
  var left = 1 << (len - root_bits);
  while (len < MAX_LENGTH) {
    left -= count[len];
    if (left <= 0) break;
    ++len;
    left <<= 1;
  }
  return len - root_bits;
}

exports.BrotliBuildHuffmanTable = function(root_table, table, root_bits, code_lengths, code_lengths_size) {
  var start_table = table;
  var code;            /* current table entry */
  var len;             /* current code length */
  var symbol;          /* symbol index in original or sorted table */
  var key;             /* reversed prefix code */
  var step;            /* step size to replicate values in current table */
  var low;             /* low bits for current root entry */
  var mask;            /* mask for low bits */
  var table_bits;      /* key length of current table */
  var table_size;      /* size of current table */
  var total_size;      /* sum of root table size and 2nd level table sizes */
  var sorted;          /* symbols sorted by code length */
  var count = new Int32Array(MAX_LENGTH + 1);  /* number of codes of each length */
  var offset = new Int32Array(MAX_LENGTH + 1);  /* offsets in sorted table for each length */

  sorted = new Int32Array(code_lengths_size);

  /* build histogram of code lengths */
  for (symbol = 0; symbol < code_lengths_size; symbol++) {
    count[code_lengths[symbol]]++;
  }

  /* generate offsets into sorted symbol table by code length */
  offset[1] = 0;
  for (len = 1; len < MAX_LENGTH; len++) {
    offset[len + 1] = offset[len] + count[len];
  }

  /* sort symbols by length, by symbol order within each length */
  for (symbol = 0; symbol < code_lengths_size; symbol++) {
    if (code_lengths[symbol] !== 0) {
      sorted[offset[code_lengths[symbol]]++] = symbol;
    }
  }
  
  table_bits = root_bits;
  table_size = 1 << table_bits;
  total_size = table_size;

  /* special case code with only one value */
  if (offset[MAX_LENGTH] === 1) {
    for (key = 0; key < total_size; ++key) {
      root_table[table + key] = new HuffmanCode(0, sorted[0] & 0xffff);
    }
    
    return total_size;
  }

  /* fill in root table */
  key = 0;
  symbol = 0;
  for (len = 1, step = 2; len <= root_bits; ++len, step <<= 1) {
    for (; count[len] > 0; --count[len]) {
      code = new HuffmanCode(len & 0xff, sorted[symbol++] & 0xffff);
      ReplicateValue(root_table, table + key, step, table_size, code);
      key = GetNextKey(key, len);
    }
  }

  /* fill in 2nd level tables and add pointers to root table */
  mask = total_size - 1;
  low = -1;
  for (len = root_bits + 1, step = 2; len <= MAX_LENGTH; ++len, step <<= 1) {
    for (; count[len] > 0; --count[len]) {
      if ((key & mask) !== low) {
        table += table_size;
        table_bits = NextTableBitSize(count, len, root_bits);
        table_size = 1 << table_bits;
        total_size += table_size;
        low = key & mask;
        root_table[start_table + low] = new HuffmanCode((table_bits + root_bits) & 0xff, ((table - start_table) - low) & 0xffff);
      }
      code = new HuffmanCode((len - root_bits) & 0xff, sorted[symbol++] & 0xffff);
      ReplicateValue(root_table, table + (key >> root_bits), step, table_size, code);
      key = GetNextKey(key, len);
    }
  }
  
  return total_size;
}

});
def("decode",function(require,exports,module){
/* Copyright 2013 Google Inc. All Rights Reserved.

   Licensed under the Apache License, Version 2.0 (the "License");
   you may not use this file except in compliance with the License.
   You may obtain a copy of the License at

   http://www.apache.org/licenses/LICENSE-2.0

   Unless required by applicable law or agreed to in writing, software
   distributed under the License is distributed on an "AS IS" BASIS,
   WITHOUT WARRANTIES OR CONDITIONS OF ANY KIND, either express or implied.
   See the License for the specific language governing permissions and
   limitations under the License.
*/

var BrotliInput = require('./streams').BrotliInput;
var BrotliOutput = require('./streams').BrotliOutput;
var BrotliBitReader = require('./bit_reader');
var BrotliDictionary = require('./dictionary');
var HuffmanCode = require('./huffman').HuffmanCode;
var BrotliBuildHuffmanTable = require('./huffman').BrotliBuildHuffmanTable;
var Context = require('./context');
var Prefix = require('./prefix');
var Transform = require('./transform');

var kDefaultCodeLength = 8;
var kCodeLengthRepeatCode = 16;
var kNumLiteralCodes = 256;
var kNumInsertAndCopyCodes = 704;
var kNumBlockLengthCodes = 26;
var kLiteralContextBits = 6;
var kDistanceContextBits = 2;

var HUFFMAN_TABLE_BITS = 8;
var HUFFMAN_TABLE_MASK = 0xff;
/* Maximum possible Huffman table size for an alphabet size of 704, max code
 * length 15 and root table bits 8. */
var HUFFMAN_MAX_TABLE_SIZE = 1080;

var CODE_LENGTH_CODES = 18;
var kCodeLengthCodeOrder = new Uint8Array([
  1, 2, 3, 4, 0, 5, 17, 6, 16, 7, 8, 9, 10, 11, 12, 13, 14, 15,
]);

var NUM_DISTANCE_SHORT_CODES = 16;
var kDistanceShortCodeIndexOffset = new Uint8Array([
  3, 2, 1, 0, 3, 3, 3, 3, 3, 3, 2, 2, 2, 2, 2, 2
]);

var kDistanceShortCodeValueOffset = new Int8Array([
  0, 0, 0, 0, -1, 1, -2, 2, -3, 3, -1, 1, -2, 2, -3, 3
]);

var kMaxHuffmanTableSize = new Uint16Array([
  256, 402, 436, 468, 500, 534, 566, 598, 630, 662, 694, 726, 758, 790, 822,
  854, 886, 920, 952, 984, 1016, 1048, 1080
]);

function DecodeWindowBits(br) {
  var n;
  if (br.readBits(1) === 0) {
    return 16;
  }
  
  n = br.readBits(3);
  if (n > 0) {
    return 17 + n;
  }
  
  n = br.readBits(3);
  if (n > 0) {
    return 8 + n;
  }
  
  return 17;
}

/* Decodes a number in the range [0..255], by reading 1 - 11 bits. */
function DecodeVarLenUint8(br) {
  if (br.readBits(1)) {
    var nbits = br.readBits(3);
    if (nbits === 0) {
      return 1;
    } else {
      return br.readBits(nbits) + (1 << nbits);
    }
  }
  return 0;
}

function MetaBlockLength() {
  this.meta_block_length = 0;
  this.input_end = 0;
  this.is_uncompressed = 0;
  this.is_metadata = false;
}

function DecodeMetaBlockLength(br) {
  var out = new MetaBlockLength;  
  var size_nibbles;
  var size_bytes;
  var i;
  
  out.input_end = br.readBits(1);
  if (out.input_end && br.readBits(1)) {
    return out;
  }
  
  size_nibbles = br.readBits(2) + 4;
  if (size_nibbles === 7) {
    out.is_metadata = true;
    
    if (br.readBits(1) !== 0)
      throw new Error('Invalid reserved bit');
    
    size_bytes = br.readBits(2);
    if (size_bytes === 0)
      return out;
    
    for (i = 0; i < size_bytes; i++) {
      var next_byte = br.readBits(8);
      if (i + 1 === size_bytes && size_bytes > 1 && next_byte === 0)
        throw new Error('Invalid size byte');
      
      out.meta_block_length |= next_byte << (i * 8);
    }
  } else {
    for (i = 0; i < size_nibbles; ++i) {
      var next_nibble = br.readBits(4);
      if (i + 1 === size_nibbles && size_nibbles > 4 && next_nibble === 0)
        throw new Error('Invalid size nibble');
      
      out.meta_block_length |= next_nibble << (i * 4);
    }
  }
  
  ++out.meta_block_length;
  
  if (!out.input_end && !out.is_metadata) {
    out.is_uncompressed = br.readBits(1);
  }
  
  return out;
}

/* Decodes the next Huffman code from bit-stream. */
function ReadSymbol(table, index, br) {
  var start_index = index;
  
  var nbits;
  br.fillBitWindow();
  index += (br.val_ >>> br.bit_pos_) & HUFFMAN_TABLE_MASK;
  nbits = table[index].bits - HUFFMAN_TABLE_BITS;
  if (nbits > 0) {
    br.bit_pos_ += HUFFMAN_TABLE_BITS;
    index += table[index].value;
    index += (br.val_ >>> br.bit_pos_) & ((1 << nbits) - 1);
  }
  br.bit_pos_ += table[index].bits;
  return table[index].value;
}

function ReadHuffmanCodeLengths(code_length_code_lengths, num_symbols, code_lengths, br) {
  var symbol = 0;
  var prev_code_len = kDefaultCodeLength;
  var repeat = 0;
  var repeat_code_len = 0;
  var space = 32768;
  
  var table = [];
  for (var i = 0; i < 32; i++)
    table.push(new HuffmanCode(0, 0));
  
  BrotliBuildHuffmanTable(table, 0, 5, code_length_code_lengths, CODE_LENGTH_CODES);

  while (symbol < num_symbols && space > 0) {
    var p = 0;
    var code_len;
    
    br.readMoreInput();
    br.fillBitWindow();
    p += (br.val_ >>> br.bit_pos_) & 31;
    br.bit_pos_ += table[p].bits;
    code_len = table[p].value & 0xff;
    if (code_len < kCodeLengthRepeatCode) {
      repeat = 0;
      code_lengths[symbol++] = code_len;
      if (code_len !== 0) {
        prev_code_len = code_len;
        space -= 32768 >> code_len;
      }
    } else {
      var extra_bits = code_len - 14;
      var old_repeat;
      var repeat_delta;
      var new_len = 0;
      if (code_len === kCodeLengthRepeatCode) {
        new_len = prev_code_len;
      }
      if (repeat_code_len !== new_len) {
        repeat = 0;
        repeat_code_len = new_len;
      }
      old_repeat = repeat;
      if (repeat > 0) {
        repeat -= 2;
        repeat <<= extra_bits;
      }
      repeat += br.readBits(extra_bits) + 3;
      repeat_delta = repeat - old_repeat;
      if (symbol + repeat_delta > num_symbols) {
        throw new Error('[ReadHuffmanCodeLengths] symbol + repeat_delta > num_symbols');
      }
      
      for (var x = 0; x < repeat_delta; x++)
        code_lengths[symbol + x] = repeat_code_len;
      
      symbol += repeat_delta;
      
      if (repeat_code_len !== 0) {
        space -= repeat_delta << (15 - repeat_code_len);
      }
    }
  }
  if (space !== 0) {
    throw new Error("[ReadHuffmanCodeLengths] space = " + space);
  }
  
  for (; symbol < num_symbols; symbol++)
    code_lengths[symbol] = 0;
}

function ReadHuffmanCode(alphabet_size, tables, table, br) {
  var table_size = 0;
  var simple_code_or_skip;
  var code_lengths = new Uint8Array(alphabet_size);
  
  br.readMoreInput();
  
  /* simple_code_or_skip is used as follows:
     1 for simple code;
     0 for no skipping, 2 skips 2 code lengths, 3 skips 3 code lengths */
  simple_code_or_skip = br.readBits(2);
  if (simple_code_or_skip === 1) {
    /* Read symbols, codes & code lengths directly. */
    var i;
    var max_bits_counter = alphabet_size - 1;
    var max_bits = 0;
    var symbols = new Int32Array(4);
    var num_symbols = br.readBits(2) + 1;
    while (max_bits_counter) {
      max_bits_counter >>= 1;
      ++max_bits;
    }

    for (i = 0; i < num_symbols; ++i) {
      symbols[i] = br.readBits(max_bits) % alphabet_size;
      code_lengths[symbols[i]] = 2;
    }
    code_lengths[symbols[0]] = 1;
    switch (num_symbols) {
      case 1:
        break;
      case 3:
        if ((symbols[0] === symbols[1]) ||
            (symbols[0] === symbols[2]) ||
            (symbols[1] === symbols[2])) {
          throw new Error('[ReadHuffmanCode] invalid symbols');
        }
        break;
      case 2:
        if (symbols[0] === symbols[1]) {
          throw new Error('[ReadHuffmanCode] invalid symbols');
        }
        
        code_lengths[symbols[1]] = 1;
        break;
      case 4:
        if ((symbols[0] === symbols[1]) ||
            (symbols[0] === symbols[2]) ||
            (symbols[0] === symbols[3]) ||
            (symbols[1] === symbols[2]) ||
            (symbols[1] === symbols[3]) ||
            (symbols[2] === symbols[3])) {
          throw new Error('[ReadHuffmanCode] invalid symbols');
        }
        
        if (br.readBits(1)) {
          code_lengths[symbols[2]] = 3;
          code_lengths[symbols[3]] = 3;
        } else {
          code_lengths[symbols[0]] = 2;
        }
        break;
    }
  } else {  /* Decode Huffman-coded code lengths. */
    var i;
    var code_length_code_lengths = new Uint8Array(CODE_LENGTH_CODES);
    var space = 32;
    var num_codes = 0;
    /* Static Huffman code for the code length code lengths */
    var huff = [
      new HuffmanCode(2, 0), new HuffmanCode(2, 4), new HuffmanCode(2, 3), new HuffmanCode(3, 2), 
      new HuffmanCode(2, 0), new HuffmanCode(2, 4), new HuffmanCode(2, 3), new HuffmanCode(4, 1),
      new HuffmanCode(2, 0), new HuffmanCode(2, 4), new HuffmanCode(2, 3), new HuffmanCode(3, 2), 
      new HuffmanCode(2, 0), new HuffmanCode(2, 4), new HuffmanCode(2, 3), new HuffmanCode(4, 5)
    ];
    for (i = simple_code_or_skip; i < CODE_LENGTH_CODES && space > 0; ++i) {
      var code_len_idx = kCodeLengthCodeOrder[i];
      var p = 0;
      var v;
      br.fillBitWindow();
      p += (br.val_ >>> br.bit_pos_) & 15;
      br.bit_pos_ += huff[p].bits;
      v = huff[p].value;
      code_length_code_lengths[code_len_idx] = v;
      if (v !== 0) {
        space -= (32 >> v);
        ++num_codes;
      }
    }
    
    if (!(num_codes === 1 || space === 0))
      throw new Error('[ReadHuffmanCode] invalid num_codes or space');
    
    ReadHuffmanCodeLengths(code_length_code_lengths, alphabet_size, code_lengths, br);
  }
  
  table_size = BrotliBuildHuffmanTable(tables, table, HUFFMAN_TABLE_BITS, code_lengths, alphabet_size);
  
  if (table_size === 0) {
    throw new Error("[ReadHuffmanCode] BuildHuffmanTable failed: ");
  }
  
  return table_size;
}

function ReadBlockLength(table, index, br) {
  var code;
  var nbits;
  code = ReadSymbol(table, index, br);
  nbits = Prefix.kBlockLengthPrefixCode[code].nbits;
  return Prefix.kBlockLengthPrefixCode[code].offset + br.readBits(nbits);
}

function TranslateShortCodes(code, ringbuffer, index) {
  var val;
  if (code < NUM_DISTANCE_SHORT_CODES) {
    index += kDistanceShortCodeIndexOffset[code];
    index &= 3;
    val = ringbuffer[index] + kDistanceShortCodeValueOffset[code];
  } else {
    val = code - NUM_DISTANCE_SHORT_CODES + 1;
  }
  return val;
}

function MoveToFront(v, index) {
  var value = v[index];
  var i = index;
  for (; i; --i) v[i] = v[i - 1];
  v[0] = value;
}

function InverseMoveToFrontTransform(v, v_len) {
  var mtf = new Uint8Array(256);
  var i;
  for (i = 0; i < 256; ++i) {
    mtf[i] = i;
  }
  for (i = 0; i < v_len; ++i) {
    var index = v[i];
    v[i] = mtf[index];
    if (index) MoveToFront(mtf, index);
  }
}

/* Contains a collection of huffman trees with the same alphabet size. */
function HuffmanTreeGroup(alphabet_size, num_htrees) {
  this.alphabet_size = alphabet_size;
  this.num_htrees = num_htrees;
  this.codes = new Array(num_htrees + num_htrees * kMaxHuffmanTableSize[(alphabet_size + 31) >>> 5]);  
  this.htrees = new Uint32Array(num_htrees);
}

HuffmanTreeGroup.prototype.decode = function(br) {
  var i;
  var table_size;
  var next = 0;
  for (i = 0; i < this.num_htrees; ++i) {
    this.htrees[i] = next;
    table_size = ReadHuffmanCode(this.alphabet_size, this.codes, next, br);
    next += table_size;
  }
};

function DecodeContextMap(context_map_size, br) {
  var out = { num_htrees: null, context_map: null };
  var use_rle_for_zeros;
  var max_run_length_prefix = 0;
  var table;
  var i;
  
  br.readMoreInput();
  var num_htrees = out.num_htrees = DecodeVarLenUint8(br) + 1;

  var context_map = out.context_map = new Uint8Array(context_map_size);
  if (num_htrees <= 1) {
    return out;
  }

  use_rle_for_zeros = br.readBits(1);
  if (use_rle_for_zeros) {
    max_run_length_prefix = br.readBits(4) + 1;
  }
  
  table = [];
  for (i = 0; i < HUFFMAN_MAX_TABLE_SIZE; i++) {
    table[i] = new HuffmanCode(0, 0);
  }
  
  ReadHuffmanCode(num_htrees + max_run_length_prefix, table, 0, br);
  
  for (i = 0; i < context_map_size;) {
    var code;

    br.readMoreInput();
    code = ReadSymbol(table, 0, br);
    if (code === 0) {
      context_map[i] = 0;
      ++i;
    } else if (code <= max_run_length_prefix) {
      var reps = 1 + (1 << code) + br.readBits(code);
      while (--reps) {
        if (i >= context_map_size) {
          throw new Error("[DecodeContextMap] i >= context_map_size");
        }
        context_map[i] = 0;
        ++i;
      }
    } else {
      context_map[i] = code - max_run_length_prefix;
      ++i;
    }
  }
  if (br.readBits(1)) {
    InverseMoveToFrontTransform(context_map, context_map_size);
  }
  
  return out;
}

function DecodeBlockType(max_block_type, trees, tree_type, block_types, ringbuffers, indexes, br) {
  var ringbuffer = tree_type * 2;
  var index = tree_type;
  var type_code = ReadSymbol(trees, tree_type * HUFFMAN_MAX_TABLE_SIZE, br);
  var block_type;
  if (type_code === 0) {
    block_type = ringbuffers[ringbuffer + (indexes[index] & 1)];
  } else if (type_code === 1) {
    block_type = ringbuffers[ringbuffer + ((indexes[index] - 1) & 1)] + 1;
  } else {
    block_type = type_code - 2;
  }
  if (block_type >= max_block_type) {
    block_type -= max_block_type;
  }
  block_types[tree_type] = block_type;
  ringbuffers[ringbuffer + (indexes[index] & 1)] = block_type;
  ++indexes[index];
}

function CopyUncompressedBlockToOutput(output, len, pos, ringbuffer, ringbuffer_mask, br) {
  var rb_size = ringbuffer_mask + 1;
  var rb_pos = pos & ringbuffer_mask;
  var br_pos = br.pos_ & BrotliBitReader.IBUF_MASK;
  var nbytes;

  /* For short lengths copy byte-by-byte */
  if (len < 8 || br.bit_pos_ + (len << 3) < br.bit_end_pos_) {
    while (len-- > 0) {
      br.readMoreInput();
      ringbuffer[rb_pos++] = br.readBits(8);
      if (rb_pos === rb_size) {
        output.write(ringbuffer, rb_size);
        rb_pos = 0;
      }
    }
    return;
  }

  if (br.bit_end_pos_ < 32) {
    throw new Error('[CopyUncompressedBlockToOutput] br.bit_end_pos_ < 32');
  }

  /* Copy remaining 0-4 bytes from br.val_ to ringbuffer. */
  while (br.bit_pos_ < 32) {
    ringbuffer[rb_pos] = (br.val_ >>> br.bit_pos_);
    br.bit_pos_ += 8;
    ++rb_pos;
    --len;
  }

  /* Copy remaining bytes from br.buf_ to ringbuffer. */
  nbytes = (br.bit_end_pos_ - br.bit_pos_) >> 3;
  if (br_pos + nbytes > BrotliBitReader.IBUF_MASK) {
    var tail = BrotliBitReader.IBUF_MASK + 1 - br_pos;
    for (var x = 0; x < tail; x++)
      ringbuffer[rb_pos + x] = br.buf_[br_pos + x];
    
    nbytes -= tail;
    rb_pos += tail;
    len -= tail;
    br_pos = 0;
  }

  for (var x = 0; x < nbytes; x++)
    ringbuffer[rb_pos + x] = br.buf_[br_pos + x];
  
  rb_pos += nbytes;
  len -= nbytes;

  /* If we wrote past the logical end of the ringbuffer, copy the tail of the
     ringbuffer to its beginning and flush the ringbuffer to the output. */
  if (rb_pos >= rb_size) {
    output.write(ringbuffer, rb_size);
    rb_pos -= rb_size;    
    for (var x = 0; x < rb_pos; x++)
      ringbuffer[x] = ringbuffer[rb_size + x];
  }

  /* If we have more to copy than the remaining size of the ringbuffer, then we
     first fill the ringbuffer from the input and then flush the ringbuffer to
     the output */
  while (rb_pos + len >= rb_size) {
    nbytes = rb_size - rb_pos;
    if (br.input_.read(ringbuffer, rb_pos, nbytes) < nbytes) {
      throw new Error('[CopyUncompressedBlockToOutput] not enough bytes');
    }
    output.write(ringbuffer, rb_size);
    len -= nbytes;
    rb_pos = 0;
  }

  /* Copy straight from the input onto the ringbuffer. The ringbuffer will be
     flushed to the output at a later time. */
  if (br.input_.read(ringbuffer, rb_pos, len) < len) {
    throw new Error('[CopyUncompressedBlockToOutput] not enough bytes');
  }

  /* Restore the state of the bit reader. */
  br.reset();
}

/* Advances the bit reader position to the next byte boundary and verifies
   that any skipped bits are set to zero. */
function JumpToByteBoundary(br) {
  var new_bit_pos = (br.bit_pos_ + 7) & ~7;
  var pad_bits = br.readBits(new_bit_pos - br.bit_pos_);
  return pad_bits == 0;
}

function BrotliDecompressedSize(buffer) {
  var input = new BrotliInput(buffer);
  var br = new BrotliBitReader(input);
  DecodeWindowBits(br);
  var out = DecodeMetaBlockLength(br);
  return out.meta_block_length;
}

exports.BrotliDecompressedSize = BrotliDecompressedSize;

function BrotliDecompressBuffer(buffer, output_size) {
  var input = new BrotliInput(buffer);
  
  if (output_size == null) {
    output_size = BrotliDecompressedSize(buffer);
  }
  
  var output_buffer = new Uint8Array(output_size);
  var output = new BrotliOutput(output_buffer);
  
  BrotliDecompress(input, output);
  
  if (output.pos < output.buffer.length) {
    output.buffer = output.buffer.subarray(0, output.pos);
  }
  
  return output.buffer;
}

exports.BrotliDecompressBuffer = BrotliDecompressBuffer;

function BrotliDecompress(input, output) {
  var i;
  var pos = 0;
  var input_end = 0;
  var window_bits = 0;
  var max_backward_distance;
  var max_distance = 0;
  var ringbuffer_size;
  var ringbuffer_mask;
  var ringbuffer;
  var ringbuffer_end;
  /* This ring buffer holds a few past copy distances that will be used by */
  /* some special distance codes. */
  var dist_rb = [ 16, 15, 11, 4 ];
  var dist_rb_idx = 0;
  /* The previous 2 bytes used for context. */
  var prev_byte1 = 0;
  var prev_byte2 = 0;
  var hgroup = [new HuffmanTreeGroup(0, 0), new HuffmanTreeGroup(0, 0), new HuffmanTreeGroup(0, 0)];
  var block_type_trees;
  var block_len_trees;
  var br;

  /* We need the slack region for the following reasons:
       - always doing two 8-byte copies for fast backward copying
       - transforms
       - flushing the input ringbuffer when decoding uncompressed blocks */
  var kRingBufferWriteAheadSlack = 128 + BrotliBitReader.READ_SIZE;

  br = new BrotliBitReader(input);

  /* Decode window size. */
  window_bits = DecodeWindowBits(br);
  max_backward_distance = (1 << window_bits) - 16;

  ringbuffer_size = 1 << window_bits;
  ringbuffer_mask = ringbuffer_size - 1;
  ringbuffer = new Uint8Array(ringbuffer_size + kRingBufferWriteAheadSlack + BrotliDictionary.maxDictionaryWordLength);
  ringbuffer_end = ringbuffer_size;

  block_type_trees = [];
  block_len_trees = [];
  for (var x = 0; x < 3 * HUFFMAN_MAX_TABLE_SIZE; x++) {
    block_type_trees[x] = new HuffmanCode(0, 0);
    block_len_trees[x] = new HuffmanCode(0, 0);
  }

  while (!input_end) {
    var meta_block_remaining_len = 0;
    var is_uncompressed;
    var block_length = [ 1 << 28, 1 << 28, 1 << 28 ];
    var block_type = [ 0 ];
    var num_block_types = [ 1, 1, 1 ];
    var block_type_rb = [ 0, 1, 0, 1, 0, 1 ];
    var block_type_rb_index = [ 0 ];
    var distance_postfix_bits;
    var num_direct_distance_codes;
    var distance_postfix_mask;
    var num_distance_codes;
    var context_map = null;
    var context_modes = null;
    var num_literal_htrees;
    var dist_context_map = null;
    var num_dist_htrees;
    var context_offset = 0;
    var context_map_slice = null;
    var literal_htree_index = 0;
    var dist_context_offset = 0;
    var dist_context_map_slice = null;
    var dist_htree_index = 0;
    var context_lookup_offset1 = 0;
    var context_lookup_offset2 = 0;
    var context_mode;
    var htree_command;

    for (i = 0; i < 3; ++i) {
      hgroup[i].codes = null;
      hgroup[i].htrees = null;
    }

    br.readMoreInput();
    
    var _out = DecodeMetaBlockLength(br);
    meta_block_remaining_len = _out.meta_block_length;
    if (pos + meta_block_remaining_len > output.buffer.length) {
      /* We need to grow the output buffer to fit the additional data. */
      var tmp = new Uint8Array( pos + meta_block_remaining_len );
      tmp.set( output.buffer );
      output.buffer = tmp;
    }    
    input_end = _out.input_end;
    is_uncompressed = _out.is_uncompressed;
    
    if (_out.is_metadata) {
      JumpToByteBoundary(br);
      
      for (; meta_block_remaining_len > 0; --meta_block_remaining_len) {
        br.readMoreInput();
        /* Read one byte and ignore it. */
        br.readBits(8);
      }
      
      continue;
    }
    
    if (meta_block_remaining_len === 0) {
      continue;
    }
    
    if (is_uncompressed) {
      br.bit_pos_ = (br.bit_pos_ + 7) & ~7;
      CopyUncompressedBlockToOutput(output, meta_block_remaining_len, pos,
                                    ringbuffer, ringbuffer_mask, br);
      pos += meta_block_remaining_len;
      continue;
    }
    
    for (i = 0; i < 3; ++i) {
      num_block_types[i] = DecodeVarLenUint8(br) + 1;
      if (num_block_types[i] >= 2) {
        ReadHuffmanCode(num_block_types[i] + 2, block_type_trees, i * HUFFMAN_MAX_TABLE_SIZE, br);
        ReadHuffmanCode(kNumBlockLengthCodes, block_len_trees, i * HUFFMAN_MAX_TABLE_SIZE, br);
        block_length[i] = ReadBlockLength(block_len_trees, i * HUFFMAN_MAX_TABLE_SIZE, br);
        block_type_rb_index[i] = 1;
      }
    }
    
    br.readMoreInput();
    
    distance_postfix_bits = br.readBits(2);
    num_direct_distance_codes = NUM_DISTANCE_SHORT_CODES + (br.readBits(4) << distance_postfix_bits);
    distance_postfix_mask = (1 << distance_postfix_bits) - 1;
    num_distance_codes = (num_direct_distance_codes + (48 << distance_postfix_bits));
    context_modes = new Uint8Array(num_block_types[0]);

    for (i = 0; i < num_block_types[0]; ++i) {
       br.readMoreInput();
       context_modes[i] = (br.readBits(2) << 1);
    }
    
    var _o1 = DecodeContextMap(num_block_types[0] << kLiteralContextBits, br);
    num_literal_htrees = _o1.num_htrees;
    context_map = _o1.context_map;
    
    var _o2 = DecodeContextMap(num_block_types[2] << kDistanceContextBits, br);
    num_dist_htrees = _o2.num_htrees;
    dist_context_map = _o2.context_map;
    
    hgroup[0] = new HuffmanTreeGroup(kNumLiteralCodes, num_literal_htrees);
    hgroup[1] = new HuffmanTreeGroup(kNumInsertAndCopyCodes, num_block_types[1]);
    hgroup[2] = new HuffmanTreeGroup(num_distance_codes, num_dist_htrees);

    for (i = 0; i < 3; ++i) {
      hgroup[i].decode(br);
    }

    context_map_slice = 0;
    dist_context_map_slice = 0;
    context_mode = context_modes[block_type[0]];
    context_lookup_offset1 = Context.lookupOffsets[context_mode];
    context_lookup_offset2 = Context.lookupOffsets[context_mode + 1];
    htree_command = hgroup[1].htrees[0];

    while (meta_block_remaining_len > 0) {
      var cmd_code;
      var range_idx;
      var insert_code;
      var copy_code;
      var insert_length;
      var copy_length;
      var distance_code;
      var distance;
      var context;
      var j;
      var copy_dst;

      br.readMoreInput();
      
      if (block_length[1] === 0) {
        DecodeBlockType(num_block_types[1],
                        block_type_trees, 1, block_type, block_type_rb,
                        block_type_rb_index, br);
        block_length[1] = ReadBlockLength(block_len_trees, HUFFMAN_MAX_TABLE_SIZE, br);
        htree_command = hgroup[1].htrees[block_type[1]];
      }
      --block_length[1];
      cmd_code = ReadSymbol(hgroup[1].codes, htree_command, br);
      range_idx = cmd_code >> 6;
      if (range_idx >= 2) {
        range_idx -= 2;
        distance_code = -1;
      } else {
        distance_code = 0;
      }
      insert_code = Prefix.kInsertRangeLut[range_idx] + ((cmd_code >> 3) & 7);
      copy_code = Prefix.kCopyRangeLut[range_idx] + (cmd_code & 7);
      insert_length = Prefix.kInsertLengthPrefixCode[insert_code].offset +
          br.readBits(Prefix.kInsertLengthPrefixCode[insert_code].nbits);
      copy_length = Prefix.kCopyLengthPrefixCode[copy_code].offset +
          br.readBits(Prefix.kCopyLengthPrefixCode[copy_code].nbits);
      prev_byte1 = ringbuffer[pos-1 & ringbuffer_mask];
      prev_byte2 = ringbuffer[pos-2 & ringbuffer_mask];
      for (j = 0; j < insert_length; ++j) {
        br.readMoreInput();

        if (block_length[0] === 0) {
          DecodeBlockType(num_block_types[0],
                          block_type_trees, 0, block_type, block_type_rb,
                          block_type_rb_index, br);
          block_length[0] = ReadBlockLength(block_len_trees, 0, br);
          context_offset = block_type[0] << kLiteralContextBits;
          context_map_slice = context_offset;
          context_mode = context_modes[block_type[0]];
          context_lookup_offset1 = Context.lookupOffsets[context_mode];
          context_lookup_offset2 = Context.lookupOffsets[context_mode + 1];
        }
        context = (Context.lookup[context_lookup_offset1 + prev_byte1] |
                   Context.lookup[context_lookup_offset2 + prev_byte2]);
        literal_htree_index = context_map[context_map_slice + context];
        --block_length[0];
        prev_byte2 = prev_byte1;
        prev_byte1 = ReadSymbol(hgroup[0].codes, hgroup[0].htrees[literal_htree_index], br);
        ringbuffer[pos & ringbuffer_mask] = prev_byte1;
        if ((pos & ringbuffer_mask) === ringbuffer_mask) {
          output.write(ringbuffer, ringbuffer_size);
        }
        ++pos;
      }
      meta_block_remaining_len -= insert_length;
      if (meta_block_remaining_len <= 0) break;

      if (distance_code < 0) {
        var context;
        
        br.readMoreInput();
        if (block_length[2] === 0) {
          DecodeBlockType(num_block_types[2],
                          block_type_trees, 2, block_type, block_type_rb,
                          block_type_rb_index, br);
          block_length[2] = ReadBlockLength(block_len_trees, 2 * HUFFMAN_MAX_TABLE_SIZE, br);
          dist_context_offset = block_type[2] << kDistanceContextBits;
          dist_context_map_slice = dist_context_offset;
        }
        --block_length[2];
        context = (copy_length > 4 ? 3 : copy_length - 2) & 0xff;
        dist_htree_index = dist_context_map[dist_context_map_slice + context];
        distance_code = ReadSymbol(hgroup[2].codes, hgroup[2].htrees[dist_htree_index], br);
        if (distance_code >= num_direct_distance_codes) {
          var nbits;
          var postfix;
          var offset;
          distance_code -= num_direct_distance_codes;
          postfix = distance_code & distance_postfix_mask;
          distance_code >>= distance_postfix_bits;
          nbits = (distance_code >> 1) + 1;
          offset = ((2 + (distance_code & 1)) << nbits) - 4;
          distance_code = num_direct_distance_codes +
              ((offset + br.readBits(nbits)) <<
               distance_postfix_bits) + postfix;
        }
      }

      /* Convert the distance code to the actual distance by possibly looking */
      /* up past distnaces from the ringbuffer. */
      distance = TranslateShortCodes(distance_code, dist_rb, dist_rb_idx);
      if (distance < 0) {
        throw new Error('[BrotliDecompress] invalid distance');
      }

      if (pos < max_backward_distance &&
          max_distance !== max_backward_distance) {
        max_distance = pos;
      } else {
        max_distance = max_backward_distance;
      }

      copy_dst = pos & ringbuffer_mask;

      if (distance > max_distance) {
        if (copy_length >= BrotliDictionary.minDictionaryWordLength &&
            copy_length <= BrotliDictionary.maxDictionaryWordLength) {
          var offset = BrotliDictionary.offsetsByLength[copy_length];
          var word_id = distance - max_distance - 1;
          var shift = BrotliDictionary.sizeBitsByLength[copy_length];
          var mask = (1 << shift) - 1;
          var word_idx = word_id & mask;
          var transform_idx = word_id >> shift;
          offset += word_idx * copy_length;
          if (transform_idx < Transform.kNumTransforms) {
            var len = Transform.transformDictionaryWord(ringbuffer, copy_dst, offset, copy_length, transform_idx);
            copy_dst += len;
            pos += len;
            meta_block_remaining_len -= len;
            if (copy_dst >= ringbuffer_end) {
              output.write(ringbuffer, ringbuffer_size);
              
              for (var _x = 0; _x < (copy_dst - ringbuffer_end); _x++)
                ringbuffer[_x] = ringbuffer[ringbuffer_end + _x];
            }
          } else {
            throw new Error("Invalid backward reference. pos: " + pos + " distance: " + distance +
              " len: " + copy_length + " bytes left: " + meta_block_remaining_len);
          }
        } else {
          throw new Error("Invalid backward reference. pos: " + pos + " distance: " + distance +
            " len: " + copy_length + " bytes left: " + meta_block_remaining_len);
        }
      } else {
        if (distance_code > 0) {
          dist_rb[dist_rb_idx & 3] = distance;
          ++dist_rb_idx;
        }

        if (copy_length > meta_block_remaining_len) {
          throw new Error("Invalid backward reference. pos: " + pos + " distance: " + distance +
            " len: " + copy_length + " bytes left: " + meta_block_remaining_len);
        }

        for (j = 0; j < copy_length; ++j) {
          ringbuffer[pos & ringbuffer_mask] = ringbuffer[(pos - distance) & ringbuffer_mask];
          if ((pos & ringbuffer_mask) === ringbuffer_mask) {
            output.write(ringbuffer, ringbuffer_size);
          }
          ++pos;
          --meta_block_remaining_len;
        }
      }

      /* When we get here, we must have inserted at least one literal and */
      /* made a copy of at least length two, therefore accessing the last 2 */
      /* bytes is valid. */
      prev_byte1 = ringbuffer[(pos - 1) & ringbuffer_mask];
      prev_byte2 = ringbuffer[(pos - 2) & ringbuffer_mask];
    }

    /* Protect pos from overflow, wrap it around at every GB of input data */
    pos &= 0x3fffffff;
  }

  output.write(ringbuffer, pos & ringbuffer_mask);
}

exports.BrotliDecompress = BrotliDecompress;

BrotliDictionary.init();

});
global.BrotliDecompressBuffer = mods.decode.exports.BrotliDecompressBuffer;
})(typeof self!=="undefined"?self:this);

// === inlined woff2dec ===
// font-snatcher WOFF2 -> TTF converter (pure JS, no wasm, no eval).
// Parses WOFF2 and rebuilds a sfnt (TTF). Requires an injected Brotli
// decompressor (foliojs brotli.js) for the table data block.
// Implemented from the WOFF2 spec and fontTools' woff2.py / _g_l_y_f.py.
'use strict';

(function (global) {
  'use strict';

  var KNOWN_TAGS = [
    'cmap', 'head', 'hhea', 'hmtx', 'maxp', 'name', 'OS/2', 'post',
    'cvt ', 'fpgm', 'glyf', 'loca', 'prep', 'CFF ', 'VORG', 'EBDT',
    'EBLC', 'gasp', 'hdmx', 'kern', 'LTSH', 'PCLT', 'VDMX', 'vhea',
    'vmtx', 'BASE', 'GDEF', 'GPOS', 'GSUB', 'EBSC', 'JSTF', 'MATH',
    'CBDT', 'CBLC', 'COLR', 'CPAL', 'SVG ', 'sbix', 'acnt', 'avar',
    'bdat', 'bloc', 'bsln', 'cvar', 'fdsc', 'feat', 'fmtx', 'fvar',
    'gvar', 'hsty', 'just', 'lcar', 'mort', 'morx', 'opbd', 'prop',
    'trak', 'Zapf', 'Silf', 'Glat', 'Gloc', 'Feat', 'Sill'
  ];

  var ARG_1_AND_2_ARE_WORDS = 0x0001;
  var ARGS_ARE_XY_VALUES = 0x0002;
  var WE_HAVE_A_SCALE = 0x0008;
  var MORE_COMPONENTS = 0x0020;
  var WE_HAVE_AN_X_AND_Y_SCALE = 0x0040;
  var WE_HAVE_A_TWO_BY_TWO = 0x0080;
  var WE_HAVE_INSTRUCTIONS = 0x0100;

  function bytesToAscii(bytes) {
    var s = '';
    for (var i = 0; i < bytes.length; i++) s += String.fromCharCode(bytes[i]);
    return s;
  }
  function asciiToBytes(str) {
    var out = new Uint8Array(str.length);
    for (var i = 0; i < str.length; i++) out[i] = str.charCodeAt(i) & 0xff;
    return out;
  }
  function pad4(n) { return (n + 3) & ~3; }

  function Reader(arr) {
    this.arr = arr;
    this.pos = 0;
  }
  Reader.prototype.u8 = function () { return this.arr[this.pos++]; };
  Reader.prototype.u16 = function () {
    var v = (this.arr[this.pos] << 8) | this.arr[this.pos + 1];
    this.pos += 2;
    return v;
  };
  Reader.prototype.u32 = function () {
    var v = ((this.arr[this.pos] << 24) | (this.arr[this.pos + 1] << 16) | (this.arr[this.pos + 2] << 8) | this.arr[this.pos + 3]) >>> 0;
    this.pos += 4;
    return v;
  };
  Reader.prototype.i16 = function () { var v = this.u16(); return v >= 0x8000 ? v - 0x10000 : v; };
  Reader.prototype.bytes = function (n) {
    var out = this.arr.subarray(this.pos, this.pos + n);
    this.pos += n;
    return out;
  };

  function readUIntBase128(r) {
    var result = 0;
    for (var i = 0; i < 5; i++) {
      var code = r.u8();
      if (i === 0 && code === 0x80) throw new Error('UIntBase128 must not start with 0x80');
      if (result & 0xfe000000) throw new Error('UIntBase128 exceeds 2**32-1');
      result = (result << 7) | (code & 0x7f);
      if ((code & 0x80) === 0) return result;
    }
    throw new Error('UIntBase128 too long');
  }

  function read255UShort(r) {
    var code = r.u8();
    if (code === 253) return r.u16();
    if (code === 254) return r.u8() + 506;
    if (code === 255) return r.u8() + 253;
    return code;
  }

  function woff2ToTtf(woff2Bytes, decompress) {
    if (!decompress || typeof decompress !== 'function') throw new Error('No brotli decompress fn');
    var arr = woff2Bytes instanceof Uint8Array ? woff2Bytes : new Uint8Array(woff2Bytes);
    var r = new Reader(arr);
    if (arr.length < 48) throw new Error('WOFF2 too short');
    if (bytesToAscii(arr.slice(0, 4)) !== 'wOF2') throw new Error('Bad WOFF2 signature');
    r.bytes(4); // consume signature
    var flavor = r.u32();
    r.u32();
    var numTables = r.u16();
    r.u16();
    r.u32();
    r.u32();
    r.u16(); r.u16();
    r.u32(); r.u32(); r.u32();
    r.u32(); r.u32();
    if (flavor === 0x74746366) throw new Error('TTC not supported');
    if (numTables === 0) throw new Error('No tables');

    var tables = [];
    var seen = {};
    for (var i = 0; i < numTables; i++) {
      var flags = r.u8();
      var tagIndex = flags & 0x3f;
      var tver = flags >> 6;
      var tag = tagIndex === 0x3f ? bytesToAscii(r.bytes(4)) : KNOWN_TAGS[tagIndex];
      if (seen[tag]) throw new Error('duplicate table tag: ' + tag);
      seen[tag] = true;
      var transformed = (tag === 'glyf' || tag === 'loca') ? tver !== 3 : tver !== 0;
      var origLength = readUIntBase128(r);
      var transformLength = 0;
      if (transformed) {
        transformLength = readUIntBase128(r);
        if (tag === 'loca' && transformLength !== 0) throw new Error('loca transformLength must be 0');
      }
      tables.push({ tag: tag, tver: tver, transformed: transformed, origLength: origLength, transformLength: transformLength });
    }

    var compressed = arr.slice(r.pos);
    var data;
    try {
      var dec = decompress(compressed);
      data = dec instanceof Uint8Array ? dec : new Uint8Array(dec);
    } catch (e) {
      throw new Error('Brotli decompress failed: ' + (e && e.message ? e.message : e));
    }
    if (!data.length) throw new Error('Empty decompressed data');
    var dr = new Reader(data);

    var glyfResult = null;
    var built = [];

    for (var j = 0; j < tables.length; j++) {
      var t = tables[j];
      if (t.tag === 'glyf') {
        if (t.transformed) {
          glyfResult = reconstructGlyfTable(dr, t);
          built.push({ tag: 'glyf', data: glyfResult.data });
        } else {
          built.push({ tag: 'glyf', data: dr.bytes(t.origLength) });
        }
      } else if (t.tag === 'loca') {
        // built later
      } else {
        built.push({ tag: t.tag, data: dr.bytes(t.origLength) });
      }
    }

    var locaEntry = tables.find(function (t) { return t.tag === 'loca'; });
    if (locaEntry) {
      var locaData;
      if (glyfResult && glyfResult.loca) {
        locaData = encodeLoca(glyfResult.loca, glyfResult.indexFormat);
        // Synchronise head.indexToLocFormat with the loca encoding we used.
        var headIdx = built.findIndex(function (b) { return b.tag === 'head'; });
        if (headIdx >= 0) {
          var hd = new Uint8Array(built[headIdx].data);
          // head.indexToLocFormat is a big-endian int16 at offset 50 (high byte
          // at 50, low byte at 51).
          hd[50] = 0;
          hd[51] = glyfResult.indexFormat === 0 ? 0 : 1;
          built[headIdx].data = hd;
        }
      } else {
        locaData = dr.bytes(locaEntry.origLength);
      }
      built.push({ tag: 'loca', data: locaData });
    }

    // Sort by tag ascending (sfnt requires; glyf sorts before loca naturally).
    built.sort(function (a, b) { return a.tag < b.tag ? -1 : a.tag > b.tag ? 1 : 0; });
    return buildSfnt(flavor, built);
  }

  function decodeTriplets(pointFlags, gstream) {
    var n = pointFlags.length;
    var xs = new Array(n);
    var ys = new Array(n);
    var x = 0, y = 0;
    var t = gstream.pos;
    function withSign(flag, base) { return (flag & 1) ? base : -base; }
    for (var i = 0; i < n; i++) {
      var flag = pointFlags[i] & 0x7f;
      if (flag < 10) {
        y += withSign(flag, ((flag & 14) << 7) + gstream.arr[t++]);
      } else if (flag < 20) {
        x += withSign(flag, (((flag - 10) & 14) << 7) + gstream.arr[t++]);
      } else if (flag < 84) {
        var b0 = flag - 20;
        var b1 = gstream.arr[t++];
        x += withSign(flag, 1 + (b0 & 0x30) + (b1 >> 4));
        y += withSign(flag >> 1, 1 + ((b0 & 0x0c) << 2) + (b1 & 0x0f));
      } else if (flag < 120) {
        var bq = flag - 84;
        x += withSign(flag, 1 + (((bq / 12) | 0) << 8) + gstream.arr[t]);
        y += withSign(flag >> 1, 1 + ((((bq % 12) >> 2) | 0) << 8) + gstream.arr[t + 1]);
        t += 2;
      } else if (flag < 124) {
        var b2 = gstream.arr[t + 1];
        x += withSign(flag, (gstream.arr[t] << 4) + (b2 >> 4));
        y += withSign(flag >> 1, ((b2 & 0x0f) << 8) + gstream.arr[t + 2]);
        t += 3;
      } else {
        x += withSign(flag, (gstream.arr[t] << 8) + gstream.arr[t + 1]);
        y += withSign(flag >> 1, (gstream.arr[t + 2] << 8) + gstream.arr[t + 3]);
        t += 4;
      }
      xs[i] = x;
      ys[i] = y;
    }
    return { xs: xs, ys: ys, glyphConsumed: t - gstream.pos };
  }

  function reconstructGlyfTable(dr, t) {
    dr.u16();
    var optionFlags = dr.u16();
    var numGlyphs = dr.u16();
    var indexFormat = dr.u16();
    var sizes = [];
    for (var i = 0; i < 7; i++) sizes.push(dr.u32());
    var nContourStream = new Reader(dr.bytes(sizes[0]));
    var nPointsStream = new Reader(dr.bytes(sizes[1]));
    var flagStream = new Reader(dr.bytes(sizes[2]));
    var glyphStream = new Reader(dr.bytes(sizes[3]));
    var compositeStream = new Reader(dr.bytes(sizes[4]));
    var bboxStream = new Reader(dr.bytes(sizes[5]));
    var instructionStream = new Reader(dr.bytes(sizes[6]));

    var overlapSimpleBitmap = null;
    if (optionFlags & 0x0001) {
      overlapSimpleBitmap = dr.bytes((numGlyphs + 7) >> 3);
    }

    var bboxBitmapSize = ((numGlyphs + 31) >> 5) << 2;
    var bboxBitmap = Array.prototype.slice.call(bboxStream.bytes(bboxBitmapSize));

    var glyphParts = [];
    var locaArr = [0];
    var offset = 0;
    var gstream = glyphStream;

    function i16bytes(v) { return [(v >> 8) & 0xff, v & 0xff]; }

    for (var gid = 0; gid < numGlyphs; gid++) {
      var numContours = nContourStream.i16();
      var bytes = [];
      if (numContours === 0) {
      } else if (numContours > 0) {
        var endPts = [];
        var endPoint = -1;
        for (var c = 0; c < numContours; c++) {
          endPoint += read255UShort(nPointsStream);
          endPts.push(endPoint);
        }
        var nPoints = endPts[endPts.length - 1] + 1;
        var pointFlags = [];
        for (var f = 0; f < nPoints; f++) pointFlags.push(flagStream.u8());
        var tt = decodeTriplets(pointFlags, gstream);
        gstream.pos += tt.glyphConsumed;
        // instruction length lives in glyphStream; instruction BYTES live in
        // instructionStream (per fontTools _decodeInstructions).
        var instrLen = read255UShort(gstream);
        var instructions = instructionStream.bytes(instrLen);

        var xMin, yMin, xMax, yMax;
        var hasSimpleBBox = bboxBitmap[gid >> 3] & (0x80 >> (gid & 7));
        if (hasSimpleBBox) {
          // explicit bbox from bboxStream (keep stream cursor aligned)
          xMin = bboxStream.i16(); yMin = bboxStream.i16();
          xMax = bboxStream.i16(); yMax = bboxStream.i16();
        } else {
          xMin = Infinity; yMin = Infinity; xMax = -Infinity; yMax = -Infinity;
          for (var k = 0; k < nPoints; k++) {
            if (tt.xs[k] < xMin) xMin = tt.xs[k];
            if (tt.xs[k] > xMax) xMax = tt.xs[k];
            if (tt.ys[k] < yMin) yMin = tt.ys[k];
            if (tt.ys[k] > yMax) yMax = tt.ys[k];
          }
        }
        bytes.push((numContours >> 8) & 0xff, numContours & 0xff);
        bytes = bytes.concat(i16bytes(xMin), i16bytes(yMin), i16bytes(xMax), i16bytes(yMax));
        for (var e = 0; e < endPts.length; e++) bytes = bytes.concat(i16bytes(endPts[e]));
        bytes = bytes.concat(i16bytes(instrLen));
        var ib;
        for (ib = 0; ib < instructions.length; ib++) bytes.push(instructions[ib]);

        var outFlags = new Array(nPoints);
        var outX = new Array(nPoints);
        var outY = new Array(nPoints);
        var px = 0, py = 0;
        for (var q = 0; q < nPoints; q++) {
          var dx = tt.xs[q] - px;
          var dy = tt.ys[q] - py;
          px = tt.xs[q]; py = tt.ys[q];
          // WOFF2 flag bit7 = OFF-curve; TrueType on-curve bit = 0x01.
          // Use a simple, always-valid encoding: on-curve bit only, all
          // deltas as 16-bit (X_SHORT/Y_SHORT/X_SAME/Y_SAME clear).
          var fl = (pointFlags[q] & 0x80) ? 0 : 0x01;
          outFlags[q] = fl;
          outX[q] = dx;
          outY[q] = dy;
        }
        for (var wf = 0; wf < nPoints; wf++) bytes.push(outFlags[wf]);
        for (var wx = 0; wx < nPoints; wx++) {
          bytes = bytes.concat(i16bytes(outX[wx]));
        }
        for (var wy = 0; wy < nPoints; wy++) {
          bytes = bytes.concat(i16bytes(outY[wy]));
        }
      } else {
        // composite (numContours < 0): TrueType header = nContour(-1) + bbox,
        // then component records. bbox lives at the head (per fontTools).
        bytes.push(0xff, 0xff); // numberOfContours = -1
        var hasBBox = bboxBitmap[gid >> 3] & (0x80 >> (gid & 7));
        if (hasBBox) {
          for (var bb0 = 0; bb0 < 4; bb0++) bytes = bytes.concat(i16bytes(bboxStream.i16()));
        } else {
          // spec says composites always carry bbox; be lenient with zeros
          bytes = bytes.concat([0, 0, 0, 0, 0, 0, 0, 0]);
        }
        var more = 1;
        var haveInstr = 0;
        var compCount = 0;
        while (more) {
          compCount++;
          var flags = compositeStream.u16();
          var glyphIndex = compositeStream.u16();
          bytes.push((flags >> 8) & 0xff, flags & 0xff);
          bytes.push((glyphIndex >> 8) & 0xff, glyphIndex & 0xff);
          if (flags & ARG_1_AND_2_ARE_WORDS) {
            bytes = bytes.concat(i16bytes(compositeStream.i16()), i16bytes(compositeStream.i16()));
          } else {
            bytes.push(compositeStream.u8(), compositeStream.u8());
          }
          if (flags & WE_HAVE_A_SCALE) {
            bytes = bytes.concat(i16bytes(compositeStream.i16()));
          } else if (flags & WE_HAVE_AN_X_AND_Y_SCALE) {
            bytes = bytes.concat(i16bytes(compositeStream.i16()), i16bytes(compositeStream.i16()));
          } else if (flags & WE_HAVE_A_TWO_BY_TWO) {
            for (var m4 = 0; m4 < 4; m4++) bytes = bytes.concat(i16bytes(compositeStream.i16()));
          }
          more = flags & MORE_COMPONENTS;
          if (!more) haveInstr = flags & WE_HAVE_INSTRUCTIONS;
        }
        if (haveInstr) {
          var iLen = read255UShort(gstream);
          var instrs = instructionStream.bytes(iLen);
          bytes = bytes.concat(i16bytes(iLen));
          for (var ii = 0; ii < instrs.length; ii++) bytes.push(instrs[ii]);
        }
      }

      var raw = new Uint8Array(bytes);
      // loca indexFormat==0 stores offsets/2 -> every offset MUST be even.
      // Pad odd total lengths with a zero byte so loca stays valid.
      if (indexFormat === 0 && ((offset + raw.length) & 1)) {
        var paddedRaw = new Uint8Array(raw.length + 1);
        paddedRaw.set(raw, 0);
        raw = paddedRaw;
      }
      glyphParts.push(raw);
      offset += raw.length;
      locaArr.push(offset);
    }

    var total = 0;
    for (var gj = 0; gj < glyphParts.length; gj++) total += glyphParts[gj].length;
    var gdata = new Uint8Array(total);
    var go = 0;
    for (var gk = 0; gk < glyphParts.length; gk++) { gdata.set(glyphParts[gk], go); go += glyphParts[gk].length; }
    // loca indexFormat: offset/2 must fit in uint16 (<=0xFFFF*2). Our crude
    // per-point encoding makes glyphs larger than the WOFF2 source, so bump to
    // format 1 (32-bit loca) when needed to avoid overflow.
    var effIndexFormat = indexFormat;
    if (effIndexFormat === 0 && offset > 0x20000) effIndexFormat = 1;
    return { data: gdata, loca: locaArr, indexFormat: effIndexFormat };
  }

  function encodeLoca(loca, indexFormat) {
    if (indexFormat === 0) {
      var out = new Uint8Array(loca.length * 2);
      for (var i = 0; i < loca.length; i++) {
        var v = loca[i] / 2;
        out[i * 2] = (v >> 8) & 0xff;
        out[i * 2 + 1] = v & 0xff;
      }
      return out;
    }
    var out4 = new Uint8Array(loca.length * 4);
    for (var j = 0; j < loca.length; j++) {
      var vv = loca[j];
      out4[j * 4] = (vv >>> 24) & 0xff; out4[j * 4 + 1] = (vv >>> 16) & 0xff;
      out4[j * 4 + 2] = (vv >>> 8) & 0xff; out4[j * 4 + 3] = vv & 0xff;
    }
    return out4;
  }

  function buildSfnt(flavor, tables) {
    tables.sort(function (a, b) { return a.tag < b.tag ? -1 : a.tag > b.tag ? 1 : 0; });
    var numTables = tables.length;
    var total = 12 + 16 * numTables;
    for (var t = 0; t < numTables; t++) total += pad4(tables[t].data.length);
    var out = new Uint8Array(total);
    var w = {
      pos: 0,
      u8: function (v) { out[this.pos++] = v & 0xff; },
      u16: function (v) { out[this.pos++] = (v >> 8) & 0xff; out[this.pos++] = v & 0xff; },
      u32: function (v) {
        out[this.pos++] = (v >>> 24) & 0xff; out[this.pos++] = (v >>> 16) & 0xff;
        out[this.pos++] = (v >>> 8) & 0xff; out[this.pos++] = v & 0xff;
      },
      bytes: function (b) { out.set(b, this.pos); this.pos += b.length; }
    };
    w.u32(flavor);
    w.u16(numTables);
    var maxPow2 = 1, es = 0;
    while (maxPow2 * 2 <= numTables) { maxPow2 *= 2; es++; }
    w.u16(maxPow2 * 16);
    w.u16(es);
    w.u16(numTables * 16 - maxPow2 * 16);

    var offset = 12 + 16 * numTables;
    var offsets = [];
    for (var i = 0; i < numTables; i++) {
      w.bytes(asciiToBytes(tables[i].tag));
      w.u32(0);
      w.u32(offset);
      w.u32(tables[i].data.length);
      offsets.push(offset);
      offset += pad4(tables[i].data.length);
    }
    for (var j = 0; j < numTables; j++) {
      w.pos = offsets[j];
      w.bytes(tables[j].data);
    }
    return out;
  }

  var api = { woff2ToTtf: woff2ToTtf };
  if (typeof module !== 'undefined' && module.exports) module.exports = api;
  global.FontSnatcherWoff2 = api;
})(typeof globalThis !== 'undefined' ? globalThis : this);
// === background logic ===
// font-snatcher background service worker (Manifest V3)
// Responsibilities:
//   1. Fetch font binaries cross-origin (bypassing page CORS).
//   2. Convert WOFF2 -> TTF in-browser when requested.
//   3. Trigger downloads via chrome.downloads.

'use strict';

// ---------------------------------------------------------------------------
// Message router
// ---------------------------------------------------------------------------
chrome.runtime.onMessage.addListener((message, sender, sendResponse) => {
  // Messages addressed to the offscreen document must NOT be handled here:
  // chrome.runtime.sendMessage broadcasts to every extension context. The
  // offscreen document's listener answers them; background just ignores them.
  if (message && (message.type === 'CONVERT_TO_TTF' || message.type === 'CONVERT_AND_DOWNLOAD' ||
      message.type === 'DOWNLOAD_BYTES' || message.type === 'MAKE_BLOB_URL' || message.type === 'REVOKE_BLOB_URL' ||
      message.type === 'DL_PROGRESS' || message.type === 'PING')) {
    return false;
  }
  (async () => {
    try {
      switch (message.type) {
        case 'GET_FONTS':
          return await handleGetFonts(message);
        case 'DOWNLOAD_FONT':
          return await handleDownloadFont(message);
        case 'DOWNLOAD_FONT_B64':
          return await handleDownloadFontB64(message);
        case 'EXPORT_LOCAL_FONT':
          return await handleExportLocalFont(message);
        case 'GET_FONT_SOURCES':
          return await handleGetFontSources(message);
        case 'WATCH_DOWNLOAD':
          // Content script asks to receive progress for a download. Our
          // global downloads.onChanged listener broadcasts DL_PROGRESS to all
          // contexts; the sender filters by downloadId. Nothing to store.
          return { ok: true };
        case 'PICKER_EXITED':
          // informational only (popup may be closed)
          return { ok: true };
        default:
          return { ok: false, error: `Unknown message type: ${message.type}` };
      }
    } catch (err) {
      console.error('[font-snatcher] background error:', err);
      return { ok: false, error: String(err && err.message ? err.message : err) };
    }
  })().then(sendResponse);
  return true; // keep the message channel open for async response
});

// ---------------------------------------------------------------------------
// GET_FONTS: collect the fonts actually used on the current page.
// We ask the content script to enumerate fonts via document.fonts + computed
// styles, because that information is only reliably available inside the page.
// ---------------------------------------------------------------------------
async function handleGetFonts(message) {
  const tabId = message.tabId;
  if (tabId == null) return { ok: false, error: 'Missing tabId' };

  // Send a scanning request to all frames of the tab. The content script
  // responds with the list of fonts it found in that frame and any
  // cross-origin stylesheet URLs it could not read; we merge here.
  let results;
  try {
    results = await chrome.tabs.sendMessage(tabId, { type: 'SCAN_FONTS', selection: message.selection === true });
  } catch (err) {
    // No content script in the page (e.g. chrome:// pages) or frame closed.
    return { ok: false, error: '无法访问该页面（可能是受保护页面，如 chrome:// 或应用商店）。' };
  }

  if (!results || !results.ok) {
    return { ok: false, error: (results && results.error) || '扫描字体失败。' };
  }

  // Merge fonts across frames, dedupe by "family + source".
  const merged = mergeFonts(results.fonts || []);

  // Cross-origin stylesheets that the content script could not read
  // (Google Fonts & company). Fetch their raw CSS and parse @font-face.
  const sheetUrls = flattenStrings(results.crossOriginSheets);
  if (sheetUrls.length > 0) {
    try {
      const remote = await fetchAndParseFontFaces(sheetUrls); // Map<family, sources[]>
      for (const font of merged) {
        if (font.sources && font.sources.length > 0) continue; // already resolvable
        const extra = remote.get(font.family) || remote.get(font.family.toLowerCase());
        if (!extra || extra.length === 0) continue;
        font.sources = extra;
        const primary = pickPrimary(extra);
        if (primary) {
          font.url = primary.url;
          font.primaryFormat = primary.format || null;
        }
        const ttfSrc = extra.find(
          (s) => /\.(ttf|otf)(?:$|\?)/i.test(s.url) || (s.format && /^(ttf|otf)$/i.test(s.format))
        );
        if (ttfSrc) font.ttfUrl = ttfSrc.url;
      }
    } catch (e) {
      console.warn('[font-snatcher] could not parse remote stylesheets:', e);
    }
  }

  return { ok: true, fonts: merged };
}

function pickPrimary(sources) {
  const ttf = sources.find((s) => /\.(ttf|otf)(?:$|\?)/i.test(s.url));
  const woff2 = sources.find((s) => s.format === 'woff2' && /\.woff2(?:$|\?)/i.test(s.url));
  const woff = sources.find((s) => s.format === 'woff' && /\.woff(?:$|\?)/i.test(s.url));
  return ttf || woff2 || woff || sources[0] || null;
}

// ---------------------------------------------------------------------------
// GET_FONT_SOURCES: resolve the downloadable sources for one family, fetching
// and parsing any cross-origin stylesheets that the content script cannot read.
// Results are cached per stylesheet URL to avoid refetching on every click.
// ---------------------------------------------------------------------------
const remoteCssCache = new Map(); // sheetUrl -> Map<family, sources[]>

async function handleGetFontSources(message) {
  const { family, sheets = [] } = message;
  if (!family) return { ok: false, error: 'Missing family.' };

  const map = new Map(); // family -> sources[]
  for (const url of Array.from(new Set(sheets)).filter(Boolean)) {
    let parsed = remoteCssCache.get(url);
    if (!parsed) {
      try {
        const resp = await fetch(url, { credentials: 'include' });
        if (!resp.ok) continue;
        const css = await resp.text();
        parsed = parseFontFacesFromCss(css, url, new Map());
        remoteCssCache.set(url, parsed);
      } catch (err) {
        console.warn('[font-snatcher] fetch stylesheet failed:', url, err);
        continue;
      }
    }
    for (const [fam, srcs] of parsed) {
      const existing = map.get(fam) || [];
      map.set(fam, existing.concat(srcs));
    }
  }

  const sources = map.get(family) || map.get(family.toLowerCase()) || [];
  return { ok: true, sources };
}

// ---------------------------------------------------------------------------
// Remote stylesheet @font-face parsing.
// ---------------------------------------------------------------------------
async function fetchAndParseFontFaces(urls) {
  const map = new Map(); // family -> sources[]
  for (const url of urls) {
    try {
      const resp = await fetch(url, { credentials: 'include' });
      if (!resp.ok) continue;
      const css = await resp.text();
      parseFontFacesFromCss(css, url, map);
    } catch (err) {
      console.warn('[font-snatcher] fetch stylesheet failed:', url, err);
    }
  }
  return map;
}

// Parse @font-face rules out of raw CSS text (used for cross-origin sheets
// whose cssRules are opaque to the content script). Appends into `out`
// (Map<family, sources[]>). Handles braces/comments reasonably well; does
// NOT resolve nested @import (those sheets are fetched separately by the
// same mechanism when listed).
function parseFontFacesFromCss(css, baseUrl, out) {
  const map = out || new Map();
  const text = css.replace(/\/\*[\s\S]*?\*\//g, ''); // strip comments
  // Match @font-face { ... } blocks (allow nested braces via depth counting).
  let i = 0;
  const n = text.length;
  while (i < n) {
    const start = text.indexOf('@font-face', i);
    if (start === -1) break;
    let brace = text.indexOf('{', start);
    if (brace === -1) break;
    let depth = 1;
    let j = brace + 1;
    while (j < n && depth > 0) {
      if (text[j] === '{') depth++;
      else if (text[j] === '}') depth--;
      j++;
    }
    const body = text.slice(brace + 1, j - 1);
    const family = extractFamily(body);
    if (family) {
      const srcList = extractSources(body, baseUrl);
      if (srcList.length > 0) {
        const existing = map.get(family) || [];
        map.set(family, existing.concat(srcList));
      }
    }
    i = j;
  }
  return map;
}

function extractFamily(body) {
  const m = body.match(/font-family\s*:\s*(['"]?)([^;'"]+)\1\s*;?/i);
  if (!m) return null;
  return m[2].trim().replace(/^["'\s]+|["'\s]+$/g, '');
}

// Parse `src: url(...) format(...), local(...), ...` into [{url, format}].
function extractSources(body, baseUrl) {
  const m = body.match(/src\s*:\s*([^;]+)/i);
  if (!m) return [];
  const srcListRaw = m[1];
  const sources = [];
  // Split on commas that are not inside parentheses.
  const parts = [];
  let depth = 0;
  let cur = '';
  for (const ch of srcListRaw) {
    if (ch === '(') depth++;
    else if (ch === ')') depth--;
    if (ch === ',' && depth === 0) {
      parts.push(cur);
      cur = '';
    } else {
      cur += ch;
    }
  }
  if (cur.trim()) parts.push(cur);

  for (const part of parts) {
    const urlMatch = part.match(/url\(\s*(['"]?)(.*?)\1\s*\)/i);
    if (!urlMatch) continue; // local(...) or tech() only
    const formatMatch = part.match(/format\(\s*(['"]?)(.*?)\1\s*\)/i);
    let url = urlMatch[2];
    try {
      url = new URL(url, baseUrl).href;
    } catch (_) { /* keep raw */ }
    sources.push({
      url,
      format: formatMatch ? formatMatch[2].trim().toLowerCase() : null,
    });
  }
  return sources;
}

function mergeFonts(fontLists) {
  const map = new Map();
  const flat = [];
  const stack = Array.isArray(fontLists) ? fontLists.slice() : [fontLists];
  while (stack.length) {
    const item = stack.pop();
    if (Array.isArray(item)) {
      for (const el of item.reverse()) stack.push(el);
    } else {
      flat.push(item);
    }
  }
  for (const font of flat) {
    if (!font || typeof font !== 'object') continue;
    if (!font.family) continue;
    const key = (font.postscriptName || font.family) + '|' + (font.source || '');
    if (!map.has(key)) map.set(key, font);
  }
  return Array.from(map.values());
}

// Many frames may each return arrays of strings; flatten any nesting.
function flattenStrings(value) {
  const out = [];
  const stack = Array.isArray(value) ? value.slice() : [value];
  while (stack.length) {
    const item = stack.pop();
    if (Array.isArray(item)) {
      for (const el of item.reverse()) stack.push(el);
    } else if (typeof item === 'string' && item) {
      out.push(item);
    }
  }
  return Array.from(new Set(out));
}

// ---------------------------------------------------------------------------
// DOWNLOAD_FONT: fetch a font binary, convert WOFF2 -> TTF if requested, and
// save it with chrome.downloads.
//
// Architecture notes:
//  - MV3 service workers lack URL.createObjectURL in some runtimes, so we
//    download via a DATA URL (base64) which is fully supported by
//    chrome.downloads.download in the service worker.
//  - WOFF2 -> TTF conversion happens in the offscreen document (wawoff2 wasm
//    loaded there). The offscreen doc returns the TTF bytes; background saves.
//  - The offscreen document does NOT use chrome.downloads: some Edge versions
//    do not expose chrome.downloads in offscreen documents.
// ---------------------------------------------------------------------------
async function handleDownloadFont(message) {
  const { url, family, format, filename, ttfUrl, sources } = message;
  if (!url) return { ok: false, error: 'Missing font URL.' };

  // Candidate URLs in priority order:
  //  - TTF requested + direct ttf/otf source -> that first.
  //  - Otherwise the primary URL, then any fallback sources of this family.
  let candidates = [];
  if (format === 'ttf' && ttfUrl) {
    candidates.push(ttfUrl);
  }
  candidates.push(url);
  if (Array.isArray(sources) && sources.length) {
    for (const s of sources) {
      if (s && s.url && !candidates.includes(s.url)) candidates.push(s.url);
    }
  }

  // Fetch the first URL that succeeds (handles stale 404 font hashes by
  // falling back to other variants declared for the same family).
  let bytes = null;
  let lastErr = null;
  for (const candidateUrl of candidates) {
    try {
      const resp = await fetch(candidateUrl, { credentials: 'include' });
      if (!resp.ok) {
        lastErr = new Error(`HTTP ${resp.status}`);
        continue;
      }
      const buf = await resp.arrayBuffer();
      if (buf.byteLength === 0) { lastErr = new Error('空文件'); continue; }
      bytes = new Uint8Array(buf);
      break;
    } catch (err) {
      lastErr = err;
    }
  }
  if (!bytes) {
    return { ok: false, error: `下载字体失败：${lastErr ? lastErr.message : '未找到可用来源'}` };
  }

  const wantTtf = format === 'ttf';
  try {
    return await convertAndSave(bytes, wantTtf, filename || family || 'font');
  } catch (err) {
    if (wantTtf) {
      return { ok: false, error: `转换 TTF 失败：${err.message}（你可改用 WOFF2 下载）` };
    }
    return { ok: false, error: `下载失败：${err.message}` };
  }
}

// ---------------------------------------------------------------------------
// DOWNLOAD_FONT_B64: bytes come from the PAGE context (base64 string) — used
// when the worker's own fetch is blocked by site bot-protection (403).
// ---------------------------------------------------------------------------
async function handleDownloadFontB64(message) {
  const { b64, family, format, filename } = message;
  if (!b64 || typeof b64 !== 'string') return { ok: false, error: '缺少 base64 数据' };
  let bytes;
  try {
    const bin = atob(b64);
    bytes = new Uint8Array(bin.length);
    for (let i = 0; i < bin.length; i++) bytes[i] = bin.charCodeAt(i);
  } catch (err) {
    return { ok: false, error: 'base64 解码失败：' + err.message };
  }
  if (bytes.length < 4) return { ok: false, error: '页面返回的数据为空' };
  const wantTtf = format === 'ttf';
  try {
    return await convertAndSave(bytes, wantTtf, filename || family || 'font');
  } catch (err) {
    if (wantTtf) {
      return { ok: false, error: `转换 TTF 失败：${err.message}（你可改用 WOFF2 下载）` };
    }
    return { ok: false, error: `下载失败：${err.message}` };
  }
}

// Convert (if WOFF2 -> TTF) and save. Shared by both download paths.
async function convertAndSave(bytes, wantTtf, base) {
  let finalBytes = bytes;
  let ext = detectExtension(bytes);
  const willConvert = wantTtf && isWoff2(bytes);

  if (willConvert) {
    // Convert WOFF2 -> TTF INLINE (same service-worker context, no
    // cross-context ArrayBuffer transport which can lose data).
    if (typeof self.FontSnatcherWoff2 !== 'undefined' && typeof self.BrotliDecompressBuffer === 'function') {
      finalBytes = self.FontSnatcherWoff2.woff2ToTtf(bytes, (b) => {
        const u8 = b instanceof Uint8Array ? b : new Uint8Array(b);
        return self.BrotliDecompressBuffer(u8);
      });
      ext = 'ttf';
    } else {
      // Fallback: offscreen document.
      const woff2Copy = bytes.slice().buffer;
      await ensureOffscreenDocument();
      const resp = await withTimeout(
        chrome.runtime.sendMessage({ type: 'CONVERT_TO_TTF', woff2: woff2Copy }),
        120000,
        '转换超时'
      );
      if (!resp || !resp.ok) throw new Error((resp && resp.error) || '转换失败');
      finalBytes = new Uint8Array(resp.ttf);
      ext = 'ttf';
    }
  }

  return await saveDownload(finalBytes, ext, sanitizeFilename(base));
}

// ---------------------------------------------------------------------------
// EXPORT_LOCAL_FONT: the page uses a system (local) font family, not a
// webfont. We can't download it via HTTP, but we can point the user at the
// local font file and generate a one-line command to copy it to their Desktop
// or Downloads folder.
// ---------------------------------------------------------------------------
const LOCAL_FONT_MAP = {
  // Windows (file names in C:\Windows\Fonts)
  'simsun': { name: '宋体 (SimSun)', file: 'simsun.ttc', win: 'simsun.ttc', mac: null },
  '宋体': { name: '宋体 (SimSun)', file: 'simsun.ttc', win: 'simsun.ttc', mac: null },
  'songti sc': { name: '宋体-简 (Songti SC)', file: 'Songti.ttc', win: null, mac: '/System/Library/Fonts/Songti.ttc' },
  'songti tc': { name: '宋体-繁', file: 'Songti.ttc', win: null, mac: '/System/Library/Fonts/Songti.ttc' },
  'simhei': { name: '黑体 (SimHei)', file: 'simhei.ttf', win: 'simhei.ttf', mac: null },
  'heiti sc': { name: '黑体-简', file: 'Heiti.ttc', win: null, mac: '/System/Library/Fonts/Heiti.ttc' },
  'microsoft yahei': { name: '微软雅黑 (Microsoft YaHei)', file: 'msyh.ttc', win: 'msyh.ttc', mac: null },
  '微软雅黑': { name: '微软雅黑', file: 'msyh.ttc', win: 'msyh.ttc', mac: null },
  'pingfang sc': { name: '苹方 (PingFang SC)', file: 'PingFang.ttc', win: null, mac: '/System/Library/Fonts/PingFang.ttc' },
  'pingfang': { name: '苹方', file: 'PingFang.ttc', win: null, mac: '/System/Library/Fonts/PingFang.ttc' },
  'simkai': { name: '楷体 (KaiTi)', file: 'simkai.ttf', win: 'simkai.ttf', mac: null },
  '楷体': { name: '楷体', file: 'simkai.ttf', win: 'simkai.ttf', mac: null },
  'kaiti sc': { name: '楷体-简', file: 'Kaiti.ttc', win: null, mac: '/System/Library/Fonts/Kaiti.ttc' },
  'simfang': { name: '仿宋 (FangSong)', file: 'simfang.ttf', win: 'simfang.ttf', mac: null },
  '仿宋': { name: '仿宋', file: 'simfang.ttf', win: 'simfang.ttf', mac: null },
  'arial': { name: 'Arial', file: 'arial.ttf', win: 'arial.ttf', mac: '/Library/Fonts/Arial.ttf' },
  'times new roman': { name: 'Times New Roman', file: 'times.ttf', win: 'times.ttf', mac: '/Library/Fonts/Times New Roman.ttf' },
  'georgia': { name: 'Georgia', file: 'georgia.ttf', win: 'georgia.ttf', mac: '/Library/Fonts/Georgia.ttf' },
  'verdana': { name: 'Verdana', file: 'verdana.ttf', win: 'verdana.ttf', mac: '/Library/Fonts/Verdana.ttf' },
  'tahoma': { name: 'Tahoma', file: 'tahoma.ttf', win: 'tahoma.ttf', mac: null },
  'consolas': { name: 'Consolas', file: 'consola.ttf', win: 'consola.ttf', mac: null },
  'courrier new': { name: 'Courier New', file: 'cour.ttf', win: 'cour.ttf', mac: '/Library/Fonts/Courier New.ttf' },
  'courier new': { name: 'Courier New', file: 'cour.ttf', win: 'cour.ttf', mac: '/Library/Fonts/Courier New.ttf' },
  'impact': { name: 'Impact', file: 'impact.ttf', win: 'impact.ttf', mac: null },
  'lucida console': { name: 'Lucida Console', file: 'lucon.ttf', win: 'lucon.ttf', mac: null },
  'noto serif cjk sc': { name: 'Noto Serif CJK SC', file: 'NotoSerifCJKsc-Regular.otf', win: null, mac: null },
  'noto sans cjk sc': { name: 'Noto Sans CJK SC', file: 'NotoSansCJKsc-Regular.otf', win: null, mac: null },
  'noto sans sc': { name: 'Noto Sans SC', file: 'NotoSansSC-Regular.otf', win: null, mac: null },
  'noto serif sc': { name: 'Noto Serif SC', file: 'NotoSerifSC-Regular.otf', win: null, mac: null },
  'segoui': { name: 'Segoe UI', file: 'segoeui.ttf', win: 'segoeui.ttf', mac: null },
  'segoe ui': { name: 'Segoe UI', file: 'segoeui.ttf', win: 'segoeui.ttf', mac: null },
  '微软雅黑 ui': { name: 'Microsoft YaHei UI', file: 'msyh.ttc', win: 'msyh.ttc', mac: null },
  'stsong': { name: '华文宋体 (STSong)', file: 'STSONG.TTF', win: null, mac: null },
  'stsong': { name: '华文宋体 (STSong)', file: 'STSONG.TTF', win: null, mac: null },
  'staixihei': { name: '华文细黑 (STXihei)', file: 'STXIHEI.TTF', win: null, mac: null },
  'stxihei': { name: '华文细黑 (STXihei)', file: 'STXIHEI.TTF', win: null, mac: null },
  'dfkai-sb': { name: '华文楷体 (STKaiti)', file: 'STKAITI.TTF', win: null, mac: null },
};

function lookupLocalFont(family) {
  const f = String(family || '').replace(/['"]/g, '').trim().toLowerCase();
  return LOCAL_FONT_MAP[f] || null;
}

async function handleExportLocalFont(message) {
  const families = Array.isArray(message.families) ? message.families : [message.family];
  // Platform (default Windows in JS envs).
  const plat = (typeof navigator !== 'undefined' ? navigator.platform : '') || '';
  const isMac = /mac|iPhone|iPad/i.test(plat);
  const isWin = !isMac;

  // Find the first family in the chain that maps to a local font file WE CAN
  // export on THIS platform (skips entries like Songti-SC on Windows).
  let info = null;
  for (const fam of families) {
    const cand = lookupLocalFont(fam);
    if (!cand) continue;
    const src = (isWin ? cand.win : isMac ? cand.mac : cand.win);
    if (src) { info = cand; break; }
  }
  if (!info) return { ok: false, error: '未识别这些字体对应的本地文件' };

  const sourcePath = (isWin ? info.win : isMac ? info.mac : info.win)
    ? ('C:\\Windows\\Fonts\\' + info.win)
    : null;
  if (!sourcePath) {
    return { ok: false, error: `「${info.name}」暂不支持自动导出（文件：${info.file}）。请手动从系统字体目录复制。` };
  }

  // Build a .cmd script the user can DOUBLE-CLICK (no terminal needed).
  // The script copies the font file to Desktop and Downloads, then waits so
  // the window stays visible to show the result.
  const cmd = [
    '@echo off',
    'chcp 65001 >nul',
    'set "SRC=' + sourcePath + '"',
    'set "FONT=' + info.file + '"',
    'if exist "%SRC%" (',
    '  copy /y "%SRC%" "%USERPROFILE%\\Desktop\\%FONT%" >nul',
    '  echo 成功！字体已复制到桌面：%FONT%',
    '  copy /y "%SRC%" "%USERPROFILE%\\Downloads\\%FONT%" >nul 2>nul',
    ') else (',
    '  echo 没有找到系统字体文件：%SRC%',
    '  echo 该字体可能在别的目录，可手动去 C:\\Windows\\Fonts 查找。',
    ')',
    'echo.',
    'echo 按任意键关闭本窗口...',
    'pause >nul',
  ].join('\r\n') + '\r\n';

  return {
    ok: true,
    name: info.name,
    file: info.file,
    sourcePath,
    script: cmd,
    scriptName: '导出-' + info.name.replace(/[\\/:*?"<>|\r\n]+/g, '').slice(0, 20) + '.cmd',
    hint: `网页用的是系统字体「${info.name}」（不是网页上的文件）。\n即将下载一个「导出.cmd」小文件，双击运行它，字体就会自动复制到桌面。`,
  };
}

// Save bytes via chrome.downloads.
// Strategy:
//  - Always try a data URL first (works in the SW, no cross-context risk).
//  - For very large payloads a data URL may be rejected by the download
//    manager; fall back to a blob URL created in the offscreen document
//    (with a timeout so we never hang forever).
async function saveDownload(bytes, ext, base) {
  const filename = `${base}.${ext}`;
  try {
    // Attempt 1: data URL (works in SW without createObjectURL).
    const dataUrl = bytesToDataUrl(bytes);
    try {
      const downloadId = await chrome.downloads.download({
        url: dataUrl,
        filename,
        saveAs: true,
        conflictAction: 'uniquify',
      });
      return { ok: true, downloadId };
    } catch (_) {
      // Large payload or runtime constraint -> fall through to blob URL.
    }

    // Attempt 2: blob URL via offscreen document (with timeout).
    await ensureOffscreenDocument();
    const resp = await withTimeout(
      chrome.runtime.sendMessage({
        type: 'MAKE_BLOB_URL',
        bytes: bytes.buffer,
        mime: 'application/octet-stream',
      }),
      15000,
      'offscreen 响应超时'
    );
    if (!resp || !resp.ok || !resp.blobUrl) {
      throw new Error((resp && resp.error) || '创建下载链接失败');
    }
    const blobUrl = resp.blobUrl;
    try {
      const downloadId = await chrome.downloads.download({
        url: blobUrl,
        filename,
        saveAs: true,
        conflictAction: 'uniquify',
      });
      return { ok: true, downloadId };
    } finally {
      // Revoke after the download read the bytes.
      setTimeout(() => chrome.runtime.sendMessage({ type: 'REVOKE_BLOB_URL', blobUrl }).catch(() => {}), 120000);
    }
  } catch (err) {
    return { ok: false, error: `保存失败：${err.message}` };
  }
}

function withTimeout(promise, ms, msg) {
  return new Promise((resolve, reject) => {
    const t = setTimeout(() => reject(new Error(msg || '超时')), ms);
    promise.then(
      (v) => { clearTimeout(t); resolve(v); },
      (e) => { clearTimeout(t); reject(e); }
    );
  });
}

function bytesToDataUrl(bytes) {
  // Build base64 in chunks to avoid call-stack limits on large buffers.
  const CHUNK = 0x8000;
  let binary = '';
  for (let i = 0; i < bytes.length; i += CHUNK) {
    binary += String.fromCharCode.apply(null, bytes.subarray(i, i + CHUNK));
  }
  return 'data:application/octet-stream;base64,' + btoa(binary);
}

// ---------------------------------------------------------------------------
// Offscreen document management.
// ---------------------------------------------------------------------------
let offscreenCreation = null;

async function ensureOffscreenDocument() {
  // If we already have an offscreen document, reuse it.
  try {
    const contexts = await chrome.runtime.getContexts({
      contextTypes: ['OFFSCREEN_DOCUMENT'],
      documentUrls: [chrome.runtime.getURL('offscreen.html')],
    });
    if (contexts.length > 0) return await waitForOffscreenReady();
  } catch (_) {
    // getContexts may not exist in older runtimes; fall through to create.
  }

  if (!offscreenCreation) {
    offscreenCreation = chrome.offscreen.createDocument({
      url: 'offscreen.html',
      reasons: ['BLOBS'],
      justification: 'Convert WOFF2 to TTF and create blob URLs for font downloads.',
    }).catch((err) => {
      offscreenCreation = null;
      // "already exists" is fine — some runtimes keep the doc alive across
      // service worker restarts; treat it as success.
      if (/already exists|existing offscreen/i.test(String(err && err.message))) return;
      throw err;
    });
  }
  await offscreenCreation;
  if (offscreenCreation !== false) return await waitForOffscreenReady();
  return true;
}

// The offscreen document registers its message listener only after its JS
// has loaded. Ping until it responds (bounded) so a conversion message sent
// right after createDocument never hangs for lack of a listener.
async function waitForOffscreenReady() {
  const deadline = Date.now() + 15000;
  while (Date.now() < deadline) {
    try {
      const resp = await withTimeout(chrome.runtime.sendMessage({ type: 'PING' }), 2000, 'ping timeout');
      if (resp && resp.ok) return true;
    } catch (_) { /* not ready yet */ }
    await new Promise((r) => setTimeout(r, 250));
  }
  throw new Error('offscreen 文档未就绪');
}

// ---------------------------------------------------------------------------
// WOFF2 -> TTF conversion, INLINE in the service worker.
//
// wawoff2 (vendor/wawoff2.js) is a single self-contained Emscripten build
// (wasm inlined as base64). It is loaded once via importScripts at startup;
// afterwards `Module.decompress(woff2Bytes)` returns a Uint8Array VIEW over
// the wasm heap — always `.slice()` it before use.
// ---------------------------------------------------------------------------
let woff2ModulePromise = null;

async function initWoff2Decoder() {
  if (woff2ModulePromise) return woff2ModulePromise;
  woff2ModulePromise = (async () => {
    try {
      importScripts('vendor/wawoff2.js');
    } catch (e) {
      try {
        importScripts(chrome.runtime.getURL('vendor/wawoff2.js'));
      } catch (e2) {
        throw new Error('无法加载 wawoff2 解码器：' + e2.message);
      }
    }
    const mod = self.Module || self.wawoff2;
    if (!mod || typeof mod.decompress !== 'function') {
      throw new Error('wawoff2 未暴露 decompress() 函数');
    }
    if (!mod.calledRun) {
      await new Promise((resolve, reject) => {
        mod.onRuntimeInitialized = () => resolve(mod);
        setTimeout(() => reject(new Error('wawoff2 初始化超时')), 60000);
      });
    }
    // Embind type converters (emscripten::val, std::string...) register
    // ASYNCHRONOUSLY after runtime init. Probe with a tiny valid call until
    // the "unbound types" race clears, with a hard timeout.
    const probe = new Uint8Array([0x77, 0x4f, 0x46, 0x32, 0, 0, 0, 0]);
    const deadline = Date.now() + 15000;
    while (Date.now() < deadline) {
      try {
        mod.decompress(probe); // garbage woff2 -> returns false once bound
        break; // no throw => types bound
      } catch (e) {
        if (!/unbound types/i.test(String(e && e.message))) throw e;
        await new Promise((r) => setTimeout(r, 100));
      }
    }
    if (Date.now() >= deadline) throw new Error('wawoff2 embind 类型绑定超时');
    return mod;
  })().catch((err) => {
    woff2ModulePromise = null; // allow retry
    throw err;
  });
  return woff2ModulePromise;
}

// Asynchronous conversion: ensures the decoder is initialised (warm path uses
// the value set at startup; cold path lazily loads it), then converts.
async function woff2ToTtf(woff2Bytes) {
  let decoder = self.__fontSnatcherDecoder;
  if (!decoder || typeof decoder.decompress !== 'function') {
    decoder = await initWoff2Decoder();
    self.__fontSnatcherDecoder = decoder;
  }
  const out = decoder.decompress(woff2Bytes);
  if (!out) throw new Error('WOFF2 解码失败');
  const view = out instanceof Uint8Array ? out : new Uint8Array(out);
  const copy = view.slice();
  if (copy.length === 0) throw new Error('解码结果为空');
  return copy;
}

// (SW-inline conversion is only a best-effort fallback: the primary path is
// the offscreen document, whose CSP-with-eval lets wawoff2's embind bind
// reliably. We deliberately do NOT warm the decoder at startup — initiating
// importScripts here produces noisy CSP errors in the SW logs and the SW
// embind binding is unreliable; lazy init keeps console clean.)

// ---------------------------------------------------------------------------
// Helpers
// ---------------------------------------------------------------------------
function isWoff2(bytes) {
  // WOFF2 magic: 0x77 'w' 0x4F 'O' 0x46 'F' 0x32 '2'
  return bytes.length >= 4 &&
    bytes[0] === 0x77 && bytes[1] === 0x4F &&
    bytes[2] === 0x46 && bytes[3] === 0x32;
}

function isWoff1(bytes) {
  // WOFF1 magic: 'wOFF'
  return bytes.length >= 4 && bytes[0] === 0x77 && bytes[1] === 0x4F &&
    bytes[2] === 0x46 && bytes[3] === 0x46;
}

function isCompressedSfnt(bytes) {
  return isWoff2(bytes) || isWoff1(bytes);
}

function detectExtension(bytes) {
  if (isWoff2(bytes)) return 'woff2';
  // WOFF1 magic: 'wOFF'
  if (bytes.length >= 4 && bytes[0] === 0x77 && bytes[1] === 0x4F &&
      bytes[2] === 0x46 && bytes[3] === 0x46) return 'woff';
  // TTF/OTF: 0x00010000 (TTF) or 'OTTO' (OTF)
  if (bytes.length >= 4) {
    const tag = String.fromCharCode(bytes[0], bytes[1], bytes[2], bytes[3]);
    if (tag === 'OTTO') return 'otf';
    if (bytes[0] === 0x00 && bytes[1] === 0x01 && bytes[2] === 0x00 && bytes[3] === 0x00) return 'ttf';
  }
  return 'font';
}

function sanitizeFilename(name) {
  return String(name)
    .replace(/[\\/:*?"<>|\r\n]+/g, ' ')
    .replace(/\s+/g, ' ')
    .trim()
    .slice(0, 120) || 'font';
}

// ---------------------------------------------------------------------------
// Download progress streaming.
// The service worker owns chrome.downloads; content scripts cannot access it.
// On any change of a download, we broadcast a compact DL_PROGRESS message to
// every extension context; the content overlay filters by downloadId.
// ---------------------------------------------------------------------------
chrome.downloads.onChanged.addListener((delta) => {
  const d = delta || {};
  if (d.id == null) return;
  const state = d.state && d.state.current;
  let pct = 0;
  let received = 0;
  let total = 0;
  if (d.receivedBytes && d.receivedBytes.current != null) received = d.receivedBytes.current;
  if (d.totalBytes && d.totalBytes.current != null) total = d.totalBytes.current;
  if (total > 0) pct = Math.min(100, Math.round((received / total) * 100));
  // Only broadcast meaningful progress states.
  if (!state || state === 'in_progress' || state === 'complete' || state === 'interrupted') {
    chrome.runtime.sendMessage({
      type: 'DL_PROGRESS',
      downloadId: d.id,
      state,
      pct,
      received,
      total,
    }).catch(() => {});
  }
});
